2026-05-11 10:21:20.381 -08:00 [WRN] Sensitive data logging is enabled. Log entries and exception messages may include sensitive application data; this mode should only be enabled during development.
2026-05-11 10:21:21.265 -08:00 [INF] Admin wildcard access policy already exists
2026-05-11 10:21:21.488 -08:00 [INF] Now listening on: https://localhost:7259
2026-05-11 10:21:21.491 -08:00 [INF] Now listening on: http://localhost:5244
2026-05-11 10:21:21.545 -08:00 [INF] Application started. Press Ctrl+C to shut down.
2026-05-11 10:21:21.547 -08:00 [INF] Hosting environment: Development
2026-05-11 10:21:21.548 -08:00 [INF] Content root path: C:\PrivateProject\algo.bytes\src\algo.API
2026-05-11 10:22:32.079 -08:00 [INF] Authorization header exists: true
2026-05-11 10:22:32.181 -08:00 [ERR] JWT authentication failed
Microsoft.IdentityModel.Tokens.SecurityTokenExpiredException: IDX10223: Lifetime validation failed. The token is expired. ValidTo (UTC): '11-05-2026 0:29:05', Current time (UTC): '11-05-2026 18:22:32'.
   at Microsoft.IdentityModel.Tokens.ValidatorUtilities.ValidateLifetime(Nullable`1 notBefore, Nullable`1 expires, SecurityToken securityToken, TokenValidationParameters validationParameters)
   at Microsoft.IdentityModel.Tokens.Validators.ValidateLifetime(Nullable`1 notBefore, Nullable`1 expires, SecurityToken securityToken, TokenValidationParameters validationParameters)
   at Microsoft.IdentityModel.JsonWebTokens.JsonWebTokenHandler.ValidateTokenPayloadAsync(JsonWebToken jsonWebToken, TokenValidationParameters validationParameters, BaseConfiguration configuration)
   at Microsoft.IdentityModel.JsonWebTokens.JsonWebTokenHandler.ValidateJWSAsync(JsonWebToken jsonWebToken, TokenValidationParameters validationParameters, BaseConfiguration configuration)
2026-05-11 10:22:32.209 -08:00 [WRN] JWT challenge. Error=invalid_token, Description=The token expired at '05/11/2026 00:29:05'
2026-05-11 10:22:32.217 -08:00 [INF] HTTP GET /api/Users completed with 401 in 200 ms (0HNLFH923TK8C:00000003)
2026-05-11 10:22:45.998 -08:00 [INF] Authorization header exists: false
2026-05-11 10:22:46.070 -08:00 [INF] MediatR handling started LoginCommand
2026-05-11 10:22:46.641 -08:00 [INF] MediatR handling completed LoginCommand in 570 ms
2026-05-11 10:22:46.659 -08:00 [INF] HTTP POST /api/Auth/login completed with 200 in 662 ms (0HNLFH923TK8C:00000007)
2026-05-11 10:22:46.696 -08:00 [INF] Authorization header exists: true
2026-05-11 10:22:46.707 -08:00 [INF] Authorization header exists: true
2026-05-11 10:22:46.767 -08:00 [INF] JWT token validated. IsAuthenticated=true
2026-05-11 10:22:46.776 -08:00 [INF] HTTP POST /hubs/sessions/negotiate completed with 200 in 80 ms (0HNLFH923TK8D:00000001)
2026-05-11 10:22:46.777 -08:00 [INF] JWT token validated. IsAuthenticated=true
2026-05-11 10:22:46.816 -08:00 [INF] MediatR handling started GetUsersQuery
2026-05-11 10:22:46.833 -08:00 [INF] Access policy check started for users:read
2026-05-11 10:22:46.856 -08:00 [INF] Access policy evaluation for users:read. UserId=790c2c93-d8e6-4b61-8a11-e4190a1c0805, Roles=[Admin], ActiveRules=6, SubjectMatched=1, ResourceActionMatched=1, Allows=1, Denies=0, Decision=Allowed
2026-05-11 10:22:46.865 -08:00 [INF] Access policy query filter started for users:read
2026-05-11 10:22:46.871 -08:00 [INF] Access policy query filter for users:read. UserId=790c2c93-d8e6-4b61-8a11-e4190a1c0805, Roles=[Admin], ActiveRules=6, SubjectMatched=1, ResourceActionMatched=1, Allows=1, Denies=0
2026-05-11 10:22:46.950 -08:00 [INF] MediatR handling completed GetUsersQuery in 133 ms
2026-05-11 10:22:46.958 -08:00 [INF] HTTP GET /api/Users completed with 200 in 251 ms (0HNLFH923TK8C:0000000D)
2026-05-11 10:22:47.028 -08:00 [INF] Authorization header exists: false
2026-05-11 10:22:47.032 -08:00 [INF] JWT token validated. IsAuthenticated=true
2026-05-11 10:22:58.266 -08:00 [INF] Authorization header exists: true
2026-05-11 10:22:58.266 -08:00 [INF] Authorization header exists: true
2026-05-11 10:22:58.269 -08:00 [INF] JWT token validated. IsAuthenticated=true
2026-05-11 10:22:58.269 -08:00 [INF] JWT token validated. IsAuthenticated=true
2026-05-11 10:22:58.279 -08:00 [INF] MediatR handling started ListAccessPoliciesQuery
2026-05-11 10:22:58.279 -08:00 [INF] MediatR handling started GetAccessPolicyOptionsQuery
2026-05-11 10:22:58.281 -08:00 [INF] Access policy check started for accessPolicies:read
2026-05-11 10:22:58.281 -08:00 [INF] Access policy check started for accessPolicies:read
2026-05-11 10:22:58.284 -08:00 [INF] Access policy evaluation for accessPolicies:read. UserId=790c2c93-d8e6-4b61-8a11-e4190a1c0805, Roles=[Admin], ActiveRules=6, SubjectMatched=1, ResourceActionMatched=1, Allows=1, Denies=0, Decision=Allowed
2026-05-11 10:22:58.284 -08:00 [INF] Access policy evaluation for accessPolicies:read. UserId=790c2c93-d8e6-4b61-8a11-e4190a1c0805, Roles=[Admin], ActiveRules=6, SubjectMatched=1, ResourceActionMatched=1, Allows=1, Denies=0, Decision=Allowed
2026-05-11 10:22:58.298 -08:00 [INF] MediatR handling completed ListAccessPoliciesQuery in 18 ms
2026-05-11 10:22:58.301 -08:00 [INF] MediatR handling completed GetAccessPolicyOptionsQuery in 21 ms
2026-05-11 10:22:58.312 -08:00 [INF] HTTP GET /api/AccessPolicies completed with 200 in 46 ms (0HNLFH923TK8C:00000013)
2026-05-11 10:22:58.324 -08:00 [INF] HTTP GET /api/AccessPolicies/options completed with 200 in 58 ms (0HNLFH923TK8C:00000015)
2026-05-11 10:24:33.329 -08:00 [INF] Authorization header exists: true
2026-05-11 10:24:33.332 -08:00 [INF] JWT token validated. IsAuthenticated=true
2026-05-11 10:24:33.334 -08:00 [INF] MediatR handling started GetUsersQuery
2026-05-11 10:24:33.335 -08:00 [INF] Access policy check started for users:read
2026-05-11 10:24:33.338 -08:00 [INF] Access policy evaluation for users:read. UserId=790c2c93-d8e6-4b61-8a11-e4190a1c0805, Roles=[Admin], ActiveRules=6, SubjectMatched=1, ResourceActionMatched=1, Allows=1, Denies=0, Decision=Allowed
2026-05-11 10:24:33.341 -08:00 [INF] Access policy query filter started for users:read
2026-05-11 10:24:33.343 -08:00 [INF] Access policy query filter for users:read. UserId=790c2c93-d8e6-4b61-8a11-e4190a1c0805, Roles=[Admin], ActiveRules=6, SubjectMatched=1, ResourceActionMatched=1, Allows=1, Denies=0
2026-05-11 10:24:33.355 -08:00 [INF] MediatR handling completed GetUsersQuery in 20 ms
2026-05-11 10:24:33.357 -08:00 [INF] HTTP GET /api/Users completed with 200 in 28 ms (0HNLFH923TK8E:00000003)
2026-05-11 10:24:35.626 -08:00 [INF] Authorization header exists: true
2026-05-11 10:24:35.627 -08:00 [INF] Authorization header exists: true
2026-05-11 10:24:35.629 -08:00 [INF] JWT token validated. IsAuthenticated=true
2026-05-11 10:24:35.629 -08:00 [INF] JWT token validated. IsAuthenticated=true
2026-05-11 10:24:35.645 -08:00 [INF] MediatR handling started GetUserPermissionGraphQuery
2026-05-11 10:24:35.645 -08:00 [INF] MediatR handling started GetUserByIdQuery
2026-05-11 10:24:35.651 -08:00 [INF] Access policy check started for users:read
2026-05-11 10:24:35.654 -08:00 [INF] Access policy evaluation for users:read. UserId=790c2c93-d8e6-4b61-8a11-e4190a1c0805, Roles=[Admin], ActiveRules=6, SubjectMatched=1, ResourceActionMatched=1, Allows=1, Denies=0, Decision=Allowed
2026-05-11 10:24:35.654 -08:00 [INF] Access policy check started for users:read
2026-05-11 10:24:35.657 -08:00 [INF] Access policy query filter started for users:read
2026-05-11 10:24:35.659 -08:00 [INF] Access policy query filter for users:read. UserId=790c2c93-d8e6-4b61-8a11-e4190a1c0805, Roles=[Admin], ActiveRules=6, SubjectMatched=1, ResourceActionMatched=1, Allows=1, Denies=0
2026-05-11 10:24:35.659 -08:00 [INF] Access policy evaluation for users:read. UserId=790c2c93-d8e6-4b61-8a11-e4190a1c0805, Roles=[Admin], ActiveRules=6, SubjectMatched=1, ResourceActionMatched=1, Allows=1, Denies=0, Decision=Allowed
2026-05-11 10:24:35.664 -08:00 [INF] Access policy query filter started for users:read
2026-05-11 10:24:35.667 -08:00 [INF] Access policy query filter for users:read. UserId=790c2c93-d8e6-4b61-8a11-e4190a1c0805, Roles=[Admin], ActiveRules=6, SubjectMatched=1, ResourceActionMatched=1, Allows=1, Denies=0
2026-05-11 10:24:35.713 -08:00 [INF] MediatR handling completed GetUserPermissionGraphQuery in 67 ms
2026-05-11 10:24:35.722 -08:00 [INF] HTTP GET /api/Users/d1ed8be4-9703-45f0-935f-3c39601b55e1/permission-graph completed with 200 in 94 ms (0HNLFH923TK8E:00000009)
2026-05-11 10:24:35.780 -08:00 [INF] MediatR handling completed GetUserByIdQuery in 135 ms
2026-05-11 10:24:35.786 -08:00 [INF] HTTP GET /api/Users/d1ed8be4-9703-45f0-935f-3c39601b55e1 completed with 200 in 159 ms (0HNLFH923TK8E:0000000B)
2026-05-11 10:25:03.124 -08:00 [INF] Authorization header exists: true
2026-05-11 10:25:03.129 -08:00 [INF] JWT token validated. IsAuthenticated=true
2026-05-11 10:25:03.144 -08:00 [INF] MediatR handling started GetSessionsQuery
2026-05-11 10:25:03.149 -08:00 [INF] Access policy check started for sessions:read
2026-05-11 10:25:03.152 -08:00 [INF] Access policy evaluation for sessions:read. UserId=790c2c93-d8e6-4b61-8a11-e4190a1c0805, Roles=[Admin], ActiveRules=6, SubjectMatched=1, ResourceActionMatched=1, Allows=1, Denies=0, Decision=Allowed
2026-05-11 10:25:03.247 -08:00 [INF] MediatR handling completed GetSessionsQuery in 103 ms
2026-05-11 10:25:03.255 -08:00 [INF] HTTP GET /api/Sessions completed with 200 in 130 ms (0HNLFH923TK8E:0000000F)
2026-05-11 10:25:03.488 -08:00 [INF] Authorization header exists: true
2026-05-11 10:25:03.490 -08:00 [INF] Authorization header exists: true
2026-05-11 10:25:03.491 -08:00 [INF] JWT token validated. IsAuthenticated=true
2026-05-11 10:25:03.492 -08:00 [INF] MediatR handling started GetSessionsQuery
2026-05-11 10:25:03.493 -08:00 [INF] JWT token validated. IsAuthenticated=true
2026-05-11 10:25:03.493 -08:00 [INF] Access policy check started for sessions:read
2026-05-11 10:25:03.495 -08:00 [INF] MediatR handling started GetSessionsQuery
2026-05-11 10:25:03.496 -08:00 [INF] Access policy evaluation for sessions:read. UserId=790c2c93-d8e6-4b61-8a11-e4190a1c0805, Roles=[Admin], ActiveRules=6, SubjectMatched=1, ResourceActionMatched=1, Allows=1, Denies=0, Decision=Allowed
2026-05-11 10:25:03.500 -08:00 [INF] Access policy check started for sessions:read
2026-05-11 10:25:03.502 -08:00 [INF] MediatR handling completed GetSessionsQuery in 10 ms
2026-05-11 10:25:03.503 -08:00 [INF] Access policy evaluation for sessions:read. UserId=790c2c93-d8e6-4b61-8a11-e4190a1c0805, Roles=[Admin], ActiveRules=6, SubjectMatched=1, ResourceActionMatched=1, Allows=1, Denies=0, Decision=Allowed
2026-05-11 10:25:03.503 -08:00 [INF] HTTP GET /api/Sessions completed with 200 in 15 ms (0HNLFH923TK8E:00000013)
2026-05-11 10:25:03.508 -08:00 [INF] MediatR handling completed GetSessionsQuery in 13 ms
2026-05-11 10:25:03.509 -08:00 [INF] HTTP GET /api/Sessions completed with 200 in 18 ms (0HNLFH923TK8E:00000015)
2026-05-11 10:25:07.579 -08:00 [INF] Authorization header exists: true
2026-05-11 10:25:07.579 -08:00 [INF] Authorization header exists: true
2026-05-11 10:25:07.583 -08:00 [INF] JWT token validated. IsAuthenticated=true
2026-05-11 10:25:07.583 -08:00 [INF] JWT token validated. IsAuthenticated=true
2026-05-11 10:25:07.584 -08:00 [INF] MediatR handling started ListAccessPoliciesQuery
2026-05-11 10:25:07.584 -08:00 [INF] MediatR handling started GetAccessPolicyOptionsQuery
2026-05-11 10:25:07.585 -08:00 [INF] Access policy check started for accessPolicies:read
2026-05-11 10:25:07.586 -08:00 [INF] Access policy check started for accessPolicies:read
2026-05-11 10:25:07.588 -08:00 [INF] Access policy evaluation for accessPolicies:read. UserId=790c2c93-d8e6-4b61-8a11-e4190a1c0805, Roles=[Admin], ActiveRules=6, SubjectMatched=1, ResourceActionMatched=1, Allows=1, Denies=0, Decision=Allowed
2026-05-11 10:25:07.588 -08:00 [INF] Access policy evaluation for accessPolicies:read. UserId=790c2c93-d8e6-4b61-8a11-e4190a1c0805, Roles=[Admin], ActiveRules=6, SubjectMatched=1, ResourceActionMatched=1, Allows=1, Denies=0, Decision=Allowed
2026-05-11 10:25:07.592 -08:00 [INF] MediatR handling completed ListAccessPoliciesQuery in 8 ms
2026-05-11 10:25:07.593 -08:00 [INF] MediatR handling completed GetAccessPolicyOptionsQuery in 8 ms
2026-05-11 10:25:07.594 -08:00 [INF] HTTP GET /api/AccessPolicies completed with 200 in 14 ms (0HNLFH923TK8E:0000001D)
2026-05-11 10:25:07.595 -08:00 [INF] HTTP GET /api/AccessPolicies/options completed with 200 in 15 ms (0HNLFH923TK8E:0000001B)
2026-05-11 10:25:16.518 -08:00 [INF] Authorization header exists: true
2026-05-11 10:25:16.520 -08:00 [INF] JWT token validated. IsAuthenticated=true
2026-05-11 10:25:16.521 -08:00 [INF] MediatR handling started GetSessionsQuery
2026-05-11 10:25:16.522 -08:00 [INF] Access policy check started for sessions:read
2026-05-11 10:25:16.524 -08:00 [INF] Access policy evaluation for sessions:read. UserId=790c2c93-d8e6-4b61-8a11-e4190a1c0805, Roles=[Admin], ActiveRules=6, SubjectMatched=1, ResourceActionMatched=1, Allows=1, Denies=0, Decision=Allowed
2026-05-11 10:25:16.530 -08:00 [INF] MediatR handling completed GetSessionsQuery in 8 ms
2026-05-11 10:25:16.531 -08:00 [INF] HTTP GET /api/Sessions completed with 200 in 13 ms (0HNLFH923TK8E:00000021)
2026-05-11 10:25:16.830 -08:00 [INF] Authorization header exists: true
2026-05-11 10:25:16.833 -08:00 [INF] Authorization header exists: true
2026-05-11 10:25:16.833 -08:00 [INF] JWT token validated. IsAuthenticated=true
2026-05-11 10:25:16.835 -08:00 [INF] MediatR handling started GetSessionsQuery
2026-05-11 10:25:16.835 -08:00 [INF] JWT token validated. IsAuthenticated=true
2026-05-11 10:25:16.836 -08:00 [INF] Access policy check started for sessions:read
2026-05-11 10:25:16.837 -08:00 [INF] MediatR handling started GetSessionsQuery
2026-05-11 10:25:16.841 -08:00 [INF] Access policy check started for sessions:read
2026-05-11 10:25:16.842 -08:00 [INF] Access policy evaluation for sessions:read. UserId=790c2c93-d8e6-4b61-8a11-e4190a1c0805, Roles=[Admin], ActiveRules=6, SubjectMatched=1, ResourceActionMatched=1, Allows=1, Denies=0, Decision=Allowed
2026-05-11 10:25:16.844 -08:00 [INF] Access policy evaluation for sessions:read. UserId=790c2c93-d8e6-4b61-8a11-e4190a1c0805, Roles=[Admin], ActiveRules=6, SubjectMatched=1, ResourceActionMatched=1, Allows=1, Denies=0, Decision=Allowed
2026-05-11 10:25:16.850 -08:00 [INF] MediatR handling completed GetSessionsQuery in 14 ms
2026-05-11 10:25:16.851 -08:00 [INF] MediatR handling completed GetSessionsQuery in 14 ms
2026-05-11 10:25:16.852 -08:00 [INF] HTTP GET /api/Sessions completed with 200 in 21 ms (0HNLFH923TK8E:00000025)
2026-05-11 10:25:16.853 -08:00 [INF] HTTP GET /api/Sessions completed with 200 in 20 ms (0HNLFH923TK8E:00000027)
2026-05-11 10:25:18.218 -08:00 [INF] Authorization header exists: true
2026-05-11 10:25:18.218 -08:00 [INF] Authorization header exists: true
2026-05-11 10:25:18.220 -08:00 [INF] JWT token validated. IsAuthenticated=true
2026-05-11 10:25:18.220 -08:00 [INF] JWT token validated. IsAuthenticated=true
2026-05-11 10:25:18.241 -08:00 [INF] MediatR handling started GetLogsQuery
2026-05-11 10:25:18.241 -08:00 [INF] MediatR handling started GetLogsQuery
2026-05-11 10:25:18.249 -08:00 [INF] Access policy check started for logs:read
2026-05-11 10:25:18.249 -08:00 [INF] Access policy check started for logs:read
2026-05-11 10:25:18.251 -08:00 [INF] Access policy evaluation for logs:read. UserId=790c2c93-d8e6-4b61-8a11-e4190a1c0805, Roles=[Admin], ActiveRules=6, SubjectMatched=1, ResourceActionMatched=1, Allows=1, Denies=0, Decision=Allowed
2026-05-11 10:25:18.251 -08:00 [INF] Access policy evaluation for logs:read. UserId=790c2c93-d8e6-4b61-8a11-e4190a1c0805, Roles=[Admin], ActiveRules=6, SubjectMatched=1, ResourceActionMatched=1, Allows=1, Denies=0, Decision=Allowed
2026-05-11 10:25:18.309 -08:00 [INF] MediatR handling completed GetLogsQuery in 68 ms
2026-05-11 10:25:18.309 -08:00 [INF] MediatR handling completed GetLogsQuery in 68 ms
2026-05-11 10:25:18.318 -08:00 [INF] HTTP GET /api/Logs completed with 200 in 99 ms (0HNLFH923TK8E:0000002D)
2026-05-11 10:25:18.318 -08:00 [INF] HTTP GET /api/Logs completed with 200 in 99 ms (0HNLFH923TK8E:0000002F)
2026-05-11 10:25:20.687 -08:00 [INF] Authorization header exists: true
2026-05-11 10:25:20.688 -08:00 [INF] Authorization header exists: true
2026-05-11 10:25:20.689 -08:00 [INF] Authorization header exists: true
2026-05-11 10:25:20.689 -08:00 [INF] Authorization header exists: true
2026-05-11 10:25:20.690 -08:00 [INF] JWT token validated. IsAuthenticated=true
2026-05-11 10:25:20.690 -08:00 [INF] JWT token validated. IsAuthenticated=true
2026-05-11 10:25:20.690 -08:00 [INF] JWT token validated. IsAuthenticated=true
2026-05-11 10:25:20.691 -08:00 [INF] JWT token validated. IsAuthenticated=true
2026-05-11 10:25:20.692 -08:00 [INF] MediatR handling started ListAccessPoliciesQuery
2026-05-11 10:25:20.693 -08:00 [INF] Access policy check started for accessPolicies:read
2026-05-11 10:25:20.694 -08:00 [INF] MediatR handling started GetLogsQuery
2026-05-11 10:25:20.695 -08:00 [INF] Access policy evaluation for accessPolicies:read. UserId=790c2c93-d8e6-4b61-8a11-e4190a1c0805, Roles=[Admin], ActiveRules=6, SubjectMatched=1, ResourceActionMatched=1, Allows=1, Denies=0, Decision=Allowed
2026-05-11 10:25:20.698 -08:00 [INF] Access policy check started for logs:read
2026-05-11 10:25:20.698 -08:00 [INF] MediatR handling completed ListAccessPoliciesQuery in 5 ms
2026-05-11 10:25:20.698 -08:00 [INF] MediatR handling started GetUsersDashboardQuery
2026-05-11 10:25:20.699 -08:00 [INF] Access policy evaluation for logs:read. UserId=790c2c93-d8e6-4b61-8a11-e4190a1c0805, Roles=[Admin], ActiveRules=6, SubjectMatched=1, ResourceActionMatched=1, Allows=1, Denies=0, Decision=Allowed
2026-05-11 10:25:20.699 -08:00 [INF] HTTP GET /api/AccessPolicies completed with 200 in 10 ms (0HNLFH923TK8E:0000003F)
2026-05-11 10:25:20.707 -08:00 [INF] Access policy check started for users:read
2026-05-11 10:25:20.710 -08:00 [INF] Access policy evaluation for users:read. UserId=790c2c93-d8e6-4b61-8a11-e4190a1c0805, Roles=[Admin], ActiveRules=6, SubjectMatched=1, ResourceActionMatched=1, Allows=1, Denies=0, Decision=Allowed
2026-05-11 10:25:20.710 -08:00 [INF] MediatR handling started GetErrorLogsQuery
2026-05-11 10:25:20.712 -08:00 [INF] Access policy query filter started for users:read
2026-05-11 10:25:20.734 -08:00 [INF] Access policy query filter for users:read. UserId=790c2c93-d8e6-4b61-8a11-e4190a1c0805, Roles=[Admin], ActiveRules=6, SubjectMatched=1, ResourceActionMatched=1, Allows=1, Denies=0
2026-05-11 10:25:20.738 -08:00 [INF] Access policy check started for errorLogs:read
2026-05-11 10:25:20.739 -08:00 [INF] Access policy evaluation for errorLogs:read. UserId=790c2c93-d8e6-4b61-8a11-e4190a1c0805, Roles=[Admin], ActiveRules=6, SubjectMatched=1, ResourceActionMatched=1, Allows=1, Denies=0, Decision=Allowed
2026-05-11 10:25:20.743 -08:00 [INF] MediatR handling completed GetLogsQuery in 49 ms
2026-05-11 10:25:20.745 -08:00 [INF] HTTP GET /api/Logs completed with 200 in 57 ms (0HNLFH923TK8E:0000003B)
2026-05-11 10:25:20.777 -08:00 [INF] MediatR handling completed GetErrorLogsQuery in 67 ms
2026-05-11 10:25:20.784 -08:00 [INF] MediatR handling completed GetUsersDashboardQuery in 86 ms
2026-05-11 10:25:20.786 -08:00 [INF] HTTP GET /api/error-logs completed with 200 in 97 ms (0HNLFH923TK8E:0000003D)
2026-05-11 10:25:20.794 -08:00 [INF] HTTP GET /api/Users/dashboard completed with 200 in 106 ms (0HNLFH923TK8E:00000039)
2026-05-11 10:25:21.859 -08:00 [INF] Authorization header exists: true
2026-05-11 10:25:21.859 -08:00 [INF] Authorization header exists: true
2026-05-11 10:25:21.862 -08:00 [INF] JWT token validated. IsAuthenticated=true
2026-05-11 10:25:21.862 -08:00 [INF] JWT token validated. IsAuthenticated=true
2026-05-11 10:25:21.864 -08:00 [INF] MediatR handling started GetLogsQuery
2026-05-11 10:25:21.864 -08:00 [INF] MediatR handling started GetLogsQuery
2026-05-11 10:25:21.866 -08:00 [INF] Access policy check started for logs:read
2026-05-11 10:25:21.866 -08:00 [INF] Access policy check started for logs:read
2026-05-11 10:25:21.869 -08:00 [INF] Access policy evaluation for logs:read. UserId=790c2c93-d8e6-4b61-8a11-e4190a1c0805, Roles=[Admin], ActiveRules=6, SubjectMatched=1, ResourceActionMatched=1, Allows=1, Denies=0, Decision=Allowed
2026-05-11 10:25:21.869 -08:00 [INF] Access policy evaluation for logs:read. UserId=790c2c93-d8e6-4b61-8a11-e4190a1c0805, Roles=[Admin], ActiveRules=6, SubjectMatched=1, ResourceActionMatched=1, Allows=1, Denies=0, Decision=Allowed
2026-05-11 10:25:21.877 -08:00 [INF] MediatR handling completed GetLogsQuery in 12 ms
2026-05-11 10:25:21.879 -08:00 [INF] HTTP GET /api/Logs completed with 200 in 19 ms (0HNLFH923TK8E:00000043)
2026-05-11 10:25:21.879 -08:00 [INF] MediatR handling completed GetLogsQuery in 14 ms
2026-05-11 10:25:21.884 -08:00 [INF] HTTP GET /api/Logs completed with 200 in 24 ms (0HNLFH923TK8E:00000041)
2026-05-11 10:25:22.552 -08:00 [INF] Authorization header exists: true
2026-05-11 10:25:22.553 -08:00 [INF] Authorization header exists: true
2026-05-11 10:25:22.554 -08:00 [INF] JWT token validated. IsAuthenticated=true
2026-05-11 10:25:22.554 -08:00 [INF] JWT token validated. IsAuthenticated=true
2026-05-11 10:25:22.555 -08:00 [INF] MediatR handling started GetErrorLogsQuery
2026-05-11 10:25:22.556 -08:00 [INF] Access policy check started for errorLogs:read
2026-05-11 10:25:22.557 -08:00 [INF] MediatR handling started GetErrorLogsQuery
2026-05-11 10:25:22.558 -08:00 [INF] Access policy evaluation for errorLogs:read. UserId=790c2c93-d8e6-4b61-8a11-e4190a1c0805, Roles=[Admin], ActiveRules=6, SubjectMatched=1, ResourceActionMatched=1, Allows=1, Denies=0, Decision=Allowed
2026-05-11 10:25:22.558 -08:00 [INF] Access policy check started for errorLogs:read
2026-05-11 10:25:22.562 -08:00 [INF] Access policy evaluation for errorLogs:read. UserId=790c2c93-d8e6-4b61-8a11-e4190a1c0805, Roles=[Admin], ActiveRules=6, SubjectMatched=1, ResourceActionMatched=1, Allows=1, Denies=0, Decision=Allowed
2026-05-11 10:25:22.575 -08:00 [INF] MediatR handling completed GetErrorLogsQuery in 20 ms
2026-05-11 10:25:22.577 -08:00 [INF] HTTP GET /api/error-logs completed with 200 in 24 ms (0HNLFH923TK8E:00000049)
2026-05-11 10:25:22.578 -08:00 [INF] MediatR handling completed GetErrorLogsQuery in 20 ms
2026-05-11 10:25:22.580 -08:00 [INF] HTTP GET /api/error-logs completed with 200 in 27 ms (0HNLFH923TK8E:0000004B)
2026-05-11 10:25:24.285 -08:00 [INF] Authorization header exists: true
2026-05-11 10:25:24.285 -08:00 [INF] Authorization header exists: true
2026-05-11 10:25:24.287 -08:00 [INF] JWT token validated. IsAuthenticated=true
2026-05-11 10:25:24.287 -08:00 [INF] JWT token validated. IsAuthenticated=true
2026-05-11 10:25:24.288 -08:00 [INF] MediatR handling started GetLogsQuery
2026-05-11 10:25:24.289 -08:00 [INF] MediatR handling started GetLogsQuery
2026-05-11 10:25:24.289 -08:00 [INF] Access policy check started for logs:read
2026-05-11 10:25:24.289 -08:00 [INF] Access policy check started for logs:read
2026-05-11 10:25:24.291 -08:00 [INF] Access policy evaluation for logs:read. UserId=790c2c93-d8e6-4b61-8a11-e4190a1c0805, Roles=[Admin], ActiveRules=6, SubjectMatched=1, ResourceActionMatched=1, Allows=1, Denies=0, Decision=Allowed
2026-05-11 10:25:24.291 -08:00 [INF] Access policy evaluation for logs:read. UserId=790c2c93-d8e6-4b61-8a11-e4190a1c0805, Roles=[Admin], ActiveRules=6, SubjectMatched=1, ResourceActionMatched=1, Allows=1, Denies=0, Decision=Allowed
2026-05-11 10:25:24.296 -08:00 [INF] MediatR handling completed GetLogsQuery in 7 ms
2026-05-11 10:25:24.298 -08:00 [INF] HTTP GET /api/Logs completed with 200 in 13 ms (0HNLFH923TK8E:00000051)
2026-05-11 10:25:24.298 -08:00 [INF] MediatR handling completed GetLogsQuery in 9 ms
2026-05-11 10:25:24.302 -08:00 [INF] HTTP GET /api/Logs completed with 200 in 16 ms (0HNLFH923TK8E:00000053)
2026-05-11 10:25:25.118 -08:00 [INF] Authorization header exists: true
2026-05-11 10:25:25.118 -08:00 [INF] Authorization header exists: true
2026-05-11 10:25:25.118 -08:00 [INF] Authorization header exists: true
2026-05-11 10:25:25.118 -08:00 [INF] Authorization header exists: true
2026-05-11 10:25:25.121 -08:00 [INF] JWT token validated. IsAuthenticated=true
2026-05-11 10:25:25.121 -08:00 [INF] JWT token validated. IsAuthenticated=true
2026-05-11 10:25:25.122 -08:00 [INF] JWT token validated. IsAuthenticated=true
2026-05-11 10:25:25.122 -08:00 [INF] JWT token validated. IsAuthenticated=true
2026-05-11 10:25:25.123 -08:00 [INF] MediatR handling started GetUsersDashboardQuery
2026-05-11 10:25:25.123 -08:00 [INF] MediatR handling started GetLogsQuery
2026-05-11 10:25:25.123 -08:00 [INF] MediatR handling started ListAccessPoliciesQuery
2026-05-11 10:25:25.124 -08:00 [INF] MediatR handling started GetErrorLogsQuery
2026-05-11 10:25:25.124 -08:00 [INF] Access policy check started for users:read
2026-05-11 10:25:25.124 -08:00 [INF] Access policy check started for logs:read
2026-05-11 10:25:25.125 -08:00 [INF] Access policy check started for accessPolicies:read
2026-05-11 10:25:25.126 -08:00 [INF] Access policy check started for errorLogs:read
2026-05-11 10:25:25.128 -08:00 [INF] Access policy evaluation for users:read. UserId=790c2c93-d8e6-4b61-8a11-e4190a1c0805, Roles=[Admin], ActiveRules=6, SubjectMatched=1, ResourceActionMatched=1, Allows=1, Denies=0, Decision=Allowed
2026-05-11 10:25:25.128 -08:00 [INF] Access policy evaluation for logs:read. UserId=790c2c93-d8e6-4b61-8a11-e4190a1c0805, Roles=[Admin], ActiveRules=6, SubjectMatched=1, ResourceActionMatched=1, Allows=1, Denies=0, Decision=Allowed
2026-05-11 10:25:25.128 -08:00 [INF] Access policy evaluation for accessPolicies:read. UserId=790c2c93-d8e6-4b61-8a11-e4190a1c0805, Roles=[Admin], ActiveRules=6, SubjectMatched=1, ResourceActionMatched=1, Allows=1, Denies=0, Decision=Allowed
2026-05-11 10:25:25.129 -08:00 [INF] Access policy evaluation for errorLogs:read. UserId=790c2c93-d8e6-4b61-8a11-e4190a1c0805, Roles=[Admin], ActiveRules=6, SubjectMatched=1, ResourceActionMatched=1, Allows=1, Denies=0, Decision=Allowed
2026-05-11 10:25:25.131 -08:00 [INF] Access policy query filter started for users:read
2026-05-11 10:25:25.136 -08:00 [INF] MediatR handling completed ListAccessPoliciesQuery in 13 ms
2026-05-11 10:25:25.138 -08:00 [INF] MediatR handling completed GetLogsQuery in 14 ms
2026-05-11 10:25:25.139 -08:00 [INF] Access policy query filter for users:read. UserId=790c2c93-d8e6-4b61-8a11-e4190a1c0805, Roles=[Admin], ActiveRules=6, SubjectMatched=1, ResourceActionMatched=1, Allows=1, Denies=0
2026-05-11 10:25:25.139 -08:00 [INF] HTTP GET /api/AccessPolicies completed with 200 in 20 ms (0HNLFH923TK8E:0000005B)
2026-05-11 10:25:25.140 -08:00 [INF] MediatR handling completed GetErrorLogsQuery in 16 ms
2026-05-11 10:25:25.141 -08:00 [INF] HTTP GET /api/Logs completed with 200 in 22 ms (0HNLFH923TK8E:00000057)
2026-05-11 10:25:25.144 -08:00 [INF] HTTP GET /api/error-logs completed with 200 in 25 ms (0HNLFH923TK8E:00000059)
2026-05-11 10:25:25.148 -08:00 [INF] MediatR handling completed GetUsersDashboardQuery in 25 ms
2026-05-11 10:25:25.149 -08:00 [INF] HTTP GET /api/Users/dashboard completed with 200 in 31 ms (0HNLFH923TK8E:00000055)
2026-05-11 10:26:20.606 -08:00 [INF] Authorization header exists: true
2026-05-11 10:26:20.606 -08:00 [INF] Authorization header exists: true
2026-05-11 10:26:20.606 -08:00 [INF] Authorization header exists: true
2026-05-11 10:26:20.609 -08:00 [INF] Authorization header exists: true
2026-05-11 10:26:20.611 -08:00 [INF] JWT token validated. IsAuthenticated=true
2026-05-11 10:26:20.611 -08:00 [INF] JWT token validated. IsAuthenticated=true
2026-05-11 10:26:20.611 -08:00 [INF] JWT token validated. IsAuthenticated=true
2026-05-11 10:26:20.612 -08:00 [INF] JWT token validated. IsAuthenticated=true
2026-05-11 10:26:20.613 -08:00 [INF] MediatR handling started GetLogsQuery
2026-05-11 10:26:20.613 -08:00 [INF] MediatR handling started GetUsersDashboardQuery
2026-05-11 10:26:20.613 -08:00 [INF] MediatR handling started GetErrorLogsQuery
2026-05-11 10:26:20.613 -08:00 [INF] MediatR handling started ListAccessPoliciesQuery
2026-05-11 10:26:20.614 -08:00 [INF] Access policy check started for logs:read
2026-05-11 10:26:20.614 -08:00 [INF] Access policy check started for users:read
2026-05-11 10:26:20.615 -08:00 [INF] Access policy check started for errorLogs:read
2026-05-11 10:26:20.615 -08:00 [INF] Access policy check started for accessPolicies:read
2026-05-11 10:26:20.616 -08:00 [INF] Access policy evaluation for logs:read. UserId=790c2c93-d8e6-4b61-8a11-e4190a1c0805, Roles=[Admin], ActiveRules=6, SubjectMatched=1, ResourceActionMatched=1, Allows=1, Denies=0, Decision=Allowed
2026-05-11 10:26:20.617 -08:00 [INF] Access policy evaluation for users:read. UserId=790c2c93-d8e6-4b61-8a11-e4190a1c0805, Roles=[Admin], ActiveRules=6, SubjectMatched=1, ResourceActionMatched=1, Allows=1, Denies=0, Decision=Allowed
2026-05-11 10:26:20.618 -08:00 [INF] Access policy evaluation for errorLogs:read. UserId=790c2c93-d8e6-4b61-8a11-e4190a1c0805, Roles=[Admin], ActiveRules=6, SubjectMatched=1, ResourceActionMatched=1, Allows=1, Denies=0, Decision=Allowed
2026-05-11 10:26:20.618 -08:00 [INF] Access policy evaluation for accessPolicies:read. UserId=790c2c93-d8e6-4b61-8a11-e4190a1c0805, Roles=[Admin], ActiveRules=6, SubjectMatched=1, ResourceActionMatched=1, Allows=1, Denies=0, Decision=Allowed
2026-05-11 10:26:20.621 -08:00 [INF] Access policy query filter started for users:read
2026-05-11 10:26:20.623 -08:00 [INF] MediatR handling completed GetLogsQuery in 10 ms
2026-05-11 10:26:20.624 -08:00 [INF] MediatR handling completed GetErrorLogsQuery in 11 ms
2026-05-11 10:26:20.625 -08:00 [INF] MediatR handling completed ListAccessPoliciesQuery in 11 ms
2026-05-11 10:26:20.626 -08:00 [INF] Access policy query filter for users:read. UserId=790c2c93-d8e6-4b61-8a11-e4190a1c0805, Roles=[Admin], ActiveRules=6, SubjectMatched=1, ResourceActionMatched=1, Allows=1, Denies=0
2026-05-11 10:26:20.631 -08:00 [INF] HTTP GET /api/Logs completed with 200 in 24 ms (0HNLFH923TK8E:00000069)
2026-05-11 10:26:20.631 -08:00 [INF] HTTP GET /api/error-logs completed with 200 in 24 ms (0HNLFH923TK8E:00000067)
2026-05-11 10:26:20.632 -08:00 [INF] HTTP GET /api/AccessPolicies completed with 200 in 22 ms (0HNLFH923TK8E:0000006B)
2026-05-11 10:26:20.641 -08:00 [INF] MediatR handling completed GetUsersDashboardQuery in 28 ms
2026-05-11 10:26:20.642 -08:00 [INF] HTTP GET /api/Users/dashboard completed with 200 in 35 ms (0HNLFH923TK8E:00000065)
2026-05-11 10:27:18.392 -08:00 [INF] Authorization header exists: true
2026-05-11 10:27:18.393 -08:00 [INF] Authorization header exists: true
2026-05-11 10:27:18.419 -08:00 [INF] JWT token validated. IsAuthenticated=true
2026-05-11 10:27:18.421 -08:00 [INF] MediatR handling started GetLogsQuery
2026-05-11 10:27:18.422 -08:00 [INF] Access policy check started for logs:read
2026-05-11 10:27:18.428 -08:00 [INF] Access policy evaluation for logs:read. UserId=790c2c93-d8e6-4b61-8a11-e4190a1c0805, Roles=[Admin], ActiveRules=6, SubjectMatched=1, ResourceActionMatched=1, Allows=1, Denies=0, Decision=Allowed
2026-05-11 10:27:18.432 -08:00 [INF] JWT token validated. IsAuthenticated=true
2026-05-11 10:27:18.434 -08:00 [INF] MediatR handling started GetLogsQuery
2026-05-11 10:27:18.434 -08:00 [INF] Access policy check started for logs:read
2026-05-11 10:27:18.436 -08:00 [INF] Access policy evaluation for logs:read. UserId=790c2c93-d8e6-4b61-8a11-e4190a1c0805, Roles=[Admin], ActiveRules=6, SubjectMatched=1, ResourceActionMatched=1, Allows=1, Denies=0, Decision=Allowed
2026-05-11 10:27:18.438 -08:00 [INF] MediatR handling completed GetLogsQuery in 17 ms
2026-05-11 10:27:18.440 -08:00 [INF] HTTP GET /api/Logs completed with 200 in 47 ms (0HNLFH923TK8E:00000071)
2026-05-11 10:27:18.440 -08:00 [INF] MediatR handling completed GetLogsQuery in 6 ms
2026-05-11 10:27:18.481 -08:00 [INF] HTTP GET /api/Logs completed with 200 in 88 ms (0HNLFH923TK8E:00000073)
2026-05-11 10:27:20.443 -08:00 [INF] Authorization header exists: true
2026-05-11 10:27:20.443 -08:00 [INF] Authorization header exists: true
2026-05-11 10:27:20.445 -08:00 [INF] JWT token validated. IsAuthenticated=true
2026-05-11 10:27:20.445 -08:00 [INF] JWT token validated. IsAuthenticated=true
2026-05-11 10:27:20.447 -08:00 [INF] MediatR handling started GetAccessPolicyOptionsQuery
2026-05-11 10:27:20.447 -08:00 [INF] MediatR handling started ListAccessPoliciesQuery
2026-05-11 10:27:20.448 -08:00 [INF] Access policy check started for accessPolicies:read
2026-05-11 10:27:20.448 -08:00 [INF] Access policy check started for accessPolicies:read
2026-05-11 10:27:20.450 -08:00 [INF] Access policy evaluation for accessPolicies:read. UserId=790c2c93-d8e6-4b61-8a11-e4190a1c0805, Roles=[Admin], ActiveRules=6, SubjectMatched=1, ResourceActionMatched=1, Allows=1, Denies=0, Decision=Allowed
2026-05-11 10:27:20.452 -08:00 [INF] Access policy evaluation for accessPolicies:read. UserId=790c2c93-d8e6-4b61-8a11-e4190a1c0805, Roles=[Admin], ActiveRules=6, SubjectMatched=1, ResourceActionMatched=1, Allows=1, Denies=0, Decision=Allowed
2026-05-11 10:27:20.452 -08:00 [INF] MediatR handling completed GetAccessPolicyOptionsQuery in 5 ms
2026-05-11 10:27:20.455 -08:00 [INF] MediatR handling completed ListAccessPoliciesQuery in 8 ms
2026-05-11 10:27:20.455 -08:00 [INF] HTTP GET /api/AccessPolicies/options completed with 200 in 12 ms (0HNLFH923TK8E:00000079)
2026-05-11 10:27:20.456 -08:00 [INF] HTTP GET /api/AccessPolicies completed with 200 in 13 ms (0HNLFH923TK8E:0000007B)
2026-05-11 10:27:21.158 -08:00 [INF] Authorization header exists: true
2026-05-11 10:27:21.160 -08:00 [INF] JWT token validated. IsAuthenticated=true
2026-05-11 10:27:21.160 -08:00 [INF] MediatR handling started GetSessionsQuery
2026-05-11 10:27:21.161 -08:00 [INF] Access policy check started for sessions:read
2026-05-11 10:27:21.164 -08:00 [INF] Access policy evaluation for sessions:read. UserId=790c2c93-d8e6-4b61-8a11-e4190a1c0805, Roles=[Admin], ActiveRules=6, SubjectMatched=1, ResourceActionMatched=1, Allows=1, Denies=0, Decision=Allowed
2026-05-11 10:27:21.173 -08:00 [INF] MediatR handling completed GetSessionsQuery in 13 ms
2026-05-11 10:27:21.175 -08:00 [INF] HTTP GET /api/Sessions completed with 200 in 16 ms (0HNLFH923TK8E:0000007F)
2026-05-11 10:27:21.476 -08:00 [INF] Authorization header exists: true
2026-05-11 10:27:21.477 -08:00 [INF] Authorization header exists: true
2026-05-11 10:27:21.478 -08:00 [INF] JWT token validated. IsAuthenticated=true
2026-05-11 10:27:21.478 -08:00 [INF] MediatR handling started GetSessionsQuery
2026-05-11 10:27:21.479 -08:00 [INF] JWT token validated. IsAuthenticated=true
2026-05-11 10:27:21.479 -08:00 [INF] Access policy check started for sessions:read
2026-05-11 10:27:21.480 -08:00 [INF] MediatR handling started GetSessionsQuery
2026-05-11 10:27:21.482 -08:00 [INF] Access policy check started for sessions:read
2026-05-11 10:27:21.482 -08:00 [INF] Access policy evaluation for sessions:read. UserId=790c2c93-d8e6-4b61-8a11-e4190a1c0805, Roles=[Admin], ActiveRules=6, SubjectMatched=1, ResourceActionMatched=1, Allows=1, Denies=0, Decision=Allowed
2026-05-11 10:27:21.483 -08:00 [INF] Access policy evaluation for sessions:read. UserId=790c2c93-d8e6-4b61-8a11-e4190a1c0805, Roles=[Admin], ActiveRules=6, SubjectMatched=1, ResourceActionMatched=1, Allows=1, Denies=0, Decision=Allowed
2026-05-11 10:27:21.487 -08:00 [INF] MediatR handling completed GetSessionsQuery in 8 ms
2026-05-11 10:27:21.488 -08:00 [INF] HTTP GET /api/Sessions completed with 200 in 12 ms (0HNLFH923TK8E:00000083)
2026-05-11 10:27:21.489 -08:00 [INF] MediatR handling completed GetSessionsQuery in 8 ms
2026-05-11 10:27:21.491 -08:00 [INF] HTTP GET /api/Sessions completed with 200 in 14 ms (0HNLFH923TK8E:00000085)
2026-05-11 10:27:23.117 -08:00 [INF] Authorization header exists: true
2026-05-11 10:27:23.118 -08:00 [INF] Authorization header exists: true
2026-05-11 10:27:23.119 -08:00 [INF] JWT token validated. IsAuthenticated=true
2026-05-11 10:27:23.120 -08:00 [INF] JWT token validated. IsAuthenticated=true
2026-05-11 10:27:23.120 -08:00 [INF] MediatR handling started GetAccessPolicyOptionsQuery
2026-05-11 10:27:23.121 -08:00 [INF] MediatR handling started ListAccessPoliciesQuery
2026-05-11 10:27:23.122 -08:00 [INF] Access policy check started for accessPolicies:read
2026-05-11 10:27:23.122 -08:00 [INF] Access policy check started for accessPolicies:read
2026-05-11 10:27:23.124 -08:00 [INF] Access policy evaluation for accessPolicies:read. UserId=790c2c93-d8e6-4b61-8a11-e4190a1c0805, Roles=[Admin], ActiveRules=6, SubjectMatched=1, ResourceActionMatched=1, Allows=1, Denies=0, Decision=Allowed
2026-05-11 10:27:23.124 -08:00 [INF] Access policy evaluation for accessPolicies:read. UserId=790c2c93-d8e6-4b61-8a11-e4190a1c0805, Roles=[Admin], ActiveRules=6, SubjectMatched=1, ResourceActionMatched=1, Allows=1, Denies=0, Decision=Allowed
2026-05-11 10:27:23.126 -08:00 [INF] MediatR handling completed GetAccessPolicyOptionsQuery in 5 ms
2026-05-11 10:27:23.129 -08:00 [INF] MediatR handling completed ListAccessPoliciesQuery in 8 ms
2026-05-11 10:27:23.129 -08:00 [INF] HTTP GET /api/AccessPolicies/options completed with 200 in 12 ms (0HNLFH923TK8E:00000087)
2026-05-11 10:27:23.131 -08:00 [INF] HTTP GET /api/AccessPolicies completed with 200 in 12 ms (0HNLFH923TK8E:00000089)
2026-05-11 10:27:24.576 -08:00 [INF] Authorization header exists: true
2026-05-11 10:27:24.579 -08:00 [INF] JWT token validated. IsAuthenticated=true
2026-05-11 10:27:24.588 -08:00 [INF] MediatR handling started GetRolesQuery
2026-05-11 10:27:24.591 -08:00 [INF] Access policy check started for roles:read
2026-05-11 10:27:24.593 -08:00 [INF] Access policy evaluation for roles:read. UserId=790c2c93-d8e6-4b61-8a11-e4190a1c0805, Roles=[Admin], ActiveRules=6, SubjectMatched=1, ResourceActionMatched=1, Allows=1, Denies=0, Decision=Allowed
2026-05-11 10:27:24.601 -08:00 [INF] MediatR handling completed GetRolesQuery in 12 ms
2026-05-11 10:27:24.603 -08:00 [INF] HTTP GET /api/Roles completed with 200 in 26 ms (0HNLFH923TK8E:0000008D)
2026-05-11 10:27:25.444 -08:00 [INF] Authorization header exists: true
2026-05-11 10:27:25.446 -08:00 [INF] JWT token validated. IsAuthenticated=true
2026-05-11 10:27:25.449 -08:00 [INF] MediatR handling started GetUsersQuery
2026-05-11 10:27:25.454 -08:00 [INF] Access policy check started for users:read
2026-05-11 10:27:25.456 -08:00 [INF] Access policy evaluation for users:read. UserId=790c2c93-d8e6-4b61-8a11-e4190a1c0805, Roles=[Admin], ActiveRules=6, SubjectMatched=1, ResourceActionMatched=1, Allows=1, Denies=0, Decision=Allowed
2026-05-11 10:27:25.458 -08:00 [INF] Access policy query filter started for users:read
2026-05-11 10:27:25.460 -08:00 [INF] Access policy query filter for users:read. UserId=790c2c93-d8e6-4b61-8a11-e4190a1c0805, Roles=[Admin], ActiveRules=6, SubjectMatched=1, ResourceActionMatched=1, Allows=1, Denies=0
2026-05-11 10:27:25.469 -08:00 [INF] MediatR handling completed GetUsersQuery in 20 ms
2026-05-11 10:27:25.470 -08:00 [INF] HTTP GET /api/Users completed with 200 in 26 ms (0HNLFH923TK8E:00000091)
2026-05-11 10:27:26.571 -08:00 [INF] Authorization header exists: true
2026-05-11 10:27:26.573 -08:00 [INF] JWT token validated. IsAuthenticated=true
2026-05-11 10:27:26.574 -08:00 [INF] MediatR handling started GetRolesQuery
2026-05-11 10:27:26.574 -08:00 [INF] Access policy check started for roles:read
2026-05-11 10:27:26.575 -08:00 [INF] Access policy evaluation for roles:read. UserId=790c2c93-d8e6-4b61-8a11-e4190a1c0805, Roles=[Admin], ActiveRules=6, SubjectMatched=1, ResourceActionMatched=1, Allows=1, Denies=0, Decision=Allowed
2026-05-11 10:27:26.579 -08:00 [INF] MediatR handling completed GetRolesQuery in 5 ms
2026-05-11 10:27:26.580 -08:00 [INF] HTTP GET /api/Roles completed with 200 in 8 ms (0HNLFH923TK8E:00000093)
2026-05-11 10:27:27.270 -08:00 [INF] Authorization header exists: true
2026-05-11 10:27:27.270 -08:00 [INF] Authorization header exists: true
2026-05-11 10:27:27.270 -08:00 [INF] Authorization header exists: true
2026-05-11 10:27:27.270 -08:00 [INF] Authorization header exists: true
2026-05-11 10:27:27.272 -08:00 [INF] JWT token validated. IsAuthenticated=true
2026-05-11 10:27:27.273 -08:00 [INF] JWT token validated. IsAuthenticated=true
2026-05-11 10:27:27.274 -08:00 [INF] JWT token validated. IsAuthenticated=true
2026-05-11 10:27:27.274 -08:00 [INF] MediatR handling started GetLogsQuery
2026-05-11 10:27:27.275 -08:00 [INF] JWT token validated. IsAuthenticated=true
2026-05-11 10:27:27.275 -08:00 [INF] MediatR handling started GetUsersDashboardQuery
2026-05-11 10:27:27.275 -08:00 [INF] MediatR handling started GetErrorLogsQuery
2026-05-11 10:27:27.276 -08:00 [INF] Access policy check started for logs:read
2026-05-11 10:27:27.276 -08:00 [INF] MediatR handling started ListAccessPoliciesQuery
2026-05-11 10:27:27.276 -08:00 [INF] Access policy check started for users:read
2026-05-11 10:27:27.277 -08:00 [INF] Access policy check started for errorLogs:read
2026-05-11 10:27:27.278 -08:00 [INF] Access policy check started for accessPolicies:read
2026-05-11 10:27:27.280 -08:00 [INF] Access policy evaluation for errorLogs:read. UserId=790c2c93-d8e6-4b61-8a11-e4190a1c0805, Roles=[Admin], ActiveRules=6, SubjectMatched=1, ResourceActionMatched=1, Allows=1, Denies=0, Decision=Allowed
2026-05-11 10:27:27.279 -08:00 [INF] Access policy evaluation for users:read. UserId=790c2c93-d8e6-4b61-8a11-e4190a1c0805, Roles=[Admin], ActiveRules=6, SubjectMatched=1, ResourceActionMatched=1, Allows=1, Denies=0, Decision=Allowed
2026-05-11 10:27:27.278 -08:00 [INF] Access policy evaluation for logs:read. UserId=790c2c93-d8e6-4b61-8a11-e4190a1c0805, Roles=[Admin], ActiveRules=6, SubjectMatched=1, ResourceActionMatched=1, Allows=1, Denies=0, Decision=Allowed
2026-05-11 10:27:27.281 -08:00 [INF] Access policy evaluation for accessPolicies:read. UserId=790c2c93-d8e6-4b61-8a11-e4190a1c0805, Roles=[Admin], ActiveRules=6, SubjectMatched=1, ResourceActionMatched=1, Allows=1, Denies=0, Decision=Allowed
2026-05-11 10:27:27.284 -08:00 [INF] Access policy query filter started for users:read
2026-05-11 10:27:27.288 -08:00 [INF] MediatR handling completed GetErrorLogsQuery in 12 ms
2026-05-11 10:27:27.289 -08:00 [INF] MediatR handling completed ListAccessPoliciesQuery in 12 ms
2026-05-11 10:27:27.289 -08:00 [INF] MediatR handling completed GetLogsQuery in 14 ms
2026-05-11 10:27:27.289 -08:00 [INF] Access policy query filter for users:read. UserId=790c2c93-d8e6-4b61-8a11-e4190a1c0805, Roles=[Admin], ActiveRules=6, SubjectMatched=1, ResourceActionMatched=1, Allows=1, Denies=0
2026-05-11 10:27:27.293 -08:00 [INF] HTTP GET /api/AccessPolicies completed with 200 in 22 ms (0HNLFH923TK8E:000000A3)
2026-05-11 10:27:27.293 -08:00 [INF] HTTP GET /api/error-logs completed with 200 in 23 ms (0HNLFH923TK8E:000000A1)
2026-05-11 10:27:27.328 -08:00 [INF] HTTP GET /api/Logs completed with 200 in 58 ms (0HNLFH923TK8E:0000009F)
2026-05-11 10:27:27.341 -08:00 [INF] MediatR handling completed GetUsersDashboardQuery in 66 ms
2026-05-11 10:27:27.343 -08:00 [INF] HTTP GET /api/Users/dashboard completed with 200 in 73 ms (0HNLFH923TK8E:0000009D)
2026-05-11 10:31:57.693 -08:00 [INF] Authorization header exists: true
2026-05-11 10:31:57.693 -08:00 [INF] Authorization header exists: true
2026-05-11 10:31:57.737 -08:00 [INF] JWT token validated. IsAuthenticated=true
2026-05-11 10:31:57.738 -08:00 [INF] MediatR handling started GetErrorLogsQuery
2026-05-11 10:31:57.739 -08:00 [INF] Access policy check started for errorLogs:read
2026-05-11 10:31:57.744 -08:00 [INF] Access policy evaluation for errorLogs:read. UserId=790c2c93-d8e6-4b61-8a11-e4190a1c0805, Roles=[Admin], ActiveRules=6, SubjectMatched=1, ResourceActionMatched=1, Allows=1, Denies=0, Decision=Allowed
2026-05-11 10:31:57.751 -08:00 [INF] MediatR handling completed GetErrorLogsQuery in 12 ms
2026-05-11 10:31:57.755 -08:00 [INF] HTTP GET /api/error-logs completed with 200 in 62 ms (0HNLFH923TK8E:000000A9)
2026-05-11 10:31:57.834 -08:00 [INF] JWT token validated. IsAuthenticated=true
2026-05-11 10:31:57.835 -08:00 [INF] MediatR handling started GetErrorLogsQuery
2026-05-11 10:31:57.836 -08:00 [INF] Access policy check started for errorLogs:read
2026-05-11 10:31:57.837 -08:00 [INF] Access policy evaluation for errorLogs:read. UserId=790c2c93-d8e6-4b61-8a11-e4190a1c0805, Roles=[Admin], ActiveRules=6, SubjectMatched=1, ResourceActionMatched=1, Allows=1, Denies=0, Decision=Allowed
2026-05-11 10:31:57.844 -08:00 [INF] MediatR handling completed GetErrorLogsQuery in 9 ms
2026-05-11 10:31:57.846 -08:00 [INF] HTTP GET /api/error-logs completed with 200 in 153 ms (0HNLFH923TK8E:000000AB)
2026-05-11 10:31:59.640 -08:00 [INF] Authorization header exists: true
2026-05-11 10:31:59.640 -08:00 [INF] Authorization header exists: true
2026-05-11 10:31:59.642 -08:00 [INF] JWT token validated. IsAuthenticated=true
2026-05-11 10:31:59.642 -08:00 [INF] JWT token validated. IsAuthenticated=true
2026-05-11 10:31:59.642 -08:00 [INF] MediatR handling started GetLogsQuery
2026-05-11 10:31:59.643 -08:00 [INF] MediatR handling started GetLogsQuery
2026-05-11 10:31:59.644 -08:00 [INF] Access policy check started for logs:read
2026-05-11 10:31:59.644 -08:00 [INF] Access policy check started for logs:read
2026-05-11 10:31:59.646 -08:00 [INF] Access policy evaluation for logs:read. UserId=790c2c93-d8e6-4b61-8a11-e4190a1c0805, Roles=[Admin], ActiveRules=6, SubjectMatched=1, ResourceActionMatched=1, Allows=1, Denies=0, Decision=Allowed
2026-05-11 10:31:59.648 -08:00 [INF] Access policy evaluation for logs:read. UserId=790c2c93-d8e6-4b61-8a11-e4190a1c0805, Roles=[Admin], ActiveRules=6, SubjectMatched=1, ResourceActionMatched=1, Allows=1, Denies=0, Decision=Allowed
2026-05-11 10:31:59.660 -08:00 [INF] MediatR handling completed GetLogsQuery in 16 ms
2026-05-11 10:31:59.660 -08:00 [INF] MediatR handling completed GetLogsQuery in 17 ms
2026-05-11 10:31:59.661 -08:00 [INF] HTTP GET /api/Logs completed with 200 in 21 ms (0HNLFH923TK8E:000000B1)
2026-05-11 10:31:59.662 -08:00 [INF] HTTP GET /api/Logs completed with 200 in 21 ms (0HNLFH923TK8E:000000B3)
2026-05-11 10:32:00.385 -08:00 [INF] Authorization header exists: true
2026-05-11 10:32:00.388 -08:00 [INF] JWT token validated. IsAuthenticated=true
2026-05-11 10:32:00.389 -08:00 [INF] MediatR handling started GetSessionsQuery
2026-05-11 10:32:00.390 -08:00 [INF] Access policy check started for sessions:read
2026-05-11 10:32:00.391 -08:00 [INF] Access policy evaluation for sessions:read. UserId=790c2c93-d8e6-4b61-8a11-e4190a1c0805, Roles=[Admin], ActiveRules=6, SubjectMatched=1, ResourceActionMatched=1, Allows=1, Denies=0, Decision=Allowed
2026-05-11 10:32:00.399 -08:00 [INF] MediatR handling completed GetSessionsQuery in 9 ms
2026-05-11 10:32:00.400 -08:00 [INF] HTTP GET /api/Sessions completed with 200 in 14 ms (0HNLFH923TK8E:000000B7)
2026-05-11 10:32:00.709 -08:00 [INF] Authorization header exists: true
2026-05-11 10:32:00.711 -08:00 [INF] Authorization header exists: true
2026-05-11 10:32:00.711 -08:00 [INF] JWT token validated. IsAuthenticated=true
2026-05-11 10:32:00.713 -08:00 [INF] MediatR handling started GetSessionsQuery
2026-05-11 10:32:00.714 -08:00 [INF] JWT token validated. IsAuthenticated=true
2026-05-11 10:32:00.714 -08:00 [INF] Access policy check started for sessions:read
2026-05-11 10:32:00.714 -08:00 [INF] MediatR handling started GetSessionsQuery
2026-05-11 10:32:00.715 -08:00 [INF] Access policy check started for sessions:read
2026-05-11 10:32:00.716 -08:00 [INF] Access policy evaluation for sessions:read. UserId=790c2c93-d8e6-4b61-8a11-e4190a1c0805, Roles=[Admin], ActiveRules=6, SubjectMatched=1, ResourceActionMatched=1, Allows=1, Denies=0, Decision=Allowed
2026-05-11 10:32:00.717 -08:00 [INF] Access policy evaluation for sessions:read. UserId=790c2c93-d8e6-4b61-8a11-e4190a1c0805, Roles=[Admin], ActiveRules=6, SubjectMatched=1, ResourceActionMatched=1, Allows=1, Denies=0, Decision=Allowed
2026-05-11 10:32:00.720 -08:00 [INF] MediatR handling completed GetSessionsQuery in 7 ms
2026-05-11 10:32:00.721 -08:00 [INF] HTTP GET /api/Sessions completed with 200 in 12 ms (0HNLFH923TK8E:000000BB)
2026-05-11 10:32:00.722 -08:00 [INF] MediatR handling completed GetSessionsQuery in 7 ms
2026-05-11 10:32:00.724 -08:00 [INF] HTTP GET /api/Sessions completed with 200 in 13 ms (0HNLFH923TK8E:000000BD)
2026-05-11 10:33:08.493 -08:00 [INF] Authorization header exists: true
2026-05-11 10:33:08.493 -08:00 [INF] Authorization header exists: true
2026-05-11 10:33:08.496 -08:00 [INF] JWT token validated. IsAuthenticated=true
2026-05-11 10:33:08.496 -08:00 [INF] JWT token validated. IsAuthenticated=true
2026-05-11 10:33:08.497 -08:00 [INF] MediatR handling started GetLogsQuery
2026-05-11 10:33:08.497 -08:00 [INF] MediatR handling started GetLogsQuery
2026-05-11 10:33:08.497 -08:00 [INF] Access policy check started for logs:read
2026-05-11 10:33:08.498 -08:00 [INF] Access policy check started for logs:read
2026-05-11 10:33:08.500 -08:00 [INF] Access policy evaluation for logs:read. UserId=790c2c93-d8e6-4b61-8a11-e4190a1c0805, Roles=[Admin], ActiveRules=6, SubjectMatched=1, ResourceActionMatched=1, Allows=1, Denies=0, Decision=Allowed
2026-05-11 10:33:08.500 -08:00 [INF] Access policy evaluation for logs:read. UserId=790c2c93-d8e6-4b61-8a11-e4190a1c0805, Roles=[Admin], ActiveRules=6, SubjectMatched=1, ResourceActionMatched=1, Allows=1, Denies=0, Decision=Allowed
2026-05-11 10:33:08.504 -08:00 [INF] MediatR handling completed GetLogsQuery in 7 ms
2026-05-11 10:33:08.506 -08:00 [INF] HTTP GET /api/Logs completed with 200 in 13 ms (0HNLFH923TK8E:000000C3)
2026-05-11 10:33:08.506 -08:00 [INF] MediatR handling completed GetLogsQuery in 9 ms
2026-05-11 10:33:08.509 -08:00 [INF] HTTP GET /api/Logs completed with 200 in 16 ms (0HNLFH923TK8E:000000C5)
2026-05-11 10:34:12.575 -08:00 [INF] Authorization header exists: true
2026-05-11 10:34:12.575 -08:00 [INF] Authorization header exists: true
2026-05-11 10:34:12.581 -08:00 [INF] JWT token validated. IsAuthenticated=true
2026-05-11 10:34:12.581 -08:00 [INF] JWT token validated. IsAuthenticated=true
2026-05-11 10:34:12.582 -08:00 [INF] MediatR handling started GetErrorLogsQuery
2026-05-11 10:34:12.583 -08:00 [INF] MediatR handling started GetErrorLogsQuery
2026-05-11 10:34:12.584 -08:00 [INF] Access policy check started for errorLogs:read
2026-05-11 10:34:12.585 -08:00 [INF] Access policy check started for errorLogs:read
2026-05-11 10:34:12.587 -08:00 [INF] Access policy evaluation for errorLogs:read. UserId=790c2c93-d8e6-4b61-8a11-e4190a1c0805, Roles=[Admin], ActiveRules=6, SubjectMatched=1, ResourceActionMatched=1, Allows=1, Denies=0, Decision=Allowed
2026-05-11 10:34:12.588 -08:00 [INF] Access policy evaluation for errorLogs:read. UserId=790c2c93-d8e6-4b61-8a11-e4190a1c0805, Roles=[Admin], ActiveRules=6, SubjectMatched=1, ResourceActionMatched=1, Allows=1, Denies=0, Decision=Allowed
2026-05-11 10:34:12.592 -08:00 [INF] MediatR handling completed GetErrorLogsQuery in 10 ms
2026-05-11 10:34:12.597 -08:00 [INF] MediatR handling completed GetErrorLogsQuery in 13 ms
2026-05-11 10:34:12.597 -08:00 [INF] HTTP GET /api/error-logs completed with 200 in 22 ms (0HNLFH923TK8E:000000CB)
2026-05-11 10:34:12.627 -08:00 [INF] HTTP GET /api/error-logs completed with 200 in 52 ms (0HNLFH923TK8E:000000CD)
2026-05-11 10:34:16.201 -08:00 [INF] Authorization header exists: true
2026-05-11 10:34:16.203 -08:00 [INF] JWT token validated. IsAuthenticated=true
2026-05-11 10:34:16.204 -08:00 [INF] MediatR handling started GetSessionsQuery
2026-05-11 10:34:16.205 -08:00 [INF] Access policy check started for sessions:read
2026-05-11 10:34:16.208 -08:00 [INF] Access policy evaluation for sessions:read. UserId=790c2c93-d8e6-4b61-8a11-e4190a1c0805, Roles=[Admin], ActiveRules=6, SubjectMatched=1, ResourceActionMatched=1, Allows=1, Denies=0, Decision=Allowed
2026-05-11 10:34:16.217 -08:00 [INF] MediatR handling completed GetSessionsQuery in 12 ms
2026-05-11 10:34:16.218 -08:00 [INF] HTTP GET /api/Sessions completed with 200 in 17 ms (0HNLFH923TK8E:000000D1)
2026-05-11 10:34:16.517 -08:00 [INF] Authorization header exists: true
2026-05-11 10:34:16.518 -08:00 [INF] Authorization header exists: true
2026-05-11 10:34:16.519 -08:00 [INF] JWT token validated. IsAuthenticated=true
2026-05-11 10:34:16.520 -08:00 [INF] MediatR handling started GetSessionsQuery
2026-05-11 10:34:16.520 -08:00 [INF] JWT token validated. IsAuthenticated=true
2026-05-11 10:34:16.521 -08:00 [INF] Access policy check started for sessions:read
2026-05-11 10:34:16.522 -08:00 [INF] MediatR handling started GetSessionsQuery
2026-05-11 10:34:16.523 -08:00 [INF] Access policy check started for sessions:read
2026-05-11 10:34:16.523 -08:00 [INF] Access policy evaluation for sessions:read. UserId=790c2c93-d8e6-4b61-8a11-e4190a1c0805, Roles=[Admin], ActiveRules=6, SubjectMatched=1, ResourceActionMatched=1, Allows=1, Denies=0, Decision=Allowed
2026-05-11 10:34:16.524 -08:00 [INF] Access policy evaluation for sessions:read. UserId=790c2c93-d8e6-4b61-8a11-e4190a1c0805, Roles=[Admin], ActiveRules=6, SubjectMatched=1, ResourceActionMatched=1, Allows=1, Denies=0, Decision=Allowed
2026-05-11 10:34:16.527 -08:00 [INF] MediatR handling completed GetSessionsQuery in 6 ms
2026-05-11 10:34:16.528 -08:00 [INF] HTTP GET /api/Sessions completed with 200 in 10 ms (0HNLFH923TK8E:000000D5)
2026-05-11 10:34:16.529 -08:00 [INF] MediatR handling completed GetSessionsQuery in 7 ms
2026-05-11 10:34:16.531 -08:00 [INF] HTTP GET /api/Sessions completed with 200 in 12 ms (0HNLFH923TK8E:000000D7)
2026-05-11 10:34:23.061 -08:00 [INF] Authorization header exists: true
2026-05-11 10:34:23.064 -08:00 [INF] JWT token validated. IsAuthenticated=true
2026-05-11 10:34:23.065 -08:00 [INF] MediatR handling started GetUsersQuery
2026-05-11 10:34:23.065 -08:00 [INF] Access policy check started for users:read
2026-05-11 10:34:23.067 -08:00 [INF] Access policy evaluation for users:read. UserId=790c2c93-d8e6-4b61-8a11-e4190a1c0805, Roles=[Admin], ActiveRules=6, SubjectMatched=1, ResourceActionMatched=1, Allows=1, Denies=0, Decision=Allowed
2026-05-11 10:34:23.069 -08:00 [INF] Access policy query filter started for users:read
2026-05-11 10:34:23.071 -08:00 [INF] Access policy query filter for users:read. UserId=790c2c93-d8e6-4b61-8a11-e4190a1c0805, Roles=[Admin], ActiveRules=6, SubjectMatched=1, ResourceActionMatched=1, Allows=1, Denies=0
2026-05-11 10:34:23.075 -08:00 [INF] MediatR handling completed GetUsersQuery in 10 ms
2026-05-11 10:34:23.077 -08:00 [INF] HTTP GET /api/Users completed with 200 in 15 ms (0HNLFH923TK8E:000000DB)
2026-05-11 10:34:25.412 -08:00 [INF] Authorization header exists: true
2026-05-11 10:34:25.412 -08:00 [INF] Authorization header exists: true
2026-05-11 10:34:25.413 -08:00 [INF] Authorization header exists: true
2026-05-11 10:34:25.413 -08:00 [INF] Authorization header exists: true
2026-05-11 10:34:25.414 -08:00 [INF] JWT token validated. IsAuthenticated=true
2026-05-11 10:34:25.414 -08:00 [INF] JWT token validated. IsAuthenticated=true
2026-05-11 10:34:25.415 -08:00 [INF] JWT token validated. IsAuthenticated=true
2026-05-11 10:34:25.416 -08:00 [INF] JWT token validated. IsAuthenticated=true
2026-05-11 10:34:25.416 -08:00 [INF] MediatR handling started GetUsersDashboardQuery
2026-05-11 10:34:25.417 -08:00 [INF] MediatR handling started GetLogsQuery
2026-05-11 10:34:25.418 -08:00 [INF] MediatR handling started GetErrorLogsQuery
2026-05-11 10:34:25.418 -08:00 [INF] MediatR handling started ListAccessPoliciesQuery
2026-05-11 10:34:25.418 -08:00 [INF] Access policy check started for users:read
2026-05-11 10:34:25.419 -08:00 [INF] Access policy check started for logs:read
2026-05-11 10:34:25.419 -08:00 [INF] Access policy check started for errorLogs:read
2026-05-11 10:34:25.420 -08:00 [INF] Access policy check started for accessPolicies:read
2026-05-11 10:34:25.421 -08:00 [INF] Access policy evaluation for users:read. UserId=790c2c93-d8e6-4b61-8a11-e4190a1c0805, Roles=[Admin], ActiveRules=6, SubjectMatched=1, ResourceActionMatched=1, Allows=1, Denies=0, Decision=Allowed
2026-05-11 10:34:25.422 -08:00 [INF] Access policy evaluation for errorLogs:read. UserId=790c2c93-d8e6-4b61-8a11-e4190a1c0805, Roles=[Admin], ActiveRules=6, SubjectMatched=1, ResourceActionMatched=1, Allows=1, Denies=0, Decision=Allowed
2026-05-11 10:34:25.424 -08:00 [INF] Access policy evaluation for accessPolicies:read. UserId=790c2c93-d8e6-4b61-8a11-e4190a1c0805, Roles=[Admin], ActiveRules=6, SubjectMatched=1, ResourceActionMatched=1, Allows=1, Denies=0, Decision=Allowed
2026-05-11 10:34:25.421 -08:00 [INF] Access policy evaluation for logs:read. UserId=790c2c93-d8e6-4b61-8a11-e4190a1c0805, Roles=[Admin], ActiveRules=6, SubjectMatched=1, ResourceActionMatched=1, Allows=1, Denies=0, Decision=Allowed
2026-05-11 10:34:25.428 -08:00 [INF] Access policy query filter started for users:read
2026-05-11 10:34:25.432 -08:00 [INF] MediatR handling completed GetErrorLogsQuery in 14 ms
2026-05-11 10:34:25.432 -08:00 [INF] MediatR handling completed ListAccessPoliciesQuery in 14 ms
2026-05-11 10:34:25.434 -08:00 [INF] Access policy query filter for users:read. UserId=790c2c93-d8e6-4b61-8a11-e4190a1c0805, Roles=[Admin], ActiveRules=6, SubjectMatched=1, ResourceActionMatched=1, Allows=1, Denies=0
2026-05-11 10:34:25.435 -08:00 [INF] HTTP GET /api/error-logs completed with 200 in 22 ms (0HNLFH923TK8E:000000E9)
2026-05-11 10:34:25.436 -08:00 [INF] HTTP GET /api/AccessPolicies completed with 200 in 22 ms (0HNLFH923TK8E:000000EB)
2026-05-11 10:34:25.436 -08:00 [INF] MediatR handling completed GetLogsQuery in 19 ms
2026-05-11 10:34:25.444 -08:00 [INF] HTTP GET /api/Logs completed with 200 in 31 ms (0HNLFH923TK8E:000000E7)
2026-05-11 10:34:25.447 -08:00 [INF] MediatR handling completed GetUsersDashboardQuery in 31 ms
2026-05-11 10:34:25.448 -08:00 [INF] HTTP GET /api/Users/dashboard completed with 200 in 36 ms (0HNLFH923TK8E:000000E5)
2026-05-11 10:35:05.681 -08:00 [INF] Authorization header exists: true
2026-05-11 10:35:05.681 -08:00 [INF] Authorization header exists: true
2026-05-11 10:35:05.683 -08:00 [INF] JWT token validated. IsAuthenticated=true
2026-05-11 10:35:05.684 -08:00 [INF] JWT token validated. IsAuthenticated=true
2026-05-11 10:35:05.684 -08:00 [INF] MediatR handling started GetAccessPolicyOptionsQuery
2026-05-11 10:35:05.685 -08:00 [INF] MediatR handling started ListAccessPoliciesQuery
2026-05-11 10:35:05.686 -08:00 [INF] Access policy check started for accessPolicies:read
2026-05-11 10:35:05.687 -08:00 [INF] Access policy check started for accessPolicies:read
2026-05-11 10:35:05.689 -08:00 [INF] Access policy evaluation for accessPolicies:read. UserId=790c2c93-d8e6-4b61-8a11-e4190a1c0805, Roles=[Admin], ActiveRules=6, SubjectMatched=1, ResourceActionMatched=1, Allows=1, Denies=0, Decision=Allowed
2026-05-11 10:35:05.690 -08:00 [INF] Access policy evaluation for accessPolicies:read. UserId=790c2c93-d8e6-4b61-8a11-e4190a1c0805, Roles=[Admin], ActiveRules=6, SubjectMatched=1, ResourceActionMatched=1, Allows=1, Denies=0, Decision=Allowed
2026-05-11 10:35:05.692 -08:00 [INF] MediatR handling completed GetAccessPolicyOptionsQuery in 7 ms
2026-05-11 10:35:05.694 -08:00 [INF] MediatR handling completed ListAccessPoliciesQuery in 9 ms
2026-05-11 10:35:05.695 -08:00 [INF] HTTP GET /api/AccessPolicies/options completed with 200 in 13 ms (0HNLFH923TK8E:000000F1)
2026-05-11 10:35:05.698 -08:00 [INF] HTTP GET /api/AccessPolicies completed with 200 in 17 ms (0HNLFH923TK8E:000000F3)
2026-05-11 10:35:07.106 -08:00 [INF] Authorization header exists: true
2026-05-11 10:35:07.108 -08:00 [INF] JWT token validated. IsAuthenticated=true
2026-05-11 10:35:07.109 -08:00 [INF] MediatR handling started ListAccessPoliciesQuery
2026-05-11 10:35:07.110 -08:00 [INF] Authorization header exists: true
2026-05-11 10:35:07.110 -08:00 [INF] Authorization header exists: true
2026-05-11 10:35:07.110 -08:00 [INF] Authorization header exists: true
2026-05-11 10:35:07.110 -08:00 [INF] Access policy check started for accessPolicies:read
2026-05-11 10:35:07.112 -08:00 [INF] JWT token validated. IsAuthenticated=true
2026-05-11 10:35:07.112 -08:00 [INF] JWT token validated. IsAuthenticated=true
2026-05-11 10:35:07.113 -08:00 [INF] JWT token validated. IsAuthenticated=true
2026-05-11 10:35:07.113 -08:00 [INF] Access policy evaluation for accessPolicies:read. UserId=790c2c93-d8e6-4b61-8a11-e4190a1c0805, Roles=[Admin], ActiveRules=6, SubjectMatched=1, ResourceActionMatched=1, Allows=1, Denies=0, Decision=Allowed
2026-05-11 10:35:07.114 -08:00 [INF] MediatR handling started GetErrorLogsQuery
2026-05-11 10:35:07.114 -08:00 [INF] MediatR handling started GetLogsQuery
2026-05-11 10:35:07.115 -08:00 [INF] MediatR handling started GetUsersDashboardQuery
2026-05-11 10:35:07.117 -08:00 [INF] Access policy check started for errorLogs:read
2026-05-11 10:35:07.117 -08:00 [INF] MediatR handling completed ListAccessPoliciesQuery in 8 ms
2026-05-11 10:35:07.118 -08:00 [INF] Access policy check started for logs:read
2026-05-11 10:35:07.118 -08:00 [INF] Access policy check started for users:read
2026-05-11 10:35:07.119 -08:00 [INF] HTTP GET /api/AccessPolicies completed with 200 in 13 ms (0HNLFH923TK8E:000000FB)
2026-05-11 10:35:07.119 -08:00 [INF] Access policy evaluation for errorLogs:read. UserId=790c2c93-d8e6-4b61-8a11-e4190a1c0805, Roles=[Admin], ActiveRules=6, SubjectMatched=1, ResourceActionMatched=1, Allows=1, Denies=0, Decision=Allowed
2026-05-11 10:35:07.120 -08:00 [INF] Access policy evaluation for logs:read. UserId=790c2c93-d8e6-4b61-8a11-e4190a1c0805, Roles=[Admin], ActiveRules=6, SubjectMatched=1, ResourceActionMatched=1, Allows=1, Denies=0, Decision=Allowed
2026-05-11 10:35:07.121 -08:00 [INF] Access policy evaluation for users:read. UserId=790c2c93-d8e6-4b61-8a11-e4190a1c0805, Roles=[Admin], ActiveRules=6, SubjectMatched=1, ResourceActionMatched=1, Allows=1, Denies=0, Decision=Allowed
2026-05-11 10:35:07.127 -08:00 [INF] MediatR handling completed GetErrorLogsQuery in 13 ms
2026-05-11 10:35:07.129 -08:00 [INF] Access policy query filter started for users:read
2026-05-11 10:35:07.130 -08:00 [INF] MediatR handling completed GetLogsQuery in 16 ms
2026-05-11 10:35:07.131 -08:00 [INF] HTTP GET /api/error-logs completed with 200 in 20 ms (0HNLFH923TK8E:00000101)
2026-05-11 10:35:07.132 -08:00 [INF] Access policy query filter for users:read. UserId=790c2c93-d8e6-4b61-8a11-e4190a1c0805, Roles=[Admin], ActiveRules=6, SubjectMatched=1, ResourceActionMatched=1, Allows=1, Denies=0
2026-05-11 10:35:07.132 -08:00 [INF] HTTP GET /api/Logs completed with 200 in 22 ms (0HNLFH923TK8E:000000FD)
2026-05-11 10:35:07.140 -08:00 [INF] MediatR handling completed GetUsersDashboardQuery in 25 ms
2026-05-11 10:35:07.141 -08:00 [INF] HTTP GET /api/Users/dashboard completed with 200 in 30 ms (0HNLFH923TK8E:000000FF)
2026-05-11 10:35:08.244 -08:00 [INF] Authorization header exists: true
2026-05-11 10:35:08.245 -08:00 [INF] JWT token validated. IsAuthenticated=true
2026-05-11 10:35:08.246 -08:00 [INF] MediatR handling started GetRolesQuery
2026-05-11 10:35:08.247 -08:00 [INF] Access policy check started for roles:read
2026-05-11 10:35:08.249 -08:00 [INF] Access policy evaluation for roles:read. UserId=790c2c93-d8e6-4b61-8a11-e4190a1c0805, Roles=[Admin], ActiveRules=6, SubjectMatched=1, ResourceActionMatched=1, Allows=1, Denies=0, Decision=Allowed
2026-05-11 10:35:08.251 -08:00 [INF] MediatR handling completed GetRolesQuery in 4 ms
2026-05-11 10:35:08.252 -08:00 [INF] HTTP GET /api/Roles completed with 200 in 8 ms (0HNLFH923TK8E:00000105)
2026-05-11 10:35:15.183 -08:00 [INF] Authorization header exists: true
2026-05-11 10:35:15.183 -08:00 [INF] Authorization header exists: true
2026-05-11 10:35:15.184 -08:00 [INF] JWT token validated. IsAuthenticated=true
2026-05-11 10:35:15.184 -08:00 [INF] JWT token validated. IsAuthenticated=true
2026-05-11 10:35:15.185 -08:00 [INF] MediatR handling started ListAccessPoliciesQuery
2026-05-11 10:35:15.186 -08:00 [INF] MediatR handling started GetAccessPolicyOptionsQuery
2026-05-11 10:35:15.186 -08:00 [INF] Access policy check started for accessPolicies:read
2026-05-11 10:35:15.187 -08:00 [INF] Access policy check started for accessPolicies:read
2026-05-11 10:35:15.189 -08:00 [INF] Access policy evaluation for accessPolicies:read. UserId=790c2c93-d8e6-4b61-8a11-e4190a1c0805, Roles=[Admin], ActiveRules=6, SubjectMatched=1, ResourceActionMatched=1, Allows=1, Denies=0, Decision=Allowed
2026-05-11 10:35:15.189 -08:00 [INF] Access policy evaluation for accessPolicies:read. UserId=790c2c93-d8e6-4b61-8a11-e4190a1c0805, Roles=[Admin], ActiveRules=6, SubjectMatched=1, ResourceActionMatched=1, Allows=1, Denies=0, Decision=Allowed
2026-05-11 10:35:15.191 -08:00 [INF] MediatR handling completed ListAccessPoliciesQuery in 5 ms
2026-05-11 10:35:15.192 -08:00 [INF] MediatR handling completed GetAccessPolicyOptionsQuery in 6 ms
2026-05-11 10:35:15.193 -08:00 [INF] HTTP GET /api/AccessPolicies completed with 200 in 10 ms (0HNLFH923TK8E:0000010D)
2026-05-11 10:35:15.194 -08:00 [INF] HTTP GET /api/AccessPolicies/options completed with 200 in 11 ms (0HNLFH923TK8E:0000010B)
2026-05-11 10:35:33.415 -08:00 [INF] Authorization header exists: true
2026-05-11 10:35:33.417 -08:00 [INF] JWT token validated. IsAuthenticated=true
2026-05-11 10:35:33.418 -08:00 [INF] MediatR handling started GetSessionsQuery
2026-05-11 10:35:33.419 -08:00 [INF] Access policy check started for sessions:read
2026-05-11 10:35:33.420 -08:00 [INF] Access policy evaluation for sessions:read. UserId=790c2c93-d8e6-4b61-8a11-e4190a1c0805, Roles=[Admin], ActiveRules=6, SubjectMatched=1, ResourceActionMatched=1, Allows=1, Denies=0, Decision=Allowed
2026-05-11 10:35:33.425 -08:00 [INF] MediatR handling completed GetSessionsQuery in 7 ms
2026-05-11 10:35:33.426 -08:00 [INF] HTTP GET /api/Sessions completed with 200 in 11 ms (0HNLFH923TK8E:00000111)
2026-05-11 10:35:33.756 -08:00 [INF] Authorization header exists: true
2026-05-11 10:35:33.757 -08:00 [INF] Authorization header exists: true
2026-05-11 10:35:33.759 -08:00 [INF] JWT token validated. IsAuthenticated=true
2026-05-11 10:35:33.759 -08:00 [INF] JWT token validated. IsAuthenticated=true
2026-05-11 10:35:33.760 -08:00 [INF] MediatR handling started GetSessionsQuery
2026-05-11 10:35:33.761 -08:00 [INF] MediatR handling started GetSessionsQuery
2026-05-11 10:35:33.761 -08:00 [INF] Access policy check started for sessions:read
2026-05-11 10:35:33.762 -08:00 [INF] Access policy check started for sessions:read
2026-05-11 10:35:33.764 -08:00 [INF] Access policy evaluation for sessions:read. UserId=790c2c93-d8e6-4b61-8a11-e4190a1c0805, Roles=[Admin], ActiveRules=6, SubjectMatched=1, ResourceActionMatched=1, Allows=1, Denies=0, Decision=Allowed
2026-05-11 10:35:33.765 -08:00 [INF] Access policy evaluation for sessions:read. UserId=790c2c93-d8e6-4b61-8a11-e4190a1c0805, Roles=[Admin], ActiveRules=6, SubjectMatched=1, ResourceActionMatched=1, Allows=1, Denies=0, Decision=Allowed
2026-05-11 10:35:33.771 -08:00 [INF] MediatR handling completed GetSessionsQuery in 11 ms
2026-05-11 10:35:33.774 -08:00 [INF] HTTP GET /api/Sessions completed with 200 in 17 ms (0HNLFH923TK8E:00000115)
2026-05-11 10:35:33.775 -08:00 [INF] MediatR handling completed GetSessionsQuery in 14 ms
2026-05-11 10:35:33.779 -08:00 [INF] HTTP GET /api/Sessions completed with 200 in 22 ms (0HNLFH923TK8E:00000117)
2026-05-11 10:35:38.886 -08:00 [INF] Authorization header exists: true
2026-05-11 10:35:38.888 -08:00 [INF] JWT token validated. IsAuthenticated=true
2026-05-11 10:35:38.889 -08:00 [INF] MediatR handling started GetSessionsQuery
2026-05-11 10:35:38.890 -08:00 [INF] Access policy check started for sessions:read
2026-05-11 10:35:38.892 -08:00 [INF] Access policy evaluation for sessions:read. UserId=790c2c93-d8e6-4b61-8a11-e4190a1c0805, Roles=[Admin], ActiveRules=6, SubjectMatched=1, ResourceActionMatched=1, Allows=1, Denies=0, Decision=Allowed
2026-05-11 10:35:38.896 -08:00 [INF] MediatR handling completed GetSessionsQuery in 6 ms
2026-05-11 10:35:38.897 -08:00 [INF] HTTP GET /api/Sessions completed with 200 in 10 ms (0HNLFH923TK8E:0000011B)
2026-05-11 10:35:38.977 -08:00 [INF] Authorization header exists: true
2026-05-11 10:35:38.978 -08:00 [INF] Authorization header exists: true
2026-05-11 10:35:38.979 -08:00 [INF] JWT token validated. IsAuthenticated=true
2026-05-11 10:35:38.980 -08:00 [INF] MediatR handling started GetSessionsQuery
2026-05-11 10:35:38.980 -08:00 [INF] JWT token validated. IsAuthenticated=true
2026-05-11 10:35:38.980 -08:00 [INF] Access policy check started for sessions:read
2026-05-11 10:35:38.981 -08:00 [INF] MediatR handling started GetSessionsQuery
2026-05-11 10:35:38.982 -08:00 [INF] Access policy check started for sessions:read
2026-05-11 10:35:38.982 -08:00 [INF] Access policy evaluation for sessions:read. UserId=790c2c93-d8e6-4b61-8a11-e4190a1c0805, Roles=[Admin], ActiveRules=6, SubjectMatched=1, ResourceActionMatched=1, Allows=1, Denies=0, Decision=Allowed
2026-05-11 10:35:38.983 -08:00 [INF] Access policy evaluation for sessions:read. UserId=790c2c93-d8e6-4b61-8a11-e4190a1c0805, Roles=[Admin], ActiveRules=6, SubjectMatched=1, ResourceActionMatched=1, Allows=1, Denies=0, Decision=Allowed
2026-05-11 10:35:38.987 -08:00 [INF] MediatR handling completed GetSessionsQuery in 6 ms
2026-05-11 10:35:38.988 -08:00 [INF] HTTP GET /api/Sessions completed with 200 in 10 ms (0HNLFH923TK8E:0000011F)
2026-05-11 10:35:38.988 -08:00 [INF] MediatR handling completed GetSessionsQuery in 7 ms
2026-05-11 10:35:38.990 -08:00 [INF] HTTP GET /api/Sessions completed with 200 in 12 ms (0HNLFH923TK8E:00000121)
2026-05-11 10:35:40.228 -08:00 [INF] Authorization header exists: true
2026-05-11 10:35:40.230 -08:00 [INF] JWT token validated. IsAuthenticated=true
2026-05-11 10:35:40.231 -08:00 [INF] MediatR handling started GetSessionsQuery
2026-05-11 10:35:40.231 -08:00 [INF] Access policy check started for sessions:read
2026-05-11 10:35:40.233 -08:00 [INF] Access policy evaluation for sessions:read. UserId=790c2c93-d8e6-4b61-8a11-e4190a1c0805, Roles=[Admin], ActiveRules=6, SubjectMatched=1, ResourceActionMatched=1, Allows=1, Denies=0, Decision=Allowed
2026-05-11 10:35:40.236 -08:00 [INF] MediatR handling completed GetSessionsQuery in 5 ms
2026-05-11 10:35:40.237 -08:00 [INF] HTTP GET /api/Sessions completed with 200 in 9 ms (0HNLFH923TK8E:00000125)
2026-05-11 10:35:40.318 -08:00 [INF] Authorization header exists: true
2026-05-11 10:35:40.318 -08:00 [INF] Authorization header exists: true
2026-05-11 10:35:40.320 -08:00 [INF] JWT token validated. IsAuthenticated=true
2026-05-11 10:35:40.320 -08:00 [INF] JWT token validated. IsAuthenticated=true
2026-05-11 10:35:40.321 -08:00 [INF] MediatR handling started GetSessionsQuery
2026-05-11 10:35:40.321 -08:00 [INF] MediatR handling started GetSessionsQuery
2026-05-11 10:35:40.322 -08:00 [INF] Access policy check started for sessions:read
2026-05-11 10:35:40.322 -08:00 [INF] Access policy check started for sessions:read
2026-05-11 10:35:40.323 -08:00 [INF] Access policy evaluation for sessions:read. UserId=790c2c93-d8e6-4b61-8a11-e4190a1c0805, Roles=[Admin], ActiveRules=6, SubjectMatched=1, ResourceActionMatched=1, Allows=1, Denies=0, Decision=Allowed
2026-05-11 10:35:40.324 -08:00 [INF] Access policy evaluation for sessions:read. UserId=790c2c93-d8e6-4b61-8a11-e4190a1c0805, Roles=[Admin], ActiveRules=6, SubjectMatched=1, ResourceActionMatched=1, Allows=1, Denies=0, Decision=Allowed
2026-05-11 10:35:40.327 -08:00 [INF] MediatR handling completed GetSessionsQuery in 6 ms
2026-05-11 10:35:40.328 -08:00 [INF] HTTP GET /api/Sessions completed with 200 in 10 ms (0HNLFH923TK8E:00000127)
2026-05-11 10:35:40.329 -08:00 [INF] MediatR handling completed GetSessionsQuery in 7 ms
2026-05-11 10:35:40.331 -08:00 [INF] HTTP GET /api/Sessions completed with 200 in 13 ms (0HNLFH923TK8E:00000129)
2026-05-11 10:35:41.704 -08:00 [INF] Authorization header exists: true
2026-05-11 10:35:41.706 -08:00 [INF] JWT token validated. IsAuthenticated=true
2026-05-11 10:35:41.707 -08:00 [INF] MediatR handling started GetSessionsQuery
2026-05-11 10:35:41.707 -08:00 [INF] Access policy check started for sessions:read
2026-05-11 10:35:41.709 -08:00 [INF] Access policy evaluation for sessions:read. UserId=790c2c93-d8e6-4b61-8a11-e4190a1c0805, Roles=[Admin], ActiveRules=6, SubjectMatched=1, ResourceActionMatched=1, Allows=1, Denies=0, Decision=Allowed
2026-05-11 10:35:41.714 -08:00 [INF] MediatR handling completed GetSessionsQuery in 7 ms
2026-05-11 10:35:41.715 -08:00 [INF] HTTP GET /api/Sessions completed with 200 in 10 ms (0HNLFH923TK8E:0000012D)
2026-05-11 10:35:41.871 -08:00 [INF] Authorization header exists: true
2026-05-11 10:35:41.871 -08:00 [INF] Authorization header exists: true
2026-05-11 10:35:41.873 -08:00 [INF] JWT token validated. IsAuthenticated=true
2026-05-11 10:35:41.873 -08:00 [INF] JWT token validated. IsAuthenticated=true
2026-05-11 10:35:41.874 -08:00 [INF] MediatR handling started GetSessionsQuery
2026-05-11 10:35:41.874 -08:00 [INF] MediatR handling started GetSessionsQuery
2026-05-11 10:35:41.875 -08:00 [INF] Access policy check started for sessions:read
2026-05-11 10:35:41.876 -08:00 [INF] Access policy check started for sessions:read
2026-05-11 10:35:41.878 -08:00 [INF] Access policy evaluation for sessions:read. UserId=790c2c93-d8e6-4b61-8a11-e4190a1c0805, Roles=[Admin], ActiveRules=6, SubjectMatched=1, ResourceActionMatched=1, Allows=1, Denies=0, Decision=Allowed
2026-05-11 10:35:41.879 -08:00 [INF] Access policy evaluation for sessions:read. UserId=790c2c93-d8e6-4b61-8a11-e4190a1c0805, Roles=[Admin], ActiveRules=6, SubjectMatched=1, ResourceActionMatched=1, Allows=1, Denies=0, Decision=Allowed
2026-05-11 10:35:41.885 -08:00 [INF] MediatR handling completed GetSessionsQuery in 10 ms
2026-05-11 10:35:41.885 -08:00 [INF] MediatR handling completed GetSessionsQuery in 11 ms
2026-05-11 10:35:41.886 -08:00 [INF] HTTP GET /api/Sessions completed with 200 in 15 ms (0HNLFH923TK8E:0000012F)
2026-05-11 10:35:41.886 -08:00 [INF] HTTP GET /api/Sessions completed with 200 in 15 ms (0HNLFH923TK8E:00000131)
2026-05-11 10:35:44.346 -08:00 [INF] Authorization header exists: true
2026-05-11 10:35:44.349 -08:00 [INF] JWT token validated. IsAuthenticated=true
2026-05-11 10:35:44.350 -08:00 [INF] MediatR handling started GetRolesQuery
2026-05-11 10:35:44.351 -08:00 [INF] Access policy check started for roles:read
2026-05-11 10:35:44.353 -08:00 [INF] Access policy evaluation for roles:read. UserId=790c2c93-d8e6-4b61-8a11-e4190a1c0805, Roles=[Admin], ActiveRules=6, SubjectMatched=1, ResourceActionMatched=1, Allows=1, Denies=0, Decision=Allowed
2026-05-11 10:35:44.356 -08:00 [INF] MediatR handling completed GetRolesQuery in 5 ms
2026-05-11 10:35:44.358 -08:00 [INF] HTTP GET /api/Roles completed with 200 in 11 ms (0HNLFH923TK8E:00000135)
2026-05-11 10:35:44.873 -08:00 [INF] Authorization header exists: true
2026-05-11 10:35:44.873 -08:00 [INF] Authorization header exists: true
2026-05-11 10:35:44.875 -08:00 [INF] JWT token validated. IsAuthenticated=true
2026-05-11 10:35:44.875 -08:00 [INF] JWT token validated. IsAuthenticated=true
2026-05-11 10:35:44.876 -08:00 [INF] MediatR handling started ListAccessPoliciesQuery
2026-05-11 10:35:44.876 -08:00 [INF] MediatR handling started GetAccessPolicyOptionsQuery
2026-05-11 10:35:44.877 -08:00 [INF] Access policy check started for accessPolicies:read
2026-05-11 10:35:44.877 -08:00 [INF] Access policy check started for accessPolicies:read
2026-05-11 10:35:44.878 -08:00 [INF] Access policy evaluation for accessPolicies:read. UserId=790c2c93-d8e6-4b61-8a11-e4190a1c0805, Roles=[Admin], ActiveRules=6, SubjectMatched=1, ResourceActionMatched=1, Allows=1, Denies=0, Decision=Allowed
2026-05-11 10:35:44.879 -08:00 [INF] Access policy evaluation for accessPolicies:read. UserId=790c2c93-d8e6-4b61-8a11-e4190a1c0805, Roles=[Admin], ActiveRules=6, SubjectMatched=1, ResourceActionMatched=1, Allows=1, Denies=0, Decision=Allowed
2026-05-11 10:35:44.881 -08:00 [INF] MediatR handling completed ListAccessPoliciesQuery in 5 ms
2026-05-11 10:35:44.882 -08:00 [INF] MediatR handling completed GetAccessPolicyOptionsQuery in 6 ms
2026-05-11 10:35:44.883 -08:00 [INF] HTTP GET /api/AccessPolicies completed with 200 in 10 ms (0HNLFH923TK8E:0000013D)
2026-05-11 10:35:44.884 -08:00 [INF] HTTP GET /api/AccessPolicies/options completed with 200 in 11 ms (0HNLFH923TK8E:0000013B)
2026-05-11 10:36:04.392 -08:00 [INF] Authorization header exists: true
2026-05-11 10:36:04.394 -08:00 [INF] JWT token validated. IsAuthenticated=true
2026-05-11 10:36:04.402 -08:00 [INF] MediatR handling started GetAccessPolicyByIdQuery
2026-05-11 10:36:04.405 -08:00 [INF] Access policy check started for accessPolicies:read
2026-05-11 10:36:04.407 -08:00 [INF] Access policy evaluation for accessPolicies:read. UserId=790c2c93-d8e6-4b61-8a11-e4190a1c0805, Roles=[Admin], ActiveRules=6, SubjectMatched=1, ResourceActionMatched=1, Allows=1, Denies=0, Decision=Allowed
2026-05-11 10:36:04.416 -08:00 [INF] MediatR handling completed GetAccessPolicyByIdQuery in 14 ms
2026-05-11 10:36:04.418 -08:00 [INF] HTTP GET /api/AccessPolicies/ee495de8-6c6f-4ec0-bfd7-72bb729088b9 completed with 200 in 25 ms (0HNLFH923TK8E:00000141)
2026-05-11 10:36:20.032 -08:00 [INF] Authorization header exists: true
2026-05-11 10:36:20.035 -08:00 [INF] JWT token validated. IsAuthenticated=true
2026-05-11 10:36:20.036 -08:00 [INF] MediatR handling started GetRolesQuery
2026-05-11 10:36:20.037 -08:00 [INF] Access policy check started for roles:read
2026-05-11 10:36:20.039 -08:00 [INF] Access policy evaluation for roles:read. UserId=790c2c93-d8e6-4b61-8a11-e4190a1c0805, Roles=[Admin], ActiveRules=6, SubjectMatched=1, ResourceActionMatched=1, Allows=1, Denies=0, Decision=Allowed
2026-05-11 10:36:20.042 -08:00 [INF] MediatR handling completed GetRolesQuery in 5 ms
2026-05-11 10:36:20.044 -08:00 [INF] HTTP GET /api/Roles completed with 200 in 11 ms (0HNLFH923TK8E:00000145)
2026-05-11 10:36:20.820 -08:00 [INF] Authorization header exists: true
2026-05-11 10:36:20.822 -08:00 [INF] JWT token validated. IsAuthenticated=true
2026-05-11 10:36:20.823 -08:00 [INF] MediatR handling started GetUsersQuery
2026-05-11 10:36:20.823 -08:00 [INF] Access policy check started for users:read
2026-05-11 10:36:20.824 -08:00 [INF] Access policy evaluation for users:read. UserId=790c2c93-d8e6-4b61-8a11-e4190a1c0805, Roles=[Admin], ActiveRules=6, SubjectMatched=1, ResourceActionMatched=1, Allows=1, Denies=0, Decision=Allowed
2026-05-11 10:36:20.826 -08:00 [INF] Access policy query filter started for users:read
2026-05-11 10:36:20.828 -08:00 [INF] Access policy query filter for users:read. UserId=790c2c93-d8e6-4b61-8a11-e4190a1c0805, Roles=[Admin], ActiveRules=6, SubjectMatched=1, ResourceActionMatched=1, Allows=1, Denies=0
2026-05-11 10:36:20.833 -08:00 [INF] MediatR handling completed GetUsersQuery in 9 ms
2026-05-11 10:36:20.834 -08:00 [INF] HTTP GET /api/Users completed with 200 in 13 ms (0HNLFH923TK8E:00000149)
2026-05-11 10:39:01.395 -08:00 [INF] Authorization header exists: true
2026-05-11 10:39:01.425 -08:00 [INF] JWT token validated. IsAuthenticated=true
2026-05-11 10:39:01.426 -08:00 [INF] MediatR handling started GetUsersQuery
2026-05-11 10:39:01.426 -08:00 [INF] Access policy check started for users:read
2026-05-11 10:39:01.430 -08:00 [INF] Access policy evaluation for users:read. UserId=790c2c93-d8e6-4b61-8a11-e4190a1c0805, Roles=[Admin], ActiveRules=6, SubjectMatched=1, ResourceActionMatched=1, Allows=1, Denies=0, Decision=Allowed
2026-05-11 10:39:01.432 -08:00 [INF] Access policy query filter started for users:read
2026-05-11 10:39:01.434 -08:00 [INF] Access policy query filter for users:read. UserId=790c2c93-d8e6-4b61-8a11-e4190a1c0805, Roles=[Admin], ActiveRules=6, SubjectMatched=1, ResourceActionMatched=1, Allows=1, Denies=0
2026-05-11 10:39:01.457 -08:00 [INF] MediatR handling completed GetUsersQuery in 31 ms
2026-05-11 10:39:01.459 -08:00 [INF] HTTP GET /api/Users completed with 200 in 63 ms (0HNLFH923TK8E:0000014D)
2026-05-11 10:39:02.457 -08:00 [INF] Authorization header exists: true
2026-05-11 10:39:02.458 -08:00 [INF] JWT token validated. IsAuthenticated=true
2026-05-11 10:39:02.459 -08:00 [INF] MediatR handling started GetUsersQuery
2026-05-11 10:39:02.460 -08:00 [INF] Access policy check started for users:read
2026-05-11 10:39:02.461 -08:00 [INF] Access policy evaluation for users:read. UserId=790c2c93-d8e6-4b61-8a11-e4190a1c0805, Roles=[Admin], ActiveRules=6, SubjectMatched=1, ResourceActionMatched=1, Allows=1, Denies=0, Decision=Allowed
2026-05-11 10:39:02.463 -08:00 [INF] Access policy query filter started for users:read
2026-05-11 10:39:02.464 -08:00 [INF] Access policy query filter for users:read. UserId=790c2c93-d8e6-4b61-8a11-e4190a1c0805, Roles=[Admin], ActiveRules=6, SubjectMatched=1, ResourceActionMatched=1, Allows=1, Denies=0
2026-05-11 10:39:02.469 -08:00 [INF] MediatR handling completed GetUsersQuery in 9 ms
2026-05-11 10:39:02.470 -08:00 [INF] HTTP GET /api/Users completed with 200 in 12 ms (0HNLFH923TK8E:00000151)
2026-05-11 10:39:22.008 -08:00 [INF] Authorization header exists: true
2026-05-11 10:39:22.009 -08:00 [INF] Authorization header exists: true
2026-05-11 10:39:22.009 -08:00 [INF] Authorization header exists: true
2026-05-11 10:39:22.038 -08:00 [INF] Authorization header exists: true
2026-05-11 10:39:22.039 -08:00 [INF] JWT token validated. IsAuthenticated=true
2026-05-11 10:39:22.040 -08:00 [INF] JWT token validated. IsAuthenticated=true
2026-05-11 10:39:22.041 -08:00 [INF] MediatR handling started GetUsersDashboardQuery
2026-05-11 10:39:22.063 -08:00 [INF] MediatR handling started GetErrorLogsQuery
2026-05-11 10:39:22.064 -08:00 [INF] Access policy check started for users:read
2026-05-11 10:39:22.065 -08:00 [INF] Access policy check started for errorLogs:read
2026-05-11 10:39:22.067 -08:00 [INF] Access policy evaluation for users:read. UserId=790c2c93-d8e6-4b61-8a11-e4190a1c0805, Roles=[Admin], ActiveRules=6, SubjectMatched=1, ResourceActionMatched=1, Allows=1, Denies=0, Decision=Allowed
2026-05-11 10:39:22.070 -08:00 [INF] Access policy query filter started for users:read
2026-05-11 10:39:22.108 -08:00 [INF] Access policy query filter for users:read. UserId=790c2c93-d8e6-4b61-8a11-e4190a1c0805, Roles=[Admin], ActiveRules=6, SubjectMatched=1, ResourceActionMatched=1, Allows=1, Denies=0
2026-05-11 10:39:22.112 -08:00 [INF] JWT token validated. IsAuthenticated=true
2026-05-11 10:39:22.112 -08:00 [INF] JWT token validated. IsAuthenticated=true
2026-05-11 10:39:22.116 -08:00 [INF] MediatR handling started ListAccessPoliciesQuery
2026-05-11 10:39:22.117 -08:00 [INF] MediatR handling started GetLogsQuery
2026-05-11 10:39:22.117 -08:00 [INF] Access policy check started for accessPolicies:read
2026-05-11 10:39:22.118 -08:00 [INF] Access policy check started for logs:read
2026-05-11 10:39:22.121 -08:00 [INF] Access policy evaluation for accessPolicies:read. UserId=790c2c93-d8e6-4b61-8a11-e4190a1c0805, Roles=[Admin], ActiveRules=6, SubjectMatched=1, ResourceActionMatched=1, Allows=1, Denies=0, Decision=Allowed
2026-05-11 10:39:22.126 -08:00 [INF] Access policy evaluation for logs:read. UserId=790c2c93-d8e6-4b61-8a11-e4190a1c0805, Roles=[Admin], ActiveRules=6, SubjectMatched=1, ResourceActionMatched=1, Allows=1, Denies=0, Decision=Allowed
2026-05-11 10:39:22.127 -08:00 [INF] MediatR handling completed ListAccessPoliciesQuery in 11 ms
2026-05-11 10:39:22.129 -08:00 [INF] MediatR handling completed GetUsersDashboardQuery in 88 ms
2026-05-11 10:39:22.130 -08:00 [INF] HTTP GET /api/AccessPolicies completed with 200 in 118 ms (0HNLFH923TK8E:00000161)
2026-05-11 10:39:22.131 -08:00 [INF] HTTP GET /api/Users/dashboard completed with 200 in 122 ms (0HNLFH923TK8E:0000015B)
2026-05-11 10:39:22.146 -08:00 [INF] MediatR handling completed GetLogsQuery in 29 ms
2026-05-11 10:39:22.148 -08:00 [INF] HTTP GET /api/Logs completed with 200 in 139 ms (0HNLFH923TK8E:0000015D)
2026-05-11 10:39:22.154 -08:00 [INF] Access policy evaluation for errorLogs:read. UserId=790c2c93-d8e6-4b61-8a11-e4190a1c0805, Roles=[Admin], ActiveRules=6, SubjectMatched=1, ResourceActionMatched=1, Allows=1, Denies=0, Decision=Allowed
2026-05-11 10:39:22.165 -08:00 [INF] MediatR handling completed GetErrorLogsQuery in 101 ms
2026-05-11 10:39:22.166 -08:00 [INF] HTTP GET /api/error-logs completed with 200 in 157 ms (0HNLFH923TK8E:0000015F)
2026-05-11 11:25:11.210 -08:00 [INF] Authorization header exists: true
2026-05-11 11:25:11.210 -08:00 [INF] Authorization header exists: true
2026-05-11 11:25:11.210 -08:00 [INF] Authorization header exists: true
2026-05-11 11:25:11.210 -08:00 [INF] Authorization header exists: true
2026-05-11 11:25:11.254 -08:00 [ERR] JWT authentication failed
Microsoft.IdentityModel.Tokens.SecurityTokenExpiredException: IDX10223: Lifetime validation failed. The token is expired. ValidTo (UTC): '11-05-2026 19:22:46', Current time (UTC): '11-05-2026 19:25:11'.
   at Microsoft.IdentityModel.Tokens.ValidatorUtilities.ValidateLifetime(Nullable`1 notBefore, Nullable`1 expires, SecurityToken securityToken, TokenValidationParameters validationParameters)
   at Microsoft.IdentityModel.JsonWebTokens.JsonWebTokenHandler.ValidateTokenPayloadAsync(JsonWebToken jsonWebToken, TokenValidationParameters validationParameters, BaseConfiguration configuration)
   at Microsoft.IdentityModel.JsonWebTokens.JsonWebTokenHandler.ValidateJWSAsync(JsonWebToken jsonWebToken, TokenValidationParameters validationParameters, BaseConfiguration configuration)
2026-05-11 11:25:11.286 -08:00 [ERR] JWT authentication failed
Microsoft.IdentityModel.Tokens.SecurityTokenExpiredException: IDX10223: Lifetime validation failed. The token is expired. ValidTo (UTC): '11-05-2026 19:22:46', Current time (UTC): '11-05-2026 19:25:11'.
   at Microsoft.IdentityModel.Tokens.ValidatorUtilities.ValidateLifetime(Nullable`1 notBefore, Nullable`1 expires, SecurityToken securityToken, TokenValidationParameters validationParameters)
   at Microsoft.IdentityModel.JsonWebTokens.JsonWebTokenHandler.ValidateTokenPayloadAsync(JsonWebToken jsonWebToken, TokenValidationParameters validationParameters, BaseConfiguration configuration)
   at Microsoft.IdentityModel.JsonWebTokens.JsonWebTokenHandler.ValidateJWSAsync(JsonWebToken jsonWebToken, TokenValidationParameters validationParameters, BaseConfiguration configuration)
2026-05-11 11:25:11.262 -08:00 [ERR] JWT authentication failed
Microsoft.IdentityModel.Tokens.SecurityTokenExpiredException: IDX10223: Lifetime validation failed. The token is expired. ValidTo (UTC): '11-05-2026 19:22:46', Current time (UTC): '11-05-2026 19:25:11'.
   at Microsoft.IdentityModel.Tokens.ValidatorUtilities.ValidateLifetime(Nullable`1 notBefore, Nullable`1 expires, SecurityToken securityToken, TokenValidationParameters validationParameters)
   at Microsoft.IdentityModel.JsonWebTokens.JsonWebTokenHandler.ValidateTokenPayloadAsync(JsonWebToken jsonWebToken, TokenValidationParameters validationParameters, BaseConfiguration configuration)
   at Microsoft.IdentityModel.JsonWebTokens.JsonWebTokenHandler.ValidateJWSAsync(JsonWebToken jsonWebToken, TokenValidationParameters validationParameters, BaseConfiguration configuration)
2026-05-11 11:25:11.310 -08:00 [ERR] JWT authentication failed
Microsoft.IdentityModel.Tokens.SecurityTokenExpiredException: IDX10223: Lifetime validation failed. The token is expired. ValidTo (UTC): '11-05-2026 19:22:46', Current time (UTC): '11-05-2026 19:25:11'.
   at Microsoft.IdentityModel.Tokens.ValidatorUtilities.ValidateLifetime(Nullable`1 notBefore, Nullable`1 expires, SecurityToken securityToken, TokenValidationParameters validationParameters)
   at Microsoft.IdentityModel.JsonWebTokens.JsonWebTokenHandler.ValidateTokenPayloadAsync(JsonWebToken jsonWebToken, TokenValidationParameters validationParameters, BaseConfiguration configuration)
   at Microsoft.IdentityModel.JsonWebTokens.JsonWebTokenHandler.ValidateJWSAsync(JsonWebToken jsonWebToken, TokenValidationParameters validationParameters, BaseConfiguration configuration)
2026-05-11 11:25:11.311 -08:00 [WRN] JWT challenge. Error=invalid_token, Description=The token expired at '05/11/2026 19:22:46'
2026-05-11 11:25:11.312 -08:00 [WRN] JWT challenge. Error=invalid_token, Description=The token expired at '05/11/2026 19:22:46'
2026-05-11 11:25:11.312 -08:00 [WRN] JWT challenge. Error=invalid_token, Description=The token expired at '05/11/2026 19:22:46'
2026-05-11 11:25:11.314 -08:00 [WRN] JWT challenge. Error=invalid_token, Description=The token expired at '05/11/2026 19:22:46'
2026-05-11 11:25:11.315 -08:00 [INF] HTTP GET /api/AccessPolicies completed with 401 in 104 ms (0HNLFH923TK8F:0000000D)
2026-05-11 11:25:11.315 -08:00 [INF] HTTP GET /api/Logs completed with 401 in 105 ms (0HNLFH923TK8F:0000000F)
2026-05-11 11:25:11.316 -08:00 [INF] HTTP GET /api/error-logs completed with 401 in 105 ms (0HNLFH923TK8F:00000009)
2026-05-11 11:25:11.317 -08:00 [INF] HTTP GET /api/Users/dashboard completed with 401 in 106 ms (0HNLFH923TK8F:0000000B)
2026-05-11 11:25:11.332 -08:00 [INF] HTTP CONNECT /hubs/sessions completed with 200 in 3744305 ms (0HNLFH923TK8D:00000003)
2026-05-11 14:06:41.552 -08:00 [WRN] Sensitive data logging is enabled. Log entries and exception messages may include sensitive application data; this mode should only be enabled during development.
2026-05-11 14:06:42.600 -08:00 [INF] Admin wildcard access policy already exists
2026-05-11 14:06:42.864 -08:00 [INF] Now listening on: https://localhost:7259
2026-05-11 14:06:42.866 -08:00 [INF] Now listening on: http://localhost:5244
2026-05-11 14:06:42.914 -08:00 [INF] Application started. Press Ctrl+C to shut down.
2026-05-11 14:06:42.915 -08:00 [INF] Hosting environment: Development
2026-05-11 14:06:42.916 -08:00 [INF] Content root path: C:\PrivateProject\algo.bytes\src\algo.API
2026-05-11 14:07:01.448 -08:00 [INF] Authorization header exists: false
2026-05-11 14:07:01.511 -08:00 [INF] MediatR handling started LoginCommand
2026-05-11 14:07:02.023 -08:00 [INF] MediatR handling completed LoginCommand in 512 ms
2026-05-11 14:07:02.039 -08:00 [INF] HTTP POST /api/Auth/login completed with 200 in 642 ms (0HNLFL6GACU4C:00000003)
2026-05-11 14:07:06.664 -08:00 [INF] Authorization header exists: true
2026-05-11 14:07:06.713 -08:00 [INF] Authorization header exists: true
2026-05-11 14:07:06.756 -08:00 [INF] JWT token validated. IsAuthenticated=true
2026-05-11 14:07:06.767 -08:00 [INF] HTTP POST /hubs/sessions/negotiate completed with 200 in 106 ms (0HNLFL6GACU4D:00000001)
2026-05-11 14:07:06.861 -08:00 [INF] JWT token validated. IsAuthenticated=true
2026-05-11 14:07:06.892 -08:00 [INF] MediatR handling started GetUsersQuery
2026-05-11 14:07:06.908 -08:00 [INF] Access policy check started for users:read
2026-05-11 14:07:06.928 -08:00 [INF] Access policy evaluation for users:read. UserId=790c2c93-d8e6-4b61-8a11-e4190a1c0805, Roles=[Admin], ActiveRules=6, SubjectMatched=1, ResourceActionMatched=1, Allows=1, Denies=0, Decision=Allowed
2026-05-11 14:07:06.939 -08:00 [INF] Access policy query filter started for users:read
2026-05-11 14:07:06.944 -08:00 [INF] Access policy query filter for users:read. UserId=790c2c93-d8e6-4b61-8a11-e4190a1c0805, Roles=[Admin], ActiveRules=6, SubjectMatched=1, ResourceActionMatched=1, Allows=1, Denies=0
2026-05-11 14:07:06.998 -08:00 [INF] Authorization header exists: false
2026-05-11 14:07:07.001 -08:00 [INF] JWT token validated. IsAuthenticated=true
2026-05-11 14:07:07.020 -08:00 [INF] MediatR handling completed GetUsersQuery in 127 ms
2026-05-11 14:07:07.029 -08:00 [INF] HTTP GET /api/Users completed with 200 in 318 ms (0HNLFL6GACU4C:00000009)
2026-05-11 14:07:08.411 -08:00 [INF] Authorization header exists: true
2026-05-11 14:07:08.411 -08:00 [INF] Authorization header exists: true
2026-05-11 14:07:08.412 -08:00 [INF] Authorization header exists: true
2026-05-11 14:07:08.412 -08:00 [INF] Authorization header exists: true
2026-05-11 14:07:08.416 -08:00 [INF] JWT token validated. IsAuthenticated=true
2026-05-11 14:07:08.416 -08:00 [INF] JWT token validated. IsAuthenticated=true
2026-05-11 14:07:08.418 -08:00 [INF] JWT token validated. IsAuthenticated=true
2026-05-11 14:07:08.418 -08:00 [INF] JWT token validated. IsAuthenticated=true
2026-05-11 14:07:08.428 -08:00 [INF] MediatR handling started GetUsersDashboardQuery
2026-05-11 14:07:08.428 -08:00 [INF] MediatR handling started ListAccessPoliciesQuery
2026-05-11 14:07:08.432 -08:00 [INF] Access policy check started for accessPolicies:read
2026-05-11 14:07:08.434 -08:00 [INF] Access policy check started for users:read
2026-05-11 14:07:08.436 -08:00 [INF] Access policy evaluation for accessPolicies:read. UserId=790c2c93-d8e6-4b61-8a11-e4190a1c0805, Roles=[Admin], ActiveRules=6, SubjectMatched=1, ResourceActionMatched=1, Allows=1, Denies=0, Decision=Allowed
2026-05-11 14:07:08.437 -08:00 [INF] Access policy evaluation for users:read. UserId=790c2c93-d8e6-4b61-8a11-e4190a1c0805, Roles=[Admin], ActiveRules=6, SubjectMatched=1, ResourceActionMatched=1, Allows=1, Denies=0, Decision=Allowed
2026-05-11 14:07:08.444 -08:00 [INF] Access policy query filter started for users:read
2026-05-11 14:07:08.448 -08:00 [INF] Access policy query filter for users:read. UserId=790c2c93-d8e6-4b61-8a11-e4190a1c0805, Roles=[Admin], ActiveRules=6, SubjectMatched=1, ResourceActionMatched=1, Allows=1, Denies=0
2026-05-11 14:07:08.448 -08:00 [INF] MediatR handling started GetLogsQuery
2026-05-11 14:07:08.448 -08:00 [INF] MediatR handling started GetErrorLogsQuery
2026-05-11 14:07:08.453 -08:00 [INF] MediatR handling completed ListAccessPoliciesQuery in 25 ms
2026-05-11 14:07:08.462 -08:00 [INF] Access policy check started for errorLogs:read
2026-05-11 14:07:08.462 -08:00 [INF] Access policy check started for logs:read
2026-05-11 14:07:08.465 -08:00 [INF] Access policy evaluation for errorLogs:read. UserId=790c2c93-d8e6-4b61-8a11-e4190a1c0805, Roles=[Admin], ActiveRules=6, SubjectMatched=1, ResourceActionMatched=1, Allows=1, Denies=0, Decision=Allowed
2026-05-11 14:07:08.466 -08:00 [INF] Access policy evaluation for logs:read. UserId=790c2c93-d8e6-4b61-8a11-e4190a1c0805, Roles=[Admin], ActiveRules=6, SubjectMatched=1, ResourceActionMatched=1, Allows=1, Denies=0, Decision=Allowed
2026-05-11 14:07:08.467 -08:00 [INF] HTTP GET /api/AccessPolicies completed with 200 in 55 ms (0HNLFL6GACU4C:00000019)
2026-05-11 14:07:08.604 -08:00 [INF] MediatR handling completed GetUsersDashboardQuery in 176 ms
2026-05-11 14:07:08.613 -08:00 [INF] HTTP GET /api/Users/dashboard completed with 200 in 201 ms (0HNLFL6GACU4C:00000013)
2026-05-11 14:07:08.654 -08:00 [INF] MediatR handling completed GetLogsQuery in 206 ms
2026-05-11 14:07:08.654 -08:00 [INF] MediatR handling completed GetErrorLogsQuery in 206 ms
2026-05-11 14:07:08.673 -08:00 [INF] HTTP GET /api/error-logs completed with 200 in 262 ms (0HNLFL6GACU4C:00000015)
2026-05-11 14:07:08.673 -08:00 [INF] HTTP GET /api/Logs completed with 200 in 262 ms (0HNLFL6GACU4C:00000017)
2026-05-11 14:10:34.867 -08:00 [INF] HTTP CONNECT /hubs/sessions completed with 200 in 207869 ms (0HNLFL6GACU4D:00000003)
2026-05-11 14:10:35.146 -08:00 [INF] Authorization header exists: true
2026-05-11 14:10:35.151 -08:00 [INF] JWT token validated. IsAuthenticated=true
2026-05-11 14:10:35.153 -08:00 [INF] HTTP POST /hubs/sessions/negotiate completed with 200 in 6 ms (0HNLFL6GACU4D:00000005)
2026-05-11 14:10:35.250 -08:00 [INF] Authorization header exists: true
2026-05-11 14:10:35.254 -08:00 [INF] JWT token validated. IsAuthenticated=true
2026-05-11 14:10:35.257 -08:00 [INF] MediatR handling started GetUsersQuery
2026-05-11 14:10:35.258 -08:00 [INF] Access policy check started for users:read
2026-05-11 14:10:35.262 -08:00 [INF] Access policy evaluation for users:read. UserId=790c2c93-d8e6-4b61-8a11-e4190a1c0805, Roles=[Admin], ActiveRules=6, SubjectMatched=1, ResourceActionMatched=1, Allows=1, Denies=0, Decision=Allowed
2026-05-11 14:10:35.266 -08:00 [INF] Access policy query filter started for users:read
2026-05-11 14:10:35.269 -08:00 [INF] Access policy query filter for users:read. UserId=790c2c93-d8e6-4b61-8a11-e4190a1c0805, Roles=[Admin], ActiveRules=6, SubjectMatched=1, ResourceActionMatched=1, Allows=1, Denies=0
2026-05-11 14:10:35.275 -08:00 [INF] MediatR handling completed GetUsersQuery in 18 ms
2026-05-11 14:10:35.277 -08:00 [INF] HTTP GET /api/Users completed with 200 in 26 ms (0HNLFL6GACU4C:0000001F)
2026-05-11 14:10:35.644 -08:00 [INF] Authorization header exists: false
2026-05-11 14:10:35.647 -08:00 [INF] JWT token validated. IsAuthenticated=true
2026-05-11 14:11:11.970 -08:00 [INF] HTTP CONNECT /hubs/sessions completed with 200 in 36326 ms (0HNLFL6GACU4D:00000007)
2026-05-11 14:11:12.183 -08:00 [INF] Authorization header exists: true
2026-05-11 14:11:12.188 -08:00 [INF] JWT token validated. IsAuthenticated=true
2026-05-11 14:11:12.190 -08:00 [INF] HTTP POST /hubs/sessions/negotiate completed with 200 in 6 ms (0HNLFL6GACU4D:00000009)
2026-05-11 14:11:12.248 -08:00 [INF] Authorization header exists: true
2026-05-11 14:11:12.251 -08:00 [INF] JWT token validated. IsAuthenticated=true
2026-05-11 14:11:12.254 -08:00 [INF] MediatR handling started GetUsersQuery
2026-05-11 14:11:12.263 -08:00 [INF] Access policy check started for users:read
2026-05-11 14:11:12.266 -08:00 [INF] Access policy evaluation for users:read. UserId=790c2c93-d8e6-4b61-8a11-e4190a1c0805, Roles=[Admin], ActiveRules=6, SubjectMatched=1, ResourceActionMatched=1, Allows=1, Denies=0, Decision=Allowed
2026-05-11 14:11:12.269 -08:00 [INF] Access policy query filter started for users:read
2026-05-11 14:11:12.271 -08:00 [INF] Access policy query filter for users:read. UserId=790c2c93-d8e6-4b61-8a11-e4190a1c0805, Roles=[Admin], ActiveRules=6, SubjectMatched=1, ResourceActionMatched=1, Allows=1, Denies=0
2026-05-11 14:11:12.277 -08:00 [INF] MediatR handling completed GetUsersQuery in 23 ms
2026-05-11 14:11:12.279 -08:00 [INF] HTTP GET /api/Users completed with 200 in 30 ms (0HNLFL6GACU4C:00000025)
2026-05-11 14:11:12.691 -08:00 [INF] Authorization header exists: false
2026-05-11 14:11:12.694 -08:00 [INF] JWT token validated. IsAuthenticated=true
2026-05-11 14:16:36.602 -08:00 [WRN] Sensitive data logging is enabled. Log entries and exception messages may include sensitive application data; this mode should only be enabled during development.
2026-05-11 14:16:37.339 -08:00 [INF] Admin wildcard access policy already exists
2026-05-11 14:16:37.546 -08:00 [INF] Now listening on: https://localhost:7259
2026-05-11 14:16:37.548 -08:00 [INF] Now listening on: http://localhost:5244
2026-05-11 14:16:37.602 -08:00 [INF] Application started. Press Ctrl+C to shut down.
2026-05-11 14:16:37.603 -08:00 [INF] Hosting environment: Development
2026-05-11 14:16:37.604 -08:00 [INF] Content root path: C:\PrivateProject\algo.bytes\src\algo.API
2026-05-11 14:16:45.355 -08:00 [INF] Authorization header exists: true
2026-05-11 14:16:45.482 -08:00 [INF] JWT token validated. IsAuthenticated=true
2026-05-11 14:16:45.495 -08:00 [INF] HTTP POST /hubs/sessions/negotiate completed with 200 in 184 ms (0HNLFLBUB6KDG:00000001)
2026-05-11 14:16:45.504 -08:00 [INF] Authorization header exists: false
2026-05-11 14:16:45.517 -08:00 [INF] JWT token validated. IsAuthenticated=true
2026-05-11 14:17:00.283 -08:00 [INF] Authorization header exists: true
2026-05-11 14:17:00.283 -08:00 [INF] Authorization header exists: true
2026-05-11 14:17:00.283 -08:00 [INF] Authorization header exists: true
2026-05-11 14:17:00.283 -08:00 [INF] Authorization header exists: true
2026-05-11 14:17:00.287 -08:00 [INF] JWT token validated. IsAuthenticated=true
2026-05-11 14:17:00.370 -08:00 [INF] JWT token validated. IsAuthenticated=true
2026-05-11 14:17:00.370 -08:00 [INF] JWT token validated. IsAuthenticated=true
2026-05-11 14:17:00.378 -08:00 [INF] JWT token validated. IsAuthenticated=true
2026-05-11 14:17:00.403 -08:00 [INF] MediatR handling started ListAccessPoliciesQuery
2026-05-11 14:17:00.403 -08:00 [INF] MediatR handling started GetUsersDashboardQuery
2026-05-11 14:17:00.412 -08:00 [INF] Access policy check started for accessPolicies:read
2026-05-11 14:17:00.413 -08:00 [INF] Access policy check started for users:read
2026-05-11 14:17:00.434 -08:00 [INF] MediatR handling started GetErrorLogsQuery
2026-05-11 14:17:00.434 -08:00 [INF] MediatR handling started GetLogsQuery
2026-05-11 14:17:00.449 -08:00 [INF] Access policy evaluation for accessPolicies:read. UserId=790c2c93-d8e6-4b61-8a11-e4190a1c0805, Roles=[Admin], ActiveRules=6, SubjectMatched=1, ResourceActionMatched=1, Allows=1, Denies=0, Decision=Allowed
2026-05-11 14:17:00.449 -08:00 [INF] Access policy evaluation for users:read. UserId=790c2c93-d8e6-4b61-8a11-e4190a1c0805, Roles=[Admin], ActiveRules=6, SubjectMatched=1, ResourceActionMatched=1, Allows=1, Denies=0, Decision=Allowed
2026-05-11 14:17:00.462 -08:00 [INF] Access policy query filter started for users:read
2026-05-11 14:17:00.465 -08:00 [INF] MediatR handling completed ListAccessPoliciesQuery in 62 ms
2026-05-11 14:17:00.465 -08:00 [INF] Access policy check started for logs:read
2026-05-11 14:17:00.466 -08:00 [INF] Access policy check started for errorLogs:read
2026-05-11 14:17:00.468 -08:00 [INF] Access policy evaluation for logs:read. UserId=790c2c93-d8e6-4b61-8a11-e4190a1c0805, Roles=[Admin], ActiveRules=6, SubjectMatched=1, ResourceActionMatched=1, Allows=1, Denies=0, Decision=Allowed
2026-05-11 14:17:00.469 -08:00 [INF] Access policy query filter for users:read. UserId=790c2c93-d8e6-4b61-8a11-e4190a1c0805, Roles=[Admin], ActiveRules=6, SubjectMatched=1, ResourceActionMatched=1, Allows=1, Denies=0
2026-05-11 14:17:00.469 -08:00 [INF] Access policy evaluation for errorLogs:read. UserId=790c2c93-d8e6-4b61-8a11-e4190a1c0805, Roles=[Admin], ActiveRules=6, SubjectMatched=1, ResourceActionMatched=1, Allows=1, Denies=0, Decision=Allowed
2026-05-11 14:17:00.489 -08:00 [INF] HTTP GET /api/AccessPolicies completed with 200 in 208 ms (0HNLFLBUB6KDF:0000000F)
2026-05-11 14:17:00.634 -08:00 [INF] MediatR handling completed GetLogsQuery in 200 ms
2026-05-11 14:17:00.634 -08:00 [INF] MediatR handling completed GetErrorLogsQuery in 200 ms
2026-05-11 14:17:00.646 -08:00 [INF] MediatR handling completed GetUsersDashboardQuery in 243 ms
2026-05-11 14:17:00.655 -08:00 [INF] HTTP GET /api/Logs completed with 200 in 374 ms (0HNLFLBUB6KDF:00000011)
2026-05-11 14:17:00.655 -08:00 [INF] HTTP GET /api/error-logs completed with 200 in 374 ms (0HNLFLBUB6KDF:0000000B)
2026-05-11 14:17:00.659 -08:00 [INF] HTTP GET /api/Users/dashboard completed with 200 in 378 ms (0HNLFLBUB6KDF:0000000D)
2026-05-11 14:17:00.960 -08:00 [INF] Authorization header exists: true
2026-05-11 14:17:00.962 -08:00 [INF] JWT token validated. IsAuthenticated=true
2026-05-11 14:17:00.980 -08:00 [INF] MediatR handling started GetUsersQuery
2026-05-11 14:17:00.988 -08:00 [INF] Access policy check started for users:read
2026-05-11 14:17:00.990 -08:00 [INF] Access policy evaluation for users:read. UserId=790c2c93-d8e6-4b61-8a11-e4190a1c0805, Roles=[Admin], ActiveRules=6, SubjectMatched=1, ResourceActionMatched=1, Allows=1, Denies=0, Decision=Allowed
2026-05-11 14:17:00.993 -08:00 [INF] Access policy query filter started for users:read
2026-05-11 14:17:00.995 -08:00 [INF] Access policy query filter for users:read. UserId=790c2c93-d8e6-4b61-8a11-e4190a1c0805, Roles=[Admin], ActiveRules=6, SubjectMatched=1, ResourceActionMatched=1, Allows=1, Denies=0
2026-05-11 14:17:01.112 -08:00 [INF] MediatR handling completed GetUsersQuery in 132 ms
2026-05-11 14:17:01.119 -08:00 [INF] HTTP GET /api/Users completed with 200 in 159 ms (0HNLFLBUB6KDF:00000015)
2026-05-11 14:17:03.638 -08:00 [INF] Authorization header exists: true
2026-05-11 14:17:03.639 -08:00 [INF] Authorization header exists: true
2026-05-11 14:17:03.641 -08:00 [INF] JWT token validated. IsAuthenticated=true
2026-05-11 14:17:03.641 -08:00 [INF] JWT token validated. IsAuthenticated=true
2026-05-11 14:17:03.650 -08:00 [INF] MediatR handling started GetUserPermissionGraphQuery
2026-05-11 14:17:03.651 -08:00 [INF] MediatR handling started GetUserByIdQuery
2026-05-11 14:17:03.656 -08:00 [INF] Access policy check started for users:read
2026-05-11 14:17:03.658 -08:00 [INF] Access policy check started for users:read
2026-05-11 14:17:03.660 -08:00 [INF] Access policy evaluation for users:read. UserId=790c2c93-d8e6-4b61-8a11-e4190a1c0805, Roles=[Admin], ActiveRules=6, SubjectMatched=1, ResourceActionMatched=1, Allows=1, Denies=0, Decision=Allowed
2026-05-11 14:17:03.660 -08:00 [INF] Access policy evaluation for users:read. UserId=790c2c93-d8e6-4b61-8a11-e4190a1c0805, Roles=[Admin], ActiveRules=6, SubjectMatched=1, ResourceActionMatched=1, Allows=1, Denies=0, Decision=Allowed
2026-05-11 14:17:03.662 -08:00 [INF] Access policy query filter started for users:read
2026-05-11 14:17:03.663 -08:00 [INF] Access policy query filter started for users:read
2026-05-11 14:17:03.665 -08:00 [INF] Access policy query filter for users:read. UserId=790c2c93-d8e6-4b61-8a11-e4190a1c0805, Roles=[Admin], ActiveRules=6, SubjectMatched=1, ResourceActionMatched=1, Allows=1, Denies=0
2026-05-11 14:17:03.665 -08:00 [INF] Access policy query filter for users:read. UserId=790c2c93-d8e6-4b61-8a11-e4190a1c0805, Roles=[Admin], ActiveRules=6, SubjectMatched=1, ResourceActionMatched=1, Allows=1, Denies=0
2026-05-11 14:17:03.702 -08:00 [INF] MediatR handling completed GetUserPermissionGraphQuery in 52 ms
2026-05-11 14:17:03.709 -08:00 [INF] HTTP GET /api/Users/790c2c93-d8e6-4b61-8a11-e4190a1c0805/permission-graph completed with 200 in 69 ms (0HNLFLBUB6KDF:0000001D)
2026-05-11 14:17:03.710 -08:00 [INF] MediatR handling completed GetUserByIdQuery in 59 ms
2026-05-11 14:17:03.715 -08:00 [INF] HTTP GET /api/Users/790c2c93-d8e6-4b61-8a11-e4190a1c0805 completed with 200 in 76 ms (0HNLFLBUB6KDF:0000001B)
2026-05-11 14:17:08.287 -08:00 [INF] Authorization header exists: true
2026-05-11 14:17:08.291 -08:00 [INF] JWT token validated. IsAuthenticated=true
2026-05-11 14:17:08.300 -08:00 [INF] MediatR handling started GetRolesQuery
2026-05-11 14:17:08.302 -08:00 [INF] Access policy check started for roles:read
2026-05-11 14:17:08.304 -08:00 [INF] Access policy evaluation for roles:read. UserId=790c2c93-d8e6-4b61-8a11-e4190a1c0805, Roles=[Admin], ActiveRules=6, SubjectMatched=1, ResourceActionMatched=1, Allows=1, Denies=0, Decision=Allowed
2026-05-11 14:17:08.314 -08:00 [INF] MediatR handling completed GetRolesQuery in 13 ms
2026-05-11 14:17:08.316 -08:00 [INF] HTTP GET /api/Roles completed with 200 in 28 ms (0HNLFLBUB6KDF:00000021)
2026-05-11 14:17:09.060 -08:00 [INF] Authorization header exists: true
2026-05-11 14:17:09.062 -08:00 [INF] Authorization header exists: true
2026-05-11 14:17:09.063 -08:00 [INF] JWT token validated. IsAuthenticated=true
2026-05-11 14:17:09.063 -08:00 [INF] JWT token validated. IsAuthenticated=true
2026-05-11 14:17:09.064 -08:00 [INF] MediatR handling started ListAccessPoliciesQuery
2026-05-11 14:17:09.065 -08:00 [INF] Access policy check started for accessPolicies:read
2026-05-11 14:17:09.068 -08:00 [INF] Access policy evaluation for accessPolicies:read. UserId=790c2c93-d8e6-4b61-8a11-e4190a1c0805, Roles=[Admin], ActiveRules=6, SubjectMatched=1, ResourceActionMatched=1, Allows=1, Denies=0, Decision=Allowed
2026-05-11 14:17:09.072 -08:00 [INF] MediatR handling completed ListAccessPoliciesQuery in 7 ms
2026-05-11 14:17:09.073 -08:00 [INF] MediatR handling started GetAccessPolicyOptionsQuery
2026-05-11 14:17:09.073 -08:00 [INF] HTTP GET /api/AccessPolicies completed with 200 in 13 ms (0HNLFLBUB6KDF:00000027)
2026-05-11 14:17:09.076 -08:00 [INF] Access policy check started for accessPolicies:read
2026-05-11 14:17:09.078 -08:00 [INF] Access policy evaluation for accessPolicies:read. UserId=790c2c93-d8e6-4b61-8a11-e4190a1c0805, Roles=[Admin], ActiveRules=6, SubjectMatched=1, ResourceActionMatched=1, Allows=1, Denies=0, Decision=Allowed
2026-05-11 14:17:09.093 -08:00 [INF] MediatR handling completed GetAccessPolicyOptionsQuery in 19 ms
2026-05-11 14:17:09.104 -08:00 [INF] HTTP GET /api/AccessPolicies/options completed with 200 in 42 ms (0HNLFLBUB6KDF:00000029)
2026-05-11 14:17:09.981 -08:00 [INF] Authorization header exists: true
2026-05-11 14:17:09.985 -08:00 [INF] JWT token validated. IsAuthenticated=true
2026-05-11 14:17:09.998 -08:00 [INF] MediatR handling started GetSessionsQuery
2026-05-11 14:17:10.002 -08:00 [INF] Access policy check started for sessions:read
2026-05-11 14:17:10.004 -08:00 [INF] Access policy evaluation for sessions:read. UserId=790c2c93-d8e6-4b61-8a11-e4190a1c0805, Roles=[Admin], ActiveRules=6, SubjectMatched=1, ResourceActionMatched=1, Allows=1, Denies=0, Decision=Allowed
2026-05-11 14:17:10.078 -08:00 [INF] MediatR handling completed GetSessionsQuery in 80 ms
2026-05-11 14:17:10.086 -08:00 [INF] HTTP GET /api/Sessions completed with 200 in 105 ms (0HNLFLBUB6KDF:0000002D)
2026-05-11 14:17:10.271 -08:00 [INF] Authorization header exists: true
2026-05-11 14:17:10.272 -08:00 [INF] Authorization header exists: true
2026-05-11 14:17:10.273 -08:00 [INF] JWT token validated. IsAuthenticated=true
2026-05-11 14:17:10.274 -08:00 [INF] MediatR handling started GetSessionsQuery
2026-05-11 14:17:10.274 -08:00 [INF] JWT token validated. IsAuthenticated=true
2026-05-11 14:17:10.275 -08:00 [INF] Access policy check started for sessions:read
2026-05-11 14:17:10.275 -08:00 [INF] MediatR handling started GetSessionsQuery
2026-05-11 14:17:10.277 -08:00 [INF] Access policy evaluation for sessions:read. UserId=790c2c93-d8e6-4b61-8a11-e4190a1c0805, Roles=[Admin], ActiveRules=6, SubjectMatched=1, ResourceActionMatched=1, Allows=1, Denies=0, Decision=Allowed
2026-05-11 14:17:10.280 -08:00 [INF] Access policy check started for sessions:read
2026-05-11 14:17:10.282 -08:00 [INF] MediatR handling completed GetSessionsQuery in 7 ms
2026-05-11 14:17:10.282 -08:00 [INF] Access policy evaluation for sessions:read. UserId=790c2c93-d8e6-4b61-8a11-e4190a1c0805, Roles=[Admin], ActiveRules=6, SubjectMatched=1, ResourceActionMatched=1, Allows=1, Denies=0, Decision=Allowed
2026-05-11 14:17:10.283 -08:00 [INF] HTTP GET /api/Sessions completed with 200 in 12 ms (0HNLFLBUB6KDF:00000031)
2026-05-11 14:17:10.287 -08:00 [INF] MediatR handling completed GetSessionsQuery in 11 ms
2026-05-11 14:17:10.288 -08:00 [INF] HTTP GET /api/Sessions completed with 200 in 15 ms (0HNLFLBUB6KDF:00000033)
2026-05-11 14:17:11.360 -08:00 [INF] Authorization header exists: true
2026-05-11 14:17:11.363 -08:00 [INF] JWT token validated. IsAuthenticated=true
2026-05-11 14:17:11.365 -08:00 [INF] MediatR handling started GetLogsQuery
2026-05-11 14:17:11.365 -08:00 [INF] Authorization header exists: true
2026-05-11 14:17:11.366 -08:00 [INF] Access policy check started for logs:read
2026-05-11 14:17:11.367 -08:00 [INF] JWT token validated. IsAuthenticated=true
2026-05-11 14:17:11.368 -08:00 [INF] Access policy evaluation for logs:read. UserId=790c2c93-d8e6-4b61-8a11-e4190a1c0805, Roles=[Admin], ActiveRules=6, SubjectMatched=1, ResourceActionMatched=1, Allows=1, Denies=0, Decision=Allowed
2026-05-11 14:17:11.370 -08:00 [INF] MediatR handling started GetLogsQuery
2026-05-11 14:17:11.371 -08:00 [INF] Access policy check started for logs:read
2026-05-11 14:17:11.372 -08:00 [INF] Access policy evaluation for logs:read. UserId=790c2c93-d8e6-4b61-8a11-e4190a1c0805, Roles=[Admin], ActiveRules=6, SubjectMatched=1, ResourceActionMatched=1, Allows=1, Denies=0, Decision=Allowed
2026-05-11 14:17:11.386 -08:00 [INF] MediatR handling completed GetLogsQuery in 21 ms
2026-05-11 14:17:11.388 -08:00 [INF] HTTP GET /api/Logs completed with 200 in 28 ms (0HNLFLBUB6KDF:00000037)
2026-05-11 14:17:11.391 -08:00 [INF] MediatR handling completed GetLogsQuery in 21 ms
2026-05-11 14:17:11.392 -08:00 [INF] HTTP GET /api/Logs completed with 200 in 27 ms (0HNLFLBUB6KDF:0000003B)
2026-05-11 14:17:12.087 -08:00 [INF] Authorization header exists: true
2026-05-11 14:17:12.087 -08:00 [INF] Authorization header exists: true
2026-05-11 14:17:12.089 -08:00 [INF] JWT token validated. IsAuthenticated=true
2026-05-11 14:17:12.089 -08:00 [INF] JWT token validated. IsAuthenticated=true
2026-05-11 14:17:12.090 -08:00 [INF] MediatR handling started GetErrorLogsQuery
2026-05-11 14:17:12.090 -08:00 [INF] MediatR handling started GetErrorLogsQuery
2026-05-11 14:17:12.091 -08:00 [INF] Access policy check started for errorLogs:read
2026-05-11 14:17:12.091 -08:00 [INF] Access policy check started for errorLogs:read
2026-05-11 14:17:12.093 -08:00 [INF] Access policy evaluation for errorLogs:read. UserId=790c2c93-d8e6-4b61-8a11-e4190a1c0805, Roles=[Admin], ActiveRules=6, SubjectMatched=1, ResourceActionMatched=1, Allows=1, Denies=0, Decision=Allowed
2026-05-11 14:17:12.093 -08:00 [INF] Access policy evaluation for errorLogs:read. UserId=790c2c93-d8e6-4b61-8a11-e4190a1c0805, Roles=[Admin], ActiveRules=6, SubjectMatched=1, ResourceActionMatched=1, Allows=1, Denies=0, Decision=Allowed
2026-05-11 14:17:12.111 -08:00 [INF] MediatR handling completed GetErrorLogsQuery in 20 ms
2026-05-11 14:17:12.111 -08:00 [INF] MediatR handling completed GetErrorLogsQuery in 20 ms
2026-05-11 14:17:12.112 -08:00 [INF] HTTP GET /api/error-logs completed with 200 in 25 ms (0HNLFLBUB6KDF:00000041)
2026-05-11 14:17:12.112 -08:00 [INF] HTTP GET /api/error-logs completed with 200 in 25 ms (0HNLFLBUB6KDF:00000043)
2026-05-11 14:17:16.038 -08:00 [INF] Authorization header exists: true
2026-05-11 14:17:16.038 -08:00 [INF] Authorization header exists: true
2026-05-11 14:17:16.038 -08:00 [INF] Authorization header exists: true
2026-05-11 14:17:16.038 -08:00 [INF] Authorization header exists: true
2026-05-11 14:17:16.040 -08:00 [INF] JWT token validated. IsAuthenticated=true
2026-05-11 14:17:16.041 -08:00 [INF] JWT token validated. IsAuthenticated=true
2026-05-11 14:17:16.041 -08:00 [INF] JWT token validated. IsAuthenticated=true
2026-05-11 14:17:16.042 -08:00 [INF] JWT token validated. IsAuthenticated=true
2026-05-11 14:17:16.042 -08:00 [INF] MediatR handling started ListAccessPoliciesQuery
2026-05-11 14:17:16.042 -08:00 [INF] MediatR handling started GetUsersDashboardQuery
2026-05-11 14:17:16.043 -08:00 [INF] MediatR handling started GetLogsQuery
2026-05-11 14:17:16.043 -08:00 [INF] Access policy check started for accessPolicies:read
2026-05-11 14:17:16.044 -08:00 [INF] Access policy check started for users:read
2026-05-11 14:17:16.044 -08:00 [INF] Access policy check started for logs:read
2026-05-11 14:17:16.044 -08:00 [INF] MediatR handling started GetErrorLogsQuery
2026-05-11 14:17:16.045 -08:00 [INF] Access policy evaluation for accessPolicies:read. UserId=790c2c93-d8e6-4b61-8a11-e4190a1c0805, Roles=[Admin], ActiveRules=6, SubjectMatched=1, ResourceActionMatched=1, Allows=1, Denies=0, Decision=Allowed
2026-05-11 14:17:16.046 -08:00 [INF] Access policy evaluation for users:read. UserId=790c2c93-d8e6-4b61-8a11-e4190a1c0805, Roles=[Admin], ActiveRules=6, SubjectMatched=1, ResourceActionMatched=1, Allows=1, Denies=0, Decision=Allowed
2026-05-11 14:17:16.046 -08:00 [INF] Access policy evaluation for logs:read. UserId=790c2c93-d8e6-4b61-8a11-e4190a1c0805, Roles=[Admin], ActiveRules=6, SubjectMatched=1, ResourceActionMatched=1, Allows=1, Denies=0, Decision=Allowed
2026-05-11 14:17:16.046 -08:00 [INF] Access policy check started for errorLogs:read
2026-05-11 14:17:16.049 -08:00 [INF] MediatR handling completed ListAccessPoliciesQuery in 6 ms
2026-05-11 14:17:16.049 -08:00 [INF] Access policy query filter started for users:read
2026-05-11 14:17:16.052 -08:00 [INF] Access policy evaluation for errorLogs:read. UserId=790c2c93-d8e6-4b61-8a11-e4190a1c0805, Roles=[Admin], ActiveRules=6, SubjectMatched=1, ResourceActionMatched=1, Allows=1, Denies=0, Decision=Allowed
2026-05-11 14:17:16.052 -08:00 [INF] HTTP GET /api/AccessPolicies completed with 200 in 14 ms (0HNLFLBUB6KDF:00000053)
2026-05-11 14:17:16.053 -08:00 [INF] Access policy query filter for users:read. UserId=790c2c93-d8e6-4b61-8a11-e4190a1c0805, Roles=[Admin], ActiveRules=6, SubjectMatched=1, ResourceActionMatched=1, Allows=1, Denies=0
2026-05-11 14:17:16.054 -08:00 [INF] MediatR handling completed GetLogsQuery in 11 ms
2026-05-11 14:17:16.056 -08:00 [INF] MediatR handling completed GetErrorLogsQuery in 12 ms
2026-05-11 14:17:16.058 -08:00 [INF] HTTP GET /api/Logs completed with 200 in 20 ms (0HNLFLBUB6KDF:0000004F)
2026-05-11 14:17:16.059 -08:00 [INF] HTTP GET /api/error-logs completed with 200 in 21 ms (0HNLFLBUB6KDF:00000051)
2026-05-11 14:17:16.064 -08:00 [INF] MediatR handling completed GetUsersDashboardQuery in 22 ms
2026-05-11 14:17:16.065 -08:00 [INF] HTTP GET /api/Users/dashboard completed with 200 in 27 ms (0HNLFLBUB6KDF:0000004D)
2026-05-11 14:17:20.562 -08:00 [INF] Authorization header exists: true
2026-05-11 14:17:20.564 -08:00 [INF] JWT token validated. IsAuthenticated=true
2026-05-11 14:17:20.565 -08:00 [INF] MediatR handling started GetUsersQuery
2026-05-11 14:17:20.566 -08:00 [INF] Access policy check started for users:read
2026-05-11 14:17:20.567 -08:00 [INF] Access policy evaluation for users:read. UserId=790c2c93-d8e6-4b61-8a11-e4190a1c0805, Roles=[Admin], ActiveRules=6, SubjectMatched=1, ResourceActionMatched=1, Allows=1, Denies=0, Decision=Allowed
2026-05-11 14:17:20.569 -08:00 [INF] Access policy query filter started for users:read
2026-05-11 14:17:20.570 -08:00 [INF] Access policy query filter for users:read. UserId=790c2c93-d8e6-4b61-8a11-e4190a1c0805, Roles=[Admin], ActiveRules=6, SubjectMatched=1, ResourceActionMatched=1, Allows=1, Denies=0
2026-05-11 14:17:20.575 -08:00 [INF] MediatR handling completed GetUsersQuery in 9 ms
2026-05-11 14:17:20.576 -08:00 [INF] HTTP GET /api/Users completed with 200 in 14 ms (0HNLFLBUB6KDF:00000057)
2026-05-11 14:17:21.378 -08:00 [INF] Authorization header exists: true
2026-05-11 14:17:21.380 -08:00 [INF] JWT token validated. IsAuthenticated=true
2026-05-11 14:17:21.381 -08:00 [INF] MediatR handling started GetRolesQuery
2026-05-11 14:17:21.382 -08:00 [INF] Access policy check started for roles:read
2026-05-11 14:17:21.383 -08:00 [INF] Access policy evaluation for roles:read. UserId=790c2c93-d8e6-4b61-8a11-e4190a1c0805, Roles=[Admin], ActiveRules=6, SubjectMatched=1, ResourceActionMatched=1, Allows=1, Denies=0, Decision=Allowed
2026-05-11 14:17:21.385 -08:00 [INF] MediatR handling completed GetRolesQuery in 3 ms
2026-05-11 14:17:21.385 -08:00 [INF] HTTP GET /api/Roles completed with 200 in 7 ms (0HNLFLBUB6KDF:0000005B)
2026-05-11 14:17:22.222 -08:00 [INF] Authorization header exists: true
2026-05-11 14:17:22.222 -08:00 [INF] Authorization header exists: true
2026-05-11 14:17:22.224 -08:00 [INF] JWT token validated. IsAuthenticated=true
2026-05-11 14:17:22.224 -08:00 [INF] JWT token validated. IsAuthenticated=true
2026-05-11 14:17:22.225 -08:00 [INF] MediatR handling started GetAccessPolicyOptionsQuery
2026-05-11 14:17:22.225 -08:00 [INF] MediatR handling started ListAccessPoliciesQuery
2026-05-11 14:17:22.225 -08:00 [INF] Access policy check started for accessPolicies:read
2026-05-11 14:17:22.226 -08:00 [INF] Access policy check started for accessPolicies:read
2026-05-11 14:17:22.227 -08:00 [INF] Access policy evaluation for accessPolicies:read. UserId=790c2c93-d8e6-4b61-8a11-e4190a1c0805, Roles=[Admin], ActiveRules=6, SubjectMatched=1, ResourceActionMatched=1, Allows=1, Denies=0, Decision=Allowed
2026-05-11 14:17:22.228 -08:00 [INF] Access policy evaluation for accessPolicies:read. UserId=790c2c93-d8e6-4b61-8a11-e4190a1c0805, Roles=[Admin], ActiveRules=6, SubjectMatched=1, ResourceActionMatched=1, Allows=1, Denies=0, Decision=Allowed
2026-05-11 14:17:22.229 -08:00 [INF] MediatR handling completed GetAccessPolicyOptionsQuery in 4 ms
2026-05-11 14:17:22.231 -08:00 [INF] MediatR handling completed ListAccessPoliciesQuery in 6 ms
2026-05-11 14:17:22.232 -08:00 [INF] HTTP GET /api/AccessPolicies/options completed with 200 in 9 ms (0HNLFLBUB6KDF:00000061)
2026-05-11 14:17:22.232 -08:00 [INF] HTTP GET /api/AccessPolicies completed with 200 in 9 ms (0HNLFLBUB6KDF:00000063)
2026-05-11 14:17:22.965 -08:00 [INF] Authorization header exists: true
2026-05-11 14:17:22.967 -08:00 [INF] JWT token validated. IsAuthenticated=true
2026-05-11 14:17:22.968 -08:00 [INF] MediatR handling started GetSessionsQuery
2026-05-11 14:17:22.968 -08:00 [INF] Access policy check started for sessions:read
2026-05-11 14:17:22.970 -08:00 [INF] Access policy evaluation for sessions:read. UserId=790c2c93-d8e6-4b61-8a11-e4190a1c0805, Roles=[Admin], ActiveRules=6, SubjectMatched=1, ResourceActionMatched=1, Allows=1, Denies=0, Decision=Allowed
2026-05-11 14:17:22.974 -08:00 [INF] MediatR handling completed GetSessionsQuery in 6 ms
2026-05-11 14:17:22.975 -08:00 [INF] HTTP GET /api/Sessions completed with 200 in 9 ms (0HNLFLBUB6KDF:00000067)
2026-05-11 14:17:23.224 -08:00 [INF] Authorization header exists: true
2026-05-11 14:17:23.226 -08:00 [INF] Authorization header exists: true
2026-05-11 14:17:23.227 -08:00 [INF] JWT token validated. IsAuthenticated=true
2026-05-11 14:17:23.228 -08:00 [INF] JWT token validated. IsAuthenticated=true
2026-05-11 14:17:23.228 -08:00 [INF] MediatR handling started GetSessionsQuery
2026-05-11 14:17:23.228 -08:00 [INF] MediatR handling started GetSessionsQuery
2026-05-11 14:17:23.229 -08:00 [INF] Access policy check started for sessions:read
2026-05-11 14:17:23.229 -08:00 [INF] Access policy check started for sessions:read
2026-05-11 14:17:23.230 -08:00 [INF] Access policy evaluation for sessions:read. UserId=790c2c93-d8e6-4b61-8a11-e4190a1c0805, Roles=[Admin], ActiveRules=6, SubjectMatched=1, ResourceActionMatched=1, Allows=1, Denies=0, Decision=Allowed
2026-05-11 14:17:23.231 -08:00 [INF] Access policy evaluation for sessions:read. UserId=790c2c93-d8e6-4b61-8a11-e4190a1c0805, Roles=[Admin], ActiveRules=6, SubjectMatched=1, ResourceActionMatched=1, Allows=1, Denies=0, Decision=Allowed
2026-05-11 14:17:23.235 -08:00 [INF] MediatR handling completed GetSessionsQuery in 7 ms
2026-05-11 14:17:23.236 -08:00 [INF] HTTP GET /api/Sessions completed with 200 in 11 ms (0HNLFLBUB6KDF:0000006B)
2026-05-11 14:17:23.237 -08:00 [INF] MediatR handling completed GetSessionsQuery in 8 ms
2026-05-11 14:17:23.239 -08:00 [INF] HTTP GET /api/Sessions completed with 200 in 12 ms (0HNLFLBUB6KDF:0000006D)
2026-05-11 14:17:25.434 -08:00 [INF] Authorization header exists: true
2026-05-11 14:17:25.435 -08:00 [INF] Authorization header exists: true
2026-05-11 14:17:25.436 -08:00 [INF] JWT token validated. IsAuthenticated=true
2026-05-11 14:17:25.437 -08:00 [INF] JWT token validated. IsAuthenticated=true
2026-05-11 14:17:25.437 -08:00 [INF] MediatR handling started GetLogsQuery
2026-05-11 14:17:25.438 -08:00 [INF] MediatR handling started GetLogsQuery
2026-05-11 14:17:25.438 -08:00 [INF] Access policy check started for logs:read
2026-05-11 14:17:25.438 -08:00 [INF] Access policy check started for logs:read
2026-05-11 14:17:25.440 -08:00 [INF] Access policy evaluation for logs:read. UserId=790c2c93-d8e6-4b61-8a11-e4190a1c0805, Roles=[Admin], ActiveRules=6, SubjectMatched=1, ResourceActionMatched=1, Allows=1, Denies=0, Decision=Allowed
2026-05-11 14:17:25.440 -08:00 [INF] Access policy evaluation for logs:read. UserId=790c2c93-d8e6-4b61-8a11-e4190a1c0805, Roles=[Admin], ActiveRules=6, SubjectMatched=1, ResourceActionMatched=1, Allows=1, Denies=0, Decision=Allowed
2026-05-11 14:17:25.444 -08:00 [INF] MediatR handling completed GetLogsQuery in 6 ms
2026-05-11 14:17:25.445 -08:00 [INF] MediatR handling completed GetLogsQuery in 7 ms
2026-05-11 14:17:25.446 -08:00 [INF] HTTP GET /api/Logs completed with 200 in 11 ms (0HNLFLBUB6KDF:00000073)
2026-05-11 14:17:25.447 -08:00 [INF] HTTP GET /api/Logs completed with 200 in 11 ms (0HNLFLBUB6KDF:00000075)
2026-05-11 14:17:25.992 -08:00 [INF] Authorization header exists: true
2026-05-11 14:17:25.992 -08:00 [INF] Authorization header exists: true
2026-05-11 14:17:25.994 -08:00 [INF] JWT token validated. IsAuthenticated=true
2026-05-11 14:17:25.994 -08:00 [INF] JWT token validated. IsAuthenticated=true
2026-05-11 14:17:25.995 -08:00 [INF] MediatR handling started GetErrorLogsQuery
2026-05-11 14:17:25.995 -08:00 [INF] MediatR handling started GetErrorLogsQuery
2026-05-11 14:17:25.996 -08:00 [INF] Access policy check started for errorLogs:read
2026-05-11 14:17:25.996 -08:00 [INF] Access policy check started for errorLogs:read
2026-05-11 14:17:25.997 -08:00 [INF] Access policy evaluation for errorLogs:read. UserId=790c2c93-d8e6-4b61-8a11-e4190a1c0805, Roles=[Admin], ActiveRules=6, SubjectMatched=1, ResourceActionMatched=1, Allows=1, Denies=0, Decision=Allowed
2026-05-11 14:17:25.998 -08:00 [INF] Access policy evaluation for errorLogs:read. UserId=790c2c93-d8e6-4b61-8a11-e4190a1c0805, Roles=[Admin], ActiveRules=6, SubjectMatched=1, ResourceActionMatched=1, Allows=1, Denies=0, Decision=Allowed
2026-05-11 14:17:26.001 -08:00 [INF] MediatR handling completed GetErrorLogsQuery in 5 ms
2026-05-11 14:17:26.002 -08:00 [INF] MediatR handling completed GetErrorLogsQuery in 6 ms
2026-05-11 14:17:26.002 -08:00 [INF] HTTP GET /api/error-logs completed with 200 in 9 ms (0HNLFLBUB6KDF:0000007B)
2026-05-11 14:17:26.003 -08:00 [INF] HTTP GET /api/error-logs completed with 200 in 10 ms (0HNLFLBUB6KDF:0000007D)
2026-05-11 14:18:31.614 -08:00 [WRN] Sensitive data logging is enabled. Log entries and exception messages may include sensitive application data; this mode should only be enabled during development.
2026-05-11 14:18:32.392 -08:00 [INF] Admin wildcard access policy already exists
2026-05-11 14:18:32.636 -08:00 [INF] Now listening on: https://localhost:7259
2026-05-11 14:18:32.639 -08:00 [INF] Now listening on: http://localhost:5244
2026-05-11 14:18:32.696 -08:00 [INF] Application started. Press Ctrl+C to shut down.
2026-05-11 14:18:32.697 -08:00 [INF] Hosting environment: Development
2026-05-11 14:18:32.698 -08:00 [INF] Content root path: C:\PrivateProject\algo.bytes\src\algo.API
2026-05-11 14:18:32.995 -08:00 [INF] Authorization header exists: true
2026-05-11 14:18:33.148 -08:00 [INF] JWT token validated. IsAuthenticated=true
2026-05-11 14:18:33.161 -08:00 [INF] HTTP POST /hubs/sessions/negotiate completed with 200 in 290 ms (0HNLFLCUCJ8QR:00000001)
2026-05-11 14:18:33.172 -08:00 [INF] Authorization header exists: false
2026-05-11 14:18:33.186 -08:00 [INF] JWT token validated. IsAuthenticated=true
2026-05-11 14:18:34.299 -08:00 [INF] Authorization header exists: true
2026-05-11 14:18:34.299 -08:00 [INF] Authorization header exists: true
2026-05-11 14:18:34.351 -08:00 [INF] JWT token validated. IsAuthenticated=true
2026-05-11 14:18:34.370 -08:00 [INF] JWT token validated. IsAuthenticated=true
2026-05-11 14:18:34.450 -08:00 [INF] MediatR handling started GetErrorLogsQuery
2026-05-11 14:18:34.450 -08:00 [INF] MediatR handling started GetErrorLogsQuery
2026-05-11 14:18:34.490 -08:00 [INF] Access policy check started for errorLogs:read
2026-05-11 14:18:34.490 -08:00 [INF] Access policy check started for errorLogs:read
2026-05-11 14:18:34.538 -08:00 [INF] Access policy evaluation for errorLogs:read. UserId=790c2c93-d8e6-4b61-8a11-e4190a1c0805, Roles=[Admin], ActiveRules=6, SubjectMatched=1, ResourceActionMatched=1, Allows=1, Denies=0, Decision=Allowed
2026-05-11 14:18:34.538 -08:00 [INF] Access policy evaluation for errorLogs:read. UserId=790c2c93-d8e6-4b61-8a11-e4190a1c0805, Roles=[Admin], ActiveRules=6, SubjectMatched=1, ResourceActionMatched=1, Allows=1, Denies=0, Decision=Allowed
2026-05-11 14:18:34.737 -08:00 [INF] MediatR handling completed GetErrorLogsQuery in 287 ms
2026-05-11 14:18:34.737 -08:00 [INF] MediatR handling completed GetErrorLogsQuery in 287 ms
2026-05-11 14:18:34.791 -08:00 [INF] HTTP GET /api/error-logs completed with 200 in 495 ms (0HNLFLCUCJ8QQ:00000007)
2026-05-11 14:18:34.791 -08:00 [INF] HTTP GET /api/error-logs completed with 200 in 495 ms (0HNLFLCUCJ8QQ:00000009)
2026-05-11 14:18:35.138 -08:00 [INF] Authorization header exists: true
2026-05-11 14:18:35.138 -08:00 [INF] Authorization header exists: true
2026-05-11 14:18:35.143 -08:00 [INF] JWT token validated. IsAuthenticated=true
2026-05-11 14:18:35.143 -08:00 [INF] JWT token validated. IsAuthenticated=true
2026-05-11 14:18:35.169 -08:00 [INF] MediatR handling started GetLogsQuery
2026-05-11 14:18:35.169 -08:00 [INF] MediatR handling started GetLogsQuery
2026-05-11 14:18:35.176 -08:00 [INF] Access policy check started for logs:read
2026-05-11 14:18:35.176 -08:00 [INF] Access policy check started for logs:read
2026-05-11 14:18:35.181 -08:00 [INF] Access policy evaluation for logs:read. UserId=790c2c93-d8e6-4b61-8a11-e4190a1c0805, Roles=[Admin], ActiveRules=6, SubjectMatched=1, ResourceActionMatched=1, Allows=1, Denies=0, Decision=Allowed
2026-05-11 14:18:35.181 -08:00 [INF] Access policy evaluation for logs:read. UserId=790c2c93-d8e6-4b61-8a11-e4190a1c0805, Roles=[Admin], ActiveRules=6, SubjectMatched=1, ResourceActionMatched=1, Allows=1, Denies=0, Decision=Allowed
2026-05-11 14:18:35.228 -08:00 [INF] MediatR handling completed GetLogsQuery in 58 ms
2026-05-11 14:18:35.228 -08:00 [INF] MediatR handling completed GetLogsQuery in 58 ms
2026-05-11 14:18:35.236 -08:00 [INF] HTTP GET /api/Logs completed with 200 in 97 ms (0HNLFLCUCJ8QQ:0000000F)
2026-05-11 14:18:35.236 -08:00 [INF] HTTP GET /api/Logs completed with 200 in 97 ms (0HNLFLCUCJ8QQ:00000011)
2026-05-11 14:18:36.169 -08:00 [INF] Authorization header exists: true
2026-05-11 14:18:36.173 -08:00 [INF] JWT token validated. IsAuthenticated=true
2026-05-11 14:18:36.186 -08:00 [INF] MediatR handling started GetSessionsQuery
2026-05-11 14:18:36.191 -08:00 [INF] Access policy check started for sessions:read
2026-05-11 14:18:36.194 -08:00 [INF] Access policy evaluation for sessions:read. UserId=790c2c93-d8e6-4b61-8a11-e4190a1c0805, Roles=[Admin], ActiveRules=6, SubjectMatched=1, ResourceActionMatched=1, Allows=1, Denies=0, Decision=Allowed
2026-05-11 14:18:36.398 -08:00 [INF] MediatR handling completed GetSessionsQuery in 212 ms
2026-05-11 14:18:36.409 -08:00 [INF] HTTP GET /api/Sessions completed with 200 in 239 ms (0HNLFLCUCJ8QQ:00000015)
2026-05-11 14:18:36.471 -08:00 [INF] Authorization header exists: true
2026-05-11 14:18:36.473 -08:00 [INF] Authorization header exists: true
2026-05-11 14:18:36.474 -08:00 [INF] JWT token validated. IsAuthenticated=true
2026-05-11 14:18:36.475 -08:00 [INF] JWT token validated. IsAuthenticated=true
2026-05-11 14:18:36.475 -08:00 [INF] MediatR handling started GetSessionsQuery
2026-05-11 14:18:36.476 -08:00 [INF] MediatR handling started GetSessionsQuery
2026-05-11 14:18:36.477 -08:00 [INF] Access policy check started for sessions:read
2026-05-11 14:18:36.480 -08:00 [INF] Access policy evaluation for sessions:read. UserId=790c2c93-d8e6-4b61-8a11-e4190a1c0805, Roles=[Admin], ActiveRules=6, SubjectMatched=1, ResourceActionMatched=1, Allows=1, Denies=0, Decision=Allowed
2026-05-11 14:18:36.481 -08:00 [INF] Access policy check started for sessions:read
2026-05-11 14:18:36.484 -08:00 [INF] Access policy evaluation for sessions:read. UserId=790c2c93-d8e6-4b61-8a11-e4190a1c0805, Roles=[Admin], ActiveRules=6, SubjectMatched=1, ResourceActionMatched=1, Allows=1, Denies=0, Decision=Allowed
2026-05-11 14:18:36.486 -08:00 [INF] MediatR handling completed GetSessionsQuery in 10 ms
2026-05-11 14:18:36.487 -08:00 [INF] HTTP GET /api/Sessions completed with 200 in 16 ms (0HNLFLCUCJ8QQ:00000019)
2026-05-11 14:18:36.490 -08:00 [INF] MediatR handling completed GetSessionsQuery in 13 ms
2026-05-11 14:18:36.492 -08:00 [INF] HTTP GET /api/Sessions completed with 200 in 19 ms (0HNLFLCUCJ8QQ:0000001B)
2026-05-11 14:18:37.594 -08:00 [INF] Authorization header exists: true
2026-05-11 14:18:37.595 -08:00 [INF] Authorization header exists: true
2026-05-11 14:18:37.598 -08:00 [INF] JWT token validated. IsAuthenticated=true
2026-05-11 14:18:37.598 -08:00 [INF] JWT token validated. IsAuthenticated=true
2026-05-11 14:18:37.607 -08:00 [INF] MediatR handling started ListAccessPoliciesQuery
2026-05-11 14:18:37.607 -08:00 [INF] MediatR handling started GetAccessPolicyOptionsQuery
2026-05-11 14:18:37.610 -08:00 [INF] Access policy check started for accessPolicies:read
2026-05-11 14:18:37.610 -08:00 [INF] Access policy check started for accessPolicies:read
2026-05-11 14:18:37.613 -08:00 [INF] Access policy evaluation for accessPolicies:read. UserId=790c2c93-d8e6-4b61-8a11-e4190a1c0805, Roles=[Admin], ActiveRules=6, SubjectMatched=1, ResourceActionMatched=1, Allows=1, Denies=0, Decision=Allowed
2026-05-11 14:18:37.613 -08:00 [INF] Access policy evaluation for accessPolicies:read. UserId=790c2c93-d8e6-4b61-8a11-e4190a1c0805, Roles=[Admin], ActiveRules=6, SubjectMatched=1, ResourceActionMatched=1, Allows=1, Denies=0, Decision=Allowed
2026-05-11 14:18:37.626 -08:00 [INF] MediatR handling completed ListAccessPoliciesQuery in 18 ms
2026-05-11 14:18:37.637 -08:00 [INF] MediatR handling completed GetAccessPolicyOptionsQuery in 29 ms
2026-05-11 14:18:37.642 -08:00 [INF] HTTP GET /api/AccessPolicies completed with 200 in 47 ms (0HNLFLCUCJ8QQ:00000023)
2026-05-11 14:18:37.650 -08:00 [INF] HTTP GET /api/AccessPolicies/options completed with 200 in 55 ms (0HNLFLCUCJ8QQ:00000021)
2026-05-11 14:18:38.777 -08:00 [INF] Authorization header exists: true
2026-05-11 14:18:38.789 -08:00 [INF] JWT token validated. IsAuthenticated=true
2026-05-11 14:18:38.830 -08:00 [INF] MediatR handling started GetUsersQuery
2026-05-11 14:18:38.867 -08:00 [INF] Access policy check started for users:read
2026-05-11 14:18:38.902 -08:00 [INF] Access policy evaluation for users:read. UserId=790c2c93-d8e6-4b61-8a11-e4190a1c0805, Roles=[Admin], ActiveRules=6, SubjectMatched=1, ResourceActionMatched=1, Allows=1, Denies=0, Decision=Allowed
2026-05-11 14:18:38.932 -08:00 [INF] Access policy query filter started for users:read
2026-05-11 14:18:38.958 -08:00 [INF] Access policy query filter for users:read. UserId=790c2c93-d8e6-4b61-8a11-e4190a1c0805, Roles=[Admin], ActiveRules=6, SubjectMatched=1, ResourceActionMatched=1, Allows=1, Denies=0
2026-05-11 14:18:39.081 -08:00 [INF] MediatR handling completed GetUsersQuery in 251 ms
2026-05-11 14:18:39.094 -08:00 [INF] HTTP GET /api/Users completed with 200 in 317 ms (0HNLFLCUCJ8QQ:00000027)
2026-05-11 14:18:43.077 -08:00 [INF] HTTP CONNECT /hubs/sessions completed with 200 in 9906 ms (0HNLFLCUCJ8QR:00000003)
2026-05-11 14:18:43.275 -08:00 [INF] Authorization header exists: true
2026-05-11 14:18:43.278 -08:00 [INF] JWT token validated. IsAuthenticated=true
2026-05-11 14:18:43.280 -08:00 [INF] HTTP POST /hubs/sessions/negotiate completed with 200 in 4 ms (0HNLFLCUCJ8QR:00000005)
2026-05-11 14:18:43.310 -08:00 [INF] Authorization header exists: true
2026-05-11 14:18:43.313 -08:00 [INF] JWT token validated. IsAuthenticated=true
2026-05-11 14:18:43.314 -08:00 [INF] MediatR handling started GetUsersQuery
2026-05-11 14:18:43.315 -08:00 [INF] Access policy check started for users:read
2026-05-11 14:18:43.317 -08:00 [INF] Access policy evaluation for users:read. UserId=790c2c93-d8e6-4b61-8a11-e4190a1c0805, Roles=[Admin], ActiveRules=6, SubjectMatched=1, ResourceActionMatched=1, Allows=1, Denies=0, Decision=Allowed
2026-05-11 14:18:43.320 -08:00 [INF] Access policy query filter started for users:read
2026-05-11 14:18:43.321 -08:00 [INF] Access policy query filter for users:read. UserId=790c2c93-d8e6-4b61-8a11-e4190a1c0805, Roles=[Admin], ActiveRules=6, SubjectMatched=1, ResourceActionMatched=1, Allows=1, Denies=0
2026-05-11 14:18:43.327 -08:00 [INF] MediatR handling completed GetUsersQuery in 12 ms
2026-05-11 14:18:43.328 -08:00 [INF] HTTP GET /api/Users completed with 200 in 18 ms (0HNLFLCUCJ8QQ:0000002B)
2026-05-11 14:18:43.569 -08:00 [INF] Authorization header exists: false
2026-05-11 14:18:43.572 -08:00 [INF] JWT token validated. IsAuthenticated=true
2026-05-11 14:19:02.377 -08:00 [INF] Authorization header exists: true
2026-05-11 14:19:02.377 -08:00 [INF] Authorization header exists: true
2026-05-11 14:19:02.377 -08:00 [INF] Authorization header exists: true
2026-05-11 14:19:02.378 -08:00 [INF] Authorization header exists: true
2026-05-11 14:19:02.379 -08:00 [INF] JWT token validated. IsAuthenticated=true
2026-05-11 14:19:02.381 -08:00 [INF] JWT token validated. IsAuthenticated=true
2026-05-11 14:19:02.381 -08:00 [INF] JWT token validated. IsAuthenticated=true
2026-05-11 14:19:02.382 -08:00 [INF] JWT token validated. IsAuthenticated=true
2026-05-11 14:19:02.382 -08:00 [INF] MediatR handling started ListAccessPoliciesQuery
2026-05-11 14:19:02.384 -08:00 [INF] MediatR handling started GetLogsQuery
2026-05-11 14:19:02.384 -08:00 [INF] Access policy check started for accessPolicies:read
2026-05-11 14:19:02.385 -08:00 [INF] MediatR handling started GetErrorLogsQuery
2026-05-11 14:19:02.386 -08:00 [INF] Access policy evaluation for accessPolicies:read. UserId=790c2c93-d8e6-4b61-8a11-e4190a1c0805, Roles=[Admin], ActiveRules=6, SubjectMatched=1, ResourceActionMatched=1, Allows=1, Denies=0, Decision=Allowed
2026-05-11 14:19:02.387 -08:00 [INF] Access policy check started for logs:read
2026-05-11 14:19:02.387 -08:00 [INF] Access policy check started for errorLogs:read
2026-05-11 14:19:02.390 -08:00 [INF] MediatR handling completed ListAccessPoliciesQuery in 7 ms
2026-05-11 14:19:02.391 -08:00 [INF] Access policy evaluation for errorLogs:read. UserId=790c2c93-d8e6-4b61-8a11-e4190a1c0805, Roles=[Admin], ActiveRules=6, SubjectMatched=1, ResourceActionMatched=1, Allows=1, Denies=0, Decision=Allowed
2026-05-11 14:19:02.390 -08:00 [INF] Access policy evaluation for logs:read. UserId=790c2c93-d8e6-4b61-8a11-e4190a1c0805, Roles=[Admin], ActiveRules=6, SubjectMatched=1, ResourceActionMatched=1, Allows=1, Denies=0, Decision=Allowed
2026-05-11 14:19:02.391 -08:00 [INF] HTTP GET /api/AccessPolicies completed with 200 in 14 ms (0HNLFLCUCJ8QQ:0000003B)
2026-05-11 14:19:02.393 -08:00 [INF] MediatR handling started GetUsersDashboardQuery
2026-05-11 14:19:02.400 -08:00 [INF] Access policy check started for users:read
2026-05-11 14:19:02.402 -08:00 [INF] Access policy evaluation for users:read. UserId=790c2c93-d8e6-4b61-8a11-e4190a1c0805, Roles=[Admin], ActiveRules=6, SubjectMatched=1, ResourceActionMatched=1, Allows=1, Denies=0, Decision=Allowed
2026-05-11 14:19:02.404 -08:00 [INF] Access policy query filter started for users:read
2026-05-11 14:19:02.406 -08:00 [INF] Access policy query filter for users:read. UserId=790c2c93-d8e6-4b61-8a11-e4190a1c0805, Roles=[Admin], ActiveRules=6, SubjectMatched=1, ResourceActionMatched=1, Allows=1, Denies=0
2026-05-11 14:19:02.407 -08:00 [INF] MediatR handling completed GetErrorLogsQuery in 22 ms
2026-05-11 14:19:02.409 -08:00 [INF] HTTP GET /api/error-logs completed with 200 in 32 ms (0HNLFLCUCJ8QQ:00000039)
2026-05-11 14:19:02.410 -08:00 [INF] MediatR handling completed GetLogsQuery in 25 ms
2026-05-11 14:19:02.412 -08:00 [INF] HTTP GET /api/Logs completed with 200 in 35 ms (0HNLFLCUCJ8QQ:00000037)
2026-05-11 14:19:02.459 -08:00 [INF] MediatR handling completed GetUsersDashboardQuery in 65 ms
2026-05-11 14:19:02.466 -08:00 [INF] HTTP GET /api/Users/dashboard completed with 200 in 88 ms (0HNLFLCUCJ8QQ:00000035)
2026-05-11 14:19:08.848 -08:00 [INF] Authorization header exists: true
2026-05-11 14:19:08.848 -08:00 [INF] Authorization header exists: true
2026-05-11 14:19:08.848 -08:00 [INF] Authorization header exists: true
2026-05-11 14:19:08.848 -08:00 [INF] Authorization header exists: true
2026-05-11 14:19:08.851 -08:00 [INF] JWT token validated. IsAuthenticated=true
2026-05-11 14:19:08.851 -08:00 [INF] JWT token validated. IsAuthenticated=true
2026-05-11 14:19:08.851 -08:00 [INF] JWT token validated. IsAuthenticated=true
2026-05-11 14:19:08.923 -08:00 [INF] MediatR handling started ListAccessPoliciesQuery
2026-05-11 14:19:08.924 -08:00 [INF] MediatR handling started GetLogsQuery
2026-05-11 14:19:08.924 -08:00 [INF] MediatR handling started GetUsersDashboardQuery
2026-05-11 14:19:08.925 -08:00 [INF] Access policy check started for accessPolicies:read
2026-05-11 14:19:08.925 -08:00 [INF] Access policy check started for logs:read
2026-05-11 14:19:08.925 -08:00 [INF] Access policy check started for users:read
2026-05-11 14:19:08.927 -08:00 [INF] Access policy evaluation for accessPolicies:read. UserId=790c2c93-d8e6-4b61-8a11-e4190a1c0805, Roles=[Admin], ActiveRules=6, SubjectMatched=1, ResourceActionMatched=1, Allows=1, Denies=0, Decision=Allowed
2026-05-11 14:19:08.927 -08:00 [INF] Access policy evaluation for logs:read. UserId=790c2c93-d8e6-4b61-8a11-e4190a1c0805, Roles=[Admin], ActiveRules=6, SubjectMatched=1, ResourceActionMatched=1, Allows=1, Denies=0, Decision=Allowed
2026-05-11 14:19:08.928 -08:00 [INF] Access policy evaluation for users:read. UserId=790c2c93-d8e6-4b61-8a11-e4190a1c0805, Roles=[Admin], ActiveRules=6, SubjectMatched=1, ResourceActionMatched=1, Allows=1, Denies=0, Decision=Allowed
2026-05-11 14:19:08.929 -08:00 [INF] MediatR handling completed ListAccessPoliciesQuery in 6 ms
2026-05-11 14:19:08.930 -08:00 [INF] JWT token validated. IsAuthenticated=true
2026-05-11 14:19:08.932 -08:00 [INF] Access policy query filter started for users:read
2026-05-11 14:19:08.933 -08:00 [INF] HTTP GET /api/AccessPolicies completed with 200 in 85 ms (0HNLFLCUCJ8QQ:0000004B)
2026-05-11 14:19:08.934 -08:00 [INF] MediatR handling started GetErrorLogsQuery
2026-05-11 14:19:08.934 -08:00 [INF] MediatR handling completed GetLogsQuery in 10 ms
2026-05-11 14:19:08.936 -08:00 [INF] Access policy check started for errorLogs:read
2026-05-11 14:19:08.937 -08:00 [INF] Access policy query filter for users:read. UserId=790c2c93-d8e6-4b61-8a11-e4190a1c0805, Roles=[Admin], ActiveRules=6, SubjectMatched=1, ResourceActionMatched=1, Allows=1, Denies=0
2026-05-11 14:19:08.937 -08:00 [INF] HTTP GET /api/Logs completed with 200 in 89 ms (0HNLFLCUCJ8QQ:00000045)
2026-05-11 14:19:08.938 -08:00 [INF] Access policy evaluation for errorLogs:read. UserId=790c2c93-d8e6-4b61-8a11-e4190a1c0805, Roles=[Admin], ActiveRules=6, SubjectMatched=1, ResourceActionMatched=1, Allows=1, Denies=0, Decision=Allowed
2026-05-11 14:19:08.944 -08:00 [INF] MediatR handling completed GetErrorLogsQuery in 10 ms
2026-05-11 14:19:08.946 -08:00 [INF] HTTP GET /api/error-logs completed with 200 in 97 ms (0HNLFLCUCJ8QQ:00000047)
2026-05-11 14:19:08.951 -08:00 [INF] MediatR handling completed GetUsersDashboardQuery in 26 ms
2026-05-11 14:19:08.952 -08:00 [INF] HTTP GET /api/Users/dashboard completed with 200 in 103 ms (0HNLFLCUCJ8QQ:00000049)
2026-05-11 14:19:19.229 -08:00 [INF] Authorization header exists: true
2026-05-11 14:19:19.231 -08:00 [INF] JWT token validated. IsAuthenticated=true
2026-05-11 14:19:19.234 -08:00 [INF] MediatR handling started GetUsersQuery
2026-05-11 14:19:19.239 -08:00 [INF] Access policy check started for users:read
2026-05-11 14:19:19.241 -08:00 [INF] Access policy evaluation for users:read. UserId=790c2c93-d8e6-4b61-8a11-e4190a1c0805, Roles=[Admin], ActiveRules=6, SubjectMatched=1, ResourceActionMatched=1, Allows=1, Denies=0, Decision=Allowed
2026-05-11 14:19:19.242 -08:00 [INF] Access policy query filter started for users:read
2026-05-11 14:19:19.244 -08:00 [INF] Access policy query filter for users:read. UserId=790c2c93-d8e6-4b61-8a11-e4190a1c0805, Roles=[Admin], ActiveRules=6, SubjectMatched=1, ResourceActionMatched=1, Allows=1, Denies=0
2026-05-11 14:19:19.248 -08:00 [INF] MediatR handling completed GetUsersQuery in 14 ms
2026-05-11 14:19:19.249 -08:00 [INF] HTTP GET /api/Users completed with 200 in 20 ms (0HNLFLCUCJ8QQ:0000004F)
2026-05-11 14:19:40.757 -08:00 [INF] Authorization header exists: false
2026-05-11 14:19:40.778 -08:00 [INF] MediatR handling started LoginCommand
2026-05-11 14:19:40.843 -08:00 [INF] MediatR handling completed LoginCommand in 64 ms
2026-05-11 14:19:40.846 -08:00 [INF] HTTP POST /api/Auth/login completed with 200 in 89 ms (0HNLFLCUCJ8QS:00000003)
2026-05-11 14:19:52.514 -08:00 [INF] Authorization header exists: false
2026-05-11 14:19:52.516 -08:00 [INF] MediatR handling started LoginCommand
2026-05-11 14:19:52.802 -08:00 [INF] MediatR handling completed LoginCommand in 286 ms
2026-05-11 14:19:52.805 -08:00 [INF] HTTP POST /api/Auth/login completed with 200 in 290 ms (0HNLFLCUCJ8QS:00000007)
2026-05-11 14:19:52.903 -08:00 [INF] Authorization header exists: true
2026-05-11 14:19:52.905 -08:00 [INF] JWT token validated. IsAuthenticated=true
2026-05-11 14:19:52.906 -08:00 [INF] HTTP POST /hubs/sessions/negotiate completed with 200 in 2 ms (0HNLFLCUCJ8QT:00000001)
2026-05-11 14:19:52.933 -08:00 [INF] Authorization header exists: true
2026-05-11 14:19:52.935 -08:00 [INF] JWT token validated. IsAuthenticated=true
2026-05-11 14:19:52.936 -08:00 [INF] MediatR handling started GetUsersQuery
2026-05-11 14:19:52.936 -08:00 [INF] Access policy check started for users:read
2026-05-11 14:19:52.938 -08:00 [INF] Access policy evaluation for users:read. UserId=d1ed8be4-9703-45f0-935f-3c39601b55e1, Roles=[inactive], ActiveRules=6, SubjectMatched=4, ResourceActionMatched=1, Allows=1, Denies=0, Decision=Allowed
2026-05-11 14:19:52.941 -08:00 [INF] Access policy query filter started for users:read
2026-05-11 14:19:52.942 -08:00 [INF] Access policy query filter for users:read. UserId=d1ed8be4-9703-45f0-935f-3c39601b55e1, Roles=[inactive], ActiveRules=6, SubjectMatched=4, ResourceActionMatched=1, Allows=1, Denies=0
2026-05-11 14:19:52.969 -08:00 [INF] MediatR handling completed GetUsersQuery in 33 ms
2026-05-11 14:19:52.971 -08:00 [INF] HTTP GET /api/Users completed with 200 in 37 ms (0HNLFLCUCJ8QS:0000000D)
2026-05-11 14:19:53.171 -08:00 [INF] Authorization header exists: false
2026-05-11 14:19:53.173 -08:00 [INF] JWT token validated. IsAuthenticated=true
2026-05-11 14:23:27.804 -08:00 [INF] Authorization header exists: true
2026-05-11 14:23:27.806 -08:00 [INF] JWT token validated. IsAuthenticated=true
2026-05-11 14:23:27.818 -08:00 [INF] MediatR handling started LogoutCommand
2026-05-11 14:23:27.838 -08:00 [INF] MediatR handling completed LogoutCommand in 20 ms
2026-05-11 14:23:27.840 -08:00 [INF] HTTP POST /api/Auth/logout completed with 204 in 35 ms (0HNLFLCUCJ8QS:00000011)
2026-05-11 14:23:27.851 -08:00 [INF] HTTP CONNECT /hubs/sessions completed with 200 in 214679 ms (0HNLFLCUCJ8QT:00000003)
2026-05-11 14:25:04.717 -08:00 [WRN] Sensitive data logging is enabled. Log entries and exception messages may include sensitive application data; this mode should only be enabled during development.
2026-05-11 14:25:05.523 -08:00 [INF] Admin wildcard access policy already exists
2026-05-11 14:25:05.710 -08:00 [INF] Now listening on: https://localhost:7259
2026-05-11 14:25:05.712 -08:00 [INF] Now listening on: http://localhost:5244
2026-05-11 14:25:05.759 -08:00 [INF] Application started. Press Ctrl+C to shut down.
2026-05-11 14:25:05.760 -08:00 [INF] Hosting environment: Development
2026-05-11 14:25:05.761 -08:00 [INF] Content root path: C:\PrivateProject\algo.bytes\src\algo.API
2026-05-11 14:25:09.363 -08:00 [INF] Authorization header exists: true
2026-05-11 14:25:09.485 -08:00 [INF] JWT token validated. IsAuthenticated=true
2026-05-11 14:25:09.560 -08:00 [INF] MediatR handling started GetUsersQuery
2026-05-11 14:25:09.640 -08:00 [ERR] MediatR handling failed GetUsersQuery after 80 ms
FluentValidation.ValidationException: Validation failed: 
 -- Pagination.PageSize: 'Pagination Page Size' must be between 1 and 100. You entered 200. Severity: Error
   at algo.Application.Behaviors.ValidationBehavior`2.Handle(TRequest request, RequestHandlerDelegate`1 next, CancellationToken cancellationToken) in C:\PrivateProject\algo.bytes\src\algo.Application\Behaviors\ValidationBehavior.cs:line 25
   at algo.Application.Behaviors.LoggingBehavior`2.Handle(TRequest request, RequestHandlerDelegate`1 next, CancellationToken cancellationToken) in C:\PrivateProject\algo.bytes\src\algo.Application\Behaviors\LoggingBehavior.cs:line 31
2026-05-11 14:25:09.763 -08:00 [INF] HTTP GET /api/Users completed with 400 in 441 ms (0HNLFLGKHO18C:00000003)
2026-05-11 14:25:13.021 -08:00 [INF] Authorization header exists: true
2026-05-11 14:25:13.037 -08:00 [INF] JWT token validated. IsAuthenticated=true
2026-05-11 14:25:13.044 -08:00 [INF] HTTP POST /hubs/sessions/negotiate completed with 200 in 23 ms (0HNLFLGKHO18D:00000001)
2026-05-11 14:25:13.046 -08:00 [INF] Authorization header exists: true
2026-05-11 14:25:13.050 -08:00 [INF] JWT token validated. IsAuthenticated=true
2026-05-11 14:25:13.054 -08:00 [INF] MediatR handling started GetUsersQuery
2026-05-11 14:25:13.065 -08:00 [INF] Access policy check started for users:read
2026-05-11 14:25:13.101 -08:00 [INF] Access policy evaluation for users:read. UserId=790c2c93-d8e6-4b61-8a11-e4190a1c0805, Roles=[Admin], ActiveRules=6, SubjectMatched=1, ResourceActionMatched=1, Allows=1, Denies=0, Decision=Allowed
2026-05-11 14:25:13.109 -08:00 [INF] Access policy query filter started for users:read
2026-05-11 14:25:13.114 -08:00 [INF] Access policy query filter for users:read. UserId=790c2c93-d8e6-4b61-8a11-e4190a1c0805, Roles=[Admin], ActiveRules=6, SubjectMatched=1, ResourceActionMatched=1, Allows=1, Denies=0
2026-05-11 14:25:13.313 -08:00 [INF] MediatR handling completed GetUsersQuery in 258 ms
2026-05-11 14:25:13.324 -08:00 [INF] Authorization header exists: false
2026-05-11 14:25:13.327 -08:00 [INF] JWT token validated. IsAuthenticated=true
2026-05-11 14:25:13.328 -08:00 [INF] HTTP GET /api/Users completed with 200 in 286 ms (0HNLFLGKHO18C:00000009)
2026-05-11 14:25:15.459 -08:00 [INF] Authorization header exists: true
2026-05-11 14:25:15.462 -08:00 [INF] JWT token validated. IsAuthenticated=true
2026-05-11 14:25:15.465 -08:00 [INF] MediatR handling started GetUsersQuery
2026-05-11 14:25:15.502 -08:00 [ERR] MediatR handling failed GetUsersQuery after 37 ms
FluentValidation.ValidationException: Validation failed: 
 -- Pagination.PageSize: 'Pagination Page Size' must be between 1 and 100. You entered 200. Severity: Error
   at algo.Application.Behaviors.ValidationBehavior`2.Handle(TRequest request, RequestHandlerDelegate`1 next, CancellationToken cancellationToken) in C:\PrivateProject\algo.bytes\src\algo.Application\Behaviors\ValidationBehavior.cs:line 25
   at algo.Application.Behaviors.LoggingBehavior`2.Handle(TRequest request, RequestHandlerDelegate`1 next, CancellationToken cancellationToken) in C:\PrivateProject\algo.bytes\src\algo.Application\Behaviors\LoggingBehavior.cs:line 31
2026-05-11 14:25:15.577 -08:00 [INF] HTTP GET /api/Users completed with 400 in 118 ms (0HNLFLGKHO18C:0000000D)
2026-05-11 14:25:22.691 -08:00 [INF] HTTP CONNECT /hubs/sessions completed with 200 in 9366 ms (0HNLFLGKHO18D:00000003)
2026-05-11 14:25:22.778 -08:00 [INF] Authorization header exists: true
2026-05-11 14:25:22.782 -08:00 [INF] JWT token validated. IsAuthenticated=true
2026-05-11 14:25:22.783 -08:00 [INF] HTTP POST /hubs/sessions/negotiate completed with 200 in 5 ms (0HNLFLGKHO18D:00000005)
2026-05-11 14:25:22.814 -08:00 [INF] Authorization header exists: true
2026-05-11 14:25:22.817 -08:00 [INF] JWT token validated. IsAuthenticated=true
2026-05-11 14:25:22.819 -08:00 [INF] MediatR handling started GetUsersQuery
2026-05-11 14:25:22.820 -08:00 [INF] Access policy check started for users:read
2026-05-11 14:25:22.823 -08:00 [INF] Access policy evaluation for users:read. UserId=790c2c93-d8e6-4b61-8a11-e4190a1c0805, Roles=[Admin], ActiveRules=6, SubjectMatched=1, ResourceActionMatched=1, Allows=1, Denies=0, Decision=Allowed
2026-05-11 14:25:22.826 -08:00 [INF] Access policy query filter started for users:read
2026-05-11 14:25:22.829 -08:00 [INF] Access policy query filter for users:read. UserId=790c2c93-d8e6-4b61-8a11-e4190a1c0805, Roles=[Admin], ActiveRules=6, SubjectMatched=1, ResourceActionMatched=1, Allows=1, Denies=0
2026-05-11 14:25:22.836 -08:00 [INF] MediatR handling completed GetUsersQuery in 17 ms
2026-05-11 14:25:22.838 -08:00 [INF] HTTP GET /api/Users completed with 200 in 24 ms (0HNLFLGKHO18C:00000013)
2026-05-11 14:25:23.054 -08:00 [INF] Authorization header exists: false
2026-05-11 14:25:23.060 -08:00 [INF] JWT token validated. IsAuthenticated=true
2026-05-11 14:25:37.500 -08:00 [INF] Authorization header exists: true
2026-05-11 14:25:37.503 -08:00 [INF] JWT token validated. IsAuthenticated=true
2026-05-11 14:25:37.504 -08:00 [INF] MediatR handling started GetUsersQuery
2026-05-11 14:25:37.546 -08:00 [ERR] MediatR handling failed GetUsersQuery after 41 ms
FluentValidation.ValidationException: Validation failed: 
 -- Pagination.PageSize: 'Pagination Page Size' must be between 1 and 100. You entered 200. Severity: Error
   at algo.Application.Behaviors.ValidationBehavior`2.Handle(TRequest request, RequestHandlerDelegate`1 next, CancellationToken cancellationToken) in C:\PrivateProject\algo.bytes\src\algo.Application\Behaviors\ValidationBehavior.cs:line 25
   at algo.Application.Behaviors.LoggingBehavior`2.Handle(TRequest request, RequestHandlerDelegate`1 next, CancellationToken cancellationToken) in C:\PrivateProject\algo.bytes\src\algo.Application\Behaviors\LoggingBehavior.cs:line 31
2026-05-11 14:25:37.617 -08:00 [INF] HTTP GET /api/Users completed with 400 in 116 ms (0HNLFLGKHO18C:00000017)
2026-05-11 14:28:34.310 -08:00 [INF] HTTP CONNECT /hubs/sessions completed with 200 in 191255 ms (0HNLFLGKHO18D:00000007)
2026-05-11 14:28:34.974 -08:00 [INF] Authorization header exists: true
2026-05-11 14:28:34.979 -08:00 [INF] JWT token validated. IsAuthenticated=true
2026-05-11 14:28:34.987 -08:00 [INF] HTTP POST /hubs/sessions/negotiate completed with 200 in 13 ms (0HNLFLGKHO18D:00000009)
2026-05-11 14:28:35.089 -08:00 [INF] Authorization header exists: true
2026-05-11 14:28:35.091 -08:00 [INF] JWT token validated. IsAuthenticated=true
2026-05-11 14:28:35.093 -08:00 [INF] MediatR handling started GetUsersQuery
2026-05-11 14:28:35.103 -08:00 [INF] Access policy check started for users:read
2026-05-11 14:28:35.106 -08:00 [INF] Access policy evaluation for users:read. UserId=790c2c93-d8e6-4b61-8a11-e4190a1c0805, Roles=[Admin], ActiveRules=6, SubjectMatched=1, ResourceActionMatched=1, Allows=1, Denies=0, Decision=Allowed
2026-05-11 14:28:35.109 -08:00 [INF] Access policy query filter started for users:read
2026-05-11 14:28:35.111 -08:00 [INF] Access policy query filter for users:read. UserId=790c2c93-d8e6-4b61-8a11-e4190a1c0805, Roles=[Admin], ActiveRules=6, SubjectMatched=1, ResourceActionMatched=1, Allows=1, Denies=0
2026-05-11 14:28:35.118 -08:00 [INF] MediatR handling completed GetUsersQuery in 24 ms
2026-05-11 14:28:35.119 -08:00 [INF] HTTP GET /api/Users completed with 200 in 29 ms (0HNLFLGKHO18C:0000001D)
2026-05-11 14:28:35.757 -08:00 [INF] Authorization header exists: false
2026-05-11 14:28:35.760 -08:00 [INF] JWT token validated. IsAuthenticated=true
2026-05-11 14:28:42.848 -08:00 [INF] HTTP CONNECT /hubs/sessions completed with 200 in 7091 ms (0HNLFLGKHO18D:0000000B)
2026-05-11 14:28:43.274 -08:00 [INF] Authorization header exists: true
2026-05-11 14:28:43.277 -08:00 [INF] JWT token validated. IsAuthenticated=true
2026-05-11 14:28:43.279 -08:00 [INF] HTTP POST /hubs/sessions/negotiate completed with 200 in 5 ms (0HNLFLGKHO18D:0000000D)
2026-05-11 14:28:43.374 -08:00 [INF] Authorization header exists: true
2026-05-11 14:28:43.376 -08:00 [INF] JWT token validated. IsAuthenticated=true
2026-05-11 14:28:43.378 -08:00 [INF] MediatR handling started GetUsersQuery
2026-05-11 14:28:43.379 -08:00 [INF] Access policy check started for users:read
2026-05-11 14:28:43.381 -08:00 [INF] Access policy evaluation for users:read. UserId=790c2c93-d8e6-4b61-8a11-e4190a1c0805, Roles=[Admin], ActiveRules=6, SubjectMatched=1, ResourceActionMatched=1, Allows=1, Denies=0, Decision=Allowed
2026-05-11 14:28:43.384 -08:00 [INF] Access policy query filter started for users:read
2026-05-11 14:28:43.387 -08:00 [INF] Access policy query filter for users:read. UserId=790c2c93-d8e6-4b61-8a11-e4190a1c0805, Roles=[Admin], ActiveRules=6, SubjectMatched=1, ResourceActionMatched=1, Allows=1, Denies=0
2026-05-11 14:28:43.394 -08:00 [INF] MediatR handling completed GetUsersQuery in 16 ms
2026-05-11 14:28:43.396 -08:00 [INF] HTTP GET /api/Users completed with 200 in 22 ms (0HNLFLGKHO18C:00000023)
2026-05-11 14:28:43.841 -08:00 [INF] Authorization header exists: false
2026-05-11 14:28:43.845 -08:00 [INF] JWT token validated. IsAuthenticated=true
2026-05-11 14:29:02.951 -08:00 [INF] HTTP CONNECT /hubs/sessions completed with 200 in 19109 ms (0HNLFLGKHO18D:0000000F)
2026-05-11 14:29:03.447 -08:00 [INF] Authorization header exists: true
2026-05-11 14:29:03.450 -08:00 [INF] JWT token validated. IsAuthenticated=true
2026-05-11 14:29:03.452 -08:00 [INF] HTTP POST /hubs/sessions/negotiate completed with 200 in 5 ms (0HNLFLGKHO18D:00000011)
2026-05-11 14:29:03.557 -08:00 [INF] Authorization header exists: true
2026-05-11 14:29:03.560 -08:00 [INF] JWT token validated. IsAuthenticated=true
2026-05-11 14:29:03.561 -08:00 [INF] MediatR handling started GetUsersQuery
2026-05-11 14:29:03.562 -08:00 [INF] Access policy check started for users:read
2026-05-11 14:29:03.564 -08:00 [INF] Access policy evaluation for users:read. UserId=790c2c93-d8e6-4b61-8a11-e4190a1c0805, Roles=[Admin], ActiveRules=6, SubjectMatched=1, ResourceActionMatched=1, Allows=1, Denies=0, Decision=Allowed
2026-05-11 14:29:03.568 -08:00 [INF] Access policy query filter started for users:read
2026-05-11 14:29:03.569 -08:00 [INF] Access policy query filter for users:read. UserId=790c2c93-d8e6-4b61-8a11-e4190a1c0805, Roles=[Admin], ActiveRules=6, SubjectMatched=1, ResourceActionMatched=1, Allows=1, Denies=0
2026-05-11 14:29:03.575 -08:00 [INF] MediatR handling completed GetUsersQuery in 14 ms
2026-05-11 14:29:03.576 -08:00 [INF] HTTP GET /api/Users completed with 200 in 19 ms (0HNLFLGKHO18C:00000029)
2026-05-11 14:29:04.114 -08:00 [INF] Authorization header exists: false
2026-05-11 14:29:04.118 -08:00 [INF] JWT token validated. IsAuthenticated=true
2026-05-11 14:29:37.186 -08:00 [INF] Authorization header exists: true
2026-05-11 14:29:37.189 -08:00 [INF] JWT token validated. IsAuthenticated=true
2026-05-11 14:29:37.190 -08:00 [INF] MediatR handling started GetUsersQuery
2026-05-11 14:29:37.191 -08:00 [INF] Access policy check started for users:read
2026-05-11 14:29:37.194 -08:00 [INF] Access policy evaluation for users:read. UserId=790c2c93-d8e6-4b61-8a11-e4190a1c0805, Roles=[Admin], ActiveRules=6, SubjectMatched=1, ResourceActionMatched=1, Allows=1, Denies=0, Decision=Allowed
2026-05-11 14:29:37.196 -08:00 [INF] Access policy query filter started for users:read
2026-05-11 14:29:37.199 -08:00 [INF] Access policy query filter for users:read. UserId=790c2c93-d8e6-4b61-8a11-e4190a1c0805, Roles=[Admin], ActiveRules=6, SubjectMatched=1, ResourceActionMatched=1, Allows=1, Denies=0
2026-05-11 14:29:37.205 -08:00 [INF] MediatR handling completed GetUsersQuery in 14 ms
2026-05-11 14:29:37.207 -08:00 [INF] HTTP GET /api/Users completed with 200 in 21 ms (0HNLFLGKHO18C:0000002D)
2026-05-11 14:29:37.306 -08:00 [ERR] Failed to invoke hub method 'LoadDirectChatHistory'.
Microsoft.AspNetCore.SignalR.HubException: User identity is missing.
   at algo.RealTime.SessionHub.LoadDirectChatHistory(String targetUserId) in C:\PrivateProject\algo.bytes\src\algo.RealTime\SessionHub.cs:line 78
   at Microsoft.AspNetCore.SignalR.Internal.DefaultHubDispatcher`1.ExecuteMethod(ObjectMethodExecutor methodExecutor, Hub hub, Object[] arguments)
   at Microsoft.AspNetCore.SignalR.Internal.DefaultHubDispatcher`1.<Invoke>g__ExecuteInvocation|22_0(DefaultHubDispatcher`1 dispatcher, ObjectMethodExecutor methodExecutor, THub hub, Object[] arguments, AsyncServiceScope scope, IHubActivator`1 hubActivator, HubConnectionContext connection, HubMethodInvocationMessage hubMethodInvocationMessage, Boolean isStreamCall)
2026-05-11 14:29:39.825 -08:00 [INF] HTTP CONNECT /hubs/sessions completed with 200 in 35710 ms (0HNLFLGKHO18D:00000013)
2026-05-11 14:29:40.242 -08:00 [INF] Authorization header exists: true
2026-05-11 14:29:40.245 -08:00 [INF] JWT token validated. IsAuthenticated=true
2026-05-11 14:29:40.247 -08:00 [INF] HTTP POST /hubs/sessions/negotiate completed with 200 in 5 ms (0HNLFLGKHO18D:00000015)
2026-05-11 14:29:40.306 -08:00 [INF] Authorization header exists: true
2026-05-11 14:29:40.309 -08:00 [INF] JWT token validated. IsAuthenticated=true
2026-05-11 14:29:40.311 -08:00 [INF] MediatR handling started GetUsersQuery
2026-05-11 14:29:40.312 -08:00 [INF] Access policy check started for users:read
2026-05-11 14:29:40.315 -08:00 [INF] Access policy evaluation for users:read. UserId=790c2c93-d8e6-4b61-8a11-e4190a1c0805, Roles=[Admin], ActiveRules=6, SubjectMatched=1, ResourceActionMatched=1, Allows=1, Denies=0, Decision=Allowed
2026-05-11 14:29:40.319 -08:00 [INF] Access policy query filter started for users:read
2026-05-11 14:29:40.321 -08:00 [INF] Access policy query filter for users:read. UserId=790c2c93-d8e6-4b61-8a11-e4190a1c0805, Roles=[Admin], ActiveRules=6, SubjectMatched=1, ResourceActionMatched=1, Allows=1, Denies=0
2026-05-11 14:29:40.333 -08:00 [INF] MediatR handling completed GetUsersQuery in 22 ms
2026-05-11 14:29:40.335 -08:00 [INF] HTTP GET /api/Users completed with 200 in 29 ms (0HNLFLGKHO18C:00000033)
2026-05-11 14:29:40.992 -08:00 [INF] Authorization header exists: false
2026-05-11 14:29:40.995 -08:00 [INF] JWT token validated. IsAuthenticated=true
2026-05-11 14:29:47.397 -08:00 [WRN] Sensitive data logging is enabled. Log entries and exception messages may include sensitive application data; this mode should only be enabled during development.
2026-05-11 14:29:48.132 -08:00 [INF] Admin wildcard access policy already exists
2026-05-11 14:29:48.354 -08:00 [INF] Now listening on: https://localhost:7259
2026-05-11 14:29:48.356 -08:00 [INF] Now listening on: http://localhost:5244
2026-05-11 14:29:48.407 -08:00 [INF] Application started. Press Ctrl+C to shut down.
2026-05-11 14:29:48.408 -08:00 [INF] Hosting environment: Development
2026-05-11 14:29:48.409 -08:00 [INF] Content root path: C:\PrivateProject\algo.bytes\src\algo.API
2026-05-11 14:29:48.559 -08:00 [INF] Authorization header exists: true
2026-05-11 14:29:48.701 -08:00 [INF] JWT token validated. IsAuthenticated=true
2026-05-11 14:29:48.713 -08:00 [INF] HTTP POST /hubs/sessions/negotiate completed with 200 in 227 ms (0HNLFLJ7O1IER:00000001)
2026-05-11 14:29:48.722 -08:00 [INF] Authorization header exists: false
2026-05-11 14:29:48.735 -08:00 [INF] JWT token validated. IsAuthenticated=true
2026-05-11 14:29:54.088 -08:00 [INF] HTTP CONNECT /hubs/sessions completed with 200 in 5366 ms (0HNLFLJ7O1IER:00000003)
2026-05-11 14:29:54.398 -08:00 [INF] Authorization header exists: true
2026-05-11 14:29:54.403 -08:00 [INF] JWT token validated. IsAuthenticated=true
2026-05-11 14:29:54.406 -08:00 [INF] HTTP POST /hubs/sessions/negotiate completed with 200 in 10 ms (0HNLFLJ7O1IER:00000005)
2026-05-11 14:29:54.448 -08:00 [INF] Authorization header exists: true
2026-05-11 14:29:54.453 -08:00 [INF] JWT token validated. IsAuthenticated=true
2026-05-11 14:29:54.539 -08:00 [INF] MediatR handling started GetUsersQuery
2026-05-11 14:29:54.569 -08:00 [INF] Access policy check started for users:read
2026-05-11 14:29:54.603 -08:00 [INF] Access policy evaluation for users:read. UserId=790c2c93-d8e6-4b61-8a11-e4190a1c0805, Roles=[Admin], ActiveRules=6, SubjectMatched=1, ResourceActionMatched=1, Allows=1, Denies=0, Decision=Allowed
2026-05-11 14:29:54.612 -08:00 [INF] Access policy query filter started for users:read
2026-05-11 14:29:54.617 -08:00 [INF] Access policy query filter for users:read. UserId=790c2c93-d8e6-4b61-8a11-e4190a1c0805, Roles=[Admin], ActiveRules=6, SubjectMatched=1, ResourceActionMatched=1, Allows=1, Denies=0
2026-05-11 14:29:54.751 -08:00 [INF] Authorization header exists: false
2026-05-11 14:29:54.794 -08:00 [INF] JWT token validated. IsAuthenticated=true
2026-05-11 14:29:54.843 -08:00 [INF] MediatR handling completed GetUsersQuery in 304 ms
2026-05-11 14:29:54.866 -08:00 [INF] HTTP GET /api/Users completed with 200 in 418 ms (0HNLFLJ7O1IEQ:00000007)
2026-05-11 14:29:56.324 -08:00 [INF] Authorization header exists: true
2026-05-11 14:29:56.328 -08:00 [INF] JWT token validated. IsAuthenticated=true
2026-05-11 14:29:56.332 -08:00 [INF] MediatR handling started GetUsersQuery
2026-05-11 14:29:56.334 -08:00 [INF] Access policy check started for users:read
2026-05-11 14:29:56.339 -08:00 [INF] Access policy evaluation for users:read. UserId=790c2c93-d8e6-4b61-8a11-e4190a1c0805, Roles=[Admin], ActiveRules=6, SubjectMatched=1, ResourceActionMatched=1, Allows=1, Denies=0, Decision=Allowed
2026-05-11 14:29:56.341 -08:00 [INF] Access policy query filter started for users:read
2026-05-11 14:29:56.344 -08:00 [INF] Access policy query filter for users:read. UserId=790c2c93-d8e6-4b61-8a11-e4190a1c0805, Roles=[Admin], ActiveRules=6, SubjectMatched=1, ResourceActionMatched=1, Allows=1, Denies=0
2026-05-11 14:29:56.356 -08:00 [INF] MediatR handling completed GetUsersQuery in 23 ms
2026-05-11 14:29:56.358 -08:00 [INF] HTTP GET /api/Users completed with 200 in 33 ms (0HNLFLJ7O1IEQ:0000000B)
2026-05-11 14:29:56.425 -08:00 [ERR] Failed to invoke hub method 'LoadDirectChatHistory'.
Microsoft.AspNetCore.SignalR.HubException: User identity is missing.
   at algo.RealTime.SessionHub.LoadDirectChatHistory(String targetUserId) in C:\PrivateProject\algo.bytes\src\algo.RealTime\SessionHub.cs:line 78
   at Microsoft.AspNetCore.SignalR.Internal.DefaultHubDispatcher`1.ExecuteMethod(ObjectMethodExecutor methodExecutor, Hub hub, Object[] arguments)
   at Microsoft.AspNetCore.SignalR.Internal.DefaultHubDispatcher`1.<Invoke>g__ExecuteInvocation|22_0(DefaultHubDispatcher`1 dispatcher, ObjectMethodExecutor methodExecutor, THub hub, Object[] arguments, AsyncServiceScope scope, IHubActivator`1 hubActivator, HubConnectionContext connection, HubMethodInvocationMessage hubMethodInvocationMessage, Boolean isStreamCall)
2026-05-11 14:30:06.397 -08:00 [ERR] Failed to invoke hub method 'LoadDirectChatHistory'.
Microsoft.AspNetCore.SignalR.HubException: User identity is missing.
   at algo.RealTime.SessionHub.LoadDirectChatHistory(String targetUserId) in C:\PrivateProject\algo.bytes\src\algo.RealTime\SessionHub.cs:line 78
   at Microsoft.AspNetCore.SignalR.Internal.DefaultHubDispatcher`1.ExecuteMethod(ObjectMethodExecutor methodExecutor, Hub hub, Object[] arguments)
   at Microsoft.AspNetCore.SignalR.Internal.DefaultHubDispatcher`1.<Invoke>g__ExecuteInvocation|22_0(DefaultHubDispatcher`1 dispatcher, ObjectMethodExecutor methodExecutor, THub hub, Object[] arguments, AsyncServiceScope scope, IHubActivator`1 hubActivator, HubConnectionContext connection, HubMethodInvocationMessage hubMethodInvocationMessage, Boolean isStreamCall)
2026-05-11 14:30:14.078 -08:00 [ERR] Failed to invoke hub method 'LoadDirectChatHistory'.
Microsoft.AspNetCore.SignalR.HubException: User identity is missing.
   at algo.RealTime.SessionHub.LoadDirectChatHistory(String targetUserId) in C:\PrivateProject\algo.bytes\src\algo.RealTime\SessionHub.cs:line 78
   at Microsoft.AspNetCore.SignalR.Internal.DefaultHubDispatcher`1.ExecuteMethod(ObjectMethodExecutor methodExecutor, Hub hub, Object[] arguments)
   at Microsoft.AspNetCore.SignalR.Internal.DefaultHubDispatcher`1.<Invoke>g__ExecuteInvocation|22_0(DefaultHubDispatcher`1 dispatcher, ObjectMethodExecutor methodExecutor, THub hub, Object[] arguments, AsyncServiceScope scope, IHubActivator`1 hubActivator, HubConnectionContext connection, HubMethodInvocationMessage hubMethodInvocationMessage, Boolean isStreamCall)
2026-05-11 14:30:14.479 -08:00 [ERR] Failed to invoke hub method 'LoadDirectChatHistory'.
Microsoft.AspNetCore.SignalR.HubException: User identity is missing.
   at algo.RealTime.SessionHub.LoadDirectChatHistory(String targetUserId) in C:\PrivateProject\algo.bytes\src\algo.RealTime\SessionHub.cs:line 78
   at Microsoft.AspNetCore.SignalR.Internal.DefaultHubDispatcher`1.ExecuteMethod(ObjectMethodExecutor methodExecutor, Hub hub, Object[] arguments)
   at Microsoft.AspNetCore.SignalR.Internal.DefaultHubDispatcher`1.<Invoke>g__ExecuteInvocation|22_0(DefaultHubDispatcher`1 dispatcher, ObjectMethodExecutor methodExecutor, THub hub, Object[] arguments, AsyncServiceScope scope, IHubActivator`1 hubActivator, HubConnectionContext connection, HubMethodInvocationMessage hubMethodInvocationMessage, Boolean isStreamCall)
2026-05-11 14:30:18.408 -08:00 [ERR] Failed to invoke hub method 'LoadDirectChatHistory'.
Microsoft.AspNetCore.SignalR.HubException: User identity is missing.
   at algo.RealTime.SessionHub.LoadDirectChatHistory(String targetUserId) in C:\PrivateProject\algo.bytes\src\algo.RealTime\SessionHub.cs:line 78
   at Microsoft.AspNetCore.SignalR.Internal.DefaultHubDispatcher`1.ExecuteMethod(ObjectMethodExecutor methodExecutor, Hub hub, Object[] arguments)
   at Microsoft.AspNetCore.SignalR.Internal.DefaultHubDispatcher`1.<Invoke>g__ExecuteInvocation|22_0(DefaultHubDispatcher`1 dispatcher, ObjectMethodExecutor methodExecutor, THub hub, Object[] arguments, AsyncServiceScope scope, IHubActivator`1 hubActivator, HubConnectionContext connection, HubMethodInvocationMessage hubMethodInvocationMessage, Boolean isStreamCall)
2026-05-11 14:30:19.252 -08:00 [ERR] Failed to invoke hub method 'LoadDirectChatHistory'.
Microsoft.AspNetCore.SignalR.HubException: User identity is missing.
   at algo.RealTime.SessionHub.LoadDirectChatHistory(String targetUserId) in C:\PrivateProject\algo.bytes\src\algo.RealTime\SessionHub.cs:line 78
   at Microsoft.AspNetCore.SignalR.Internal.DefaultHubDispatcher`1.ExecuteMethod(ObjectMethodExecutor methodExecutor, Hub hub, Object[] arguments)
   at Microsoft.AspNetCore.SignalR.Internal.DefaultHubDispatcher`1.<Invoke>g__ExecuteInvocation|22_0(DefaultHubDispatcher`1 dispatcher, ObjectMethodExecutor methodExecutor, THub hub, Object[] arguments, AsyncServiceScope scope, IHubActivator`1 hubActivator, HubConnectionContext connection, HubMethodInvocationMessage hubMethodInvocationMessage, Boolean isStreamCall)
2026-05-11 14:31:31.978 -08:00 [INF] HTTP CONNECT /hubs/sessions completed with 200 in 97226 ms (0HNLFLJ7O1IER:00000007)
2026-05-11 14:31:32.323 -08:00 [INF] Authorization header exists: true
2026-05-11 14:31:32.327 -08:00 [INF] JWT token validated. IsAuthenticated=true
2026-05-11 14:31:32.328 -08:00 [INF] HTTP POST /hubs/sessions/negotiate completed with 200 in 4 ms (0HNLFLJ7O1IER:00000009)
2026-05-11 14:31:32.368 -08:00 [INF] Authorization header exists: true
2026-05-11 14:31:32.370 -08:00 [INF] JWT token validated. IsAuthenticated=true
2026-05-11 14:31:32.374 -08:00 [INF] MediatR handling started GetUsersQuery
2026-05-11 14:31:32.382 -08:00 [INF] Access policy check started for users:read
2026-05-11 14:31:32.385 -08:00 [INF] Access policy evaluation for users:read. UserId=790c2c93-d8e6-4b61-8a11-e4190a1c0805, Roles=[Admin], ActiveRules=6, SubjectMatched=1, ResourceActionMatched=1, Allows=1, Denies=0, Decision=Allowed
2026-05-11 14:31:32.387 -08:00 [INF] Access policy query filter started for users:read
2026-05-11 14:31:32.389 -08:00 [INF] Access policy query filter for users:read. UserId=790c2c93-d8e6-4b61-8a11-e4190a1c0805, Roles=[Admin], ActiveRules=6, SubjectMatched=1, ResourceActionMatched=1, Allows=1, Denies=0
2026-05-11 14:31:32.395 -08:00 [INF] MediatR handling completed GetUsersQuery in 21 ms
2026-05-11 14:31:32.397 -08:00 [INF] HTTP GET /api/Users completed with 200 in 28 ms (0HNLFLJ7O1IEQ:00000011)
2026-05-11 14:31:32.676 -08:00 [INF] Authorization header exists: false
2026-05-11 14:31:32.679 -08:00 [INF] JWT token validated. IsAuthenticated=true
2026-05-11 14:31:33.570 -08:00 [INF] Authorization header exists: true
2026-05-11 14:31:33.573 -08:00 [INF] JWT token validated. IsAuthenticated=true
2026-05-11 14:31:33.575 -08:00 [INF] MediatR handling started GetUsersQuery
2026-05-11 14:31:33.575 -08:00 [INF] Access policy check started for users:read
2026-05-11 14:31:33.577 -08:00 [INF] Access policy evaluation for users:read. UserId=790c2c93-d8e6-4b61-8a11-e4190a1c0805, Roles=[Admin], ActiveRules=6, SubjectMatched=1, ResourceActionMatched=1, Allows=1, Denies=0, Decision=Allowed
2026-05-11 14:31:33.580 -08:00 [INF] Access policy query filter started for users:read
2026-05-11 14:31:33.582 -08:00 [INF] Access policy query filter for users:read. UserId=790c2c93-d8e6-4b61-8a11-e4190a1c0805, Roles=[Admin], ActiveRules=6, SubjectMatched=1, ResourceActionMatched=1, Allows=1, Denies=0
2026-05-11 14:31:33.588 -08:00 [INF] MediatR handling completed GetUsersQuery in 13 ms
2026-05-11 14:31:33.590 -08:00 [INF] HTTP GET /api/Users completed with 200 in 19 ms (0HNLFLJ7O1IEQ:00000015)
2026-05-11 14:31:33.655 -08:00 [ERR] Failed to invoke hub method 'LoadDirectChatHistory'.
Microsoft.AspNetCore.SignalR.HubException: User identity is missing.
   at algo.RealTime.SessionHub.LoadDirectChatHistory(String targetUserId) in C:\PrivateProject\algo.bytes\src\algo.RealTime\SessionHub.cs:line 78
   at Microsoft.AspNetCore.SignalR.Internal.DefaultHubDispatcher`1.ExecuteMethod(ObjectMethodExecutor methodExecutor, Hub hub, Object[] arguments)
   at Microsoft.AspNetCore.SignalR.Internal.DefaultHubDispatcher`1.<Invoke>g__ExecuteInvocation|22_0(DefaultHubDispatcher`1 dispatcher, ObjectMethodExecutor methodExecutor, THub hub, Object[] arguments, AsyncServiceScope scope, IHubActivator`1 hubActivator, HubConnectionContext connection, HubMethodInvocationMessage hubMethodInvocationMessage, Boolean isStreamCall)
2026-05-11 14:31:34.871 -08:00 [ERR] Failed to invoke hub method 'LoadDirectChatHistory'.
Microsoft.AspNetCore.SignalR.HubException: User identity is missing.
   at algo.RealTime.SessionHub.LoadDirectChatHistory(String targetUserId) in C:\PrivateProject\algo.bytes\src\algo.RealTime\SessionHub.cs:line 78
   at Microsoft.AspNetCore.SignalR.Internal.DefaultHubDispatcher`1.ExecuteMethod(ObjectMethodExecutor methodExecutor, Hub hub, Object[] arguments)
   at Microsoft.AspNetCore.SignalR.Internal.DefaultHubDispatcher`1.<Invoke>g__ExecuteInvocation|22_0(DefaultHubDispatcher`1 dispatcher, ObjectMethodExecutor methodExecutor, THub hub, Object[] arguments, AsyncServiceScope scope, IHubActivator`1 hubActivator, HubConnectionContext connection, HubMethodInvocationMessage hubMethodInvocationMessage, Boolean isStreamCall)
2026-05-11 14:31:44.215 -08:00 [WRN] Sensitive data logging is enabled. Log entries and exception messages may include sensitive application data; this mode should only be enabled during development.
2026-05-11 14:31:44.909 -08:00 [INF] Admin wildcard access policy already exists
2026-05-11 14:31:45.096 -08:00 [INF] Now listening on: https://localhost:7259
2026-05-11 14:31:45.099 -08:00 [INF] Now listening on: http://localhost:5244
2026-05-11 14:31:45.140 -08:00 [INF] Application started. Press Ctrl+C to shut down.
2026-05-11 14:31:45.141 -08:00 [INF] Hosting environment: Development
2026-05-11 14:31:45.142 -08:00 [INF] Content root path: C:\PrivateProject\algo.bytes\src\algo.API
2026-05-11 14:31:45.380 -08:00 [INF] Authorization header exists: true
2026-05-11 14:31:45.503 -08:00 [INF] JWT token validated. IsAuthenticated=true
2026-05-11 14:31:45.514 -08:00 [INF] HTTP POST /hubs/sessions/negotiate completed with 200 in 175 ms (0HNLFLKAIBIEH:00000001)
2026-05-11 14:31:45.524 -08:00 [INF] Authorization header exists: false
2026-05-11 14:31:45.536 -08:00 [INF] JWT token validated. IsAuthenticated=true
2026-05-11 14:31:53.691 -08:00 [INF] HTTP CONNECT /hubs/sessions completed with 200 in 8167 ms (0HNLFLKAIBIEH:00000003)
2026-05-11 14:31:54.010 -08:00 [INF] Authorization header exists: true
2026-05-11 14:31:54.014 -08:00 [INF] JWT token validated. IsAuthenticated=true
2026-05-11 14:31:54.017 -08:00 [INF] HTTP POST /hubs/sessions/negotiate completed with 200 in 9 ms (0HNLFLKAIBIEH:00000005)
2026-05-11 14:31:54.064 -08:00 [INF] Authorization header exists: true
2026-05-11 14:31:54.068 -08:00 [INF] JWT token validated. IsAuthenticated=true
2026-05-11 14:31:54.152 -08:00 [INF] MediatR handling started GetUsersQuery
2026-05-11 14:31:54.181 -08:00 [INF] Access policy check started for users:read
2026-05-11 14:31:54.215 -08:00 [INF] Access policy evaluation for users:read. UserId=790c2c93-d8e6-4b61-8a11-e4190a1c0805, Roles=[Admin], ActiveRules=6, SubjectMatched=1, ResourceActionMatched=1, Allows=1, Denies=0, Decision=Allowed
2026-05-11 14:31:54.226 -08:00 [INF] Access policy query filter started for users:read
2026-05-11 14:31:54.230 -08:00 [INF] Access policy query filter for users:read. UserId=790c2c93-d8e6-4b61-8a11-e4190a1c0805, Roles=[Admin], ActiveRules=6, SubjectMatched=1, ResourceActionMatched=1, Allows=1, Denies=0
2026-05-11 14:31:54.510 -08:00 [INF] MediatR handling completed GetUsersQuery in 358 ms
2026-05-11 14:31:54.539 -08:00 [INF] HTTP GET /api/Users completed with 200 in 474 ms (0HNLFLKAIBIEG:00000007)
2026-05-11 14:31:54.662 -08:00 [INF] Authorization header exists: false
2026-05-11 14:31:54.665 -08:00 [INF] JWT token validated. IsAuthenticated=true
2026-05-11 14:31:55.519 -08:00 [INF] Authorization header exists: true
2026-05-11 14:31:55.522 -08:00 [INF] JWT token validated. IsAuthenticated=true
2026-05-11 14:31:55.525 -08:00 [INF] MediatR handling started GetUsersQuery
2026-05-11 14:31:55.526 -08:00 [INF] Access policy check started for users:read
2026-05-11 14:31:55.529 -08:00 [INF] Access policy evaluation for users:read. UserId=790c2c93-d8e6-4b61-8a11-e4190a1c0805, Roles=[Admin], ActiveRules=6, SubjectMatched=1, ResourceActionMatched=1, Allows=1, Denies=0, Decision=Allowed
2026-05-11 14:31:55.532 -08:00 [INF] Access policy query filter started for users:read
2026-05-11 14:31:55.534 -08:00 [INF] Access policy query filter for users:read. UserId=790c2c93-d8e6-4b61-8a11-e4190a1c0805, Roles=[Admin], ActiveRules=6, SubjectMatched=1, ResourceActionMatched=1, Allows=1, Denies=0
2026-05-11 14:31:55.540 -08:00 [INF] MediatR handling completed GetUsersQuery in 15 ms
2026-05-11 14:31:55.542 -08:00 [INF] HTTP GET /api/Users completed with 200 in 23 ms (0HNLFLKAIBIEG:0000000B)
2026-05-11 14:31:56.907 -08:00 [INF] Authorization header exists: true
2026-05-11 14:31:56.910 -08:00 [INF] JWT token validated. IsAuthenticated=true
2026-05-11 14:31:56.918 -08:00 [INF] MediatR handling started GetRolesQuery
2026-05-11 14:31:56.921 -08:00 [INF] Access policy check started for roles:read
2026-05-11 14:31:56.923 -08:00 [INF] Access policy evaluation for roles:read. UserId=790c2c93-d8e6-4b61-8a11-e4190a1c0805, Roles=[Admin], ActiveRules=6, SubjectMatched=1, ResourceActionMatched=1, Allows=1, Denies=0, Decision=Allowed
2026-05-11 14:31:56.930 -08:00 [INF] MediatR handling completed GetRolesQuery in 12 ms
2026-05-11 14:31:56.935 -08:00 [INF] HTTP GET /api/Roles completed with 200 in 28 ms (0HNLFLKAIBIEG:0000000F)
2026-05-11 14:31:57.824 -08:00 [INF] Authorization header exists: true
2026-05-11 14:31:57.827 -08:00 [INF] JWT token validated. IsAuthenticated=true
2026-05-11 14:31:57.831 -08:00 [INF] MediatR handling started GetUsersQuery
2026-05-11 14:31:57.840 -08:00 [INF] Access policy check started for users:read
2026-05-11 14:31:57.842 -08:00 [INF] Access policy evaluation for users:read. UserId=790c2c93-d8e6-4b61-8a11-e4190a1c0805, Roles=[Admin], ActiveRules=6, SubjectMatched=1, ResourceActionMatched=1, Allows=1, Denies=0, Decision=Allowed
2026-05-11 14:31:57.845 -08:00 [INF] Access policy query filter started for users:read
2026-05-11 14:31:57.846 -08:00 [INF] Access policy query filter for users:read. UserId=790c2c93-d8e6-4b61-8a11-e4190a1c0805, Roles=[Admin], ActiveRules=6, SubjectMatched=1, ResourceActionMatched=1, Allows=1, Denies=0
2026-05-11 14:31:57.852 -08:00 [INF] MediatR handling completed GetUsersQuery in 21 ms
2026-05-11 14:31:57.853 -08:00 [INF] HTTP GET /api/Users completed with 200 in 28 ms (0HNLFLKAIBIEG:00000011)
2026-05-11 14:32:08.529 -08:00 [INF] Authorization header exists: false
2026-05-11 14:32:08.551 -08:00 [INF] MediatR handling started LoginCommand
2026-05-11 14:32:08.613 -08:00 [INF] MediatR handling completed LoginCommand in 61 ms
2026-05-11 14:32:08.616 -08:00 [INF] HTTP POST /api/Auth/login completed with 200 in 87 ms (0HNLFLKAIBIEI:00000003)
2026-05-11 14:32:16.865 -08:00 [INF] Authorization header exists: false
2026-05-11 14:32:16.866 -08:00 [INF] MediatR handling started LoginCommand
2026-05-11 14:32:17.166 -08:00 [INF] MediatR handling completed LoginCommand in 299 ms
2026-05-11 14:32:17.169 -08:00 [INF] HTTP POST /api/Auth/login completed with 200 in 303 ms (0HNLFLKAIBIEI:00000007)
2026-05-11 14:32:17.265 -08:00 [INF] Authorization header exists: true
2026-05-11 14:32:17.268 -08:00 [INF] JWT token validated. IsAuthenticated=true
2026-05-11 14:32:17.269 -08:00 [INF] HTTP POST /hubs/sessions/negotiate completed with 200 in 4 ms (0HNLFLKAIBIEJ:00000001)
2026-05-11 14:32:17.293 -08:00 [INF] Authorization header exists: true
2026-05-11 14:32:17.296 -08:00 [INF] JWT token validated. IsAuthenticated=true
2026-05-11 14:32:17.297 -08:00 [INF] MediatR handling started GetUsersQuery
2026-05-11 14:32:17.298 -08:00 [INF] Access policy check started for users:read
2026-05-11 14:32:17.300 -08:00 [INF] Access policy evaluation for users:read. UserId=d1ed8be4-9703-45f0-935f-3c39601b55e1, Roles=[inactive], ActiveRules=6, SubjectMatched=4, ResourceActionMatched=1, Allows=1, Denies=0, Decision=Allowed
2026-05-11 14:32:17.302 -08:00 [INF] Access policy query filter started for users:read
2026-05-11 14:32:17.305 -08:00 [INF] Access policy query filter for users:read. UserId=d1ed8be4-9703-45f0-935f-3c39601b55e1, Roles=[inactive], ActiveRules=6, SubjectMatched=4, ResourceActionMatched=1, Allows=1, Denies=0
2026-05-11 14:32:17.333 -08:00 [INF] MediatR handling completed GetUsersQuery in 35 ms
2026-05-11 14:32:17.335 -08:00 [INF] HTTP GET /api/Users completed with 200 in 42 ms (0HNLFLKAIBIEI:0000000D)
2026-05-11 14:32:17.512 -08:00 [INF] Authorization header exists: false
2026-05-11 14:32:17.549 -08:00 [INF] JWT token validated. IsAuthenticated=true
2026-05-11 14:32:19.118 -08:00 [INF] Authorization header exists: true
2026-05-11 14:32:19.122 -08:00 [INF] JWT token validated. IsAuthenticated=true
2026-05-11 14:32:19.123 -08:00 [INF] MediatR handling started GetUsersQuery
2026-05-11 14:32:19.123 -08:00 [INF] Access policy check started for users:read
2026-05-11 14:32:19.125 -08:00 [INF] Access policy evaluation for users:read. UserId=d1ed8be4-9703-45f0-935f-3c39601b55e1, Roles=[inactive], ActiveRules=6, SubjectMatched=4, ResourceActionMatched=1, Allows=1, Denies=0, Decision=Allowed
2026-05-11 14:32:19.127 -08:00 [INF] Access policy query filter started for users:read
2026-05-11 14:32:19.129 -08:00 [INF] Access policy query filter for users:read. UserId=d1ed8be4-9703-45f0-935f-3c39601b55e1, Roles=[inactive], ActiveRules=6, SubjectMatched=4, ResourceActionMatched=1, Allows=1, Denies=0
2026-05-11 14:32:19.134 -08:00 [INF] MediatR handling completed GetUsersQuery in 11 ms
2026-05-11 14:32:19.135 -08:00 [INF] HTTP GET /api/Users completed with 200 in 16 ms (0HNLFLKAIBIEI:00000011)
2026-05-11 14:32:27.964 -08:00 [INF] HTTP CONNECT /hubs/sessions completed with 200 in 10451 ms (0HNLFLKAIBIEJ:00000003)
2026-05-11 14:32:28.063 -08:00 [INF] Authorization header exists: true
2026-05-11 14:32:28.066 -08:00 [INF] JWT token validated. IsAuthenticated=true
2026-05-11 14:32:28.067 -08:00 [INF] HTTP POST /hubs/sessions/negotiate completed with 200 in 4 ms (0HNLFLKAIBIEJ:00000005)
2026-05-11 14:32:28.093 -08:00 [INF] Authorization header exists: true
2026-05-11 14:32:28.096 -08:00 [INF] JWT token validated. IsAuthenticated=true
2026-05-11 14:32:28.098 -08:00 [INF] MediatR handling started GetUsersQuery
2026-05-11 14:32:28.099 -08:00 [INF] Access policy check started for users:read
2026-05-11 14:32:28.101 -08:00 [INF] Access policy evaluation for users:read. UserId=d1ed8be4-9703-45f0-935f-3c39601b55e1, Roles=[inactive], ActiveRules=6, SubjectMatched=4, ResourceActionMatched=1, Allows=1, Denies=0, Decision=Allowed
2026-05-11 14:32:28.103 -08:00 [INF] Access policy query filter started for users:read
2026-05-11 14:32:28.106 -08:00 [INF] Access policy query filter for users:read. UserId=d1ed8be4-9703-45f0-935f-3c39601b55e1, Roles=[inactive], ActiveRules=6, SubjectMatched=4, ResourceActionMatched=1, Allows=1, Denies=0
2026-05-11 14:32:28.112 -08:00 [INF] MediatR handling completed GetUsersQuery in 13 ms
2026-05-11 14:32:28.113 -08:00 [INF] HTTP GET /api/Users completed with 200 in 19 ms (0HNLFLKAIBIEI:00000017)
2026-05-11 14:32:28.300 -08:00 [INF] Authorization header exists: false
2026-05-11 14:32:28.302 -08:00 [INF] JWT token validated. IsAuthenticated=true
2026-05-11 14:32:29.296 -08:00 [INF] Authorization header exists: true
2026-05-11 14:32:29.299 -08:00 [INF] JWT token validated. IsAuthenticated=true
2026-05-11 14:32:29.301 -08:00 [INF] MediatR handling started GetUsersQuery
2026-05-11 14:32:29.302 -08:00 [INF] Access policy check started for users:read
2026-05-11 14:32:29.304 -08:00 [INF] Access policy evaluation for users:read. UserId=d1ed8be4-9703-45f0-935f-3c39601b55e1, Roles=[inactive], ActiveRules=6, SubjectMatched=4, ResourceActionMatched=1, Allows=1, Denies=0, Decision=Allowed
2026-05-11 14:32:29.306 -08:00 [INF] Access policy query filter started for users:read
2026-05-11 14:32:29.308 -08:00 [INF] Access policy query filter for users:read. UserId=d1ed8be4-9703-45f0-935f-3c39601b55e1, Roles=[inactive], ActiveRules=6, SubjectMatched=4, ResourceActionMatched=1, Allows=1, Denies=0
2026-05-11 14:32:29.313 -08:00 [INF] MediatR handling completed GetUsersQuery in 12 ms
2026-05-11 14:32:29.314 -08:00 [INF] HTTP GET /api/Users completed with 200 in 18 ms (0HNLFLKAIBIEI:0000001B)
2026-05-11 14:32:39.886 -08:00 [INF] HTTP CONNECT /hubs/sessions completed with 200 in 11586 ms (0HNLFLKAIBIEJ:00000007)
2026-05-11 14:32:39.964 -08:00 [INF] Authorization header exists: true
2026-05-11 14:32:39.966 -08:00 [INF] JWT token validated. IsAuthenticated=true
2026-05-11 14:32:39.967 -08:00 [INF] HTTP POST /hubs/sessions/negotiate completed with 200 in 3 ms (0HNLFLKAIBIEJ:00000009)
2026-05-11 14:32:39.992 -08:00 [INF] Authorization header exists: true
2026-05-11 14:32:39.994 -08:00 [INF] JWT token validated. IsAuthenticated=true
2026-05-11 14:32:39.995 -08:00 [INF] MediatR handling started GetUsersQuery
2026-05-11 14:32:39.996 -08:00 [INF] Access policy check started for users:read
2026-05-11 14:32:39.998 -08:00 [INF] Access policy evaluation for users:read. UserId=d1ed8be4-9703-45f0-935f-3c39601b55e1, Roles=[inactive], ActiveRules=6, SubjectMatched=4, ResourceActionMatched=1, Allows=1, Denies=0, Decision=Allowed
2026-05-11 14:32:40.000 -08:00 [INF] Access policy query filter started for users:read
2026-05-11 14:32:40.002 -08:00 [INF] Access policy query filter for users:read. UserId=d1ed8be4-9703-45f0-935f-3c39601b55e1, Roles=[inactive], ActiveRules=6, SubjectMatched=4, ResourceActionMatched=1, Allows=1, Denies=0
2026-05-11 14:32:40.007 -08:00 [INF] MediatR handling completed GetUsersQuery in 11 ms
2026-05-11 14:32:40.008 -08:00 [INF] HTTP GET /api/Users completed with 200 in 16 ms (0HNLFLKAIBIEI:00000021)
2026-05-11 14:32:40.175 -08:00 [INF] Authorization header exists: false
2026-05-11 14:32:40.178 -08:00 [INF] JWT token validated. IsAuthenticated=true
2026-05-11 14:32:41.087 -08:00 [INF] Authorization header exists: true
2026-05-11 14:32:41.089 -08:00 [INF] JWT token validated. IsAuthenticated=true
2026-05-11 14:32:41.090 -08:00 [INF] MediatR handling started GetUsersQuery
2026-05-11 14:32:41.091 -08:00 [INF] Access policy check started for users:read
2026-05-11 14:32:41.092 -08:00 [INF] Access policy evaluation for users:read. UserId=d1ed8be4-9703-45f0-935f-3c39601b55e1, Roles=[inactive], ActiveRules=6, SubjectMatched=4, ResourceActionMatched=1, Allows=1, Denies=0, Decision=Allowed
2026-05-11 14:32:41.095 -08:00 [INF] Access policy query filter started for users:read
2026-05-11 14:32:41.096 -08:00 [INF] Access policy query filter for users:read. UserId=d1ed8be4-9703-45f0-935f-3c39601b55e1, Roles=[inactive], ActiveRules=6, SubjectMatched=4, ResourceActionMatched=1, Allows=1, Denies=0
2026-05-11 14:32:41.101 -08:00 [INF] MediatR handling completed GetUsersQuery in 10 ms
2026-05-11 14:32:41.102 -08:00 [INF] HTTP GET /api/Users completed with 200 in 15 ms (0HNLFLKAIBIEI:00000025)
2026-05-11 14:32:42.783 -08:00 [INF] Authorization header exists: true
2026-05-11 14:32:42.785 -08:00 [INF] JWT token validated. IsAuthenticated=true
2026-05-11 14:32:42.786 -08:00 [INF] MediatR handling started GetUsersQuery
2026-05-11 14:32:42.787 -08:00 [INF] Access policy check started for users:read
2026-05-11 14:32:42.788 -08:00 [INF] Access policy evaluation for users:read. UserId=d1ed8be4-9703-45f0-935f-3c39601b55e1, Roles=[inactive], ActiveRules=6, SubjectMatched=4, ResourceActionMatched=1, Allows=1, Denies=0, Decision=Allowed
2026-05-11 14:32:42.790 -08:00 [INF] Access policy query filter started for users:read
2026-05-11 14:32:42.792 -08:00 [INF] Access policy query filter for users:read. UserId=d1ed8be4-9703-45f0-935f-3c39601b55e1, Roles=[inactive], ActiveRules=6, SubjectMatched=4, ResourceActionMatched=1, Allows=1, Denies=0
2026-05-11 14:32:42.796 -08:00 [INF] MediatR handling completed GetUsersQuery in 10 ms
2026-05-11 14:32:42.797 -08:00 [INF] HTTP GET /api/Users completed with 200 in 14 ms (0HNLFLKAIBIEI:00000027)
2026-05-11 14:32:44.330 -08:00 [INF] Authorization header exists: true
2026-05-11 14:32:44.333 -08:00 [INF] JWT token validated. IsAuthenticated=true
2026-05-11 14:32:44.334 -08:00 [INF] MediatR handling started GetUsersQuery
2026-05-11 14:32:44.334 -08:00 [INF] Access policy check started for users:read
2026-05-11 14:32:44.336 -08:00 [INF] Access policy evaluation for users:read. UserId=d1ed8be4-9703-45f0-935f-3c39601b55e1, Roles=[inactive], ActiveRules=6, SubjectMatched=4, ResourceActionMatched=1, Allows=1, Denies=0, Decision=Allowed
2026-05-11 14:32:44.338 -08:00 [INF] Access policy query filter started for users:read
2026-05-11 14:32:44.339 -08:00 [INF] Access policy query filter for users:read. UserId=d1ed8be4-9703-45f0-935f-3c39601b55e1, Roles=[inactive], ActiveRules=6, SubjectMatched=4, ResourceActionMatched=1, Allows=1, Denies=0
2026-05-11 14:32:44.344 -08:00 [INF] MediatR handling completed GetUsersQuery in 10 ms
2026-05-11 14:32:44.345 -08:00 [INF] HTTP GET /api/Users completed with 200 in 14 ms (0HNLFLKAIBIEI:00000029)
2026-05-11 14:32:44.944 -08:00 [INF] Authorization header exists: true
2026-05-11 14:32:44.946 -08:00 [INF] JWT token validated. IsAuthenticated=true
2026-05-11 14:32:44.947 -08:00 [INF] MediatR handling started GetUsersQuery
2026-05-11 14:32:44.948 -08:00 [INF] Access policy check started for users:read
2026-05-11 14:32:44.951 -08:00 [INF] Access policy evaluation for users:read. UserId=d1ed8be4-9703-45f0-935f-3c39601b55e1, Roles=[inactive], ActiveRules=6, SubjectMatched=4, ResourceActionMatched=1, Allows=1, Denies=0, Decision=Allowed
2026-05-11 14:32:44.953 -08:00 [INF] Access policy query filter started for users:read
2026-05-11 14:32:44.956 -08:00 [INF] Access policy query filter for users:read. UserId=d1ed8be4-9703-45f0-935f-3c39601b55e1, Roles=[inactive], ActiveRules=6, SubjectMatched=4, ResourceActionMatched=1, Allows=1, Denies=0
2026-05-11 14:32:44.960 -08:00 [INF] MediatR handling completed GetUsersQuery in 12 ms
2026-05-11 14:32:44.961 -08:00 [INF] HTTP GET /api/Users completed with 200 in 17 ms (0HNLFLKAIBIEI:0000002B)
2026-05-11 14:32:47.291 -08:00 [INF] Authorization header exists: true
2026-05-11 14:32:47.293 -08:00 [INF] JWT token validated. IsAuthenticated=true
2026-05-11 14:32:47.294 -08:00 [INF] MediatR handling started GetUsersQuery
2026-05-11 14:32:47.294 -08:00 [INF] Access policy check started for users:read
2026-05-11 14:32:47.296 -08:00 [INF] Access policy evaluation for users:read. UserId=d1ed8be4-9703-45f0-935f-3c39601b55e1, Roles=[inactive], ActiveRules=6, SubjectMatched=4, ResourceActionMatched=1, Allows=1, Denies=0, Decision=Allowed
2026-05-11 14:32:47.298 -08:00 [INF] Access policy query filter started for users:read
2026-05-11 14:32:47.300 -08:00 [INF] Access policy query filter for users:read. UserId=d1ed8be4-9703-45f0-935f-3c39601b55e1, Roles=[inactive], ActiveRules=6, SubjectMatched=4, ResourceActionMatched=1, Allows=1, Denies=0
2026-05-11 14:32:47.304 -08:00 [INF] MediatR handling completed GetUsersQuery in 10 ms
2026-05-11 14:32:47.305 -08:00 [INF] HTTP GET /api/Users completed with 200 in 14 ms (0HNLFLKAIBIEI:0000002F)
2026-05-11 14:32:48.053 -08:00 [INF] Authorization header exists: true
2026-05-11 14:32:48.055 -08:00 [INF] JWT token validated. IsAuthenticated=true
2026-05-11 14:32:48.056 -08:00 [INF] MediatR handling started GetUsersQuery
2026-05-11 14:32:48.056 -08:00 [INF] Access policy check started for users:read
2026-05-11 14:32:48.058 -08:00 [INF] Access policy evaluation for users:read. UserId=d1ed8be4-9703-45f0-935f-3c39601b55e1, Roles=[inactive], ActiveRules=6, SubjectMatched=4, ResourceActionMatched=1, Allows=1, Denies=0, Decision=Allowed
2026-05-11 14:32:48.060 -08:00 [INF] Access policy query filter started for users:read
2026-05-11 14:32:48.061 -08:00 [INF] Access policy query filter for users:read. UserId=d1ed8be4-9703-45f0-935f-3c39601b55e1, Roles=[inactive], ActiveRules=6, SubjectMatched=4, ResourceActionMatched=1, Allows=1, Denies=0
2026-05-11 14:32:48.065 -08:00 [INF] MediatR handling completed GetUsersQuery in 9 ms
2026-05-11 14:32:48.067 -08:00 [INF] HTTP GET /api/Users completed with 200 in 13 ms (0HNLFLKAIBIEI:00000033)
2026-05-11 14:32:49.484 -08:00 [INF] Authorization header exists: true
2026-05-11 14:32:49.486 -08:00 [INF] JWT token validated. IsAuthenticated=true
2026-05-11 14:32:49.488 -08:00 [INF] MediatR handling started GetUsersQuery
2026-05-11 14:32:49.488 -08:00 [INF] Access policy check started for users:read
2026-05-11 14:32:49.490 -08:00 [INF] Access policy evaluation for users:read. UserId=d1ed8be4-9703-45f0-935f-3c39601b55e1, Roles=[inactive], ActiveRules=6, SubjectMatched=4, ResourceActionMatched=1, Allows=1, Denies=0, Decision=Allowed
2026-05-11 14:32:49.492 -08:00 [INF] Access policy query filter started for users:read
2026-05-11 14:32:49.493 -08:00 [INF] Access policy query filter for users:read. UserId=d1ed8be4-9703-45f0-935f-3c39601b55e1, Roles=[inactive], ActiveRules=6, SubjectMatched=4, ResourceActionMatched=1, Allows=1, Denies=0
2026-05-11 14:32:49.498 -08:00 [INF] MediatR handling completed GetUsersQuery in 10 ms
2026-05-11 14:32:49.499 -08:00 [INF] HTTP GET /api/Users completed with 200 in 14 ms (0HNLFLKAIBIEI:00000035)
2026-05-11 14:32:52.405 -08:00 [INF] Authorization header exists: true
2026-05-11 14:32:52.407 -08:00 [INF] JWT token validated. IsAuthenticated=true
2026-05-11 14:32:52.408 -08:00 [INF] MediatR handling started GetUsersQuery
2026-05-11 14:32:52.409 -08:00 [INF] Access policy check started for users:read
2026-05-11 14:32:52.410 -08:00 [INF] Access policy evaluation for users:read. UserId=d1ed8be4-9703-45f0-935f-3c39601b55e1, Roles=[inactive], ActiveRules=6, SubjectMatched=4, ResourceActionMatched=1, Allows=1, Denies=0, Decision=Allowed
2026-05-11 14:32:52.412 -08:00 [INF] Access policy query filter started for users:read
2026-05-11 14:32:52.414 -08:00 [INF] Access policy query filter for users:read. UserId=d1ed8be4-9703-45f0-935f-3c39601b55e1, Roles=[inactive], ActiveRules=6, SubjectMatched=4, ResourceActionMatched=1, Allows=1, Denies=0
2026-05-11 14:32:52.418 -08:00 [INF] MediatR handling completed GetUsersQuery in 9 ms
2026-05-11 14:32:52.419 -08:00 [INF] HTTP GET /api/Users completed with 200 in 13 ms (0HNLFLKAIBIEI:00000037)
2026-05-11 14:32:56.138 -08:00 [INF] Authorization header exists: true
2026-05-11 14:32:56.140 -08:00 [INF] JWT token validated. IsAuthenticated=true
2026-05-11 14:32:56.140 -08:00 [INF] MediatR handling started GetUsersQuery
2026-05-11 14:32:56.141 -08:00 [INF] Access policy check started for users:read
2026-05-11 14:32:56.143 -08:00 [INF] Access policy evaluation for users:read. UserId=d1ed8be4-9703-45f0-935f-3c39601b55e1, Roles=[inactive], ActiveRules=6, SubjectMatched=4, ResourceActionMatched=1, Allows=1, Denies=0, Decision=Allowed
2026-05-11 14:32:56.144 -08:00 [INF] Access policy query filter started for users:read
2026-05-11 14:32:56.146 -08:00 [INF] Access policy query filter for users:read. UserId=d1ed8be4-9703-45f0-935f-3c39601b55e1, Roles=[inactive], ActiveRules=6, SubjectMatched=4, ResourceActionMatched=1, Allows=1, Denies=0
2026-05-11 14:32:56.151 -08:00 [INF] MediatR handling completed GetUsersQuery in 10 ms
2026-05-11 14:32:56.152 -08:00 [INF] HTTP GET /api/Users completed with 200 in 13 ms (0HNLFLKAIBIEI:0000003B)
2026-05-11 14:32:58.420 -08:00 [INF] Authorization header exists: true
2026-05-11 14:32:58.422 -08:00 [INF] JWT token validated. IsAuthenticated=true
2026-05-11 14:32:58.423 -08:00 [INF] MediatR handling started GetUsersQuery
2026-05-11 14:32:58.424 -08:00 [INF] Access policy check started for users:read
2026-05-11 14:32:58.425 -08:00 [INF] Access policy evaluation for users:read. UserId=d1ed8be4-9703-45f0-935f-3c39601b55e1, Roles=[inactive], ActiveRules=6, SubjectMatched=4, ResourceActionMatched=1, Allows=1, Denies=0, Decision=Allowed
2026-05-11 14:32:58.427 -08:00 [INF] Access policy query filter started for users:read
2026-05-11 14:32:58.429 -08:00 [INF] Access policy query filter for users:read. UserId=d1ed8be4-9703-45f0-935f-3c39601b55e1, Roles=[inactive], ActiveRules=6, SubjectMatched=4, ResourceActionMatched=1, Allows=1, Denies=0
2026-05-11 14:32:58.434 -08:00 [INF] MediatR handling completed GetUsersQuery in 10 ms
2026-05-11 14:32:58.435 -08:00 [INF] HTTP GET /api/Users completed with 200 in 15 ms (0HNLFLKAIBIEI:0000003F)
2026-05-11 14:33:02.501 -08:00 [INF] Authorization header exists: true
2026-05-11 14:33:02.503 -08:00 [INF] JWT token validated. IsAuthenticated=true
2026-05-11 14:33:02.504 -08:00 [INF] MediatR handling started GetUsersQuery
2026-05-11 14:33:02.505 -08:00 [INF] Access policy check started for users:read
2026-05-11 14:33:02.506 -08:00 [INF] Access policy evaluation for users:read. UserId=d1ed8be4-9703-45f0-935f-3c39601b55e1, Roles=[inactive], ActiveRules=6, SubjectMatched=4, ResourceActionMatched=1, Allows=1, Denies=0, Decision=Allowed
2026-05-11 14:33:02.509 -08:00 [INF] Access policy query filter started for users:read
2026-05-11 14:33:02.511 -08:00 [INF] Access policy query filter for users:read. UserId=d1ed8be4-9703-45f0-935f-3c39601b55e1, Roles=[inactive], ActiveRules=6, SubjectMatched=4, ResourceActionMatched=1, Allows=1, Denies=0
2026-05-11 14:33:02.516 -08:00 [INF] MediatR handling completed GetUsersQuery in 12 ms
2026-05-11 14:33:02.517 -08:00 [INF] HTTP GET /api/Users completed with 200 in 16 ms (0HNLFLKAIBIEI:00000043)
2026-05-11 14:33:33.347 -08:00 [INF] Authorization header exists: true
2026-05-11 14:33:33.360 -08:00 [INF] JWT token validated. IsAuthenticated=true
2026-05-11 14:33:33.377 -08:00 [INF] MediatR handling started GetRolesQuery
2026-05-11 14:33:33.378 -08:00 [INF] Access policy check started for roles:read
2026-05-11 14:33:33.381 -08:00 [INF] Access policy evaluation for roles:read. UserId=790c2c93-d8e6-4b61-8a11-e4190a1c0805, Roles=[Admin], ActiveRules=6, SubjectMatched=1, ResourceActionMatched=1, Allows=1, Denies=0, Decision=Allowed
2026-05-11 14:33:33.385 -08:00 [INF] MediatR handling completed GetRolesQuery in 8 ms
2026-05-11 14:33:33.387 -08:00 [INF] HTTP GET /api/Roles completed with 200 in 40 ms (0HNLFLKAIBIEG:00000015)
2026-05-11 14:33:34.091 -08:00 [INF] Authorization header exists: true
2026-05-11 14:33:34.091 -08:00 [INF] Authorization header exists: true
2026-05-11 14:33:34.093 -08:00 [INF] JWT token validated. IsAuthenticated=true
2026-05-11 14:33:34.149 -08:00 [INF] MediatR handling started ListAccessPoliciesQuery
2026-05-11 14:33:34.150 -08:00 [INF] JWT token validated. IsAuthenticated=true
2026-05-11 14:33:34.152 -08:00 [INF] Access policy check started for accessPolicies:read
2026-05-11 14:33:34.153 -08:00 [INF] Access policy evaluation for accessPolicies:read. UserId=790c2c93-d8e6-4b61-8a11-e4190a1c0805, Roles=[Admin], ActiveRules=6, SubjectMatched=1, ResourceActionMatched=1, Allows=1, Denies=0, Decision=Allowed
2026-05-11 14:33:34.158 -08:00 [INF] MediatR handling started GetAccessPolicyOptionsQuery
2026-05-11 14:33:34.160 -08:00 [INF] Access policy check started for accessPolicies:read
2026-05-11 14:33:34.164 -08:00 [INF] Access policy evaluation for accessPolicies:read. UserId=790c2c93-d8e6-4b61-8a11-e4190a1c0805, Roles=[Admin], ActiveRules=6, SubjectMatched=1, ResourceActionMatched=1, Allows=1, Denies=0, Decision=Allowed
2026-05-11 14:33:34.164 -08:00 [INF] MediatR handling completed ListAccessPoliciesQuery in 14 ms
2026-05-11 14:33:34.178 -08:00 [INF] MediatR handling completed GetAccessPolicyOptionsQuery in 20 ms
2026-05-11 14:33:34.178 -08:00 [INF] HTTP GET /api/AccessPolicies completed with 200 in 87 ms (0HNLFLKAIBIEG:0000001D)
2026-05-11 14:33:34.197 -08:00 [INF] HTTP GET /api/AccessPolicies/options completed with 200 in 105 ms (0HNLFLKAIBIEG:0000001B)
2026-05-11 14:34:01.239 -08:00 [INF] Authorization header exists: true
2026-05-11 14:34:01.241 -08:00 [INF] JWT token validated. IsAuthenticated=true
2026-05-11 14:34:01.251 -08:00 [INF] MediatR handling started ValidateAccessPolicyConditionCommand
2026-05-11 14:34:01.252 -08:00 [INF] MediatR handling completed ValidateAccessPolicyConditionCommand in 1 ms
2026-05-11 14:34:01.254 -08:00 [INF] HTTP POST /api/AccessPolicies/validate-condition completed with 200 in 14 ms (0HNLFLKAIBIEG:00000021)
2026-05-11 14:34:01.271 -08:00 [INF] Authorization header exists: true
2026-05-11 14:34:01.273 -08:00 [INF] JWT token validated. IsAuthenticated=true
2026-05-11 14:34:01.290 -08:00 [INF] MediatR handling started UpdateAccessPolicyCommand
2026-05-11 14:34:01.293 -08:00 [INF] Access policy check started for accessPolicies:update
2026-05-11 14:34:01.295 -08:00 [INF] Access policy evaluation for accessPolicies:update. UserId=790c2c93-d8e6-4b61-8a11-e4190a1c0805, Roles=[Admin], ActiveRules=6, SubjectMatched=1, ResourceActionMatched=1, Allows=1, Denies=0, Decision=Allowed
2026-05-11 14:34:01.355 -08:00 [INF] MediatR handling completed UpdateAccessPolicyCommand in 64 ms
2026-05-11 14:34:01.356 -08:00 [INF] HTTP PUT /api/AccessPolicies/ee495de8-6c6f-4ec0-bfd7-72bb729088b9 completed with 200 in 85 ms (0HNLFLKAIBIEG:00000025)
2026-05-11 14:34:01.364 -08:00 [INF] Authorization header exists: true
2026-05-11 14:34:01.366 -08:00 [INF] JWT token validated. IsAuthenticated=true
2026-05-11 14:34:01.367 -08:00 [INF] MediatR handling started ListAccessPoliciesQuery
2026-05-11 14:34:01.367 -08:00 [INF] Access policy check started for accessPolicies:read
2026-05-11 14:34:01.369 -08:00 [INF] Access policy evaluation for accessPolicies:read. UserId=790c2c93-d8e6-4b61-8a11-e4190a1c0805, Roles=[Admin], ActiveRules=6, SubjectMatched=1, ResourceActionMatched=1, Allows=1, Denies=0, Decision=Allowed
2026-05-11 14:34:01.372 -08:00 [INF] MediatR handling completed ListAccessPoliciesQuery in 4 ms
2026-05-11 14:34:01.373 -08:00 [INF] HTTP GET /api/AccessPolicies completed with 200 in 9 ms (0HNLFLKAIBIEG:00000029)
2026-05-11 14:34:05.640 -08:00 [INF] HTTP CONNECT /hubs/sessions completed with 200 in 85465 ms (0HNLFLKAIBIEJ:0000000B)
2026-05-11 14:34:05.718 -08:00 [INF] Authorization header exists: true
2026-05-11 14:34:05.721 -08:00 [INF] JWT token validated. IsAuthenticated=true
2026-05-11 14:34:05.722 -08:00 [INF] HTTP POST /hubs/sessions/negotiate completed with 200 in 3 ms (0HNLFLKAIBIEJ:0000000D)
2026-05-11 14:34:05.748 -08:00 [INF] Authorization header exists: true
2026-05-11 14:34:05.751 -08:00 [INF] JWT token validated. IsAuthenticated=true
2026-05-11 14:34:05.752 -08:00 [INF] MediatR handling started GetUsersQuery
2026-05-11 14:34:05.753 -08:00 [INF] Access policy check started for users:read
2026-05-11 14:34:05.755 -08:00 [INF] Access policy evaluation for users:read. UserId=d1ed8be4-9703-45f0-935f-3c39601b55e1, Roles=[inactive], ActiveRules=6, SubjectMatched=4, ResourceActionMatched=1, Allows=1, Denies=0, Decision=Allowed
2026-05-11 14:34:05.758 -08:00 [INF] Access policy query filter started for users:read
2026-05-11 14:34:05.759 -08:00 [INF] Access policy query filter for users:read. UserId=d1ed8be4-9703-45f0-935f-3c39601b55e1, Roles=[inactive], ActiveRules=6, SubjectMatched=4, ResourceActionMatched=1, Allows=1, Denies=0
2026-05-11 14:34:05.781 -08:00 [INF] MediatR handling completed GetUsersQuery in 28 ms
2026-05-11 14:34:05.782 -08:00 [INF] HTTP GET /api/Users completed with 200 in 33 ms (0HNLFLKAIBIEI:00000049)
2026-05-11 14:34:05.933 -08:00 [INF] Authorization header exists: false
2026-05-11 14:34:05.936 -08:00 [INF] JWT token validated. IsAuthenticated=true
2026-05-11 14:34:07.260 -08:00 [INF] Authorization header exists: true
2026-05-11 14:34:07.262 -08:00 [INF] JWT token validated. IsAuthenticated=true
2026-05-11 14:34:07.263 -08:00 [INF] MediatR handling started GetUsersQuery
2026-05-11 14:34:07.264 -08:00 [INF] Access policy check started for users:read
2026-05-11 14:34:07.265 -08:00 [INF] Access policy evaluation for users:read. UserId=d1ed8be4-9703-45f0-935f-3c39601b55e1, Roles=[inactive], ActiveRules=6, SubjectMatched=4, ResourceActionMatched=1, Allows=1, Denies=0, Decision=Allowed
2026-05-11 14:34:07.267 -08:00 [INF] Access policy query filter started for users:read
2026-05-11 14:34:07.269 -08:00 [INF] Access policy query filter for users:read. UserId=d1ed8be4-9703-45f0-935f-3c39601b55e1, Roles=[inactive], ActiveRules=6, SubjectMatched=4, ResourceActionMatched=1, Allows=1, Denies=0
2026-05-11 14:34:07.273 -08:00 [INF] MediatR handling completed GetUsersQuery in 10 ms
2026-05-11 14:34:07.274 -08:00 [INF] HTTP GET /api/Users completed with 200 in 14 ms (0HNLFLKAIBIEI:0000004D)
2026-05-11 14:34:18.001 -08:00 [INF] Authorization header exists: true
2026-05-11 14:34:18.003 -08:00 [INF] JWT token validated. IsAuthenticated=true
2026-05-11 14:34:18.005 -08:00 [INF] MediatR handling started GetUsersQuery
2026-05-11 14:34:18.006 -08:00 [INF] Access policy check started for users:read
2026-05-11 14:34:18.008 -08:00 [INF] Access policy evaluation for users:read. UserId=790c2c93-d8e6-4b61-8a11-e4190a1c0805, Roles=[Admin], ActiveRules=6, SubjectMatched=1, ResourceActionMatched=1, Allows=1, Denies=0, Decision=Allowed
2026-05-11 14:34:18.009 -08:00 [INF] Access policy query filter started for users:read
2026-05-11 14:34:18.011 -08:00 [INF] Access policy query filter for users:read. UserId=790c2c93-d8e6-4b61-8a11-e4190a1c0805, Roles=[Admin], ActiveRules=6, SubjectMatched=1, ResourceActionMatched=1, Allows=1, Denies=0
2026-05-11 14:34:18.016 -08:00 [INF] MediatR handling completed GetUsersQuery in 11 ms
2026-05-11 14:34:18.017 -08:00 [INF] HTTP GET /api/Users completed with 200 in 16 ms (0HNLFLKAIBIEG:0000002D)
2026-05-11 14:38:09.883 -08:00 [INF] HTTP CONNECT /hubs/sessions completed with 200 in 243950 ms (0HNLFLKAIBIEJ:0000000F)
2026-05-11 14:38:09.918 -08:00 [INF] HTTP CONNECT /hubs/sessions completed with 200 in 375256 ms (0HNLFLKAIBIEH:00000007)
2026-05-11 14:38:10.011 -08:00 [INF] Authorization header exists: true
2026-05-11 14:38:10.136 -08:00 [INF] Authorization header exists: true
2026-05-11 14:38:10.163 -08:00 [INF] JWT token validated. IsAuthenticated=true
2026-05-11 14:38:10.165 -08:00 [INF] HTTP POST /hubs/sessions/negotiate completed with 200 in 153 ms (0HNLFLKAIBIEJ:00000011)
2026-05-11 14:38:10.189 -08:00 [INF] JWT token validated. IsAuthenticated=true
2026-05-11 14:38:10.210 -08:00 [INF] MediatR handling started GetUsersQuery
2026-05-11 14:38:10.219 -08:00 [INF] Authorization header exists: true
2026-05-11 14:38:10.226 -08:00 [INF] Access policy check started for users:read
2026-05-11 14:38:10.248 -08:00 [INF] JWT token validated. IsAuthenticated=true
2026-05-11 14:38:10.265 -08:00 [INF] Access policy evaluation for users:read. UserId=d1ed8be4-9703-45f0-935f-3c39601b55e1, Roles=[inactive], ActiveRules=6, SubjectMatched=4, ResourceActionMatched=1, Allows=1, Denies=0, Decision=Allowed
2026-05-11 14:38:10.265 -08:00 [INF] HTTP POST /hubs/sessions/negotiate completed with 200 in 45 ms (0HNLFLKAIBIEH:00000009)
2026-05-11 14:38:10.270 -08:00 [INF] Access policy query filter started for users:read
2026-05-11 14:38:10.280 -08:00 [INF] Access policy query filter for users:read. UserId=d1ed8be4-9703-45f0-935f-3c39601b55e1, Roles=[inactive], ActiveRules=6, SubjectMatched=4, ResourceActionMatched=1, Allows=1, Denies=0
2026-05-11 14:38:10.305 -08:00 [INF] MediatR handling completed GetUsersQuery in 95 ms
2026-05-11 14:38:10.309 -08:00 [INF] HTTP GET /api/Users completed with 200 in 172 ms (0HNLFLKAIBIEI:00000053)
2026-05-11 14:38:10.310 -08:00 [INF] Authorization header exists: true
2026-05-11 14:38:10.317 -08:00 [INF] JWT token validated. IsAuthenticated=true
2026-05-11 14:38:10.321 -08:00 [INF] MediatR handling started GetUsersQuery
2026-05-11 14:38:10.322 -08:00 [INF] Access policy check started for users:read
2026-05-11 14:38:10.324 -08:00 [INF] Access policy evaluation for users:read. UserId=790c2c93-d8e6-4b61-8a11-e4190a1c0805, Roles=[Admin], ActiveRules=6, SubjectMatched=1, ResourceActionMatched=1, Allows=1, Denies=0, Decision=Allowed
2026-05-11 14:38:10.330 -08:00 [INF] Access policy query filter started for users:read
2026-05-11 14:38:10.333 -08:00 [INF] Access policy query filter for users:read. UserId=790c2c93-d8e6-4b61-8a11-e4190a1c0805, Roles=[Admin], ActiveRules=6, SubjectMatched=1, ResourceActionMatched=1, Allows=1, Denies=0
2026-05-11 14:38:10.346 -08:00 [INF] MediatR handling completed GetUsersQuery in 25 ms
2026-05-11 14:38:10.349 -08:00 [INF] HTTP GET /api/Users completed with 200 in 38 ms (0HNLFLKAIBIEG:00000033)
2026-05-11 14:38:10.537 -08:00 [INF] Authorization header exists: false
2026-05-11 14:38:10.540 -08:00 [INF] JWT token validated. IsAuthenticated=true
2026-05-11 14:38:10.787 -08:00 [INF] Authorization header exists: false
2026-05-11 14:38:10.789 -08:00 [INF] JWT token validated. IsAuthenticated=true
2026-05-11 14:38:57.648 -08:00 [INF] HTTP CONNECT /hubs/sessions completed with 200 in 47111 ms (0HNLFLKAIBIEJ:00000013)
2026-05-11 14:38:57.649 -08:00 [INF] HTTP CONNECT /hubs/sessions completed with 200 in 46862 ms (0HNLFLKAIBIEH:0000000B)
2026-05-11 14:38:57.722 -08:00 [INF] Authorization header exists: true
2026-05-11 14:38:57.724 -08:00 [INF] JWT token validated. IsAuthenticated=true
2026-05-11 14:38:57.725 -08:00 [INF] HTTP POST /hubs/sessions/negotiate completed with 200 in 3 ms (0HNLFLKAIBIEH:0000000D)
2026-05-11 14:38:57.767 -08:00 [INF] Authorization header exists: true
2026-05-11 14:38:57.770 -08:00 [INF] JWT token validated. IsAuthenticated=true
2026-05-11 14:38:57.772 -08:00 [INF] MediatR handling started GetUsersQuery
2026-05-11 14:38:57.773 -08:00 [INF] Access policy check started for users:read
2026-05-11 14:38:57.775 -08:00 [INF] Access policy evaluation for users:read. UserId=790c2c93-d8e6-4b61-8a11-e4190a1c0805, Roles=[Admin], ActiveRules=6, SubjectMatched=1, ResourceActionMatched=1, Allows=1, Denies=0, Decision=Allowed
2026-05-11 14:38:57.778 -08:00 [INF] Access policy query filter started for users:read
2026-05-11 14:38:57.780 -08:00 [INF] Access policy query filter for users:read. UserId=790c2c93-d8e6-4b61-8a11-e4190a1c0805, Roles=[Admin], ActiveRules=6, SubjectMatched=1, ResourceActionMatched=1, Allows=1, Denies=0
2026-05-11 14:38:57.787 -08:00 [INF] MediatR handling completed GetUsersQuery in 14 ms
2026-05-11 14:38:57.788 -08:00 [INF] HTTP GET /api/Users completed with 200 in 20 ms (0HNLFLKAIBIEG:00000039)
2026-05-11 14:38:58.077 -08:00 [INF] Authorization header exists: false
2026-05-11 14:38:58.079 -08:00 [INF] JWT token validated. IsAuthenticated=true
2026-05-11 14:39:05.392 -08:00 [INF] HTTP CONNECT /hubs/sessions completed with 200 in 7314 ms (0HNLFLKAIBIEH:0000000F)
2026-05-11 14:39:05.498 -08:00 [INF] Authorization header exists: true
2026-05-11 14:39:05.501 -08:00 [INF] JWT token validated. IsAuthenticated=true
2026-05-11 14:39:05.503 -08:00 [INF] HTTP POST /hubs/sessions/negotiate completed with 200 in 5 ms (0HNLFLKAIBIEJ:00000015)
2026-05-11 14:39:05.546 -08:00 [INF] Authorization header exists: true
2026-05-11 14:39:05.550 -08:00 [INF] JWT token validated. IsAuthenticated=true
2026-05-11 14:39:05.553 -08:00 [INF] MediatR handling started GetUsersQuery
2026-05-11 14:39:05.555 -08:00 [INF] Access policy check started for users:read
2026-05-11 14:39:05.559 -08:00 [INF] Access policy evaluation for users:read. UserId=d1ed8be4-9703-45f0-935f-3c39601b55e1, Roles=[inactive], ActiveRules=6, SubjectMatched=4, ResourceActionMatched=1, Allows=1, Denies=0, Decision=Allowed
2026-05-11 14:39:05.566 -08:00 [INF] Access policy query filter started for users:read
2026-05-11 14:39:05.569 -08:00 [INF] Access policy query filter for users:read. UserId=d1ed8be4-9703-45f0-935f-3c39601b55e1, Roles=[inactive], ActiveRules=6, SubjectMatched=4, ResourceActionMatched=1, Allows=1, Denies=0
2026-05-11 14:39:05.581 -08:00 [INF] MediatR handling completed GetUsersQuery in 27 ms
2026-05-11 14:39:05.584 -08:00 [INF] HTTP GET /api/Users completed with 200 in 38 ms (0HNLFLKAIBIEI:00000059)
2026-05-11 14:39:05.627 -08:00 [INF] Authorization header exists: true
2026-05-11 14:39:05.629 -08:00 [INF] JWT token validated. IsAuthenticated=true
2026-05-11 14:39:05.631 -08:00 [INF] HTTP POST /hubs/sessions/negotiate completed with 200 in 4 ms (0HNLFLKAIBIEH:00000011)
2026-05-11 14:39:05.671 -08:00 [INF] Authorization header exists: true
2026-05-11 14:39:05.675 -08:00 [INF] JWT token validated. IsAuthenticated=true
2026-05-11 14:39:05.676 -08:00 [INF] MediatR handling started GetUsersQuery
2026-05-11 14:39:05.677 -08:00 [INF] Access policy check started for users:read
2026-05-11 14:39:05.680 -08:00 [INF] Access policy evaluation for users:read. UserId=790c2c93-d8e6-4b61-8a11-e4190a1c0805, Roles=[Admin], ActiveRules=6, SubjectMatched=1, ResourceActionMatched=1, Allows=1, Denies=0, Decision=Allowed
2026-05-11 14:39:05.683 -08:00 [INF] Access policy query filter started for users:read
2026-05-11 14:39:05.685 -08:00 [INF] Access policy query filter for users:read. UserId=790c2c93-d8e6-4b61-8a11-e4190a1c0805, Roles=[Admin], ActiveRules=6, SubjectMatched=1, ResourceActionMatched=1, Allows=1, Denies=0
2026-05-11 14:39:05.691 -08:00 [INF] MediatR handling completed GetUsersQuery in 14 ms
2026-05-11 14:39:05.692 -08:00 [INF] HTTP GET /api/Users completed with 200 in 21 ms (0HNLFLKAIBIEG:0000003F)
2026-05-11 14:39:05.847 -08:00 [INF] Authorization header exists: false
2026-05-11 14:39:05.851 -08:00 [INF] JWT token validated. IsAuthenticated=true
2026-05-11 14:39:06.033 -08:00 [INF] Authorization header exists: false
2026-05-11 14:39:06.036 -08:00 [INF] JWT token validated. IsAuthenticated=true
2026-05-11 14:39:49.433 -08:00 [WRN] Sensitive data logging is enabled. Log entries and exception messages may include sensitive application data; this mode should only be enabled during development.
2026-05-11 14:39:50.469 -08:00 [INF] Admin wildcard access policy already exists
2026-05-11 14:39:50.700 -08:00 [INF] Now listening on: https://localhost:7259
2026-05-11 14:39:50.703 -08:00 [INF] Now listening on: http://localhost:5244
2026-05-11 14:39:50.955 -08:00 [INF] Application started. Press Ctrl+C to shut down.
2026-05-11 14:39:50.957 -08:00 [INF] Hosting environment: Development
2026-05-11 14:39:50.958 -08:00 [INF] Content root path: C:\PrivateProject\algo.bytes\src\algo.API
2026-05-11 14:39:51.130 -08:00 [INF] Authorization header exists: true
2026-05-11 14:39:51.130 -08:00 [INF] Authorization header exists: true
2026-05-11 14:39:51.314 -08:00 [INF] JWT token validated. IsAuthenticated=true
2026-05-11 14:39:51.316 -08:00 [INF] JWT token validated. IsAuthenticated=true
2026-05-11 14:39:51.330 -08:00 [INF] HTTP POST /hubs/sessions/negotiate completed with 200 in 257 ms (0HNLFLOR8CVAR:00000001)
2026-05-11 14:39:51.339 -08:00 [INF] Authorization header exists: false
2026-05-11 14:39:51.357 -08:00 [INF] JWT token validated. IsAuthenticated=true
2026-05-11 14:39:51.425 -08:00 [INF] MediatR handling started GetUsersQuery
2026-05-11 14:39:51.546 -08:00 [INF] Access policy check started for users:read
2026-05-11 14:39:51.590 -08:00 [INF] Access policy evaluation for users:read. UserId=790c2c93-d8e6-4b61-8a11-e4190a1c0805, Roles=[Admin], ActiveRules=6, SubjectMatched=1, ResourceActionMatched=1, Allows=1, Denies=0, Decision=Allowed
2026-05-11 14:39:51.601 -08:00 [INF] Access policy query filter started for users:read
2026-05-11 14:39:51.606 -08:00 [INF] Access policy query filter for users:read. UserId=790c2c93-d8e6-4b61-8a11-e4190a1c0805, Roles=[Admin], ActiveRules=6, SubjectMatched=1, ResourceActionMatched=1, Allows=1, Denies=0
2026-05-11 14:39:51.797 -08:00 [INF] MediatR handling completed GetUsersQuery in 371 ms
2026-05-11 14:39:51.817 -08:00 [INF] HTTP GET /api/Users completed with 200 in 745 ms (0HNLFLOR8CVAO:00000005)
2026-05-11 14:39:53.548 -08:00 [INF] Authorization header exists: true
2026-05-11 14:39:53.553 -08:00 [INF] JWT token validated. IsAuthenticated=true
2026-05-11 14:39:53.556 -08:00 [INF] HTTP POST /hubs/sessions/negotiate completed with 200 in 8 ms (0HNLFLOR8CVAT:00000001)
2026-05-11 14:39:53.575 -08:00 [INF] Authorization header exists: true
2026-05-11 14:39:53.579 -08:00 [INF] JWT token validated. IsAuthenticated=true
2026-05-11 14:39:53.584 -08:00 [INF] MediatR handling started GetUsersQuery
2026-05-11 14:39:53.587 -08:00 [INF] Access policy check started for users:read
2026-05-11 14:39:53.591 -08:00 [INF] Access policy evaluation for users:read. UserId=d1ed8be4-9703-45f0-935f-3c39601b55e1, Roles=[inactive], ActiveRules=6, SubjectMatched=4, ResourceActionMatched=1, Allows=1, Denies=0, Decision=Allowed
2026-05-11 14:39:53.595 -08:00 [INF] Access policy query filter started for users:read
2026-05-11 14:39:53.598 -08:00 [INF] Access policy query filter for users:read. UserId=d1ed8be4-9703-45f0-935f-3c39601b55e1, Roles=[inactive], ActiveRules=6, SubjectMatched=4, ResourceActionMatched=1, Allows=1, Denies=0
2026-05-11 14:39:53.638 -08:00 [INF] MediatR handling completed GetUsersQuery in 53 ms
2026-05-11 14:39:53.641 -08:00 [INF] HTTP GET /api/Users completed with 200 in 66 ms (0HNLFLOR8CVAS:00000005)
2026-05-11 14:39:53.806 -08:00 [INF] Authorization header exists: false
2026-05-11 14:39:53.810 -08:00 [INF] JWT token validated. IsAuthenticated=true
2026-05-11 14:39:55.204 -08:00 [INF] Authorization header exists: true
2026-05-11 14:39:55.206 -08:00 [INF] Authorization header exists: true
2026-05-11 14:39:55.208 -08:00 [INF] JWT token validated. IsAuthenticated=true
2026-05-11 14:39:55.210 -08:00 [INF] JWT token validated. IsAuthenticated=true
2026-05-11 14:39:55.212 -08:00 [INF] HTTP POST /hubs/sessions/negotiate completed with 200 in 5 ms (0HNLFLOR8CVAR:00000005)
2026-05-11 14:39:55.240 -08:00 [INF] MediatR handling started GetUsersQuery
2026-05-11 14:39:55.251 -08:00 [INF] Access policy check started for users:read
2026-05-11 14:39:55.255 -08:00 [INF] HTTP CONNECT /hubs/sessions completed with 200 in 3917 ms (0HNLFLOR8CVAR:00000003)
2026-05-11 14:39:55.256 -08:00 [INF] Access policy evaluation for users:read. UserId=790c2c93-d8e6-4b61-8a11-e4190a1c0805, Roles=[Admin], ActiveRules=6, SubjectMatched=1, ResourceActionMatched=1, Allows=1, Denies=0, Decision=Allowed
2026-05-11 14:39:55.262 -08:00 [INF] Access policy query filter started for users:read
2026-05-11 14:39:55.266 -08:00 [INF] Access policy query filter for users:read. UserId=790c2c93-d8e6-4b61-8a11-e4190a1c0805, Roles=[Admin], ActiveRules=6, SubjectMatched=1, ResourceActionMatched=1, Allows=1, Denies=0
2026-05-11 14:39:55.276 -08:00 [INF] MediatR handling completed GetUsersQuery in 36 ms
2026-05-11 14:39:55.279 -08:00 [INF] HTTP GET /api/Users completed with 200 in 75 ms (0HNLFLOR8CVAO:00000009)
2026-05-11 14:39:55.497 -08:00 [INF] Authorization header exists: false
2026-05-11 14:39:55.502 -08:00 [INF] JWT token validated. IsAuthenticated=true
2026-05-11 14:39:56.785 -08:00 [INF] Authorization header exists: true
2026-05-11 14:39:56.788 -08:00 [INF] JWT token validated. IsAuthenticated=true
2026-05-11 14:39:56.789 -08:00 [INF] MediatR handling started GetUsersQuery
2026-05-11 14:39:56.790 -08:00 [INF] Access policy check started for users:read
2026-05-11 14:39:56.793 -08:00 [INF] Access policy evaluation for users:read. UserId=790c2c93-d8e6-4b61-8a11-e4190a1c0805, Roles=[Admin], ActiveRules=6, SubjectMatched=1, ResourceActionMatched=1, Allows=1, Denies=0, Decision=Allowed
2026-05-11 14:39:56.795 -08:00 [INF] Access policy query filter started for users:read
2026-05-11 14:39:56.797 -08:00 [INF] Access policy query filter for users:read. UserId=790c2c93-d8e6-4b61-8a11-e4190a1c0805, Roles=[Admin], ActiveRules=6, SubjectMatched=1, ResourceActionMatched=1, Allows=1, Denies=0
2026-05-11 14:39:56.802 -08:00 [INF] MediatR handling completed GetUsersQuery in 12 ms
2026-05-11 14:39:56.803 -08:00 [INF] HTTP GET /api/Users completed with 200 in 18 ms (0HNLFLOR8CVAO:0000000D)
2026-05-11 14:40:02.954 -08:00 [INF] Authorization header exists: true
2026-05-11 14:40:02.956 -08:00 [INF] JWT token validated. IsAuthenticated=true
2026-05-11 14:40:02.957 -08:00 [INF] MediatR handling started GetUsersQuery
2026-05-11 14:40:02.958 -08:00 [INF] Access policy check started for users:read
2026-05-11 14:40:02.961 -08:00 [INF] Access policy evaluation for users:read. UserId=d1ed8be4-9703-45f0-935f-3c39601b55e1, Roles=[inactive], ActiveRules=6, SubjectMatched=4, ResourceActionMatched=1, Allows=1, Denies=0, Decision=Allowed
2026-05-11 14:40:02.963 -08:00 [INF] Access policy query filter started for users:read
2026-05-11 14:40:02.964 -08:00 [INF] Access policy query filter for users:read. UserId=d1ed8be4-9703-45f0-935f-3c39601b55e1, Roles=[inactive], ActiveRules=6, SubjectMatched=4, ResourceActionMatched=1, Allows=1, Denies=0
2026-05-11 14:40:02.970 -08:00 [INF] MediatR handling completed GetUsersQuery in 12 ms
2026-05-11 14:40:02.971 -08:00 [INF] HTTP GET /api/Users completed with 200 in 17 ms (0HNLFLOR8CVAS:00000009)
2026-05-11 14:40:33.355 -08:00 [INF] Authorization header exists: true
2026-05-11 14:40:33.357 -08:00 [INF] JWT token validated. IsAuthenticated=true
2026-05-11 14:40:33.380 -08:00 [INF] MediatR handling started LogoutCommand
2026-05-11 14:40:33.523 -08:00 [INF] MediatR handling completed LogoutCommand in 143 ms
2026-05-11 14:40:33.525 -08:00 [INF] HTTP POST /api/Auth/logout completed with 204 in 170 ms (0HNLFLOR8CVAS:0000000D)
2026-05-11 14:40:33.531 -08:00 [INF] HTTP CONNECT /hubs/sessions completed with 200 in 39724 ms (0HNLFLOR8CVAT:00000003)
2026-05-11 14:40:42.125 -08:00 [INF] Authorization header exists: true
2026-05-11 14:40:42.125 -08:00 [INF] Authorization header exists: true
2026-05-11 14:40:42.125 -08:00 [INF] Authorization header exists: true
2026-05-11 14:40:42.126 -08:00 [INF] Authorization header exists: true
2026-05-11 14:40:42.129 -08:00 [INF] JWT token validated. IsAuthenticated=true
2026-05-11 14:40:42.130 -08:00 [INF] JWT token validated. IsAuthenticated=true
2026-05-11 14:40:42.131 -08:00 [INF] JWT token validated. IsAuthenticated=true
2026-05-11 14:40:42.160 -08:00 [INF] MediatR handling started ListAccessPoliciesQuery
2026-05-11 14:40:42.163 -08:00 [INF] Access policy check started for accessPolicies:read
2026-05-11 14:40:42.166 -08:00 [INF] JWT token validated. IsAuthenticated=true
2026-05-11 14:40:42.166 -08:00 [INF] Access policy evaluation for accessPolicies:read. UserId=790c2c93-d8e6-4b61-8a11-e4190a1c0805, Roles=[Admin], ActiveRules=6, SubjectMatched=1, ResourceActionMatched=1, Allows=1, Denies=0, Decision=Allowed
2026-05-11 14:40:42.175 -08:00 [INF] MediatR handling started GetUsersDashboardQuery
2026-05-11 14:40:42.176 -08:00 [INF] MediatR handling started GetErrorLogsQuery
2026-05-11 14:40:42.176 -08:00 [INF] MediatR handling started GetLogsQuery
2026-05-11 14:40:42.179 -08:00 [INF] MediatR handling completed ListAccessPoliciesQuery in 19 ms
2026-05-11 14:40:42.180 -08:00 [INF] Access policy check started for users:read
2026-05-11 14:40:42.183 -08:00 [INF] Access policy evaluation for users:read. UserId=790c2c93-d8e6-4b61-8a11-e4190a1c0805, Roles=[Admin], ActiveRules=6, SubjectMatched=1, ResourceActionMatched=1, Allows=1, Denies=0, Decision=Allowed
2026-05-11 14:40:42.186 -08:00 [INF] Access policy query filter started for users:read
2026-05-11 14:40:42.189 -08:00 [INF] Access policy check started for errorLogs:read
2026-05-11 14:40:42.189 -08:00 [INF] Access policy check started for logs:read
2026-05-11 14:40:42.191 -08:00 [INF] Access policy query filter for users:read. UserId=790c2c93-d8e6-4b61-8a11-e4190a1c0805, Roles=[Admin], ActiveRules=6, SubjectMatched=1, ResourceActionMatched=1, Allows=1, Denies=0
2026-05-11 14:40:42.191 -08:00 [INF] Access policy evaluation for errorLogs:read. UserId=790c2c93-d8e6-4b61-8a11-e4190a1c0805, Roles=[Admin], ActiveRules=6, SubjectMatched=1, ResourceActionMatched=1, Allows=1, Denies=0, Decision=Allowed
2026-05-11 14:40:42.194 -08:00 [INF] HTTP GET /api/AccessPolicies completed with 200 in 68 ms (0HNLFLOR8CVAO:0000001D)
2026-05-11 14:40:42.192 -08:00 [INF] Access policy evaluation for logs:read. UserId=790c2c93-d8e6-4b61-8a11-e4190a1c0805, Roles=[Admin], ActiveRules=6, SubjectMatched=1, ResourceActionMatched=1, Allows=1, Denies=0, Decision=Allowed
2026-05-11 14:40:42.317 -08:00 [INF] MediatR handling completed GetUsersDashboardQuery in 142 ms
2026-05-11 14:40:42.324 -08:00 [INF] HTTP GET /api/Users/dashboard completed with 200 in 198 ms (0HNLFLOR8CVAO:00000017)
2026-05-11 14:40:42.357 -08:00 [INF] MediatR handling completed GetLogsQuery in 181 ms
2026-05-11 14:40:42.357 -08:00 [INF] MediatR handling completed GetErrorLogsQuery in 181 ms
2026-05-11 14:40:42.375 -08:00 [INF] HTTP GET /api/Logs completed with 200 in 249 ms (0HNLFLOR8CVAO:00000019)
2026-05-11 14:40:42.375 -08:00 [INF] HTTP GET /api/error-logs completed with 200 in 249 ms (0HNLFLOR8CVAO:0000001B)
2026-05-11 14:40:44.178 -08:00 [INF] HTTP CONNECT /hubs/sessions completed with 200 in 48680 ms (0HNLFLOR8CVAR:00000007)
