2026-05-09 02:41:31.686 -08:00 [WRN] Sensitive data logging is enabled. Log entries and exception messages may include sensitive application data; this mode should only be enabled during development.
2026-05-09 02:41:32.615 -08:00 [INF] Admin wildcard access policy already exists
2026-05-09 02:41:32.888 -08:00 [INF] Now listening on: https://localhost:7259
2026-05-09 02:41:32.891 -08:00 [INF] Now listening on: http://localhost:5244
2026-05-09 02:41:32.946 -08:00 [INF] Application started. Press Ctrl+C to shut down.
2026-05-09 02:41:32.947 -08:00 [INF] Hosting environment: Development
2026-05-09 02:41:32.948 -08:00 [INF] Content root path: C:\PrivateProject\algo.bytes\src\algo.API
2026-05-09 02:41:33.433 -08:00 [INF] Authorization header exists: false
2026-05-09 02:41:33.501 -08:00 [INF] MediatR handling started LoginCommand
2026-05-09 02:41:33.989 -08:00 [INF] MediatR handling completed LoginCommand in 487 ms
2026-05-09 02:41:34.008 -08:00 [INF] HTTP POST /api/Auth/login completed with 200 in 624 ms (0HNLDMU4PORK3:00000003)
2026-05-09 02:41:34.101 -08:00 [INF] Authorization header exists: true
2026-05-09 02:41:34.101 -08:00 [INF] Authorization header exists: true
2026-05-09 02:41:34.101 -08:00 [INF] Authorization header exists: true
2026-05-09 02:41:34.101 -08:00 [INF] Authorization header exists: true
2026-05-09 02:41:34.154 -08:00 [INF] JWT token validated. IsAuthenticated=true
2026-05-09 02:41:34.154 -08:00 [INF] JWT token validated. IsAuthenticated=true
2026-05-09 02:41:34.154 -08:00 [INF] JWT token validated. IsAuthenticated=true
2026-05-09 02:41:34.154 -08:00 [INF] JWT token validated. IsAuthenticated=true
2026-05-09 02:41:34.169 -08:00 [INF] MediatR handling started GetUsersDashboardQuery
2026-05-09 02:41:34.169 -08:00 [INF] MediatR handling started ListAccessPoliciesQuery
2026-05-09 02:41:34.177 -08:00 [INF] Access policy check started for accessPolicies:read
2026-05-09 02:41:34.177 -08:00 [INF] Access policy check started for users:read
2026-05-09 02:41:34.204 -08:00 [INF] MediatR handling started GetErrorLogsQuery
2026-05-09 02:41:34.204 -08:00 [INF] MediatR handling started GetLogsQuery
2026-05-09 02:41:34.227 -08:00 [INF] Access policy evaluation for accessPolicies:read. UserId=790c2c93-d8e6-4b61-8a11-e4190a1c0805, Roles=[Admin], ActiveRules=3, SubjectMatched=1, ResourceActionMatched=1, Allows=1, Denies=0, Decision=Allowed
2026-05-09 02:41:34.242 -08:00 [INF] Access policy check started for logs:read
2026-05-09 02:41:34.243 -08:00 [INF] Access policy check started for errorLogs:read
2026-05-09 02:41:34.247 -08:00 [INF] Access policy evaluation for logs:read. UserId=790c2c93-d8e6-4b61-8a11-e4190a1c0805, Roles=[Admin], ActiveRules=3, SubjectMatched=1, ResourceActionMatched=1, Allows=1, Denies=0, Decision=Allowed
2026-05-09 02:41:34.251 -08:00 [INF] Access policy evaluation for errorLogs:read. UserId=790c2c93-d8e6-4b61-8a11-e4190a1c0805, Roles=[Admin], ActiveRules=3, SubjectMatched=1, ResourceActionMatched=1, Allows=1, Denies=0, Decision=Allowed
2026-05-09 02:41:34.299 -08:00 [INF] Access policy evaluation for users:read. UserId=790c2c93-d8e6-4b61-8a11-e4190a1c0805, Roles=[Admin], ActiveRules=3, SubjectMatched=1, ResourceActionMatched=1, Allows=1, Denies=0, Decision=Allowed
2026-05-09 02:41:34.301 -08:00 [INF] MediatR handling completed ListAccessPoliciesQuery in 131 ms
2026-05-09 02:41:34.310 -08:00 [INF] Access policy query filter started for users:read
2026-05-09 02:41:34.314 -08:00 [INF] Access policy query filter for users:read. UserId=790c2c93-d8e6-4b61-8a11-e4190a1c0805, Roles=[Admin], ActiveRules=3, SubjectMatched=1, ResourceActionMatched=1, Allows=1, Denies=0
2026-05-09 02:41:34.317 -08:00 [INF] HTTP GET /api/AccessPolicies completed with 200 in 217 ms (0HNLDMU4PORK3:00000013)
2026-05-09 02:41:34.406 -08:00 [INF] MediatR handling completed GetUsersDashboardQuery in 236 ms
2026-05-09 02:41:34.415 -08:00 [INF] HTTP GET /api/Users/dashboard completed with 200 in 314 ms (0HNLDMU4PORK3:00000011)
2026-05-09 02:41:34.433 -08:00 [INF] MediatR handling completed GetLogsQuery in 229 ms
2026-05-09 02:41:34.434 -08:00 [INF] MediatR handling completed GetErrorLogsQuery in 229 ms
2026-05-09 02:41:34.456 -08:00 [INF] HTTP GET /api/Logs completed with 200 in 355 ms (0HNLDMU4PORK3:0000000F)
2026-05-09 02:41:34.456 -08:00 [INF] HTTP GET /api/error-logs completed with 200 in 355 ms (0HNLDMU4PORK3:0000000D)
2026-05-09 02:41:38.740 -08:00 [INF] Authorization header exists: true
2026-05-09 02:41:38.740 -08:00 [INF] Authorization header exists: true
2026-05-09 02:41:38.740 -08:00 [INF] Authorization header exists: true
2026-05-09 02:41:38.740 -08:00 [INF] Authorization header exists: true
2026-05-09 02:41:38.742 -08:00 [INF] JWT token validated. IsAuthenticated=true
2026-05-09 02:41:38.742 -08:00 [INF] JWT token validated. IsAuthenticated=true
2026-05-09 02:41:38.743 -08:00 [INF] JWT token validated. IsAuthenticated=true
2026-05-09 02:41:38.744 -08:00 [INF] JWT token validated. IsAuthenticated=true
2026-05-09 02:41:38.748 -08:00 [INF] MediatR handling started ListAccessPoliciesQuery
2026-05-09 02:41:38.748 -08:00 [INF] MediatR handling started GetUsersDashboardQuery
2026-05-09 02:41:38.749 -08:00 [INF] MediatR handling started GetLogsQuery
2026-05-09 02:41:38.749 -08:00 [INF] MediatR handling started GetErrorLogsQuery
2026-05-09 02:41:38.750 -08:00 [INF] Access policy check started for accessPolicies:read
2026-05-09 02:41:38.750 -08:00 [INF] Access policy check started for users:read
2026-05-09 02:41:38.752 -08:00 [INF] Access policy check started for logs:read
2026-05-09 02:41:38.753 -08:00 [INF] Access policy check started for errorLogs:read
2026-05-09 02:41:38.757 -08:00 [INF] Access policy evaluation for accessPolicies:read. UserId=790c2c93-d8e6-4b61-8a11-e4190a1c0805, Roles=[Admin], ActiveRules=3, SubjectMatched=1, ResourceActionMatched=1, Allows=1, Denies=0, Decision=Allowed
2026-05-09 02:41:38.758 -08:00 [INF] Access policy evaluation for logs:read. UserId=790c2c93-d8e6-4b61-8a11-e4190a1c0805, Roles=[Admin], ActiveRules=3, SubjectMatched=1, ResourceActionMatched=1, Allows=1, Denies=0, Decision=Allowed
2026-05-09 02:41:38.759 -08:00 [INF] Access policy evaluation for users:read. UserId=790c2c93-d8e6-4b61-8a11-e4190a1c0805, Roles=[Admin], ActiveRules=3, SubjectMatched=1, ResourceActionMatched=1, Allows=1, Denies=0, Decision=Allowed
2026-05-09 02:41:38.760 -08:00 [INF] Access policy evaluation for errorLogs:read. UserId=790c2c93-d8e6-4b61-8a11-e4190a1c0805, Roles=[Admin], ActiveRules=3, SubjectMatched=1, ResourceActionMatched=1, Allows=1, Denies=0, Decision=Allowed
2026-05-09 02:41:38.763 -08:00 [INF] MediatR handling completed ListAccessPoliciesQuery in 15 ms
2026-05-09 02:41:38.769 -08:00 [INF] Access policy query filter started for users:read
2026-05-09 02:41:38.772 -08:00 [INF] MediatR handling completed GetLogsQuery in 22 ms
2026-05-09 02:41:38.775 -08:00 [INF] HTTP GET /api/AccessPolicies completed with 200 in 37 ms (0HNLDMU4PORK3:0000001B)
2026-05-09 02:41:38.777 -08:00 [INF] Access policy query filter for users:read. UserId=790c2c93-d8e6-4b61-8a11-e4190a1c0805, Roles=[Admin], ActiveRules=3, SubjectMatched=1, ResourceActionMatched=1, Allows=1, Denies=0
2026-05-09 02:41:38.778 -08:00 [INF] HTTP GET /api/Logs completed with 200 in 40 ms (0HNLDMU4PORK3:00000017)
2026-05-09 02:41:38.782 -08:00 [INF] MediatR handling completed GetErrorLogsQuery in 32 ms
2026-05-09 02:41:38.788 -08:00 [INF] HTTP GET /api/error-logs completed with 200 in 50 ms (0HNLDMU4PORK3:00000019)
2026-05-09 02:41:38.796 -08:00 [INF] MediatR handling completed GetUsersDashboardQuery in 47 ms
2026-05-09 02:41:38.797 -08:00 [INF] HTTP GET /api/Users/dashboard completed with 200 in 60 ms (0HNLDMU4PORK3:00000015)
2026-05-09 02:44:47.605 -08:00 [INF] Authorization header exists: true
2026-05-09 02:44:47.605 -08:00 [INF] Authorization header exists: true
2026-05-09 02:44:47.636 -08:00 [INF] JWT token validated. IsAuthenticated=true
2026-05-09 02:44:47.636 -08:00 [INF] JWT token validated. IsAuthenticated=true
2026-05-09 02:44:47.638 -08:00 [INF] Authorization header exists: true
2026-05-09 02:44:47.639 -08:00 [INF] JWT token validated. IsAuthenticated=true
2026-05-09 02:44:47.645 -08:00 [INF] MediatR handling started GetRolesQuery
2026-05-09 02:44:47.647 -08:00 [INF] Access policy check started for roles:read
2026-05-09 02:44:47.651 -08:00 [INF] Access policy evaluation for roles:read. UserId=790c2c93-d8e6-4b61-8a11-e4190a1c0805, Roles=[Admin], ActiveRules=3, SubjectMatched=1, ResourceActionMatched=1, Allows=1, Denies=0, Decision=Allowed
2026-05-09 02:44:47.655 -08:00 [INF] MediatR handling started GetUsersQuery
2026-05-09 02:44:47.655 -08:00 [INF] MediatR handling started GetUsersQuery
2026-05-09 02:44:47.659 -08:00 [INF] MediatR handling completed GetRolesQuery in 14 ms
2026-05-09 02:44:47.662 -08:00 [INF] HTTP GET /api/Roles completed with 200 in 56 ms (0HNLDMU4PORK4:00000007)
2026-05-09 02:44:47.665 -08:00 [INF] Access policy check started for users:read
2026-05-09 02:44:47.665 -08:00 [INF] Access policy check started for users:read
2026-05-09 02:44:47.669 -08:00 [INF] Access policy evaluation for users:read. UserId=790c2c93-d8e6-4b61-8a11-e4190a1c0805, Roles=[Admin], ActiveRules=3, SubjectMatched=1, ResourceActionMatched=1, Allows=1, Denies=0, Decision=Allowed
2026-05-09 02:44:47.670 -08:00 [INF] Access policy evaluation for users:read. UserId=790c2c93-d8e6-4b61-8a11-e4190a1c0805, Roles=[Admin], ActiveRules=3, SubjectMatched=1, ResourceActionMatched=1, Allows=1, Denies=0, Decision=Allowed
2026-05-09 02:44:47.672 -08:00 [INF] Access policy query filter started for users:read
2026-05-09 02:44:47.675 -08:00 [INF] Access policy query filter started for users:read
2026-05-09 02:44:47.677 -08:00 [INF] Access policy query filter for users:read. UserId=790c2c93-d8e6-4b61-8a11-e4190a1c0805, Roles=[Admin], ActiveRules=3, SubjectMatched=1, ResourceActionMatched=1, Allows=1, Denies=0
2026-05-09 02:44:47.678 -08:00 [INF] Access policy query filter for users:read. UserId=790c2c93-d8e6-4b61-8a11-e4190a1c0805, Roles=[Admin], ActiveRules=3, SubjectMatched=1, ResourceActionMatched=1, Allows=1, Denies=0
2026-05-09 02:44:47.729 -08:00 [INF] MediatR handling completed GetUsersQuery in 73 ms
2026-05-09 02:44:47.729 -08:00 [INF] MediatR handling completed GetUsersQuery in 73 ms
2026-05-09 02:44:47.736 -08:00 [INF] HTTP GET /api/Users completed with 200 in 131 ms (0HNLDMU4PORK4:00000005)
2026-05-09 02:44:47.736 -08:00 [INF] HTTP GET /api/Users completed with 200 in 98 ms (0HNLDMU4PORK4:0000000B)
2026-05-09 02:44:49.801 -08:00 [INF] Authorization header exists: true
2026-05-09 02:44:49.802 -08:00 [INF] JWT token validated. IsAuthenticated=true
2026-05-09 02:44:49.804 -08:00 [INF] MediatR handling started GetRolesQuery
2026-05-09 02:44:49.805 -08:00 [INF] Access policy check started for roles:read
2026-05-09 02:44:49.808 -08:00 [INF] Access policy evaluation for roles:read. UserId=790c2c93-d8e6-4b61-8a11-e4190a1c0805, Roles=[Admin], ActiveRules=3, SubjectMatched=1, ResourceActionMatched=1, Allows=1, Denies=0, Decision=Allowed
2026-05-09 02:44:49.812 -08:00 [INF] MediatR handling completed GetRolesQuery in 8 ms
2026-05-09 02:44:49.813 -08:00 [INF] HTTP GET /api/Roles completed with 200 in 12 ms (0HNLDMU4PORK4:0000000D)
2026-05-09 02:44:50.827 -08:00 [INF] Authorization header exists: true
2026-05-09 02:44:50.828 -08:00 [INF] Authorization header exists: true
2026-05-09 02:44:50.829 -08:00 [INF] Authorization header exists: true
2026-05-09 02:44:50.830 -08:00 [INF] JWT token validated. IsAuthenticated=true
2026-05-09 02:44:50.830 -08:00 [INF] JWT token validated. IsAuthenticated=true
2026-05-09 02:44:50.832 -08:00 [INF] MediatR handling started GetRolesQuery
2026-05-09 02:44:50.831 -08:00 [INF] JWT token validated. IsAuthenticated=true
2026-05-09 02:44:50.835 -08:00 [INF] MediatR handling started GetUsersQuery
2026-05-09 02:44:50.835 -08:00 [INF] MediatR handling started GetUsersQuery
2026-05-09 02:44:50.841 -08:00 [INF] Access policy check started for roles:read
2026-05-09 02:44:50.841 -08:00 [INF] Access policy check started for users:read
2026-05-09 02:44:50.841 -08:00 [INF] Access policy check started for users:read
2026-05-09 02:44:50.843 -08:00 [INF] Access policy evaluation for roles:read. UserId=790c2c93-d8e6-4b61-8a11-e4190a1c0805, Roles=[Admin], ActiveRules=3, SubjectMatched=1, ResourceActionMatched=1, Allows=1, Denies=0, Decision=Allowed
2026-05-09 02:44:50.844 -08:00 [INF] Access policy evaluation for users:read. UserId=790c2c93-d8e6-4b61-8a11-e4190a1c0805, Roles=[Admin], ActiveRules=3, SubjectMatched=1, ResourceActionMatched=1, Allows=1, Denies=0, Decision=Allowed
2026-05-09 02:44:50.845 -08:00 [INF] Access policy evaluation for users:read. UserId=790c2c93-d8e6-4b61-8a11-e4190a1c0805, Roles=[Admin], ActiveRules=3, SubjectMatched=1, ResourceActionMatched=1, Allows=1, Denies=0, Decision=Allowed
2026-05-09 02:44:50.847 -08:00 [INF] MediatR handling completed GetRolesQuery in 14 ms
2026-05-09 02:44:50.849 -08:00 [INF] Access policy query filter started for users:read
2026-05-09 02:44:50.852 -08:00 [INF] Access policy query filter started for users:read
2026-05-09 02:44:50.853 -08:00 [INF] HTTP GET /api/Roles completed with 200 in 25 ms (0HNLDMU4PORK4:0000000F)
2026-05-09 02:44:50.855 -08:00 [INF] Access policy query filter for users:read. UserId=790c2c93-d8e6-4b61-8a11-e4190a1c0805, Roles=[Admin], ActiveRules=3, SubjectMatched=1, ResourceActionMatched=1, Allows=1, Denies=0
2026-05-09 02:44:50.856 -08:00 [INF] Access policy query filter for users:read. UserId=790c2c93-d8e6-4b61-8a11-e4190a1c0805, Roles=[Admin], ActiveRules=3, SubjectMatched=1, ResourceActionMatched=1, Allows=1, Denies=0
2026-05-09 02:44:50.863 -08:00 [INF] MediatR handling completed GetUsersQuery in 27 ms
2026-05-09 02:44:50.865 -08:00 [INF] HTTP GET /api/Users completed with 200 in 36 ms (0HNLDMU4PORK4:00000011)
2026-05-09 02:44:50.866 -08:00 [INF] MediatR handling completed GetUsersQuery in 30 ms
2026-05-09 02:44:50.869 -08:00 [INF] HTTP GET /api/Users completed with 200 in 39 ms (0HNLDMU4PORK4:00000013)
2026-05-09 02:44:52.026 -08:00 [INF] Authorization header exists: true
2026-05-09 02:44:52.028 -08:00 [INF] JWT token validated. IsAuthenticated=true
2026-05-09 02:44:52.029 -08:00 [INF] MediatR handling started GetRolesQuery
2026-05-09 02:44:52.030 -08:00 [INF] Access policy check started for roles:read
2026-05-09 02:44:52.034 -08:00 [INF] Access policy evaluation for roles:read. UserId=790c2c93-d8e6-4b61-8a11-e4190a1c0805, Roles=[Admin], ActiveRules=3, SubjectMatched=1, ResourceActionMatched=1, Allows=1, Denies=0, Decision=Allowed
2026-05-09 02:44:52.038 -08:00 [INF] MediatR handling completed GetRolesQuery in 8 ms
2026-05-09 02:44:52.040 -08:00 [INF] HTTP GET /api/Roles completed with 200 in 14 ms (0HNLDMU4PORK4:00000015)
2026-05-09 02:44:53.370 -08:00 [INF] Authorization header exists: true
2026-05-09 02:44:53.370 -08:00 [INF] Authorization header exists: true
2026-05-09 02:44:53.370 -08:00 [INF] Authorization header exists: true
2026-05-09 02:44:53.370 -08:00 [INF] JWT token validated. IsAuthenticated=true
2026-05-09 02:44:53.371 -08:00 [INF] JWT token validated. IsAuthenticated=true
2026-05-09 02:44:53.372 -08:00 [INF] JWT token validated. IsAuthenticated=true
2026-05-09 02:44:53.373 -08:00 [INF] MediatR handling started GetUsersQuery
2026-05-09 02:44:53.373 -08:00 [INF] MediatR handling started GetUsersQuery
2026-05-09 02:44:53.373 -08:00 [INF] MediatR handling started GetRolesQuery
2026-05-09 02:44:53.374 -08:00 [INF] Access policy check started for users:read
2026-05-09 02:44:53.374 -08:00 [INF] Access policy check started for users:read
2026-05-09 02:44:53.375 -08:00 [INF] Access policy check started for roles:read
2026-05-09 02:44:53.377 -08:00 [INF] Access policy evaluation for users:read. UserId=790c2c93-d8e6-4b61-8a11-e4190a1c0805, Roles=[Admin], ActiveRules=3, SubjectMatched=1, ResourceActionMatched=1, Allows=1, Denies=0, Decision=Allowed
2026-05-09 02:44:53.378 -08:00 [INF] Access policy evaluation for users:read. UserId=790c2c93-d8e6-4b61-8a11-e4190a1c0805, Roles=[Admin], ActiveRules=3, SubjectMatched=1, ResourceActionMatched=1, Allows=1, Denies=0, Decision=Allowed
2026-05-09 02:44:53.379 -08:00 [INF] Access policy evaluation for roles:read. UserId=790c2c93-d8e6-4b61-8a11-e4190a1c0805, Roles=[Admin], ActiveRules=3, SubjectMatched=1, ResourceActionMatched=1, Allows=1, Denies=0, Decision=Allowed
2026-05-09 02:44:53.380 -08:00 [INF] Access policy query filter started for users:read
2026-05-09 02:44:53.381 -08:00 [INF] Access policy query filter started for users:read
2026-05-09 02:44:53.383 -08:00 [INF] MediatR handling completed GetRolesQuery in 10 ms
2026-05-09 02:44:53.384 -08:00 [INF] Access policy query filter for users:read. UserId=790c2c93-d8e6-4b61-8a11-e4190a1c0805, Roles=[Admin], ActiveRules=3, SubjectMatched=1, ResourceActionMatched=1, Allows=1, Denies=0
2026-05-09 02:44:53.384 -08:00 [INF] Access policy query filter for users:read. UserId=790c2c93-d8e6-4b61-8a11-e4190a1c0805, Roles=[Admin], ActiveRules=3, SubjectMatched=1, ResourceActionMatched=1, Allows=1, Denies=0
2026-05-09 02:44:53.385 -08:00 [INF] HTTP GET /api/Roles completed with 200 in 15 ms (0HNLDMU4PORK4:0000001D)
2026-05-09 02:44:53.389 -08:00 [INF] MediatR handling completed GetUsersQuery in 15 ms
2026-05-09 02:44:53.389 -08:00 [INF] MediatR handling completed GetUsersQuery in 16 ms
2026-05-09 02:44:53.390 -08:00 [INF] HTTP GET /api/Users completed with 200 in 20 ms (0HNLDMU4PORK4:00000021)
2026-05-09 02:44:53.392 -08:00 [INF] HTTP GET /api/Users completed with 200 in 22 ms (0HNLDMU4PORK4:0000001F)
2026-05-09 02:44:57.971 -08:00 [INF] Authorization header exists: true
2026-05-09 02:44:57.971 -08:00 [INF] Authorization header exists: true
2026-05-09 02:44:57.972 -08:00 [INF] JWT token validated. IsAuthenticated=true
2026-05-09 02:44:57.973 -08:00 [INF] JWT token validated. IsAuthenticated=true
2026-05-09 02:44:57.975 -08:00 [INF] MediatR handling started GetLogsQuery
2026-05-09 02:44:57.975 -08:00 [INF] MediatR handling started GetLogsQuery
2026-05-09 02:44:57.976 -08:00 [INF] Access policy check started for logs:read
2026-05-09 02:44:57.976 -08:00 [INF] Access policy check started for logs:read
2026-05-09 02:44:57.978 -08:00 [INF] Access policy evaluation for logs:read. UserId=790c2c93-d8e6-4b61-8a11-e4190a1c0805, Roles=[Admin], ActiveRules=3, SubjectMatched=1, ResourceActionMatched=1, Allows=1, Denies=0, Decision=Allowed
2026-05-09 02:44:57.978 -08:00 [INF] Access policy evaluation for logs:read. UserId=790c2c93-d8e6-4b61-8a11-e4190a1c0805, Roles=[Admin], ActiveRules=3, SubjectMatched=1, ResourceActionMatched=1, Allows=1, Denies=0, Decision=Allowed
2026-05-09 02:44:57.994 -08:00 [INF] MediatR handling completed GetLogsQuery in 19 ms
2026-05-09 02:44:57.996 -08:00 [INF] HTTP GET /api/Logs completed with 200 in 24 ms (0HNLDMU4PORK4:00000027)
2026-05-09 02:44:57.998 -08:00 [INF] MediatR handling completed GetLogsQuery in 23 ms
2026-05-09 02:44:58.000 -08:00 [INF] HTTP GET /api/Logs completed with 200 in 28 ms (0HNLDMU4PORK4:00000029)
2026-05-09 02:44:59.865 -08:00 [INF] Authorization header exists: true
2026-05-09 02:44:59.865 -08:00 [INF] Authorization header exists: true
2026-05-09 02:44:59.866 -08:00 [INF] JWT token validated. IsAuthenticated=true
2026-05-09 02:44:59.867 -08:00 [INF] JWT token validated. IsAuthenticated=true
2026-05-09 02:44:59.869 -08:00 [INF] MediatR handling started GetErrorLogsQuery
2026-05-09 02:44:59.869 -08:00 [INF] MediatR handling started GetErrorLogsQuery
2026-05-09 02:44:59.870 -08:00 [INF] Access policy check started for errorLogs:read
2026-05-09 02:44:59.870 -08:00 [INF] Access policy check started for errorLogs:read
2026-05-09 02:44:59.872 -08:00 [INF] Access policy evaluation for errorLogs:read. UserId=790c2c93-d8e6-4b61-8a11-e4190a1c0805, Roles=[Admin], ActiveRules=3, SubjectMatched=1, ResourceActionMatched=1, Allows=1, Denies=0, Decision=Allowed
2026-05-09 02:44:59.873 -08:00 [INF] Access policy evaluation for errorLogs:read. UserId=790c2c93-d8e6-4b61-8a11-e4190a1c0805, Roles=[Admin], ActiveRules=3, SubjectMatched=1, ResourceActionMatched=1, Allows=1, Denies=0, Decision=Allowed
2026-05-09 02:44:59.905 -08:00 [INF] MediatR handling completed GetErrorLogsQuery in 36 ms
2026-05-09 02:44:59.905 -08:00 [INF] MediatR handling completed GetErrorLogsQuery in 36 ms
2026-05-09 02:44:59.907 -08:00 [INF] HTTP GET /api/error-logs completed with 200 in 42 ms (0HNLDMU4PORK4:0000002F)
2026-05-09 02:44:59.908 -08:00 [INF] HTTP GET /api/error-logs completed with 200 in 42 ms (0HNLDMU4PORK4:00000031)
2026-05-09 02:45:01.318 -08:00 [INF] Authorization header exists: true
2026-05-09 02:45:01.318 -08:00 [INF] Authorization header exists: true
2026-05-09 02:45:01.318 -08:00 [INF] Authorization header exists: true
2026-05-09 02:45:01.318 -08:00 [INF] Authorization header exists: true
2026-05-09 02:45:01.319 -08:00 [INF] JWT token validated. IsAuthenticated=true
2026-05-09 02:45:01.320 -08:00 [INF] JWT token validated. IsAuthenticated=true
2026-05-09 02:45:01.320 -08:00 [INF] JWT token validated. IsAuthenticated=true
2026-05-09 02:45:01.321 -08:00 [INF] JWT token validated. IsAuthenticated=true
2026-05-09 02:45:01.322 -08:00 [INF] MediatR handling started GetUsersDashboardQuery
2026-05-09 02:45:01.322 -08:00 [INF] MediatR handling started ListAccessPoliciesQuery
2026-05-09 02:45:01.323 -08:00 [INF] MediatR handling started GetErrorLogsQuery
2026-05-09 02:45:01.323 -08:00 [INF] MediatR handling started GetLogsQuery
2026-05-09 02:45:01.324 -08:00 [INF] Access policy check started for users:read
2026-05-09 02:45:01.324 -08:00 [INF] Access policy check started for accessPolicies:read
2026-05-09 02:45:01.325 -08:00 [INF] Access policy check started for errorLogs:read
2026-05-09 02:45:01.325 -08:00 [INF] Access policy check started for logs:read
2026-05-09 02:45:01.327 -08:00 [INF] Access policy evaluation for users:read. UserId=790c2c93-d8e6-4b61-8a11-e4190a1c0805, Roles=[Admin], ActiveRules=3, SubjectMatched=1, ResourceActionMatched=1, Allows=1, Denies=0, Decision=Allowed
2026-05-09 02:45:01.327 -08:00 [INF] Access policy evaluation for accessPolicies:read. UserId=790c2c93-d8e6-4b61-8a11-e4190a1c0805, Roles=[Admin], ActiveRules=3, SubjectMatched=1, ResourceActionMatched=1, Allows=1, Denies=0, Decision=Allowed
2026-05-09 02:45:01.328 -08:00 [INF] Access policy evaluation for errorLogs:read. UserId=790c2c93-d8e6-4b61-8a11-e4190a1c0805, Roles=[Admin], ActiveRules=3, SubjectMatched=1, ResourceActionMatched=1, Allows=1, Denies=0, Decision=Allowed
2026-05-09 02:45:01.328 -08:00 [INF] Access policy evaluation for logs:read. UserId=790c2c93-d8e6-4b61-8a11-e4190a1c0805, Roles=[Admin], ActiveRules=3, SubjectMatched=1, ResourceActionMatched=1, Allows=1, Denies=0, Decision=Allowed
2026-05-09 02:45:01.329 -08:00 [INF] Access policy query filter started for users:read
2026-05-09 02:45:01.332 -08:00 [INF] MediatR handling completed ListAccessPoliciesQuery in 10 ms
2026-05-09 02:45:01.335 -08:00 [INF] MediatR handling completed GetErrorLogsQuery in 12 ms
2026-05-09 02:45:01.336 -08:00 [INF] Access policy query filter for users:read. UserId=790c2c93-d8e6-4b61-8a11-e4190a1c0805, Roles=[Admin], ActiveRules=3, SubjectMatched=1, ResourceActionMatched=1, Allows=1, Denies=0
2026-05-09 02:45:01.336 -08:00 [INF] HTTP GET /api/AccessPolicies completed with 200 in 17 ms (0HNLDMU4PORK4:0000003F)
2026-05-09 02:45:01.337 -08:00 [INF] MediatR handling completed GetLogsQuery in 13 ms
2026-05-09 02:45:01.338 -08:00 [INF] HTTP GET /api/error-logs completed with 200 in 19 ms (0HNLDMU4PORK4:0000003D)
2026-05-09 02:45:01.345 -08:00 [INF] HTTP GET /api/Logs completed with 200 in 26 ms (0HNLDMU4PORK4:00000041)
2026-05-09 02:45:01.350 -08:00 [INF] MediatR handling completed GetUsersDashboardQuery in 28 ms
2026-05-09 02:45:01.351 -08:00 [INF] HTTP GET /api/Users/dashboard completed with 200 in 33 ms (0HNLDMU4PORK4:0000003B)
2026-05-09 02:45:06.551 -08:00 [INF] Authorization header exists: true
2026-05-09 02:45:06.551 -08:00 [INF] Authorization header exists: true
2026-05-09 02:45:06.551 -08:00 [INF] Authorization header exists: true
2026-05-09 02:45:06.551 -08:00 [INF] Authorization header exists: true
2026-05-09 02:45:06.552 -08:00 [INF] JWT token validated. IsAuthenticated=true
2026-05-09 02:45:06.553 -08:00 [INF] JWT token validated. IsAuthenticated=true
2026-05-09 02:45:06.553 -08:00 [INF] JWT token validated. IsAuthenticated=true
2026-05-09 02:45:06.554 -08:00 [INF] JWT token validated. IsAuthenticated=true
2026-05-09 02:45:06.554 -08:00 [INF] MediatR handling started GetUsersDashboardQuery
2026-05-09 02:45:06.555 -08:00 [INF] MediatR handling started ListAccessPoliciesQuery
2026-05-09 02:45:06.556 -08:00 [INF] MediatR handling started GetErrorLogsQuery
2026-05-09 02:45:06.556 -08:00 [INF] MediatR handling started GetLogsQuery
2026-05-09 02:45:06.557 -08:00 [INF] Access policy check started for users:read
2026-05-09 02:45:06.557 -08:00 [INF] Access policy check started for accessPolicies:read
2026-05-09 02:45:06.558 -08:00 [INF] Access policy check started for errorLogs:read
2026-05-09 02:45:06.558 -08:00 [INF] Access policy check started for logs:read
2026-05-09 02:45:06.560 -08:00 [INF] Access policy evaluation for users:read. UserId=790c2c93-d8e6-4b61-8a11-e4190a1c0805, Roles=[Admin], ActiveRules=3, SubjectMatched=1, ResourceActionMatched=1, Allows=1, Denies=0, Decision=Allowed
2026-05-09 02:45:06.560 -08:00 [INF] Access policy evaluation for accessPolicies:read. UserId=790c2c93-d8e6-4b61-8a11-e4190a1c0805, Roles=[Admin], ActiveRules=3, SubjectMatched=1, ResourceActionMatched=1, Allows=1, Denies=0, Decision=Allowed
2026-05-09 02:45:06.561 -08:00 [INF] Access policy evaluation for errorLogs:read. UserId=790c2c93-d8e6-4b61-8a11-e4190a1c0805, Roles=[Admin], ActiveRules=3, SubjectMatched=1, ResourceActionMatched=1, Allows=1, Denies=0, Decision=Allowed
2026-05-09 02:45:06.561 -08:00 [INF] Access policy evaluation for logs:read. UserId=790c2c93-d8e6-4b61-8a11-e4190a1c0805, Roles=[Admin], ActiveRules=3, SubjectMatched=1, ResourceActionMatched=1, Allows=1, Denies=0, Decision=Allowed
2026-05-09 02:45:06.562 -08:00 [INF] Access policy query filter started for users:read
2026-05-09 02:45:06.564 -08:00 [INF] MediatR handling completed ListAccessPoliciesQuery in 8 ms
2026-05-09 02:45:06.568 -08:00 [INF] Access policy query filter for users:read. UserId=790c2c93-d8e6-4b61-8a11-e4190a1c0805, Roles=[Admin], ActiveRules=3, SubjectMatched=1, ResourceActionMatched=1, Allows=1, Denies=0
2026-05-09 02:45:06.566 -08:00 [INF] MediatR handling completed GetErrorLogsQuery in 10 ms
2026-05-09 02:45:06.568 -08:00 [INF] HTTP GET /api/AccessPolicies completed with 200 in 16 ms (0HNLDMU4PORK4:0000004B)
2026-05-09 02:45:06.569 -08:00 [INF] MediatR handling completed GetLogsQuery in 12 ms
2026-05-09 02:45:06.571 -08:00 [INF] HTTP GET /api/error-logs completed with 200 in 19 ms (0HNLDMU4PORK4:0000004F)
2026-05-09 02:45:06.573 -08:00 [INF] HTTP GET /api/Logs completed with 200 in 21 ms (0HNLDMU4PORK4:00000051)
2026-05-09 02:45:06.575 -08:00 [INF] MediatR handling completed GetUsersDashboardQuery in 20 ms
2026-05-09 02:45:06.577 -08:00 [INF] HTTP GET /api/Users/dashboard completed with 200 in 25 ms (0HNLDMU4PORK4:0000004D)
2026-05-09 02:45:25.542 -08:00 [INF] Authorization header exists: true
2026-05-09 02:45:25.543 -08:00 [INF] Authorization header exists: true
2026-05-09 02:45:25.543 -08:00 [INF] JWT token validated. IsAuthenticated=true
2026-05-09 02:45:25.544 -08:00 [INF] Authorization header exists: true
2026-05-09 02:45:25.544 -08:00 [INF] JWT token validated. IsAuthenticated=true
2026-05-09 02:45:25.545 -08:00 [INF] MediatR handling started GetRolesQuery
2026-05-09 02:45:25.545 -08:00 [INF] JWT token validated. IsAuthenticated=true
2026-05-09 02:45:25.546 -08:00 [INF] MediatR handling started GetUsersQuery
2026-05-09 02:45:25.546 -08:00 [INF] Access policy check started for roles:read
2026-05-09 02:45:25.547 -08:00 [INF] MediatR handling started GetUsersQuery
2026-05-09 02:45:25.547 -08:00 [INF] Access policy check started for users:read
2026-05-09 02:45:25.548 -08:00 [INF] Access policy check started for users:read
2026-05-09 02:45:25.549 -08:00 [INF] Access policy evaluation for roles:read. UserId=790c2c93-d8e6-4b61-8a11-e4190a1c0805, Roles=[Admin], ActiveRules=3, SubjectMatched=1, ResourceActionMatched=1, Allows=1, Denies=0, Decision=Allowed
2026-05-09 02:45:25.550 -08:00 [INF] Access policy evaluation for users:read. UserId=790c2c93-d8e6-4b61-8a11-e4190a1c0805, Roles=[Admin], ActiveRules=3, SubjectMatched=1, ResourceActionMatched=1, Allows=1, Denies=0, Decision=Allowed
2026-05-09 02:45:25.550 -08:00 [INF] Access policy evaluation for users:read. UserId=790c2c93-d8e6-4b61-8a11-e4190a1c0805, Roles=[Admin], ActiveRules=3, SubjectMatched=1, ResourceActionMatched=1, Allows=1, Denies=0, Decision=Allowed
2026-05-09 02:45:25.552 -08:00 [INF] MediatR handling completed GetRolesQuery in 6 ms
2026-05-09 02:45:25.553 -08:00 [INF] Access policy query filter started for users:read
2026-05-09 02:45:25.554 -08:00 [INF] Access policy query filter started for users:read
2026-05-09 02:45:25.555 -08:00 [INF] HTTP GET /api/Roles completed with 200 in 12 ms (0HNLDMU4PORK4:00000059)
2026-05-09 02:45:25.556 -08:00 [INF] Access policy query filter for users:read. UserId=790c2c93-d8e6-4b61-8a11-e4190a1c0805, Roles=[Admin], ActiveRules=3, SubjectMatched=1, ResourceActionMatched=1, Allows=1, Denies=0
2026-05-09 02:45:25.557 -08:00 [INF] Access policy query filter for users:read. UserId=790c2c93-d8e6-4b61-8a11-e4190a1c0805, Roles=[Admin], ActiveRules=3, SubjectMatched=1, ResourceActionMatched=1, Allows=1, Denies=0
2026-05-09 02:45:25.561 -08:00 [INF] MediatR handling completed GetUsersQuery in 15 ms
2026-05-09 02:45:25.562 -08:00 [INF] MediatR handling completed GetUsersQuery in 15 ms
2026-05-09 02:45:25.562 -08:00 [INF] HTTP GET /api/Users completed with 200 in 19 ms (0HNLDMU4PORK4:0000005B)
2026-05-09 02:45:25.563 -08:00 [INF] HTTP GET /api/Users completed with 200 in 18 ms (0HNLDMU4PORK4:0000005D)
2026-05-09 02:46:52.330 -08:00 [INF] Authorization header exists: true
2026-05-09 02:46:52.330 -08:00 [INF] Authorization header exists: true
2026-05-09 02:46:52.330 -08:00 [INF] Authorization header exists: true
2026-05-09 02:46:52.330 -08:00 [INF] Authorization header exists: true
2026-05-09 02:46:52.331 -08:00 [INF] JWT token validated. IsAuthenticated=true
2026-05-09 02:46:52.332 -08:00 [INF] JWT token validated. IsAuthenticated=true
2026-05-09 02:46:52.332 -08:00 [INF] JWT token validated. IsAuthenticated=true
2026-05-09 02:46:52.333 -08:00 [INF] JWT token validated. IsAuthenticated=true
2026-05-09 02:46:52.334 -08:00 [INF] MediatR handling started ListAccessPoliciesQuery
2026-05-09 02:46:52.334 -08:00 [INF] MediatR handling started GetLogsQuery
2026-05-09 02:46:52.334 -08:00 [INF] MediatR handling started GetErrorLogsQuery
2026-05-09 02:46:52.335 -08:00 [INF] MediatR handling started GetUsersDashboardQuery
2026-05-09 02:46:52.335 -08:00 [INF] Access policy check started for accessPolicies:read
2026-05-09 02:46:52.336 -08:00 [INF] Access policy check started for logs:read
2026-05-09 02:46:52.336 -08:00 [INF] Access policy check started for errorLogs:read
2026-05-09 02:46:52.337 -08:00 [INF] Access policy check started for users:read
2026-05-09 02:46:52.385 -08:00 [INF] Access policy evaluation for logs:read. UserId=790c2c93-d8e6-4b61-8a11-e4190a1c0805, Roles=[Admin], ActiveRules=3, SubjectMatched=1, ResourceActionMatched=1, Allows=1, Denies=0, Decision=Allowed
2026-05-09 02:46:52.385 -08:00 [INF] Access policy evaluation for accessPolicies:read. UserId=790c2c93-d8e6-4b61-8a11-e4190a1c0805, Roles=[Admin], ActiveRules=3, SubjectMatched=1, ResourceActionMatched=1, Allows=1, Denies=0, Decision=Allowed
2026-05-09 02:46:52.391 -08:00 [INF] MediatR handling completed ListAccessPoliciesQuery in 57 ms
2026-05-09 02:46:52.393 -08:00 [INF] HTTP GET /api/AccessPolicies completed with 200 in 62 ms (0HNLDMU4PORK5:0000000F)
2026-05-09 02:46:52.404 -08:00 [INF] Access policy evaluation for errorLogs:read. UserId=790c2c93-d8e6-4b61-8a11-e4190a1c0805, Roles=[Admin], ActiveRules=3, SubjectMatched=1, ResourceActionMatched=1, Allows=1, Denies=0, Decision=Allowed
2026-05-09 02:46:52.404 -08:00 [INF] MediatR handling completed GetLogsQuery in 70 ms
2026-05-09 02:46:52.405 -08:00 [INF] Access policy evaluation for users:read. UserId=790c2c93-d8e6-4b61-8a11-e4190a1c0805, Roles=[Admin], ActiveRules=3, SubjectMatched=1, ResourceActionMatched=1, Allows=1, Denies=0, Decision=Allowed
2026-05-09 02:46:52.407 -08:00 [INF] HTTP GET /api/Logs completed with 200 in 76 ms (0HNLDMU4PORK5:0000000D)
2026-05-09 02:46:52.409 -08:00 [INF] Access policy query filter started for users:read
2026-05-09 02:46:52.412 -08:00 [INF] Access policy query filter for users:read. UserId=790c2c93-d8e6-4b61-8a11-e4190a1c0805, Roles=[Admin], ActiveRules=3, SubjectMatched=1, ResourceActionMatched=1, Allows=1, Denies=0
2026-05-09 02:46:52.413 -08:00 [INF] MediatR handling completed GetErrorLogsQuery in 78 ms
2026-05-09 02:46:52.414 -08:00 [INF] HTTP GET /api/error-logs completed with 200 in 83 ms (0HNLDMU4PORK5:0000000B)
2026-05-09 02:46:52.427 -08:00 [INF] MediatR handling completed GetUsersDashboardQuery in 92 ms
2026-05-09 02:46:52.428 -08:00 [INF] HTTP GET /api/Users/dashboard completed with 200 in 98 ms (0HNLDMU4PORK5:00000009)
2026-05-09 02:49:05.231 -08:00 [INF] Authorization header exists: true
2026-05-09 02:49:05.231 -08:00 [INF] Authorization header exists: true
2026-05-09 02:49:05.232 -08:00 [INF] JWT token validated. IsAuthenticated=true
2026-05-09 02:49:05.233 -08:00 [INF] JWT token validated. IsAuthenticated=true
2026-05-09 02:49:05.233 -08:00 [INF] Authorization header exists: true
2026-05-09 02:49:05.233 -08:00 [INF] MediatR handling started GetRolesQuery
2026-05-09 02:49:05.234 -08:00 [INF] MediatR handling started GetUsersQuery
2026-05-09 02:49:05.234 -08:00 [INF] JWT token validated. IsAuthenticated=true
2026-05-09 02:49:05.234 -08:00 [INF] Access policy check started for roles:read
2026-05-09 02:49:05.235 -08:00 [INF] Access policy check started for users:read
2026-05-09 02:49:05.235 -08:00 [INF] MediatR handling started GetUsersQuery
2026-05-09 02:49:05.238 -08:00 [INF] Access policy evaluation for roles:read. UserId=790c2c93-d8e6-4b61-8a11-e4190a1c0805, Roles=[Admin], ActiveRules=3, SubjectMatched=1, ResourceActionMatched=1, Allows=1, Denies=0, Decision=Allowed
2026-05-09 02:49:05.238 -08:00 [INF] Access policy check started for users:read
2026-05-09 02:49:05.239 -08:00 [INF] Access policy evaluation for users:read. UserId=790c2c93-d8e6-4b61-8a11-e4190a1c0805, Roles=[Admin], ActiveRules=3, SubjectMatched=1, ResourceActionMatched=1, Allows=1, Denies=0, Decision=Allowed
2026-05-09 02:49:05.241 -08:00 [INF] Access policy evaluation for users:read. UserId=790c2c93-d8e6-4b61-8a11-e4190a1c0805, Roles=[Admin], ActiveRules=3, SubjectMatched=1, ResourceActionMatched=1, Allows=1, Denies=0, Decision=Allowed
2026-05-09 02:49:05.242 -08:00 [INF] MediatR handling completed GetRolesQuery in 8 ms
2026-05-09 02:49:05.242 -08:00 [INF] Access policy query filter started for users:read
2026-05-09 02:49:05.244 -08:00 [INF] Access policy query filter started for users:read
2026-05-09 02:49:05.244 -08:00 [INF] HTTP GET /api/Roles completed with 200 in 13 ms (0HNLDMU4PORK5:00000017)
2026-05-09 02:49:05.246 -08:00 [INF] Access policy query filter for users:read. UserId=790c2c93-d8e6-4b61-8a11-e4190a1c0805, Roles=[Admin], ActiveRules=3, SubjectMatched=1, ResourceActionMatched=1, Allows=1, Denies=0
2026-05-09 02:49:05.246 -08:00 [INF] Access policy query filter for users:read. UserId=790c2c93-d8e6-4b61-8a11-e4190a1c0805, Roles=[Admin], ActiveRules=3, SubjectMatched=1, ResourceActionMatched=1, Allows=1, Denies=0
2026-05-09 02:49:05.254 -08:00 [INF] MediatR handling completed GetUsersQuery in 19 ms
2026-05-09 02:49:05.255 -08:00 [INF] HTTP GET /api/Users completed with 200 in 23 ms (0HNLDMU4PORK5:00000019)
2026-05-09 02:49:05.257 -08:00 [INF] MediatR handling completed GetUsersQuery in 21 ms
2026-05-09 02:49:05.259 -08:00 [INF] HTTP GET /api/Users completed with 200 in 25 ms (0HNLDMU4PORK5:0000001B)
2026-05-09 02:49:10.175 -08:00 [INF] Authorization header exists: true
2026-05-09 02:49:10.176 -08:00 [INF] JWT token validated. IsAuthenticated=true
2026-05-09 02:49:10.176 -08:00 [INF] MediatR handling started GetRolesQuery
2026-05-09 02:49:10.177 -08:00 [INF] Access policy check started for roles:read
2026-05-09 02:49:10.178 -08:00 [INF] Access policy evaluation for roles:read. UserId=790c2c93-d8e6-4b61-8a11-e4190a1c0805, Roles=[Admin], ActiveRules=3, SubjectMatched=1, ResourceActionMatched=1, Allows=1, Denies=0, Decision=Allowed
2026-05-09 02:49:10.182 -08:00 [INF] MediatR handling completed GetRolesQuery in 5 ms
2026-05-09 02:49:10.183 -08:00 [INF] HTTP GET /api/Roles completed with 200 in 8 ms (0HNLDMU4PORK5:0000001D)
2026-05-09 02:49:15.056 -08:00 [INF] Authorization header exists: true
2026-05-09 02:49:15.057 -08:00 [INF] JWT token validated. IsAuthenticated=true
2026-05-09 02:49:15.057 -08:00 [INF] Authorization header exists: true
2026-05-09 02:49:15.058 -08:00 [INF] MediatR handling started ListAccessPoliciesQuery
2026-05-09 02:49:15.059 -08:00 [INF] JWT token validated. IsAuthenticated=true
2026-05-09 02:49:15.059 -08:00 [INF] Access policy check started for accessPolicies:read
2026-05-09 02:49:15.061 -08:00 [INF] Access policy evaluation for accessPolicies:read. UserId=790c2c93-d8e6-4b61-8a11-e4190a1c0805, Roles=[Admin], ActiveRules=3, SubjectMatched=1, ResourceActionMatched=1, Allows=1, Denies=0, Decision=Allowed
2026-05-09 02:49:15.065 -08:00 [INF] MediatR handling completed ListAccessPoliciesQuery in 6 ms
2026-05-09 02:49:15.066 -08:00 [INF] HTTP GET /api/AccessPolicies completed with 200 in 9 ms (0HNLDMU4PORK5:00000023)
2026-05-09 02:49:15.068 -08:00 [INF] MediatR handling started GetAccessPolicyOptionsQuery
2026-05-09 02:49:15.070 -08:00 [INF] Access policy check started for accessPolicies:read
2026-05-09 02:49:15.072 -08:00 [INF] Access policy evaluation for accessPolicies:read. UserId=790c2c93-d8e6-4b61-8a11-e4190a1c0805, Roles=[Admin], ActiveRules=3, SubjectMatched=1, ResourceActionMatched=1, Allows=1, Denies=0, Decision=Allowed
2026-05-09 02:49:15.087 -08:00 [INF] MediatR handling completed GetAccessPolicyOptionsQuery in 18 ms
2026-05-09 02:49:15.098 -08:00 [INF] HTTP GET /api/AccessPolicies/options completed with 200 in 40 ms (0HNLDMU4PORK5:00000025)
2026-05-09 02:49:19.869 -08:00 [INF] Authorization header exists: true
2026-05-09 02:49:19.870 -08:00 [INF] JWT token validated. IsAuthenticated=true
2026-05-09 02:49:19.871 -08:00 [INF] MediatR handling started GetLogsQuery
2026-05-09 02:49:19.871 -08:00 [INF] Access policy check started for logs:read
2026-05-09 02:49:19.872 -08:00 [INF] Authorization header exists: true
2026-05-09 02:49:19.873 -08:00 [INF] JWT token validated. IsAuthenticated=true
2026-05-09 02:49:19.873 -08:00 [INF] Access policy evaluation for logs:read. UserId=790c2c93-d8e6-4b61-8a11-e4190a1c0805, Roles=[Admin], ActiveRules=3, SubjectMatched=1, ResourceActionMatched=1, Allows=1, Denies=0, Decision=Allowed
2026-05-09 02:49:19.874 -08:00 [INF] MediatR handling started GetLogsQuery
2026-05-09 02:49:19.876 -08:00 [INF] Access policy check started for logs:read
2026-05-09 02:49:19.878 -08:00 [INF] Access policy evaluation for logs:read. UserId=790c2c93-d8e6-4b61-8a11-e4190a1c0805, Roles=[Admin], ActiveRules=3, SubjectMatched=1, ResourceActionMatched=1, Allows=1, Denies=0, Decision=Allowed
2026-05-09 02:49:19.878 -08:00 [INF] MediatR handling completed GetLogsQuery in 7 ms
2026-05-09 02:49:19.880 -08:00 [INF] HTTP GET /api/Logs completed with 200 in 11 ms (0HNLDMU4PORK5:00000029)
2026-05-09 02:49:19.884 -08:00 [INF] MediatR handling completed GetLogsQuery in 10 ms
2026-05-09 02:49:19.886 -08:00 [INF] HTTP GET /api/Logs completed with 200 in 13 ms (0HNLDMU4PORK5:0000002D)
2026-05-09 02:49:24.020 -08:00 [INF] Authorization header exists: true
2026-05-09 02:49:24.020 -08:00 [INF] Authorization header exists: true
2026-05-09 02:49:24.021 -08:00 [INF] JWT token validated. IsAuthenticated=true
2026-05-09 02:49:24.022 -08:00 [INF] JWT token validated. IsAuthenticated=true
2026-05-09 02:49:24.022 -08:00 [INF] MediatR handling started GetErrorLogsQuery
2026-05-09 02:49:24.023 -08:00 [INF] MediatR handling started GetErrorLogsQuery
2026-05-09 02:49:24.023 -08:00 [INF] Access policy check started for errorLogs:read
2026-05-09 02:49:24.023 -08:00 [INF] Access policy check started for errorLogs:read
2026-05-09 02:49:24.025 -08:00 [INF] Access policy evaluation for errorLogs:read. UserId=790c2c93-d8e6-4b61-8a11-e4190a1c0805, Roles=[Admin], ActiveRules=3, SubjectMatched=1, ResourceActionMatched=1, Allows=1, Denies=0, Decision=Allowed
2026-05-09 02:49:24.025 -08:00 [INF] Access policy evaluation for errorLogs:read. UserId=790c2c93-d8e6-4b61-8a11-e4190a1c0805, Roles=[Admin], ActiveRules=3, SubjectMatched=1, ResourceActionMatched=1, Allows=1, Denies=0, Decision=Allowed
2026-05-09 02:49:24.029 -08:00 [INF] MediatR handling completed GetErrorLogsQuery in 6 ms
2026-05-09 02:49:24.031 -08:00 [INF] HTTP GET /api/error-logs completed with 200 in 10 ms (0HNLDMU4PORK5:00000033)
2026-05-09 02:49:24.039 -08:00 [INF] MediatR handling completed GetErrorLogsQuery in 15 ms
2026-05-09 02:49:24.040 -08:00 [INF] HTTP GET /api/error-logs completed with 200 in 19 ms (0HNLDMU4PORK5:00000035)
2026-05-09 02:53:10.773 -08:00 [INF] Authorization header exists: true
2026-05-09 02:53:10.773 -08:00 [INF] Authorization header exists: true
2026-05-09 02:53:10.804 -08:00 [INF] JWT token validated. IsAuthenticated=true
2026-05-09 02:53:10.805 -08:00 [INF] Authorization header exists: true
2026-05-09 02:53:10.805 -08:00 [INF] Authorization header exists: true
2026-05-09 02:53:10.806 -08:00 [INF] JWT token validated. IsAuthenticated=true
2026-05-09 02:53:10.807 -08:00 [INF] MediatR handling started GetLogsQuery
2026-05-09 02:53:10.808 -08:00 [INF] JWT token validated. IsAuthenticated=true
2026-05-09 02:53:10.809 -08:00 [INF] JWT token validated. IsAuthenticated=true
2026-05-09 02:53:10.810 -08:00 [INF] MediatR handling started GetUsersDashboardQuery
2026-05-09 02:53:10.811 -08:00 [INF] Access policy check started for logs:read
2026-05-09 02:53:10.813 -08:00 [INF] MediatR handling started GetErrorLogsQuery
2026-05-09 02:53:10.813 -08:00 [INF] MediatR handling started ListAccessPoliciesQuery
2026-05-09 02:53:10.814 -08:00 [INF] Access policy check started for users:read
2026-05-09 02:53:10.819 -08:00 [INF] Access policy check started for errorLogs:read
2026-05-09 02:53:10.822 -08:00 [INF] Access policy check started for accessPolicies:read
2026-05-09 02:53:10.864 -08:00 [INF] Access policy evaluation for logs:read. UserId=790c2c93-d8e6-4b61-8a11-e4190a1c0805, Roles=[Admin], ActiveRules=3, SubjectMatched=1, ResourceActionMatched=1, Allows=1, Denies=0, Decision=Allowed
2026-05-09 02:53:10.867 -08:00 [INF] Access policy evaluation for users:read. UserId=790c2c93-d8e6-4b61-8a11-e4190a1c0805, Roles=[Admin], ActiveRules=3, SubjectMatched=1, ResourceActionMatched=1, Allows=1, Denies=0, Decision=Allowed
2026-05-09 02:53:10.871 -08:00 [INF] Access policy evaluation for errorLogs:read. UserId=790c2c93-d8e6-4b61-8a11-e4190a1c0805, Roles=[Admin], ActiveRules=3, SubjectMatched=1, ResourceActionMatched=1, Allows=1, Denies=0, Decision=Allowed
2026-05-09 02:53:10.871 -08:00 [INF] Access policy query filter started for users:read
2026-05-09 02:53:10.873 -08:00 [INF] Access policy evaluation for accessPolicies:read. UserId=790c2c93-d8e6-4b61-8a11-e4190a1c0805, Roles=[Admin], ActiveRules=3, SubjectMatched=1, ResourceActionMatched=1, Allows=1, Denies=0, Decision=Allowed
2026-05-09 02:53:10.876 -08:00 [INF] Access policy query filter for users:read. UserId=790c2c93-d8e6-4b61-8a11-e4190a1c0805, Roles=[Admin], ActiveRules=3, SubjectMatched=1, ResourceActionMatched=1, Allows=1, Denies=0
2026-05-09 02:53:10.879 -08:00 [INF] MediatR handling completed GetLogsQuery in 71 ms
2026-05-09 02:53:10.880 -08:00 [INF] MediatR handling completed ListAccessPoliciesQuery in 66 ms
2026-05-09 02:53:10.883 -08:00 [INF] MediatR handling completed GetErrorLogsQuery in 70 ms
2026-05-09 02:53:10.885 -08:00 [INF] HTTP GET /api/Logs completed with 200 in 112 ms (0HNLDMU4PORK5:00000041)
2026-05-09 02:53:10.885 -08:00 [INF] HTTP GET /api/AccessPolicies completed with 200 in 80 ms (0HNLDMU4PORK5:00000045)
2026-05-09 02:53:10.887 -08:00 [INF] HTTP GET /api/error-logs completed with 200 in 82 ms (0HNLDMU4PORK5:00000043)
2026-05-09 02:53:10.904 -08:00 [INF] MediatR handling completed GetUsersDashboardQuery in 93 ms
2026-05-09 02:53:10.906 -08:00 [INF] HTTP GET /api/Users/dashboard completed with 200 in 133 ms (0HNLDMU4PORK5:0000003F)
2026-05-09 02:53:26.618 -08:00 [INF] Authorization header exists: true
2026-05-09 02:53:26.618 -08:00 [INF] Authorization header exists: true
2026-05-09 02:53:26.618 -08:00 [INF] Authorization header exists: true
2026-05-09 02:53:26.618 -08:00 [INF] Authorization header exists: true
2026-05-09 02:53:26.619 -08:00 [INF] JWT token validated. IsAuthenticated=true
2026-05-09 02:53:26.619 -08:00 [INF] JWT token validated. IsAuthenticated=true
2026-05-09 02:53:26.620 -08:00 [INF] JWT token validated. IsAuthenticated=true
2026-05-09 02:53:26.621 -08:00 [INF] JWT token validated. IsAuthenticated=true
2026-05-09 02:53:26.622 -08:00 [INF] MediatR handling started GetUsersDashboardQuery
2026-05-09 02:53:26.623 -08:00 [INF] MediatR handling started GetLogsQuery
2026-05-09 02:53:26.624 -08:00 [INF] MediatR handling started GetErrorLogsQuery
2026-05-09 02:53:26.624 -08:00 [INF] MediatR handling started ListAccessPoliciesQuery
2026-05-09 02:53:26.626 -08:00 [INF] Access policy check started for accessPolicies:read
2026-05-09 02:53:26.625 -08:00 [INF] Access policy check started for logs:read
2026-05-09 02:53:26.626 -08:00 [INF] Access policy check started for errorLogs:read
2026-05-09 02:53:26.625 -08:00 [INF] Access policy check started for users:read
2026-05-09 02:53:26.629 -08:00 [INF] Access policy evaluation for accessPolicies:read. UserId=790c2c93-d8e6-4b61-8a11-e4190a1c0805, Roles=[Admin], ActiveRules=3, SubjectMatched=1, ResourceActionMatched=1, Allows=1, Denies=0, Decision=Allowed
2026-05-09 02:53:26.629 -08:00 [INF] Access policy evaluation for logs:read. UserId=790c2c93-d8e6-4b61-8a11-e4190a1c0805, Roles=[Admin], ActiveRules=3, SubjectMatched=1, ResourceActionMatched=1, Allows=1, Denies=0, Decision=Allowed
2026-05-09 02:53:26.630 -08:00 [INF] Access policy evaluation for errorLogs:read. UserId=790c2c93-d8e6-4b61-8a11-e4190a1c0805, Roles=[Admin], ActiveRules=3, SubjectMatched=1, ResourceActionMatched=1, Allows=1, Denies=0, Decision=Allowed
2026-05-09 02:53:26.632 -08:00 [INF] Access policy evaluation for users:read. UserId=790c2c93-d8e6-4b61-8a11-e4190a1c0805, Roles=[Admin], ActiveRules=3, SubjectMatched=1, ResourceActionMatched=1, Allows=1, Denies=0, Decision=Allowed
2026-05-09 02:53:26.641 -08:00 [INF] Access policy query filter started for users:read
2026-05-09 02:53:26.634 -08:00 [INF] MediatR handling completed ListAccessPoliciesQuery in 10 ms
2026-05-09 02:53:26.644 -08:00 [INF] Access policy query filter for users:read. UserId=790c2c93-d8e6-4b61-8a11-e4190a1c0805, Roles=[Admin], ActiveRules=3, SubjectMatched=1, ResourceActionMatched=1, Allows=1, Denies=0
2026-05-09 02:53:26.644 -08:00 [INF] MediatR handling completed GetLogsQuery in 20 ms
2026-05-09 02:53:26.645 -08:00 [INF] HTTP GET /api/AccessPolicies completed with 200 in 27 ms (0HNLDMU4PORK5:00000055)
2026-05-09 02:53:26.648 -08:00 [INF] MediatR handling completed GetErrorLogsQuery in 23 ms
2026-05-09 02:53:26.649 -08:00 [INF] HTTP GET /api/Logs completed with 200 in 31 ms (0HNLDMU4PORK5:00000051)
2026-05-09 02:53:26.653 -08:00 [INF] HTTP GET /api/error-logs completed with 200 in 35 ms (0HNLDMU4PORK5:00000053)
2026-05-09 02:53:26.660 -08:00 [INF] MediatR handling completed GetUsersDashboardQuery in 38 ms
2026-05-09 02:53:26.661 -08:00 [INF] HTTP GET /api/Users/dashboard completed with 200 in 43 ms (0HNLDMU4PORK5:0000004F)
2026-05-09 02:55:17.902 -08:00 [INF] Authorization header exists: true
2026-05-09 02:55:17.902 -08:00 [INF] Authorization header exists: true
2026-05-09 02:55:17.904 -08:00 [INF] Authorization header exists: true
2026-05-09 02:55:17.904 -08:00 [INF] JWT token validated. IsAuthenticated=true
2026-05-09 02:55:17.904 -08:00 [INF] Authorization header exists: true
2026-05-09 02:55:17.908 -08:00 [INF] JWT token validated. IsAuthenticated=true
2026-05-09 02:55:17.909 -08:00 [INF] JWT token validated. IsAuthenticated=true
2026-05-09 02:55:17.910 -08:00 [INF] MediatR handling started GetLogsQuery
2026-05-09 02:55:17.911 -08:00 [INF] JWT token validated. IsAuthenticated=true
2026-05-09 02:55:17.912 -08:00 [INF] MediatR handling started GetUsersDashboardQuery
2026-05-09 02:55:17.913 -08:00 [INF] MediatR handling started ListAccessPoliciesQuery
2026-05-09 02:55:17.914 -08:00 [INF] Access policy check started for logs:read
2026-05-09 02:55:17.915 -08:00 [INF] MediatR handling started GetErrorLogsQuery
2026-05-09 02:55:17.916 -08:00 [INF] Access policy check started for users:read
2026-05-09 02:55:17.917 -08:00 [INF] Access policy check started for accessPolicies:read
2026-05-09 02:55:17.919 -08:00 [INF] Access policy check started for errorLogs:read
2026-05-09 02:55:17.919 -08:00 [INF] Access policy evaluation for logs:read. UserId=790c2c93-d8e6-4b61-8a11-e4190a1c0805, Roles=[Admin], ActiveRules=3, SubjectMatched=1, ResourceActionMatched=1, Allows=1, Denies=0, Decision=Allowed
2026-05-09 02:55:17.922 -08:00 [INF] Access policy evaluation for users:read. UserId=790c2c93-d8e6-4b61-8a11-e4190a1c0805, Roles=[Admin], ActiveRules=3, SubjectMatched=1, ResourceActionMatched=1, Allows=1, Denies=0, Decision=Allowed
2026-05-09 02:55:17.924 -08:00 [INF] Access policy evaluation for accessPolicies:read. UserId=790c2c93-d8e6-4b61-8a11-e4190a1c0805, Roles=[Admin], ActiveRules=3, SubjectMatched=1, ResourceActionMatched=1, Allows=1, Denies=0, Decision=Allowed
2026-05-09 02:55:17.926 -08:00 [INF] Access policy evaluation for errorLogs:read. UserId=790c2c93-d8e6-4b61-8a11-e4190a1c0805, Roles=[Admin], ActiveRules=3, SubjectMatched=1, ResourceActionMatched=1, Allows=1, Denies=0, Decision=Allowed
2026-05-09 02:55:17.933 -08:00 [INF] Access policy query filter started for users:read
2026-05-09 02:55:17.938 -08:00 [INF] MediatR handling completed ListAccessPoliciesQuery in 25 ms
2026-05-09 02:55:17.939 -08:00 [INF] MediatR handling completed GetLogsQuery in 28 ms
2026-05-09 02:55:17.943 -08:00 [INF] MediatR handling completed GetErrorLogsQuery in 27 ms
2026-05-09 02:55:17.943 -08:00 [INF] HTTP GET /api/AccessPolicies completed with 200 in 39 ms (0HNLDMU4PORK5:00000065)
2026-05-09 02:55:17.943 -08:00 [INF] Access policy query filter for users:read. UserId=790c2c93-d8e6-4b61-8a11-e4190a1c0805, Roles=[Admin], ActiveRules=3, SubjectMatched=1, ResourceActionMatched=1, Allows=1, Denies=0
2026-05-09 02:55:17.948 -08:00 [INF] HTTP GET /api/Logs completed with 200 in 45 ms (0HNLDMU4PORK5:00000061)
2026-05-09 02:55:17.948 -08:00 [INF] HTTP GET /api/error-logs completed with 200 in 44 ms (0HNLDMU4PORK5:00000063)
2026-05-09 02:55:17.965 -08:00 [INF] MediatR handling completed GetUsersDashboardQuery in 53 ms
2026-05-09 02:55:17.967 -08:00 [INF] HTTP GET /api/Users/dashboard completed with 200 in 64 ms (0HNLDMU4PORK5:0000005F)
2026-05-09 03:10:20.214 -08:00 [WRN] Sensitive data logging is enabled. Log entries and exception messages may include sensitive application data; this mode should only be enabled during development.
2026-05-09 03:10:21.076 -08:00 [INF] Admin wildcard access policy already exists
2026-05-09 03:10:21.302 -08:00 [INF] Now listening on: https://localhost:7259
2026-05-09 03:10:21.338 -08:00 [INF] Now listening on: http://localhost:5244
2026-05-09 03:10:21.436 -08:00 [INF] Application started. Press Ctrl+C to shut down.
2026-05-09 03:10:21.438 -08:00 [INF] Hosting environment: Development
2026-05-09 03:10:21.439 -08:00 [INF] Content root path: C:\PrivateProject\algo.bytes\src\algo.API
2026-05-09 03:10:42.052 -08:00 [INF] Authorization header exists: true
2026-05-09 03:10:42.052 -08:00 [INF] Authorization header exists: true
2026-05-09 03:10:42.052 -08:00 [INF] Authorization header exists: true
2026-05-09 03:10:42.052 -08:00 [INF] Authorization header exists: true
2026-05-09 03:10:42.128 -08:00 [INF] JWT token validated. IsAuthenticated=true
2026-05-09 03:10:42.128 -08:00 [INF] JWT token validated. IsAuthenticated=true
2026-05-09 03:10:42.128 -08:00 [INF] JWT token validated. IsAuthenticated=true
2026-05-09 03:10:42.128 -08:00 [INF] JWT token validated. IsAuthenticated=true
2026-05-09 03:10:42.176 -08:00 [INF] MediatR handling started GetUsersDashboardQuery
2026-05-09 03:10:42.176 -08:00 [INF] MediatR handling started ListAccessPoliciesQuery
2026-05-09 03:10:42.188 -08:00 [INF] Access policy check started for accessPolicies:read
2026-05-09 03:10:42.190 -08:00 [INF] Access policy check started for users:read
2026-05-09 03:10:42.212 -08:00 [INF] MediatR handling started GetErrorLogsQuery
2026-05-09 03:10:42.212 -08:00 [INF] MediatR handling started GetLogsQuery
2026-05-09 03:10:42.242 -08:00 [INF] Access policy check started for logs:read
2026-05-09 03:10:42.242 -08:00 [INF] Access policy check started for errorLogs:read
2026-05-09 03:10:42.318 -08:00 [INF] Access policy evaluation for accessPolicies:read. UserId=790c2c93-d8e6-4b61-8a11-e4190a1c0805, Roles=[Admin], ActiveRules=3, SubjectMatched=1, ResourceActionMatched=1, Allows=1, Denies=0, Decision=Allowed
2026-05-09 03:10:42.337 -08:00 [INF] MediatR handling completed ListAccessPoliciesQuery in 160 ms
2026-05-09 03:10:42.360 -08:00 [INF] Access policy evaluation for users:read. UserId=790c2c93-d8e6-4b61-8a11-e4190a1c0805, Roles=[Admin], ActiveRules=3, SubjectMatched=1, ResourceActionMatched=1, Allows=1, Denies=0, Decision=Allowed
2026-05-09 03:10:42.360 -08:00 [INF] Access policy evaluation for logs:read. UserId=790c2c93-d8e6-4b61-8a11-e4190a1c0805, Roles=[Admin], ActiveRules=3, SubjectMatched=1, ResourceActionMatched=1, Allows=1, Denies=0, Decision=Allowed
2026-05-09 03:10:42.360 -08:00 [INF] Access policy evaluation for errorLogs:read. UserId=790c2c93-d8e6-4b61-8a11-e4190a1c0805, Roles=[Admin], ActiveRules=3, SubjectMatched=1, ResourceActionMatched=1, Allows=1, Denies=0, Decision=Allowed
2026-05-09 03:10:42.365 -08:00 [INF] HTTP GET /api/AccessPolicies completed with 200 in 364 ms (0HNLDNEDTNJA4:0000000D)
2026-05-09 03:10:42.369 -08:00 [INF] Access policy query filter started for users:read
2026-05-09 03:10:42.374 -08:00 [INF] Access policy query filter for users:read. UserId=790c2c93-d8e6-4b61-8a11-e4190a1c0805, Roles=[Admin], ActiveRules=3, SubjectMatched=1, ResourceActionMatched=1, Allows=1, Denies=0
2026-05-09 03:10:42.496 -08:00 [INF] MediatR handling completed GetLogsQuery in 283 ms
2026-05-09 03:10:42.497 -08:00 [INF] MediatR handling completed GetErrorLogsQuery in 284 ms
2026-05-09 03:10:42.508 -08:00 [INF] MediatR handling completed GetUsersDashboardQuery in 331 ms
2026-05-09 03:10:42.518 -08:00 [INF] HTTP GET /api/error-logs completed with 200 in 516 ms (0HNLDNEDTNJA4:0000000F)
2026-05-09 03:10:42.518 -08:00 [INF] HTTP GET /api/Logs completed with 200 in 516 ms (0HNLDNEDTNJA4:0000000B)
2026-05-09 03:10:42.519 -08:00 [INF] HTTP GET /api/Users/dashboard completed with 200 in 517 ms (0HNLDNEDTNJA4:00000009)
2026-05-09 03:10:47.986 -08:00 [INF] Authorization header exists: true
2026-05-09 03:10:47.989 -08:00 [INF] JWT token validated. IsAuthenticated=true
2026-05-09 03:10:48.001 -08:00 [INF] MediatR handling started GetRolesQuery
2026-05-09 03:10:48.003 -08:00 [INF] Access policy check started for roles:read
2026-05-09 03:10:48.006 -08:00 [INF] Access policy evaluation for roles:read. UserId=790c2c93-d8e6-4b61-8a11-e4190a1c0805, Roles=[Admin], ActiveRules=3, SubjectMatched=1, ResourceActionMatched=1, Allows=1, Denies=0, Decision=Allowed
2026-05-09 03:10:48.017 -08:00 [INF] MediatR handling completed GetRolesQuery in 16 ms
2026-05-09 03:10:48.020 -08:00 [INF] HTTP GET /api/Roles completed with 200 in 38 ms (0HNLDNEDTNJA4:00000013)
2026-05-09 03:11:28.937 -08:00 [INF] Authorization header exists: true
2026-05-09 03:11:28.939 -08:00 [INF] JWT token validated. IsAuthenticated=true
2026-05-09 03:11:28.939 -08:00 [INF] Authorization header exists: true
2026-05-09 03:11:28.940 -08:00 [INF] JWT token validated. IsAuthenticated=true
2026-05-09 03:11:28.941 -08:00 [INF] MediatR handling started ListAccessPoliciesQuery
2026-05-09 03:11:28.941 -08:00 [INF] Access policy check started for accessPolicies:read
2026-05-09 03:11:28.944 -08:00 [INF] Access policy evaluation for accessPolicies:read. UserId=790c2c93-d8e6-4b61-8a11-e4190a1c0805, Roles=[Admin], ActiveRules=3, SubjectMatched=1, ResourceActionMatched=1, Allows=1, Denies=0, Decision=Allowed
2026-05-09 03:11:28.946 -08:00 [INF] MediatR handling started GetAccessPolicyOptionsQuery
2026-05-09 03:11:28.947 -08:00 [INF] MediatR handling completed ListAccessPoliciesQuery in 6 ms
2026-05-09 03:11:28.948 -08:00 [INF] Access policy check started for accessPolicies:read
2026-05-09 03:11:28.949 -08:00 [INF] HTTP GET /api/AccessPolicies completed with 200 in 10 ms (0HNLDNEDTNJA4:0000001B)
2026-05-09 03:11:28.951 -08:00 [INF] Access policy evaluation for accessPolicies:read. UserId=790c2c93-d8e6-4b61-8a11-e4190a1c0805, Roles=[Admin], ActiveRules=3, SubjectMatched=1, ResourceActionMatched=1, Allows=1, Denies=0, Decision=Allowed
2026-05-09 03:11:28.965 -08:00 [INF] MediatR handling completed GetAccessPolicyOptionsQuery in 18 ms
2026-05-09 03:11:28.976 -08:00 [INF] HTTP GET /api/AccessPolicies/options completed with 200 in 38 ms (0HNLDNEDTNJA4:00000019)
2026-05-09 03:11:37.935 -08:00 [INF] Authorization header exists: true
2026-05-09 03:11:37.936 -08:00 [INF] JWT token validated. IsAuthenticated=true
2026-05-09 03:11:37.937 -08:00 [INF] MediatR handling started ListAccessPoliciesQuery
2026-05-09 03:11:37.940 -08:00 [INF] Access policy check started for accessPolicies:read
2026-05-09 03:11:37.943 -08:00 [INF] Access policy evaluation for accessPolicies:read. UserId=790c2c93-d8e6-4b61-8a11-e4190a1c0805, Roles=[Admin], ActiveRules=3, SubjectMatched=1, ResourceActionMatched=1, Allows=1, Denies=0, Decision=Allowed
2026-05-09 03:11:37.945 -08:00 [INF] MediatR handling completed ListAccessPoliciesQuery in 8 ms
2026-05-09 03:11:37.946 -08:00 [INF] HTTP GET /api/AccessPolicies completed with 200 in 11 ms (0HNLDNEDTNJA4:0000001F)
2026-05-09 03:11:41.445 -08:00 [INF] Authorization header exists: true
2026-05-09 03:11:41.446 -08:00 [INF] JWT token validated. IsAuthenticated=true
2026-05-09 03:11:41.447 -08:00 [INF] MediatR handling started GetRolesQuery
2026-05-09 03:11:41.448 -08:00 [INF] Access policy check started for roles:read
2026-05-09 03:11:41.450 -08:00 [INF] Access policy evaluation for roles:read. UserId=790c2c93-d8e6-4b61-8a11-e4190a1c0805, Roles=[Admin], ActiveRules=3, SubjectMatched=1, ResourceActionMatched=1, Allows=1, Denies=0, Decision=Allowed
2026-05-09 03:11:41.453 -08:00 [INF] MediatR handling completed GetRolesQuery in 5 ms
2026-05-09 03:11:41.454 -08:00 [INF] HTTP GET /api/Roles completed with 200 in 8 ms (0HNLDNEDTNJA4:00000023)
2026-05-09 03:11:43.081 -08:00 [INF] Authorization header exists: true
2026-05-09 03:11:43.082 -08:00 [INF] JWT token validated. IsAuthenticated=true
2026-05-09 03:11:43.091 -08:00 [INF] MediatR handling started GetRoleByIdQuery
2026-05-09 03:11:43.093 -08:00 [INF] Access policy check started for roles:read
2026-05-09 03:11:43.095 -08:00 [INF] Access policy evaluation for roles:read. UserId=790c2c93-d8e6-4b61-8a11-e4190a1c0805, Roles=[Admin], ActiveRules=3, SubjectMatched=1, ResourceActionMatched=1, Allows=1, Denies=0, Decision=Allowed
2026-05-09 03:11:43.110 -08:00 [INF] MediatR handling completed GetRoleByIdQuery in 19 ms
2026-05-09 03:11:43.113 -08:00 [INF] HTTP GET /api/Roles/06bc9ef2-c0b2-48b9-b77d-63b2a6bf26a4 completed with 200 in 32 ms (0HNLDNEDTNJA4:00000027)
2026-05-09 03:11:47.340 -08:00 [INF] Authorization header exists: true
2026-05-09 03:11:47.341 -08:00 [INF] JWT token validated. IsAuthenticated=true
2026-05-09 03:11:47.342 -08:00 [INF] Authorization header exists: true
2026-05-09 03:11:47.343 -08:00 [INF] JWT token validated. IsAuthenticated=true
2026-05-09 03:11:47.343 -08:00 [INF] MediatR handling started GetLogsQuery
2026-05-09 03:11:47.345 -08:00 [INF] Access policy check started for logs:read
2026-05-09 03:11:47.345 -08:00 [INF] MediatR handling started GetLogsQuery
2026-05-09 03:11:47.346 -08:00 [INF] Access policy check started for logs:read
2026-05-09 03:11:47.346 -08:00 [INF] Access policy evaluation for logs:read. UserId=790c2c93-d8e6-4b61-8a11-e4190a1c0805, Roles=[Admin], ActiveRules=3, SubjectMatched=1, ResourceActionMatched=1, Allows=1, Denies=0, Decision=Allowed
2026-05-09 03:11:47.348 -08:00 [INF] Access policy evaluation for logs:read. UserId=790c2c93-d8e6-4b61-8a11-e4190a1c0805, Roles=[Admin], ActiveRules=3, SubjectMatched=1, ResourceActionMatched=1, Allows=1, Denies=0, Decision=Allowed
2026-05-09 03:11:47.389 -08:00 [INF] MediatR handling completed GetLogsQuery in 43 ms
2026-05-09 03:11:47.389 -08:00 [INF] MediatR handling completed GetLogsQuery in 45 ms
2026-05-09 03:11:47.391 -08:00 [INF] HTTP GET /api/Logs completed with 200 in 49 ms (0HNLDNEDTNJA4:0000002F)
2026-05-09 03:11:47.391 -08:00 [INF] HTTP GET /api/Logs completed with 200 in 51 ms (0HNLDNEDTNJA4:0000002D)
2026-05-09 03:11:50.575 -08:00 [INF] Authorization header exists: true
2026-05-09 03:11:50.576 -08:00 [INF] JWT token validated. IsAuthenticated=true
2026-05-09 03:11:50.577 -08:00 [INF] MediatR handling started GetLogsQuery
2026-05-09 03:11:50.577 -08:00 [INF] Access policy check started for logs:read
2026-05-09 03:11:50.580 -08:00 [INF] Access policy evaluation for logs:read. UserId=790c2c93-d8e6-4b61-8a11-e4190a1c0805, Roles=[Admin], ActiveRules=3, SubjectMatched=1, ResourceActionMatched=1, Allows=1, Denies=0, Decision=Allowed
2026-05-09 03:11:50.584 -08:00 [INF] MediatR handling completed GetLogsQuery in 7 ms
2026-05-09 03:11:50.586 -08:00 [INF] HTTP GET /api/Logs completed with 200 in 10 ms (0HNLDNEDTNJA4:00000031)
2026-05-09 03:11:52.653 -08:00 [INF] Authorization header exists: true
2026-05-09 03:11:52.654 -08:00 [INF] JWT token validated. IsAuthenticated=true
2026-05-09 03:11:52.654 -08:00 [INF] Authorization header exists: true
2026-05-09 03:11:52.655 -08:00 [INF] MediatR handling started GetErrorLogsQuery
2026-05-09 03:11:52.655 -08:00 [INF] JWT token validated. IsAuthenticated=true
2026-05-09 03:11:52.657 -08:00 [INF] Access policy check started for errorLogs:read
2026-05-09 03:11:52.658 -08:00 [INF] MediatR handling started GetErrorLogsQuery
2026-05-09 03:11:52.658 -08:00 [INF] Access policy evaluation for errorLogs:read. UserId=790c2c93-d8e6-4b61-8a11-e4190a1c0805, Roles=[Admin], ActiveRules=3, SubjectMatched=1, ResourceActionMatched=1, Allows=1, Denies=0, Decision=Allowed
2026-05-09 03:11:52.659 -08:00 [INF] Access policy check started for errorLogs:read
2026-05-09 03:11:52.663 -08:00 [INF] Access policy evaluation for errorLogs:read. UserId=790c2c93-d8e6-4b61-8a11-e4190a1c0805, Roles=[Admin], ActiveRules=3, SubjectMatched=1, ResourceActionMatched=1, Allows=1, Denies=0, Decision=Allowed
2026-05-09 03:11:52.675 -08:00 [INF] MediatR handling completed GetErrorLogsQuery in 16 ms
2026-05-09 03:11:52.676 -08:00 [INF] HTTP GET /api/error-logs completed with 200 in 21 ms (0HNLDNEDTNJA4:00000039)
2026-05-09 03:11:52.678 -08:00 [INF] MediatR handling completed GetErrorLogsQuery in 22 ms
2026-05-09 03:11:52.679 -08:00 [INF] HTTP GET /api/error-logs completed with 200 in 26 ms (0HNLDNEDTNJA4:00000037)
2026-05-09 03:13:39.309 -08:00 [WRN] Sensitive data logging is enabled. Log entries and exception messages may include sensitive application data; this mode should only be enabled during development.
2026-05-09 03:13:40.005 -08:00 [INF] Admin wildcard access policy already exists
2026-05-09 03:13:40.228 -08:00 [INF] Now listening on: https://localhost:7259
2026-05-09 03:13:40.230 -08:00 [INF] Now listening on: http://localhost:5244
2026-05-09 03:13:40.273 -08:00 [INF] Application started. Press Ctrl+C to shut down.
2026-05-09 03:13:40.274 -08:00 [INF] Hosting environment: Development
2026-05-09 03:13:40.275 -08:00 [INF] Content root path: C:\PrivateProject\algo.bytes\src\algo.API
2026-05-09 03:14:01.421 -08:00 [INF] Authorization header exists: false
2026-05-09 03:14:01.484 -08:00 [INF] MediatR handling started LoginCommand
2026-05-09 03:14:01.943 -08:00 [INF] MediatR handling completed LoginCommand in 458 ms
2026-05-09 03:14:01.956 -08:00 [INF] HTTP POST /api/Auth/login completed with 200 in 576 ms (0HNLDNG9BFQNN:00000003)
2026-05-09 03:14:02.082 -08:00 [INF] Authorization header exists: true
2026-05-09 03:14:02.082 -08:00 [INF] Authorization header exists: true
2026-05-09 03:14:02.082 -08:00 [INF] Authorization header exists: true
2026-05-09 03:14:02.082 -08:00 [INF] Authorization header exists: true
2026-05-09 03:14:02.133 -08:00 [INF] JWT token validated. IsAuthenticated=true
2026-05-09 03:14:02.133 -08:00 [INF] JWT token validated. IsAuthenticated=true
2026-05-09 03:14:02.133 -08:00 [INF] JWT token validated. IsAuthenticated=true
2026-05-09 03:14:02.133 -08:00 [INF] JWT token validated. IsAuthenticated=true
2026-05-09 03:14:02.149 -08:00 [INF] MediatR handling started GetUsersDashboardQuery
2026-05-09 03:14:02.149 -08:00 [INF] MediatR handling started ListAccessPoliciesQuery
2026-05-09 03:14:02.157 -08:00 [INF] Access policy check started for users:read
2026-05-09 03:14:02.157 -08:00 [INF] Access policy check started for accessPolicies:read
2026-05-09 03:14:02.184 -08:00 [INF] MediatR handling started GetLogsQuery
2026-05-09 03:14:02.184 -08:00 [INF] MediatR handling started GetErrorLogsQuery
2026-05-09 03:14:02.204 -08:00 [INF] Access policy evaluation for accessPolicies:read. UserId=790c2c93-d8e6-4b61-8a11-e4190a1c0805, Roles=[Admin], ActiveRules=3, SubjectMatched=1, ResourceActionMatched=1, Allows=1, Denies=0, Decision=Allowed
2026-05-09 03:14:02.215 -08:00 [INF] Access policy check started for errorLogs:read
2026-05-09 03:14:02.215 -08:00 [INF] Access policy check started for logs:read
2026-05-09 03:14:02.224 -08:00 [INF] Access policy evaluation for errorLogs:read. UserId=790c2c93-d8e6-4b61-8a11-e4190a1c0805, Roles=[Admin], ActiveRules=3, SubjectMatched=1, ResourceActionMatched=1, Allows=1, Denies=0, Decision=Allowed
2026-05-09 03:14:02.229 -08:00 [INF] Access policy evaluation for logs:read. UserId=790c2c93-d8e6-4b61-8a11-e4190a1c0805, Roles=[Admin], ActiveRules=3, SubjectMatched=1, ResourceActionMatched=1, Allows=1, Denies=0, Decision=Allowed
2026-05-09 03:14:02.238 -08:00 [INF] MediatR handling completed ListAccessPoliciesQuery in 88 ms
2026-05-09 03:14:02.265 -08:00 [INF] HTTP GET /api/AccessPolicies completed with 200 in 183 ms (0HNLDNG9BFQNN:00000013)
2026-05-09 03:14:02.269 -08:00 [INF] Access policy evaluation for users:read. UserId=790c2c93-d8e6-4b61-8a11-e4190a1c0805, Roles=[Admin], ActiveRules=3, SubjectMatched=1, ResourceActionMatched=1, Allows=1, Denies=0, Decision=Allowed
2026-05-09 03:14:02.282 -08:00 [INF] Access policy query filter started for users:read
2026-05-09 03:14:02.286 -08:00 [INF] Access policy query filter for users:read. UserId=790c2c93-d8e6-4b61-8a11-e4190a1c0805, Roles=[Admin], ActiveRules=3, SubjectMatched=1, ResourceActionMatched=1, Allows=1, Denies=0
2026-05-09 03:14:02.405 -08:00 [INF] MediatR handling completed GetLogsQuery in 220 ms
2026-05-09 03:14:02.405 -08:00 [INF] MediatR handling completed GetErrorLogsQuery in 220 ms
2026-05-09 03:14:02.425 -08:00 [INF] HTTP GET /api/Logs completed with 200 in 343 ms (0HNLDNG9BFQNN:0000000F)
2026-05-09 03:14:02.425 -08:00 [INF] HTTP GET /api/error-logs completed with 200 in 343 ms (0HNLDNG9BFQNN:00000011)
2026-05-09 03:14:02.493 -08:00 [INF] MediatR handling completed GetUsersDashboardQuery in 344 ms
2026-05-09 03:14:02.500 -08:00 [INF] HTTP GET /api/Users/dashboard completed with 200 in 417 ms (0HNLDNG9BFQNN:0000000D)
2026-05-09 03:14:42.332 -08:00 [INF] Authorization header exists: true
2026-05-09 03:14:42.335 -08:00 [INF] JWT token validated. IsAuthenticated=true
2026-05-09 03:14:42.337 -08:00 [INF] Authorization header exists: true
2026-05-09 03:14:42.339 -08:00 [INF] JWT token validated. IsAuthenticated=true
2026-05-09 03:14:42.342 -08:00 [INF] MediatR handling started GetErrorLogsQuery
2026-05-09 03:14:42.342 -08:00 [INF] MediatR handling started GetErrorLogsQuery
2026-05-09 03:14:42.346 -08:00 [INF] Access policy check started for errorLogs:read
2026-05-09 03:14:42.347 -08:00 [INF] Access policy check started for errorLogs:read
2026-05-09 03:14:42.354 -08:00 [INF] Access policy evaluation for errorLogs:read. UserId=790c2c93-d8e6-4b61-8a11-e4190a1c0805, Roles=[Admin], ActiveRules=3, SubjectMatched=1, ResourceActionMatched=1, Allows=1, Denies=0, Decision=Allowed
2026-05-09 03:14:42.357 -08:00 [INF] Access policy evaluation for errorLogs:read. UserId=790c2c93-d8e6-4b61-8a11-e4190a1c0805, Roles=[Admin], ActiveRules=3, SubjectMatched=1, ResourceActionMatched=1, Allows=1, Denies=0, Decision=Allowed
2026-05-09 03:14:42.420 -08:00 [INF] MediatR handling completed GetErrorLogsQuery in 77 ms
2026-05-09 03:14:42.421 -08:00 [INF] MediatR handling completed GetErrorLogsQuery in 78 ms
2026-05-09 03:14:42.425 -08:00 [INF] HTTP GET /api/error-logs completed with 200 in 87 ms (0HNLDNG9BFQNN:0000001B)
2026-05-09 03:14:42.425 -08:00 [INF] HTTP GET /api/error-logs completed with 200 in 96 ms (0HNLDNG9BFQNN:00000019)
2026-05-09 03:14:43.435 -08:00 [INF] Authorization header exists: true
2026-05-09 03:14:43.436 -08:00 [INF] Authorization header exists: true
2026-05-09 03:14:43.436 -08:00 [INF] JWT token validated. IsAuthenticated=true
2026-05-09 03:14:43.437 -08:00 [INF] JWT token validated. IsAuthenticated=true
2026-05-09 03:14:43.438 -08:00 [INF] MediatR handling started ListAccessPoliciesQuery
2026-05-09 03:14:43.439 -08:00 [INF] Access policy check started for accessPolicies:read
2026-05-09 03:14:43.442 -08:00 [INF] Access policy evaluation for accessPolicies:read. UserId=790c2c93-d8e6-4b61-8a11-e4190a1c0805, Roles=[Admin], ActiveRules=3, SubjectMatched=1, ResourceActionMatched=1, Allows=1, Denies=0, Decision=Allowed
2026-05-09 03:14:43.445 -08:00 [INF] MediatR handling completed ListAccessPoliciesQuery in 7 ms
2026-05-09 03:14:43.447 -08:00 [INF] HTTP GET /api/AccessPolicies completed with 200 in 12 ms (0HNLDNG9BFQNN:00000023)
2026-05-09 03:14:43.448 -08:00 [INF] MediatR handling started GetAccessPolicyOptionsQuery
2026-05-09 03:14:43.451 -08:00 [INF] Access policy check started for accessPolicies:read
2026-05-09 03:14:43.453 -08:00 [INF] Access policy evaluation for accessPolicies:read. UserId=790c2c93-d8e6-4b61-8a11-e4190a1c0805, Roles=[Admin], ActiveRules=3, SubjectMatched=1, ResourceActionMatched=1, Allows=1, Denies=0, Decision=Allowed
2026-05-09 03:14:43.466 -08:00 [INF] MediatR handling completed GetAccessPolicyOptionsQuery in 17 ms
2026-05-09 03:14:43.478 -08:00 [INF] HTTP GET /api/AccessPolicies/options completed with 200 in 42 ms (0HNLDNG9BFQNN:00000021)
2026-05-09 03:14:46.517 -08:00 [INF] Authorization header exists: true
2026-05-09 03:14:46.519 -08:00 [INF] JWT token validated. IsAuthenticated=true
2026-05-09 03:14:46.528 -08:00 [INF] MediatR handling started GetRolesQuery
2026-05-09 03:14:46.530 -08:00 [INF] Access policy check started for roles:read
2026-05-09 03:14:46.532 -08:00 [INF] Access policy evaluation for roles:read. UserId=790c2c93-d8e6-4b61-8a11-e4190a1c0805, Roles=[Admin], ActiveRules=3, SubjectMatched=1, ResourceActionMatched=1, Allows=1, Denies=0, Decision=Allowed
2026-05-09 03:14:46.541 -08:00 [INF] MediatR handling completed GetRolesQuery in 13 ms
2026-05-09 03:14:46.543 -08:00 [INF] HTTP GET /api/Roles completed with 200 in 26 ms (0HNLDNG9BFQNN:00000027)
2026-05-09 03:18:32.210 -08:00 [INF] Authorization header exists: true
2026-05-09 03:18:32.210 -08:00 [INF] Authorization header exists: true
2026-05-09 03:18:32.241 -08:00 [INF] Authorization header exists: true
2026-05-09 03:18:32.210 -08:00 [INF] Authorization header exists: true
2026-05-09 03:18:32.246 -08:00 [INF] JWT token validated. IsAuthenticated=true
2026-05-09 03:18:32.246 -08:00 [INF] JWT token validated. IsAuthenticated=true
2026-05-09 03:18:32.248 -08:00 [INF] JWT token validated. IsAuthenticated=true
2026-05-09 03:18:32.249 -08:00 [INF] JWT token validated. IsAuthenticated=true
2026-05-09 03:18:32.252 -08:00 [INF] MediatR handling started GetUsersDashboardQuery
2026-05-09 03:18:32.254 -08:00 [INF] MediatR handling started GetLogsQuery
2026-05-09 03:18:32.254 -08:00 [INF] MediatR handling started GetErrorLogsQuery
2026-05-09 03:18:32.254 -08:00 [INF] MediatR handling started ListAccessPoliciesQuery
2026-05-09 03:18:32.255 -08:00 [INF] Access policy check started for users:read
2026-05-09 03:18:32.258 -08:00 [INF] Access policy check started for logs:read
2026-05-09 03:18:32.265 -08:00 [INF] Access policy evaluation for users:read. UserId=790c2c93-d8e6-4b61-8a11-e4190a1c0805, Roles=[Admin], ActiveRules=3, SubjectMatched=1, ResourceActionMatched=1, Allows=1, Denies=0, Decision=Allowed
2026-05-09 03:18:32.266 -08:00 [INF] Access policy check started for errorLogs:read
2026-05-09 03:18:32.266 -08:00 [INF] Access policy check started for accessPolicies:read
2026-05-09 03:18:32.267 -08:00 [INF] Access policy evaluation for logs:read. UserId=790c2c93-d8e6-4b61-8a11-e4190a1c0805, Roles=[Admin], ActiveRules=3, SubjectMatched=1, ResourceActionMatched=1, Allows=1, Denies=0, Decision=Allowed
2026-05-09 03:18:32.269 -08:00 [INF] Access policy query filter started for users:read
2026-05-09 03:18:32.272 -08:00 [INF] Access policy evaluation for errorLogs:read. UserId=790c2c93-d8e6-4b61-8a11-e4190a1c0805, Roles=[Admin], ActiveRules=3, SubjectMatched=1, ResourceActionMatched=1, Allows=1, Denies=0, Decision=Allowed
2026-05-09 03:18:32.275 -08:00 [INF] Access policy evaluation for accessPolicies:read. UserId=790c2c93-d8e6-4b61-8a11-e4190a1c0805, Roles=[Admin], ActiveRules=3, SubjectMatched=1, ResourceActionMatched=1, Allows=1, Denies=0, Decision=Allowed
2026-05-09 03:18:32.279 -08:00 [INF] Access policy query filter for users:read. UserId=790c2c93-d8e6-4b61-8a11-e4190a1c0805, Roles=[Admin], ActiveRules=3, SubjectMatched=1, ResourceActionMatched=1, Allows=1, Denies=0
2026-05-09 03:18:32.285 -08:00 [INF] MediatR handling completed GetErrorLogsQuery in 31 ms
2026-05-09 03:18:32.288 -08:00 [INF] MediatR handling completed ListAccessPoliciesQuery in 33 ms
2026-05-09 03:18:32.292 -08:00 [INF] MediatR handling completed GetLogsQuery in 38 ms
2026-05-09 03:18:32.296 -08:00 [INF] HTTP GET /api/error-logs completed with 200 in 85 ms (0HNLDNG9BFQNO:00000009)
2026-05-09 03:18:32.296 -08:00 [INF] HTTP GET /api/AccessPolicies completed with 200 in 85 ms (0HNLDNG9BFQNO:0000000D)
2026-05-09 03:18:32.301 -08:00 [INF] HTTP GET /api/Logs completed with 200 in 60 ms (0HNLDNG9BFQNO:0000000F)
2026-05-09 03:18:32.312 -08:00 [INF] MediatR handling completed GetUsersDashboardQuery in 60 ms
2026-05-09 03:18:32.314 -08:00 [INF] HTTP GET /api/Users/dashboard completed with 200 in 103 ms (0HNLDNG9BFQNO:0000000B)
2026-05-09 03:24:37.784 -08:00 [INF] Authorization header exists: true
2026-05-09 03:24:37.785 -08:00 [INF] Authorization header exists: true
2026-05-09 03:24:37.806 -08:00 [INF] JWT token validated. IsAuthenticated=true
2026-05-09 03:24:37.807 -08:00 [INF] JWT token validated. IsAuthenticated=true
2026-05-09 03:24:37.809 -08:00 [INF] Authorization header exists: true
2026-05-09 03:24:37.809 -08:00 [INF] Authorization header exists: true
2026-05-09 03:24:37.809 -08:00 [INF] MediatR handling started GetUsersDashboardQuery
2026-05-09 03:24:37.811 -08:00 [INF] JWT token validated. IsAuthenticated=true
2026-05-09 03:24:37.813 -08:00 [INF] JWT token validated. IsAuthenticated=true
2026-05-09 03:24:37.813 -08:00 [INF] MediatR handling started GetLogsQuery
2026-05-09 03:24:37.814 -08:00 [INF] Access policy check started for users:read
2026-05-09 03:24:37.815 -08:00 [INF] MediatR handling started GetErrorLogsQuery
2026-05-09 03:24:37.816 -08:00 [INF] MediatR handling started ListAccessPoliciesQuery
2026-05-09 03:24:37.818 -08:00 [INF] Access policy check started for logs:read
2026-05-09 03:24:37.820 -08:00 [INF] Access policy check started for errorLogs:read
2026-05-09 03:24:37.821 -08:00 [INF] Access policy check started for accessPolicies:read
2026-05-09 03:24:37.865 -08:00 [INF] Access policy evaluation for users:read. UserId=790c2c93-d8e6-4b61-8a11-e4190a1c0805, Roles=[Admin], ActiveRules=3, SubjectMatched=1, ResourceActionMatched=1, Allows=1, Denies=0, Decision=Allowed
2026-05-09 03:24:37.871 -08:00 [INF] Access policy evaluation for logs:read. UserId=790c2c93-d8e6-4b61-8a11-e4190a1c0805, Roles=[Admin], ActiveRules=3, SubjectMatched=1, ResourceActionMatched=1, Allows=1, Denies=0, Decision=Allowed
2026-05-09 03:24:37.872 -08:00 [INF] Access policy evaluation for errorLogs:read. UserId=790c2c93-d8e6-4b61-8a11-e4190a1c0805, Roles=[Admin], ActiveRules=3, SubjectMatched=1, ResourceActionMatched=1, Allows=1, Denies=0, Decision=Allowed
2026-05-09 03:24:37.875 -08:00 [INF] Access policy query filter started for users:read
2026-05-09 03:24:37.880 -08:00 [INF] Access policy evaluation for accessPolicies:read. UserId=790c2c93-d8e6-4b61-8a11-e4190a1c0805, Roles=[Admin], ActiveRules=3, SubjectMatched=1, ResourceActionMatched=1, Allows=1, Denies=0, Decision=Allowed
2026-05-09 03:24:37.886 -08:00 [INF] Access policy query filter for users:read. UserId=790c2c93-d8e6-4b61-8a11-e4190a1c0805, Roles=[Admin], ActiveRules=3, SubjectMatched=1, ResourceActionMatched=1, Allows=1, Denies=0
2026-05-09 03:24:37.890 -08:00 [INF] MediatR handling completed ListAccessPoliciesQuery in 74 ms
2026-05-09 03:24:37.893 -08:00 [INF] MediatR handling completed GetLogsQuery in 80 ms
2026-05-09 03:24:37.894 -08:00 [INF] MediatR handling completed GetErrorLogsQuery in 79 ms
2026-05-09 03:24:37.894 -08:00 [INF] HTTP GET /api/AccessPolicies completed with 200 in 85 ms (0HNLDNG9BFQNO:0000001F)
2026-05-09 03:24:37.900 -08:00 [INF] HTTP GET /api/Logs completed with 200 in 115 ms (0HNLDNG9BFQNO:00000017)
2026-05-09 03:24:37.901 -08:00 [INF] HTTP GET /api/error-logs completed with 200 in 92 ms (0HNLDNG9BFQNO:0000001D)
2026-05-09 03:24:37.918 -08:00 [INF] MediatR handling completed GetUsersDashboardQuery in 109 ms
2026-05-09 03:24:37.920 -08:00 [INF] HTTP GET /api/Users/dashboard completed with 200 in 135 ms (0HNLDNG9BFQNO:00000015)
2026-05-09 03:25:49.595 -08:00 [WRN] Sensitive data logging is enabled. Log entries and exception messages may include sensitive application data; this mode should only be enabled during development.
2026-05-09 03:25:50.487 -08:00 [INF] Admin wildcard access policy already exists
2026-05-09 03:25:50.683 -08:00 [INF] Now listening on: https://localhost:7259
2026-05-09 03:25:50.686 -08:00 [INF] Now listening on: http://localhost:5244
2026-05-09 03:25:50.743 -08:00 [INF] Application started. Press Ctrl+C to shut down.
2026-05-09 03:25:50.744 -08:00 [INF] Hosting environment: Development
2026-05-09 03:25:50.745 -08:00 [INF] Content root path: C:\PrivateProject\algo.bytes\src\algo.API
2026-05-09 03:25:57.511 -08:00 [INF] Authorization header exists: true
2026-05-09 03:25:57.511 -08:00 [INF] Authorization header exists: true
2026-05-09 03:25:57.511 -08:00 [INF] Authorization header exists: true
2026-05-09 03:25:57.511 -08:00 [INF] Authorization header exists: true
2026-05-09 03:25:57.584 -08:00 [INF] JWT token validated. IsAuthenticated=true
2026-05-09 03:25:57.584 -08:00 [INF] JWT token validated. IsAuthenticated=true
2026-05-09 03:25:57.584 -08:00 [INF] JWT token validated. IsAuthenticated=true
2026-05-09 03:25:57.584 -08:00 [INF] JWT token validated. IsAuthenticated=true
2026-05-09 03:25:57.625 -08:00 [INF] MediatR handling started ListAccessPoliciesQuery
2026-05-09 03:25:57.625 -08:00 [INF] MediatR handling started GetUsersDashboardQuery
2026-05-09 03:25:57.636 -08:00 [INF] Access policy check started for accessPolicies:read
2026-05-09 03:25:57.636 -08:00 [INF] Access policy check started for users:read
2026-05-09 03:25:57.657 -08:00 [INF] MediatR handling started GetErrorLogsQuery
2026-05-09 03:25:57.657 -08:00 [INF] MediatR handling started GetLogsQuery
2026-05-09 03:25:57.681 -08:00 [INF] Access policy check started for errorLogs:read
2026-05-09 03:25:57.681 -08:00 [INF] Access policy check started for logs:read
2026-05-09 03:25:57.752 -08:00 [INF] Access policy evaluation for users:read. UserId=790c2c93-d8e6-4b61-8a11-e4190a1c0805, Roles=[Admin], ActiveRules=3, SubjectMatched=1, ResourceActionMatched=1, Allows=1, Denies=0, Decision=Allowed
2026-05-09 03:25:57.797 -08:00 [INF] Access policy query filter started for users:read
2026-05-09 03:25:57.801 -08:00 [INF] Access policy query filter for users:read. UserId=790c2c93-d8e6-4b61-8a11-e4190a1c0805, Roles=[Admin], ActiveRules=3, SubjectMatched=1, ResourceActionMatched=1, Allows=1, Denies=0
2026-05-09 03:25:57.806 -08:00 [INF] Access policy evaluation for accessPolicies:read. UserId=790c2c93-d8e6-4b61-8a11-e4190a1c0805, Roles=[Admin], ActiveRules=3, SubjectMatched=1, ResourceActionMatched=1, Allows=1, Denies=0, Decision=Allowed
2026-05-09 03:25:57.806 -08:00 [INF] Access policy evaluation for logs:read. UserId=790c2c93-d8e6-4b61-8a11-e4190a1c0805, Roles=[Admin], ActiveRules=3, SubjectMatched=1, ResourceActionMatched=1, Allows=1, Denies=0, Decision=Allowed
2026-05-09 03:25:57.806 -08:00 [INF] Access policy evaluation for errorLogs:read. UserId=790c2c93-d8e6-4b61-8a11-e4190a1c0805, Roles=[Admin], ActiveRules=3, SubjectMatched=1, ResourceActionMatched=1, Allows=1, Denies=0, Decision=Allowed
2026-05-09 03:25:57.817 -08:00 [INF] MediatR handling completed ListAccessPoliciesQuery in 192 ms
2026-05-09 03:25:57.844 -08:00 [INF] HTTP GET /api/AccessPolicies completed with 200 in 385 ms (0HNLDNMUNKI7N:0000000D)
2026-05-09 03:25:57.924 -08:00 [INF] MediatR handling completed GetLogsQuery in 267 ms
2026-05-09 03:25:57.925 -08:00 [INF] MediatR handling completed GetErrorLogsQuery in 267 ms
2026-05-09 03:25:57.935 -08:00 [INF] MediatR handling completed GetUsersDashboardQuery in 309 ms
2026-05-09 03:25:57.941 -08:00 [INF] HTTP GET /api/error-logs completed with 200 in 482 ms (0HNLDNMUNKI7N:0000000F)
2026-05-09 03:25:57.941 -08:00 [INF] HTTP GET /api/Logs completed with 200 in 482 ms (0HNLDNMUNKI7N:0000000B)
2026-05-09 03:25:57.942 -08:00 [INF] HTTP GET /api/Users/dashboard completed with 200 in 483 ms (0HNLDNMUNKI7N:00000009)
2026-05-09 03:26:16.884 -08:00 [INF] Authorization header exists: true
2026-05-09 03:26:16.884 -08:00 [INF] Authorization header exists: true
2026-05-09 03:26:16.886 -08:00 [INF] JWT token validated. IsAuthenticated=true
2026-05-09 03:26:16.886 -08:00 [INF] JWT token validated. IsAuthenticated=true
2026-05-09 03:26:16.889 -08:00 [INF] Authorization header exists: true
2026-05-09 03:26:16.890 -08:00 [INF] JWT token validated. IsAuthenticated=true
2026-05-09 03:26:16.897 -08:00 [INF] MediatR handling started GetRolesQuery
2026-05-09 03:26:16.900 -08:00 [INF] Access policy check started for roles:read
2026-05-09 03:26:16.903 -08:00 [INF] Access policy evaluation for roles:read. UserId=790c2c93-d8e6-4b61-8a11-e4190a1c0805, Roles=[Admin], ActiveRules=3, SubjectMatched=1, ResourceActionMatched=1, Allows=1, Denies=0, Decision=Allowed
2026-05-09 03:26:16.908 -08:00 [INF] MediatR handling started GetUsersQuery
2026-05-09 03:26:16.908 -08:00 [INF] MediatR handling started GetUsersQuery
2026-05-09 03:26:16.912 -08:00 [INF] MediatR handling completed GetRolesQuery in 15 ms
2026-05-09 03:26:16.915 -08:00 [INF] Access policy check started for users:read
2026-05-09 03:26:16.915 -08:00 [INF] Access policy check started for users:read
2026-05-09 03:26:16.916 -08:00 [INF] HTTP GET /api/Roles completed with 200 in 34 ms (0HNLDNMUNKI7N:00000015)
2026-05-09 03:26:16.918 -08:00 [INF] Access policy evaluation for users:read. UserId=790c2c93-d8e6-4b61-8a11-e4190a1c0805, Roles=[Admin], ActiveRules=3, SubjectMatched=1, ResourceActionMatched=1, Allows=1, Denies=0, Decision=Allowed
2026-05-09 03:26:16.918 -08:00 [INF] Access policy evaluation for users:read. UserId=790c2c93-d8e6-4b61-8a11-e4190a1c0805, Roles=[Admin], ActiveRules=3, SubjectMatched=1, ResourceActionMatched=1, Allows=1, Denies=0, Decision=Allowed
2026-05-09 03:26:16.920 -08:00 [INF] Access policy query filter started for users:read
2026-05-09 03:26:16.922 -08:00 [INF] Access policy query filter started for users:read
2026-05-09 03:26:16.923 -08:00 [INF] Access policy query filter for users:read. UserId=790c2c93-d8e6-4b61-8a11-e4190a1c0805, Roles=[Admin], ActiveRules=3, SubjectMatched=1, ResourceActionMatched=1, Allows=1, Denies=0
2026-05-09 03:26:16.924 -08:00 [INF] Access policy query filter for users:read. UserId=790c2c93-d8e6-4b61-8a11-e4190a1c0805, Roles=[Admin], ActiveRules=3, SubjectMatched=1, ResourceActionMatched=1, Allows=1, Denies=0
2026-05-09 03:26:17.086 -08:00 [INF] MediatR handling completed GetUsersQuery in 178 ms
2026-05-09 03:26:17.086 -08:00 [INF] MediatR handling completed GetUsersQuery in 178 ms
2026-05-09 03:26:17.093 -08:00 [INF] HTTP GET /api/Users completed with 200 in 212 ms (0HNLDNMUNKI7N:00000017)
2026-05-09 03:26:17.093 -08:00 [INF] HTTP GET /api/Users completed with 200 in 203 ms (0HNLDNMUNKI7N:0000001B)
2026-05-09 03:27:18.611 -08:00 [INF] Authorization header exists: true
2026-05-09 03:27:18.612 -08:00 [INF] Authorization header exists: true
2026-05-09 03:27:18.612 -08:00 [INF] Authorization header exists: true
2026-05-09 03:27:18.613 -08:00 [INF] JWT token validated. IsAuthenticated=true
2026-05-09 03:27:18.614 -08:00 [INF] JWT token validated. IsAuthenticated=true
2026-05-09 03:27:18.615 -08:00 [INF] JWT token validated. IsAuthenticated=true
2026-05-09 03:27:18.618 -08:00 [INF] MediatR handling started GetUsersDashboardQuery
2026-05-09 03:27:18.621 -08:00 [INF] Authorization header exists: true
2026-05-09 03:27:18.622 -08:00 [INF] MediatR handling started GetLogsQuery
2026-05-09 03:27:18.623 -08:00 [INF] MediatR handling started GetErrorLogsQuery
2026-05-09 03:27:18.623 -08:00 [INF] Access policy check started for users:read
2026-05-09 03:27:18.627 -08:00 [INF] JWT token validated. IsAuthenticated=true
2026-05-09 03:27:18.628 -08:00 [INF] Access policy check started for logs:read
2026-05-09 03:27:18.629 -08:00 [INF] Access policy check started for errorLogs:read
2026-05-09 03:27:18.632 -08:00 [INF] MediatR handling started ListAccessPoliciesQuery
2026-05-09 03:27:18.633 -08:00 [INF] Access policy evaluation for users:read. UserId=790c2c93-d8e6-4b61-8a11-e4190a1c0805, Roles=[Admin], ActiveRules=3, SubjectMatched=1, ResourceActionMatched=1, Allows=1, Denies=0, Decision=Allowed
2026-05-09 03:27:18.634 -08:00 [INF] Access policy evaluation for logs:read. UserId=790c2c93-d8e6-4b61-8a11-e4190a1c0805, Roles=[Admin], ActiveRules=3, SubjectMatched=1, ResourceActionMatched=1, Allows=1, Denies=0, Decision=Allowed
2026-05-09 03:27:18.635 -08:00 [INF] Access policy check started for accessPolicies:read
2026-05-09 03:27:18.635 -08:00 [INF] Access policy evaluation for errorLogs:read. UserId=790c2c93-d8e6-4b61-8a11-e4190a1c0805, Roles=[Admin], ActiveRules=3, SubjectMatched=1, ResourceActionMatched=1, Allows=1, Denies=0, Decision=Allowed
2026-05-09 03:27:18.638 -08:00 [INF] Access policy query filter started for users:read
2026-05-09 03:27:18.646 -08:00 [INF] Access policy evaluation for accessPolicies:read. UserId=790c2c93-d8e6-4b61-8a11-e4190a1c0805, Roles=[Admin], ActiveRules=3, SubjectMatched=1, ResourceActionMatched=1, Allows=1, Denies=0, Decision=Allowed
2026-05-09 03:27:18.656 -08:00 [INF] MediatR handling completed GetLogsQuery in 33 ms
2026-05-09 03:27:18.657 -08:00 [INF] Access policy query filter for users:read. UserId=790c2c93-d8e6-4b61-8a11-e4190a1c0805, Roles=[Admin], ActiveRules=3, SubjectMatched=1, ResourceActionMatched=1, Allows=1, Denies=0
2026-05-09 03:27:18.662 -08:00 [INF] MediatR handling completed ListAccessPoliciesQuery in 30 ms
2026-05-09 03:27:18.663 -08:00 [INF] HTTP GET /api/Logs completed with 200 in 51 ms (0HNLDNMUNKI7N:00000027)
2026-05-09 03:27:18.665 -08:00 [INF] MediatR handling completed GetErrorLogsQuery in 42 ms
2026-05-09 03:27:18.668 -08:00 [INF] HTTP GET /api/AccessPolicies completed with 200 in 46 ms (0HNLDNMUNKI7N:0000002B)
2026-05-09 03:27:18.672 -08:00 [INF] HTTP GET /api/error-logs completed with 200 in 59 ms (0HNLDNMUNKI7N:00000029)
2026-05-09 03:27:18.677 -08:00 [INF] MediatR handling completed GetUsersDashboardQuery in 59 ms
2026-05-09 03:27:18.680 -08:00 [INF] HTTP GET /api/Users/dashboard completed with 200 in 68 ms (0HNLDNMUNKI7N:00000025)
2026-05-09 03:43:35.974 -08:00 [INF] Authorization header exists: true
2026-05-09 03:43:35.979 -08:00 [INF] Authorization header exists: true
2026-05-09 03:43:35.980 -08:00 [INF] Authorization header exists: true
2026-05-09 03:43:35.980 -08:00 [INF] JWT token validated. IsAuthenticated=true
2026-05-09 03:43:35.984 -08:00 [INF] JWT token validated. IsAuthenticated=true
2026-05-09 03:43:35.985 -08:00 [INF] JWT token validated. IsAuthenticated=true
2026-05-09 03:43:35.986 -08:00 [INF] MediatR handling started GetUsersDashboardQuery
2026-05-09 03:43:35.987 -08:00 [INF] Authorization header exists: true
2026-05-09 03:43:35.990 -08:00 [INF] MediatR handling started GetLogsQuery
2026-05-09 03:43:35.990 -08:00 [INF] JWT token validated. IsAuthenticated=true
2026-05-09 03:43:35.990 -08:00 [INF] MediatR handling started GetErrorLogsQuery
2026-05-09 03:43:35.993 -08:00 [INF] MediatR handling started ListAccessPoliciesQuery
2026-05-09 03:43:35.994 -08:00 [INF] Access policy check started for logs:read
2026-05-09 03:43:35.994 -08:00 [INF] Access policy check started for errorLogs:read
2026-05-09 03:43:35.994 -08:00 [INF] Access policy check started for users:read
2026-05-09 03:43:35.996 -08:00 [INF] Access policy check started for accessPolicies:read
2026-05-09 03:43:36.055 -08:00 [INF] Access policy evaluation for errorLogs:read. UserId=790c2c93-d8e6-4b61-8a11-e4190a1c0805, Roles=[Admin], ActiveRules=3, SubjectMatched=1, ResourceActionMatched=1, Allows=1, Denies=0, Decision=Allowed
2026-05-09 03:43:36.055 -08:00 [INF] Access policy evaluation for logs:read. UserId=790c2c93-d8e6-4b61-8a11-e4190a1c0805, Roles=[Admin], ActiveRules=3, SubjectMatched=1, ResourceActionMatched=1, Allows=1, Denies=0, Decision=Allowed
2026-05-09 03:43:36.060 -08:00 [INF] Access policy evaluation for users:read. UserId=790c2c93-d8e6-4b61-8a11-e4190a1c0805, Roles=[Admin], ActiveRules=3, SubjectMatched=1, ResourceActionMatched=1, Allows=1, Denies=0, Decision=Allowed
2026-05-09 03:43:36.068 -08:00 [INF] Access policy query filter started for users:read
2026-05-09 03:43:36.071 -08:00 [INF] Access policy query filter for users:read. UserId=790c2c93-d8e6-4b61-8a11-e4190a1c0805, Roles=[Admin], ActiveRules=3, SubjectMatched=1, ResourceActionMatched=1, Allows=1, Denies=0
2026-05-09 03:43:36.074 -08:00 [INF] MediatR handling completed GetErrorLogsQuery in 83 ms
2026-05-09 03:43:36.081 -08:00 [INF] MediatR handling completed GetLogsQuery in 91 ms
2026-05-09 03:43:36.084 -08:00 [INF] HTTP GET /api/error-logs completed with 200 in 103 ms (0HNLDNMUNKI7N:00000037)
2026-05-09 03:43:36.092 -08:00 [INF] HTTP GET /api/Logs completed with 200 in 112 ms (0HNLDNMUNKI7N:00000033)
2026-05-09 03:43:36.109 -08:00 [INF] MediatR handling completed GetUsersDashboardQuery in 122 ms
2026-05-09 03:43:36.111 -08:00 [INF] HTTP GET /api/Users/dashboard completed with 200 in 137 ms (0HNLDNMUNKI7N:00000031)
2026-05-09 03:43:36.165 -08:00 [INF] Access policy evaluation for accessPolicies:read. UserId=790c2c93-d8e6-4b61-8a11-e4190a1c0805, Roles=[Admin], ActiveRules=3, SubjectMatched=1, ResourceActionMatched=1, Allows=1, Denies=0, Decision=Allowed
2026-05-09 03:43:36.171 -08:00 [INF] MediatR handling completed ListAccessPoliciesQuery in 177 ms
2026-05-09 03:43:36.172 -08:00 [INF] HTTP GET /api/AccessPolicies completed with 200 in 185 ms (0HNLDNMUNKI7N:0000003B)
2026-05-09 03:46:15.985 -08:00 [WRN] Sensitive data logging is enabled. Log entries and exception messages may include sensitive application data; this mode should only be enabled during development.
2026-05-09 03:46:16.729 -08:00 [INF] Admin wildcard access policy already exists
2026-05-09 03:46:16.904 -08:00 [INF] Now listening on: https://localhost:7259
2026-05-09 03:46:16.906 -08:00 [INF] Now listening on: http://localhost:5244
2026-05-09 03:46:16.953 -08:00 [INF] Application started. Press Ctrl+C to shut down.
2026-05-09 03:46:16.954 -08:00 [INF] Hosting environment: Development
2026-05-09 03:46:16.955 -08:00 [INF] Content root path: C:\PrivateProject\algo.bytes\src\algo.API
2026-05-09 03:46:36.029 -08:00 [INF] Authorization header exists: true
2026-05-09 03:46:36.029 -08:00 [INF] Authorization header exists: true
2026-05-09 03:46:36.029 -08:00 [INF] Authorization header exists: true
2026-05-09 03:46:36.029 -08:00 [INF] Authorization header exists: true
2026-05-09 03:46:36.135 -08:00 [INF] JWT token validated. IsAuthenticated=true
2026-05-09 03:46:36.135 -08:00 [INF] JWT token validated. IsAuthenticated=true
2026-05-09 03:46:36.135 -08:00 [INF] JWT token validated. IsAuthenticated=true
2026-05-09 03:46:36.135 -08:00 [INF] JWT token validated. IsAuthenticated=true
2026-05-09 03:46:36.185 -08:00 [INF] MediatR handling started ListAccessPoliciesQuery
2026-05-09 03:46:36.185 -08:00 [INF] MediatR handling started GetUsersDashboardQuery
2026-05-09 03:46:36.195 -08:00 [INF] Access policy check started for accessPolicies:read
2026-05-09 03:46:36.196 -08:00 [INF] Access policy check started for users:read
2026-05-09 03:46:36.219 -08:00 [INF] MediatR handling started GetErrorLogsQuery
2026-05-09 03:46:36.219 -08:00 [INF] MediatR handling started GetLogsQuery
2026-05-09 03:46:36.249 -08:00 [INF] Access policy check started for errorLogs:read
2026-05-09 03:46:36.249 -08:00 [INF] Access policy check started for logs:read
2026-05-09 03:46:36.363 -08:00 [INF] Access policy evaluation for logs:read. UserId=790c2c93-d8e6-4b61-8a11-e4190a1c0805, Roles=[Admin], ActiveRules=3, SubjectMatched=1, ResourceActionMatched=1, Allows=1, Denies=0, Decision=Allowed
2026-05-09 03:46:36.465 -08:00 [INF] Access policy evaluation for errorLogs:read. UserId=790c2c93-d8e6-4b61-8a11-e4190a1c0805, Roles=[Admin], ActiveRules=3, SubjectMatched=1, ResourceActionMatched=1, Allows=1, Denies=0, Decision=Allowed
2026-05-09 03:46:36.465 -08:00 [INF] Access policy evaluation for users:read. UserId=790c2c93-d8e6-4b61-8a11-e4190a1c0805, Roles=[Admin], ActiveRules=3, SubjectMatched=1, ResourceActionMatched=1, Allows=1, Denies=0, Decision=Allowed
2026-05-09 03:46:36.465 -08:00 [INF] Access policy evaluation for accessPolicies:read. UserId=790c2c93-d8e6-4b61-8a11-e4190a1c0805, Roles=[Admin], ActiveRules=3, SubjectMatched=1, ResourceActionMatched=1, Allows=1, Denies=0, Decision=Allowed
2026-05-09 03:46:36.478 -08:00 [INF] Access policy query filter started for users:read
2026-05-09 03:46:36.481 -08:00 [INF] MediatR handling completed ListAccessPoliciesQuery in 296 ms
2026-05-09 03:46:36.482 -08:00 [INF] Access policy query filter for users:read. UserId=790c2c93-d8e6-4b61-8a11-e4190a1c0805, Roles=[Admin], ActiveRules=3, SubjectMatched=1, ResourceActionMatched=1, Allows=1, Denies=0
2026-05-09 03:46:36.510 -08:00 [INF] HTTP GET /api/AccessPolicies completed with 200 in 544 ms (0HNLDO2FR6AAO:0000000D)
2026-05-09 03:46:36.585 -08:00 [INF] MediatR handling completed GetLogsQuery in 365 ms
2026-05-09 03:46:36.585 -08:00 [INF] MediatR handling completed GetErrorLogsQuery in 366 ms
2026-05-09 03:46:36.602 -08:00 [INF] HTTP GET /api/Logs completed with 200 in 637 ms (0HNLDO2FR6AAO:0000000B)
2026-05-09 03:46:36.602 -08:00 [INF] HTTP GET /api/error-logs completed with 200 in 637 ms (0HNLDO2FR6AAO:0000000F)
2026-05-09 03:46:36.611 -08:00 [INF] MediatR handling completed GetUsersDashboardQuery in 425 ms
2026-05-09 03:46:36.620 -08:00 [INF] HTTP GET /api/Users/dashboard completed with 200 in 654 ms (0HNLDO2FR6AAO:00000009)
2026-05-09 03:46:59.317 -08:00 [INF] Authorization header exists: true
2026-05-09 03:46:59.317 -08:00 [INF] Authorization header exists: true
2026-05-09 03:46:59.319 -08:00 [INF] JWT token validated. IsAuthenticated=true
2026-05-09 03:46:59.319 -08:00 [INF] JWT token validated. IsAuthenticated=true
2026-05-09 03:46:59.323 -08:00 [INF] MediatR handling started ListAccessPoliciesQuery
2026-05-09 03:46:59.325 -08:00 [INF] Access policy check started for accessPolicies:read
2026-05-09 03:46:59.329 -08:00 [INF] Access policy evaluation for accessPolicies:read. UserId=790c2c93-d8e6-4b61-8a11-e4190a1c0805, Roles=[Admin], ActiveRules=3, SubjectMatched=1, ResourceActionMatched=1, Allows=1, Denies=0, Decision=Allowed
2026-05-09 03:46:59.331 -08:00 [INF] MediatR handling started GetAccessPolicyOptionsQuery
2026-05-09 03:46:59.333 -08:00 [INF] MediatR handling completed ListAccessPoliciesQuery in 10 ms
2026-05-09 03:46:59.334 -08:00 [INF] Access policy check started for accessPolicies:read
2026-05-09 03:46:59.335 -08:00 [INF] HTTP GET /api/AccessPolicies completed with 200 in 21 ms (0HNLDO2FR6AAO:00000017)
2026-05-09 03:46:59.368 -08:00 [INF] Access policy evaluation for accessPolicies:read. UserId=790c2c93-d8e6-4b61-8a11-e4190a1c0805, Roles=[Admin], ActiveRules=3, SubjectMatched=1, ResourceActionMatched=1, Allows=1, Denies=0, Decision=Allowed
2026-05-09 03:46:59.384 -08:00 [INF] MediatR handling completed GetAccessPolicyOptionsQuery in 52 ms
2026-05-09 03:46:59.396 -08:00 [INF] HTTP GET /api/AccessPolicies/options completed with 200 in 82 ms (0HNLDO2FR6AAO:00000015)
2026-05-09 03:47:03.652 -08:00 [INF] Authorization header exists: true
2026-05-09 03:47:03.652 -08:00 [INF] Authorization header exists: true
2026-05-09 03:47:03.653 -08:00 [INF] Authorization header exists: true
2026-05-09 03:47:03.654 -08:00 [INF] JWT token validated. IsAuthenticated=true
2026-05-09 03:47:03.653 -08:00 [INF] JWT token validated. IsAuthenticated=true
2026-05-09 03:47:03.683 -08:00 [INF] MediatR handling started GetUsersDashboardQuery
2026-05-09 03:47:03.680 -08:00 [INF] JWT token validated. IsAuthenticated=true
2026-05-09 03:47:03.682 -08:00 [INF] MediatR handling started ListAccessPoliciesQuery
2026-05-09 03:47:03.680 -08:00 [INF] Authorization header exists: true
2026-05-09 03:47:03.686 -08:00 [INF] Access policy check started for users:read
2026-05-09 03:47:03.695 -08:00 [INF] MediatR handling started GetLogsQuery
2026-05-09 03:47:03.696 -08:00 [INF] JWT token validated. IsAuthenticated=true
2026-05-09 03:47:03.698 -08:00 [INF] Access policy check started for logs:read
2026-05-09 03:47:03.699 -08:00 [INF] Access policy evaluation for users:read. UserId=790c2c93-d8e6-4b61-8a11-e4190a1c0805, Roles=[Admin], ActiveRules=3, SubjectMatched=1, ResourceActionMatched=1, Allows=1, Denies=0, Decision=Allowed
2026-05-09 03:47:03.700 -08:00 [INF] MediatR handling started GetErrorLogsQuery
2026-05-09 03:47:03.700 -08:00 [INF] Access policy check started for accessPolicies:read
2026-05-09 03:47:03.702 -08:00 [INF] Access policy evaluation for logs:read. UserId=790c2c93-d8e6-4b61-8a11-e4190a1c0805, Roles=[Admin], ActiveRules=3, SubjectMatched=1, ResourceActionMatched=1, Allows=1, Denies=0, Decision=Allowed
2026-05-09 03:47:03.703 -08:00 [INF] Access policy query filter started for users:read
2026-05-09 03:47:03.704 -08:00 [INF] Access policy check started for errorLogs:read
2026-05-09 03:47:03.707 -08:00 [INF] Access policy evaluation for accessPolicies:read. UserId=790c2c93-d8e6-4b61-8a11-e4190a1c0805, Roles=[Admin], ActiveRules=3, SubjectMatched=1, ResourceActionMatched=1, Allows=1, Denies=0, Decision=Allowed
2026-05-09 03:47:03.710 -08:00 [INF] Access policy query filter for users:read. UserId=790c2c93-d8e6-4b61-8a11-e4190a1c0805, Roles=[Admin], ActiveRules=3, SubjectMatched=1, ResourceActionMatched=1, Allows=1, Denies=0
2026-05-09 03:47:03.712 -08:00 [INF] Access policy evaluation for errorLogs:read. UserId=790c2c93-d8e6-4b61-8a11-e4190a1c0805, Roles=[Admin], ActiveRules=3, SubjectMatched=1, ResourceActionMatched=1, Allows=1, Denies=0, Decision=Allowed
2026-05-09 03:47:03.715 -08:00 [INF] MediatR handling completed ListAccessPoliciesQuery in 33 ms
2026-05-09 03:47:03.719 -08:00 [INF] MediatR handling completed GetLogsQuery in 23 ms
2026-05-09 03:47:03.720 -08:00 [INF] HTTP GET /api/AccessPolicies completed with 200 in 68 ms (0HNLDO2FR6AAO:00000021)
2026-05-09 03:47:03.723 -08:00 [INF] HTTP GET /api/Logs completed with 200 in 70 ms (0HNLDO2FR6AAO:00000023)
2026-05-09 03:47:03.724 -08:00 [INF] MediatR handling completed GetErrorLogsQuery in 24 ms
2026-05-09 03:47:03.727 -08:00 [INF] HTTP GET /api/error-logs completed with 200 in 47 ms (0HNLDO2FR6AAO:00000025)
2026-05-09 03:47:03.728 -08:00 [INF] MediatR handling completed GetUsersDashboardQuery in 45 ms
2026-05-09 03:47:03.731 -08:00 [INF] HTTP GET /api/Users/dashboard completed with 200 in 79 ms (0HNLDO2FR6AAO:0000001D)
2026-05-09 03:47:04.687 -08:00 [INF] Authorization header exists: true
2026-05-09 03:47:04.689 -08:00 [INF] JWT token validated. IsAuthenticated=true
2026-05-09 03:47:04.703 -08:00 [INF] MediatR handling started GetSessionsQuery
2026-05-09 03:47:04.706 -08:00 [INF] Access policy check started for sessions:read
2026-05-09 03:47:04.709 -08:00 [INF] Access policy evaluation for sessions:read. UserId=790c2c93-d8e6-4b61-8a11-e4190a1c0805, Roles=[Admin], ActiveRules=3, SubjectMatched=1, ResourceActionMatched=1, Allows=1, Denies=0, Decision=Allowed
2026-05-09 03:47:04.846 -08:00 [ERR] MediatR handling failed GetSessionsQuery after 142 ms
System.InvalidOperationException: The LINQ expression 'DbSet<RefreshToken>()
    .SelectMany(
        collectionSelector: r => DbSet<IdentityUserRole<string>>()
            .Join(
                inner: DbSet<IdentityRole>(), 
                outerKeySelector: i => i.RoleId, 
                innerKeySelector: i0 => i0.Id, 
                resultSelector: (i, i0) => new TransparentIdentifier<IdentityUserRole<string>, IdentityRole>(
                    Outer = i, 
                    Inner = i0
                ))
            .Where(ti => ti.Outer.UserId == r.UserId)
            .OrderBy(ti => ti.Inner.Name)
            .Take(1)
            .Select(ti => ti.Inner.Name)
            .DefaultIfEmpty(), 
        resultSelector: (r, c) => new TransparentIdentifier<RefreshToken, string>(
            Outer = r, 
            Inner = c
        ))
    .Join(
        inner: DbSet<ApplicationUser>(), 
        outerKeySelector: ti0 => EF.Property<string>(ti0.Outer, "UserId"), 
        innerKeySelector: a => EF.Property<string>(a, "Id"), 
        resultSelector: (o, i) => new TransparentIdentifier<TransparentIdentifier<RefreshToken, string>, ApplicationUser>(
            Outer = o, 
            Inner = i
        ))
    .OrderByDescending(ti0 => new SessionRow(
        ti0.Outer.Outer.Id, 
        ti0.Outer.Outer.UserId, 
        ti0.Inner.DisplayName, 
        ti0.Inner.Email ?? "", 
        ti0.Outer.Inner ?? "User", 
        ti0.Outer.Outer.RevokedAt != null ? "Revoked" : ti0.Outer.Outer.ExpiresAt <= DateTimeOffset.UtcNow ? "Expired" : ti0.Outer.Outer.LastActivityAt < DateTimeOffset.UtcNow.AddMinutes(-15) ? "Idle" : "Online", 
        ti0.Outer.Outer.Device ?? "Unknown", 
        ti0.Outer.Outer.Browser ?? "Unknown", 
        ti0.Outer.Outer.OperatingSystem ?? "Unknown", 
        ti0.Outer.Outer.IpAddress, 
        ti0.Outer.Outer.Location, 
        ti0.Outer.Outer.CreatedAt, 
        ti0.Outer.Outer.LastActivityAt, 
        ti0.Outer.Outer.ExpiresAt, 
        ti0.Outer.Outer.ExpiresAt, 
        ti0.Outer.Outer.UserId == @currentUserId && ti0.Outer.Outer.RevokedAt == null && ti0.Outer.Outer.ExpiresAt > DateTimeOffset.UtcNow, 
        ti0.Outer.Outer.IsTrustedDevice, 
        ti0.Outer.Outer.IsSuspicious, 
        ti0.Outer.Outer.RevokedAt, 
        ti0.Outer.Outer.RevokedByUserId, 
        ti0.Outer.Outer.UserAgent, 
        0
    ).LastActivity)' could not be translated. Either rewrite the query in a form that can be translated, or switch to client evaluation explicitly by inserting a call to 'AsEnumerable', 'AsAsyncEnumerable', 'ToList', or 'ToListAsync'. See https://go.microsoft.com/fwlink/?linkid=2101038 for more information.
   at Microsoft.EntityFrameworkCore.Query.QueryableMethodTranslatingExpressionVisitor.Translate(Expression expression)
   at Microsoft.EntityFrameworkCore.Query.QueryCompilationContext.CreateQueryExecutorExpression[TResult](Expression query)
   at Microsoft.EntityFrameworkCore.Query.QueryCompilationContext.CreateQueryExecutor[TResult](Expression query)
   at Microsoft.EntityFrameworkCore.Storage.Database.CompileQuery[TResult](Expression query, Boolean async)
   at Microsoft.EntityFrameworkCore.Query.Internal.QueryCompiler.CompileQueryCore[TResult](IDatabase database, Expression query, IModel model, Boolean async)
   at Microsoft.EntityFrameworkCore.Query.Internal.QueryCompiler.<>c__DisplayClass11_0`1.<ExecuteCore>b__0()
   at Microsoft.EntityFrameworkCore.Query.Internal.CompiledQueryCache.GetOrAddQuery[TResult](Object cacheKey, Func`1 compiler)
   at Microsoft.EntityFrameworkCore.Query.Internal.QueryCompiler.ExecuteCore[TResult](Expression query, Boolean async, CancellationToken cancellationToken)
   at Microsoft.EntityFrameworkCore.Query.Internal.QueryCompiler.ExecuteAsync[TResult](Expression query, CancellationToken cancellationToken)
   at Microsoft.EntityFrameworkCore.Query.Internal.EntityQueryProvider.ExecuteAsync[TResult](Expression expression, CancellationToken cancellationToken)
   at Microsoft.EntityFrameworkCore.Query.Internal.EntityQueryable`1.GetAsyncEnumerator(CancellationToken cancellationToken)
   at System.Runtime.CompilerServices.ConfiguredCancelableAsyncEnumerable`1.GetAsyncEnumerator()
   at Microsoft.EntityFrameworkCore.EntityFrameworkQueryableExtensions.ToListAsync[TSource](IQueryable`1 source, CancellationToken cancellationToken)
   at algo.Application.Features.Sessions.Queries.GetSessions.GetSessionsQueryHandler.Handle(GetSessionsQuery request, CancellationToken cancellationToken) in C:\PrivateProject\algo.bytes\src\algo.Application\Features\Sessions\Queries\GetSessions\GetSessionsQueryHandler.cs:line 38
   at algo.Application.Behaviors.ValidationBehavior`2.Handle(TRequest request, RequestHandlerDelegate`1 next, CancellationToken cancellationToken) in C:\PrivateProject\algo.bytes\src\algo.Application\Behaviors\ValidationBehavior.cs:line 29
   at algo.Application.Behaviors.LoggingBehavior`2.Handle(TRequest request, RequestHandlerDelegate`1 next, CancellationToken cancellationToken) in C:\PrivateProject\algo.bytes\src\algo.Application\Behaviors\LoggingBehavior.cs:line 31
2026-05-09 03:47:05.134 -08:00 [INF] HTTP GET /api/Sessions completed with 200 in 446 ms (0HNLDO2FR6AAO:00000029)
2026-05-09 03:47:05.178 -08:00 [ERR] Unhandled exception System.InvalidOperationException at /api/Sessions (0HNLDO2FR6AAO:00000029)
System.InvalidOperationException: The LINQ expression 'DbSet<RefreshToken>()
    .SelectMany(
        collectionSelector: r => DbSet<IdentityUserRole<string>>()
            .Join(
                inner: DbSet<IdentityRole>(), 
                outerKeySelector: i => i.RoleId, 
                innerKeySelector: i0 => i0.Id, 
                resultSelector: (i, i0) => new TransparentIdentifier<IdentityUserRole<string>, IdentityRole>(
                    Outer = i, 
                    Inner = i0
                ))
            .Where(ti => ti.Outer.UserId == r.UserId)
            .OrderBy(ti => ti.Inner.Name)
            .Take(1)
            .Select(ti => ti.Inner.Name)
            .DefaultIfEmpty(), 
        resultSelector: (r, c) => new TransparentIdentifier<RefreshToken, string>(
            Outer = r, 
            Inner = c
        ))
    .Join(
        inner: DbSet<ApplicationUser>(), 
        outerKeySelector: ti0 => EF.Property<string>(ti0.Outer, "UserId"), 
        innerKeySelector: a => EF.Property<string>(a, "Id"), 
        resultSelector: (o, i) => new TransparentIdentifier<TransparentIdentifier<RefreshToken, string>, ApplicationUser>(
            Outer = o, 
            Inner = i
        ))
    .OrderByDescending(ti0 => new SessionRow(
        ti0.Outer.Outer.Id, 
        ti0.Outer.Outer.UserId, 
        ti0.Inner.DisplayName, 
        ti0.Inner.Email ?? "", 
        ti0.Outer.Inner ?? "User", 
        ti0.Outer.Outer.RevokedAt != null ? "Revoked" : ti0.Outer.Outer.ExpiresAt <= DateTimeOffset.UtcNow ? "Expired" : ti0.Outer.Outer.LastActivityAt < DateTimeOffset.UtcNow.AddMinutes(-15) ? "Idle" : "Online", 
        ti0.Outer.Outer.Device ?? "Unknown", 
        ti0.Outer.Outer.Browser ?? "Unknown", 
        ti0.Outer.Outer.OperatingSystem ?? "Unknown", 
        ti0.Outer.Outer.IpAddress, 
        ti0.Outer.Outer.Location, 
        ti0.Outer.Outer.CreatedAt, 
        ti0.Outer.Outer.LastActivityAt, 
        ti0.Outer.Outer.ExpiresAt, 
        ti0.Outer.Outer.ExpiresAt, 
        ti0.Outer.Outer.UserId == @currentUserId && ti0.Outer.Outer.RevokedAt == null && ti0.Outer.Outer.ExpiresAt > DateTimeOffset.UtcNow, 
        ti0.Outer.Outer.IsTrustedDevice, 
        ti0.Outer.Outer.IsSuspicious, 
        ti0.Outer.Outer.RevokedAt, 
        ti0.Outer.Outer.RevokedByUserId, 
        ti0.Outer.Outer.UserAgent, 
        0
    ).LastActivity)' could not be translated. Either rewrite the query in a form that can be translated, or switch to client evaluation explicitly by inserting a call to 'AsEnumerable', 'AsAsyncEnumerable', 'ToList', or 'ToListAsync'. See https://go.microsoft.com/fwlink/?linkid=2101038 for more information.
   at Microsoft.EntityFrameworkCore.Query.QueryableMethodTranslatingExpressionVisitor.Translate(Expression expression)
   at Microsoft.EntityFrameworkCore.Query.QueryCompilationContext.CreateQueryExecutorExpression[TResult](Expression query)
   at Microsoft.EntityFrameworkCore.Query.QueryCompilationContext.CreateQueryExecutor[TResult](Expression query)
   at Microsoft.EntityFrameworkCore.Storage.Database.CompileQuery[TResult](Expression query, Boolean async)
   at Microsoft.EntityFrameworkCore.Query.Internal.QueryCompiler.CompileQueryCore[TResult](IDatabase database, Expression query, IModel model, Boolean async)
   at Microsoft.EntityFrameworkCore.Query.Internal.QueryCompiler.<>c__DisplayClass11_0`1.<ExecuteCore>b__0()
   at Microsoft.EntityFrameworkCore.Query.Internal.CompiledQueryCache.GetOrAddQuery[TResult](Object cacheKey, Func`1 compiler)
   at Microsoft.EntityFrameworkCore.Query.Internal.QueryCompiler.ExecuteCore[TResult](Expression query, Boolean async, CancellationToken cancellationToken)
   at Microsoft.EntityFrameworkCore.Query.Internal.QueryCompiler.ExecuteAsync[TResult](Expression query, CancellationToken cancellationToken)
   at Microsoft.EntityFrameworkCore.Query.Internal.EntityQueryProvider.ExecuteAsync[TResult](Expression expression, CancellationToken cancellationToken)
   at Microsoft.EntityFrameworkCore.Query.Internal.EntityQueryable`1.GetAsyncEnumerator(CancellationToken cancellationToken)
   at System.Runtime.CompilerServices.ConfiguredCancelableAsyncEnumerable`1.GetAsyncEnumerator()
   at Microsoft.EntityFrameworkCore.EntityFrameworkQueryableExtensions.ToListAsync[TSource](IQueryable`1 source, CancellationToken cancellationToken)
   at algo.Application.Features.Sessions.Queries.GetSessions.GetSessionsQueryHandler.Handle(GetSessionsQuery request, CancellationToken cancellationToken) in C:\PrivateProject\algo.bytes\src\algo.Application\Features\Sessions\Queries\GetSessions\GetSessionsQueryHandler.cs:line 38
   at algo.Application.Behaviors.ValidationBehavior`2.Handle(TRequest request, RequestHandlerDelegate`1 next, CancellationToken cancellationToken) in C:\PrivateProject\algo.bytes\src\algo.Application\Behaviors\ValidationBehavior.cs:line 29
   at algo.Application.Behaviors.LoggingBehavior`2.Handle(TRequest request, RequestHandlerDelegate`1 next, CancellationToken cancellationToken) in C:\PrivateProject\algo.bytes\src\algo.Application\Behaviors\LoggingBehavior.cs:line 31
   at lambda_method440(Closure, Object)
   at Microsoft.AspNetCore.Mvc.Infrastructure.ActionMethodExecutor.AwaitableObjectResultExecutor.Execute(ActionContext actionContext, IActionResultTypeMapper mapper, ObjectMethodExecutor executor, Object controller, Object[] arguments)
   at Microsoft.AspNetCore.Mvc.Infrastructure.ControllerActionInvoker.<InvokeActionMethodAsync>g__Awaited|12_0(ControllerActionInvoker invoker, ValueTask`1 actionResultValueTask)
   at Microsoft.AspNetCore.Mvc.Infrastructure.ControllerActionInvoker.<InvokeNextActionFilterAsync>g__Awaited|10_0(ControllerActionInvoker invoker, Task lastTask, State next, Scope scope, Object state, Boolean isCompleted)
   at Microsoft.AspNetCore.Mvc.Infrastructure.ControllerActionInvoker.Rethrow(ActionExecutedContextSealed context)
   at Microsoft.AspNetCore.Mvc.Infrastructure.ControllerActionInvoker.Next(State& next, Scope& scope, Object& state, Boolean& isCompleted)
   at Microsoft.AspNetCore.Mvc.Infrastructure.ControllerActionInvoker.<InvokeInnerFilterAsync>g__Awaited|13_0(ControllerActionInvoker invoker, Task lastTask, State next, Scope scope, Object state, Boolean isCompleted)
   at Microsoft.AspNetCore.Mvc.Infrastructure.ResourceInvoker.<InvokeNextExceptionFilterAsync>g__Awaited|26_0(ResourceInvoker invoker, Task lastTask, State next, Scope scope, Object state, Boolean isCompleted)
   at Microsoft.AspNetCore.Mvc.Infrastructure.ResourceInvoker.Rethrow(ExceptionContextSealed context)
   at Microsoft.AspNetCore.Mvc.Infrastructure.ResourceInvoker.Next(State& next, Scope& scope, Object& state, Boolean& isCompleted)
   at Microsoft.AspNetCore.Mvc.Infrastructure.ResourceInvoker.<InvokeFilterPipelineAsync>g__Awaited|20_0(ResourceInvoker invoker, Task lastTask, State next, Scope scope, Object state, Boolean isCompleted)
   at Microsoft.AspNetCore.Mvc.Infrastructure.ResourceInvoker.<InvokeAsync>g__Awaited|17_0(ResourceInvoker invoker, Task task, IDisposable scope)
   at Microsoft.AspNetCore.Mvc.Infrastructure.ResourceInvoker.<InvokeAsync>g__Awaited|17_0(ResourceInvoker invoker, Task task, IDisposable scope)
   at Microsoft.AspNetCore.Authorization.AuthorizationMiddleware.Invoke(HttpContext context)
   at Microsoft.AspNetCore.Authentication.AuthenticationMiddleware.Invoke(HttpContext context)
   at algo.API.Middleware.RequestLoggingMiddleware.InvokeAsync(HttpContext context) in C:\PrivateProject\algo.bytes\src\algo.API\Middleware\RequestLoggingMiddleware.cs:line 16
   at algo.API.Middleware.ExceptionHandlingMiddleware.InvokeAsync(HttpContext context, ApplicationDbContext dbContext) in C:\PrivateProject\algo.bytes\src\algo.API\Middleware\ExceptionHandlingMiddleware.cs:line 39
2026-05-09 03:47:05.564 -08:00 [INF] Authorization header exists: true
2026-05-09 03:47:05.564 -08:00 [INF] Authorization header exists: true
2026-05-09 03:47:05.565 -08:00 [INF] JWT token validated. IsAuthenticated=true
2026-05-09 03:47:05.566 -08:00 [INF] JWT token validated. IsAuthenticated=true
2026-05-09 03:47:05.568 -08:00 [INF] MediatR handling started GetSessionsQuery
2026-05-09 03:47:05.569 -08:00 [INF] MediatR handling started GetSessionsQuery
2026-05-09 03:47:05.569 -08:00 [INF] Access policy check started for sessions:read
2026-05-09 03:47:05.571 -08:00 [INF] Access policy check started for sessions:read
2026-05-09 03:47:05.573 -08:00 [INF] Access policy evaluation for sessions:read. UserId=790c2c93-d8e6-4b61-8a11-e4190a1c0805, Roles=[Admin], ActiveRules=3, SubjectMatched=1, ResourceActionMatched=1, Allows=1, Denies=0, Decision=Allowed
2026-05-09 03:47:05.574 -08:00 [INF] Access policy evaluation for sessions:read. UserId=790c2c93-d8e6-4b61-8a11-e4190a1c0805, Roles=[Admin], ActiveRules=3, SubjectMatched=1, ResourceActionMatched=1, Allows=1, Denies=0, Decision=Allowed
2026-05-09 03:47:05.784 -08:00 [ERR] MediatR handling failed GetSessionsQuery after 216 ms
System.InvalidOperationException: The LINQ expression 'DbSet<RefreshToken>()
    .SelectMany(
        collectionSelector: r => DbSet<IdentityUserRole<string>>()
            .Join(
                inner: DbSet<IdentityRole>(), 
                outerKeySelector: i => i.RoleId, 
                innerKeySelector: i0 => i0.Id, 
                resultSelector: (i, i0) => new TransparentIdentifier<IdentityUserRole<string>, IdentityRole>(
                    Outer = i, 
                    Inner = i0
                ))
            .Where(ti => ti.Outer.UserId == r.UserId)
            .OrderBy(ti => ti.Inner.Name)
            .Take(1)
            .Select(ti => ti.Inner.Name)
            .DefaultIfEmpty(), 
        resultSelector: (r, c) => new TransparentIdentifier<RefreshToken, string>(
            Outer = r, 
            Inner = c
        ))
    .Join(
        inner: DbSet<ApplicationUser>(), 
        outerKeySelector: ti0 => EF.Property<string>(ti0.Outer, "UserId"), 
        innerKeySelector: a => EF.Property<string>(a, "Id"), 
        resultSelector: (o, i) => new TransparentIdentifier<TransparentIdentifier<RefreshToken, string>, ApplicationUser>(
            Outer = o, 
            Inner = i
        ))
    .OrderByDescending(ti0 => new SessionRow(
        ti0.Outer.Outer.Id, 
        ti0.Outer.Outer.UserId, 
        ti0.Inner.DisplayName, 
        ti0.Inner.Email ?? "", 
        ti0.Outer.Inner ?? "User", 
        ti0.Outer.Outer.RevokedAt != null ? "Revoked" : ti0.Outer.Outer.ExpiresAt <= DateTimeOffset.UtcNow ? "Expired" : ti0.Outer.Outer.LastActivityAt < DateTimeOffset.UtcNow.AddMinutes(-15) ? "Idle" : "Online", 
        ti0.Outer.Outer.Device ?? "Unknown", 
        ti0.Outer.Outer.Browser ?? "Unknown", 
        ti0.Outer.Outer.OperatingSystem ?? "Unknown", 
        ti0.Outer.Outer.IpAddress, 
        ti0.Outer.Outer.Location, 
        ti0.Outer.Outer.CreatedAt, 
        ti0.Outer.Outer.LastActivityAt, 
        ti0.Outer.Outer.ExpiresAt, 
        ti0.Outer.Outer.ExpiresAt, 
        ti0.Outer.Outer.UserId == @currentUserId && ti0.Outer.Outer.RevokedAt == null && ti0.Outer.Outer.ExpiresAt > DateTimeOffset.UtcNow, 
        ti0.Outer.Outer.IsTrustedDevice, 
        ti0.Outer.Outer.IsSuspicious, 
        ti0.Outer.Outer.RevokedAt, 
        ti0.Outer.Outer.RevokedByUserId, 
        ti0.Outer.Outer.UserAgent, 
        0
    ).LastActivity)' could not be translated. Either rewrite the query in a form that can be translated, or switch to client evaluation explicitly by inserting a call to 'AsEnumerable', 'AsAsyncEnumerable', 'ToList', or 'ToListAsync'. See https://go.microsoft.com/fwlink/?linkid=2101038 for more information.
   at Microsoft.EntityFrameworkCore.Query.QueryableMethodTranslatingExpressionVisitor.Translate(Expression expression)
   at Microsoft.EntityFrameworkCore.Query.QueryCompilationContext.CreateQueryExecutorExpression[TResult](Expression query)
   at Microsoft.EntityFrameworkCore.Query.QueryCompilationContext.CreateQueryExecutor[TResult](Expression query)
   at Microsoft.EntityFrameworkCore.Storage.Database.CompileQuery[TResult](Expression query, Boolean async)
   at Microsoft.EntityFrameworkCore.Query.Internal.QueryCompiler.CompileQueryCore[TResult](IDatabase database, Expression query, IModel model, Boolean async)
   at Microsoft.EntityFrameworkCore.Query.Internal.QueryCompiler.<>c__DisplayClass11_0`1.<ExecuteCore>b__0()
   at Microsoft.EntityFrameworkCore.Query.Internal.CompiledQueryCache.GetOrAddQuery[TResult](Object cacheKey, Func`1 compiler)
   at Microsoft.EntityFrameworkCore.Query.Internal.QueryCompiler.ExecuteCore[TResult](Expression query, Boolean async, CancellationToken cancellationToken)
   at Microsoft.EntityFrameworkCore.Query.Internal.QueryCompiler.ExecuteAsync[TResult](Expression query, CancellationToken cancellationToken)
   at Microsoft.EntityFrameworkCore.Query.Internal.EntityQueryProvider.ExecuteAsync[TResult](Expression expression, CancellationToken cancellationToken)
   at Microsoft.EntityFrameworkCore.Query.Internal.EntityQueryable`1.GetAsyncEnumerator(CancellationToken cancellationToken)
   at System.Runtime.CompilerServices.ConfiguredCancelableAsyncEnumerable`1.GetAsyncEnumerator()
   at Microsoft.EntityFrameworkCore.EntityFrameworkQueryableExtensions.ToListAsync[TSource](IQueryable`1 source, CancellationToken cancellationToken)
   at algo.Application.Features.Sessions.Queries.GetSessions.GetSessionsQueryHandler.Handle(GetSessionsQuery request, CancellationToken cancellationToken) in C:\PrivateProject\algo.bytes\src\algo.Application\Features\Sessions\Queries\GetSessions\GetSessionsQueryHandler.cs:line 38
   at algo.Application.Behaviors.ValidationBehavior`2.Handle(TRequest request, RequestHandlerDelegate`1 next, CancellationToken cancellationToken) in C:\PrivateProject\algo.bytes\src\algo.Application\Behaviors\ValidationBehavior.cs:line 29
   at algo.Application.Behaviors.LoggingBehavior`2.Handle(TRequest request, RequestHandlerDelegate`1 next, CancellationToken cancellationToken) in C:\PrivateProject\algo.bytes\src\algo.Application\Behaviors\LoggingBehavior.cs:line 31
2026-05-09 03:47:05.875 -08:00 [ERR] MediatR handling failed GetSessionsQuery after 306 ms
System.InvalidOperationException: The LINQ expression 'DbSet<RefreshToken>()
    .SelectMany(
        collectionSelector: r => DbSet<IdentityUserRole<string>>()
            .Join(
                inner: DbSet<IdentityRole>(), 
                outerKeySelector: i => i.RoleId, 
                innerKeySelector: i0 => i0.Id, 
                resultSelector: (i, i0) => new TransparentIdentifier<IdentityUserRole<string>, IdentityRole>(
                    Outer = i, 
                    Inner = i0
                ))
            .Where(ti => ti.Outer.UserId == r.UserId)
            .OrderBy(ti => ti.Inner.Name)
            .Take(1)
            .Select(ti => ti.Inner.Name)
            .DefaultIfEmpty(), 
        resultSelector: (r, c) => new TransparentIdentifier<RefreshToken, string>(
            Outer = r, 
            Inner = c
        ))
    .Join(
        inner: DbSet<ApplicationUser>(), 
        outerKeySelector: ti0 => EF.Property<string>(ti0.Outer, "UserId"), 
        innerKeySelector: a => EF.Property<string>(a, "Id"), 
        resultSelector: (o, i) => new TransparentIdentifier<TransparentIdentifier<RefreshToken, string>, ApplicationUser>(
            Outer = o, 
            Inner = i
        ))
    .OrderByDescending(ti0 => new SessionRow(
        ti0.Outer.Outer.Id, 
        ti0.Outer.Outer.UserId, 
        ti0.Inner.DisplayName, 
        ti0.Inner.Email ?? "", 
        ti0.Outer.Inner ?? "User", 
        ti0.Outer.Outer.RevokedAt != null ? "Revoked" : ti0.Outer.Outer.ExpiresAt <= DateTimeOffset.UtcNow ? "Expired" : ti0.Outer.Outer.LastActivityAt < DateTimeOffset.UtcNow.AddMinutes(-15) ? "Idle" : "Online", 
        ti0.Outer.Outer.Device ?? "Unknown", 
        ti0.Outer.Outer.Browser ?? "Unknown", 
        ti0.Outer.Outer.OperatingSystem ?? "Unknown", 
        ti0.Outer.Outer.IpAddress, 
        ti0.Outer.Outer.Location, 
        ti0.Outer.Outer.CreatedAt, 
        ti0.Outer.Outer.LastActivityAt, 
        ti0.Outer.Outer.ExpiresAt, 
        ti0.Outer.Outer.ExpiresAt, 
        ti0.Outer.Outer.UserId == @currentUserId && ti0.Outer.Outer.RevokedAt == null && ti0.Outer.Outer.ExpiresAt > DateTimeOffset.UtcNow, 
        ti0.Outer.Outer.IsTrustedDevice, 
        ti0.Outer.Outer.IsSuspicious, 
        ti0.Outer.Outer.RevokedAt, 
        ti0.Outer.Outer.RevokedByUserId, 
        ti0.Outer.Outer.UserAgent, 
        0
    ).LastActivity)' could not be translated. Either rewrite the query in a form that can be translated, or switch to client evaluation explicitly by inserting a call to 'AsEnumerable', 'AsAsyncEnumerable', 'ToList', or 'ToListAsync'. See https://go.microsoft.com/fwlink/?linkid=2101038 for more information.
   at Microsoft.EntityFrameworkCore.Query.QueryableMethodTranslatingExpressionVisitor.Translate(Expression expression)
   at Microsoft.EntityFrameworkCore.Query.QueryCompilationContext.CreateQueryExecutorExpression[TResult](Expression query)
   at Microsoft.EntityFrameworkCore.Query.QueryCompilationContext.CreateQueryExecutor[TResult](Expression query)
   at Microsoft.EntityFrameworkCore.Storage.Database.CompileQuery[TResult](Expression query, Boolean async)
   at Microsoft.EntityFrameworkCore.Query.Internal.QueryCompiler.CompileQueryCore[TResult](IDatabase database, Expression query, IModel model, Boolean async)
   at Microsoft.EntityFrameworkCore.Query.Internal.QueryCompiler.<>c__DisplayClass11_0`1.<ExecuteCore>b__0()
   at Microsoft.EntityFrameworkCore.Query.Internal.CompiledQueryCache.GetOrAddQuery[TResult](Object cacheKey, Func`1 compiler)
   at Microsoft.EntityFrameworkCore.Query.Internal.QueryCompiler.ExecuteCore[TResult](Expression query, Boolean async, CancellationToken cancellationToken)
   at Microsoft.EntityFrameworkCore.Query.Internal.QueryCompiler.ExecuteAsync[TResult](Expression query, CancellationToken cancellationToken)
   at Microsoft.EntityFrameworkCore.Query.Internal.EntityQueryProvider.ExecuteAsync[TResult](Expression expression, CancellationToken cancellationToken)
   at Microsoft.EntityFrameworkCore.Query.Internal.EntityQueryable`1.GetAsyncEnumerator(CancellationToken cancellationToken)
   at System.Runtime.CompilerServices.ConfiguredCancelableAsyncEnumerable`1.GetAsyncEnumerator()
   at Microsoft.EntityFrameworkCore.EntityFrameworkQueryableExtensions.ToListAsync[TSource](IQueryable`1 source, CancellationToken cancellationToken)
   at algo.Application.Features.Sessions.Queries.GetSessions.GetSessionsQueryHandler.Handle(GetSessionsQuery request, CancellationToken cancellationToken) in C:\PrivateProject\algo.bytes\src\algo.Application\Features\Sessions\Queries\GetSessions\GetSessionsQueryHandler.cs:line 38
   at algo.Application.Behaviors.ValidationBehavior`2.Handle(TRequest request, RequestHandlerDelegate`1 next, CancellationToken cancellationToken) in C:\PrivateProject\algo.bytes\src\algo.Application\Behaviors\ValidationBehavior.cs:line 29
   at algo.Application.Behaviors.LoggingBehavior`2.Handle(TRequest request, RequestHandlerDelegate`1 next, CancellationToken cancellationToken) in C:\PrivateProject\algo.bytes\src\algo.Application\Behaviors\LoggingBehavior.cs:line 31
2026-05-09 03:47:06.107 -08:00 [INF] HTTP GET /api/Sessions completed with 200 in 543 ms (0HNLDO2FR6AAO:0000002D)
2026-05-09 03:47:06.277 -08:00 [ERR] Unhandled exception System.InvalidOperationException at /api/Sessions (0HNLDO2FR6AAO:0000002D)
System.InvalidOperationException: The LINQ expression 'DbSet<RefreshToken>()
    .SelectMany(
        collectionSelector: r => DbSet<IdentityUserRole<string>>()
            .Join(
                inner: DbSet<IdentityRole>(), 
                outerKeySelector: i => i.RoleId, 
                innerKeySelector: i0 => i0.Id, 
                resultSelector: (i, i0) => new TransparentIdentifier<IdentityUserRole<string>, IdentityRole>(
                    Outer = i, 
                    Inner = i0
                ))
            .Where(ti => ti.Outer.UserId == r.UserId)
            .OrderBy(ti => ti.Inner.Name)
            .Take(1)
            .Select(ti => ti.Inner.Name)
            .DefaultIfEmpty(), 
        resultSelector: (r, c) => new TransparentIdentifier<RefreshToken, string>(
            Outer = r, 
            Inner = c
        ))
    .Join(
        inner: DbSet<ApplicationUser>(), 
        outerKeySelector: ti0 => EF.Property<string>(ti0.Outer, "UserId"), 
        innerKeySelector: a => EF.Property<string>(a, "Id"), 
        resultSelector: (o, i) => new TransparentIdentifier<TransparentIdentifier<RefreshToken, string>, ApplicationUser>(
            Outer = o, 
            Inner = i
        ))
    .OrderByDescending(ti0 => new SessionRow(
        ti0.Outer.Outer.Id, 
        ti0.Outer.Outer.UserId, 
        ti0.Inner.DisplayName, 
        ti0.Inner.Email ?? "", 
        ti0.Outer.Inner ?? "User", 
        ti0.Outer.Outer.RevokedAt != null ? "Revoked" : ti0.Outer.Outer.ExpiresAt <= DateTimeOffset.UtcNow ? "Expired" : ti0.Outer.Outer.LastActivityAt < DateTimeOffset.UtcNow.AddMinutes(-15) ? "Idle" : "Online", 
        ti0.Outer.Outer.Device ?? "Unknown", 
        ti0.Outer.Outer.Browser ?? "Unknown", 
        ti0.Outer.Outer.OperatingSystem ?? "Unknown", 
        ti0.Outer.Outer.IpAddress, 
        ti0.Outer.Outer.Location, 
        ti0.Outer.Outer.CreatedAt, 
        ti0.Outer.Outer.LastActivityAt, 
        ti0.Outer.Outer.ExpiresAt, 
        ti0.Outer.Outer.ExpiresAt, 
        ti0.Outer.Outer.UserId == @currentUserId && ti0.Outer.Outer.RevokedAt == null && ti0.Outer.Outer.ExpiresAt > DateTimeOffset.UtcNow, 
        ti0.Outer.Outer.IsTrustedDevice, 
        ti0.Outer.Outer.IsSuspicious, 
        ti0.Outer.Outer.RevokedAt, 
        ti0.Outer.Outer.RevokedByUserId, 
        ti0.Outer.Outer.UserAgent, 
        0
    ).LastActivity)' could not be translated. Either rewrite the query in a form that can be translated, or switch to client evaluation explicitly by inserting a call to 'AsEnumerable', 'AsAsyncEnumerable', 'ToList', or 'ToListAsync'. See https://go.microsoft.com/fwlink/?linkid=2101038 for more information.
   at Microsoft.EntityFrameworkCore.Query.QueryableMethodTranslatingExpressionVisitor.Translate(Expression expression)
   at Microsoft.EntityFrameworkCore.Query.QueryCompilationContext.CreateQueryExecutorExpression[TResult](Expression query)
   at Microsoft.EntityFrameworkCore.Query.QueryCompilationContext.CreateQueryExecutor[TResult](Expression query)
   at Microsoft.EntityFrameworkCore.Storage.Database.CompileQuery[TResult](Expression query, Boolean async)
   at Microsoft.EntityFrameworkCore.Query.Internal.QueryCompiler.CompileQueryCore[TResult](IDatabase database, Expression query, IModel model, Boolean async)
   at Microsoft.EntityFrameworkCore.Query.Internal.QueryCompiler.<>c__DisplayClass11_0`1.<ExecuteCore>b__0()
   at Microsoft.EntityFrameworkCore.Query.Internal.CompiledQueryCache.GetOrAddQuery[TResult](Object cacheKey, Func`1 compiler)
   at Microsoft.EntityFrameworkCore.Query.Internal.QueryCompiler.ExecuteCore[TResult](Expression query, Boolean async, CancellationToken cancellationToken)
   at Microsoft.EntityFrameworkCore.Query.Internal.QueryCompiler.ExecuteAsync[TResult](Expression query, CancellationToken cancellationToken)
   at Microsoft.EntityFrameworkCore.Query.Internal.EntityQueryProvider.ExecuteAsync[TResult](Expression expression, CancellationToken cancellationToken)
   at Microsoft.EntityFrameworkCore.Query.Internal.EntityQueryable`1.GetAsyncEnumerator(CancellationToken cancellationToken)
   at System.Runtime.CompilerServices.ConfiguredCancelableAsyncEnumerable`1.GetAsyncEnumerator()
   at Microsoft.EntityFrameworkCore.EntityFrameworkQueryableExtensions.ToListAsync[TSource](IQueryable`1 source, CancellationToken cancellationToken)
   at algo.Application.Features.Sessions.Queries.GetSessions.GetSessionsQueryHandler.Handle(GetSessionsQuery request, CancellationToken cancellationToken) in C:\PrivateProject\algo.bytes\src\algo.Application\Features\Sessions\Queries\GetSessions\GetSessionsQueryHandler.cs:line 38
   at algo.Application.Behaviors.ValidationBehavior`2.Handle(TRequest request, RequestHandlerDelegate`1 next, CancellationToken cancellationToken) in C:\PrivateProject\algo.bytes\src\algo.Application\Behaviors\ValidationBehavior.cs:line 29
   at algo.Application.Behaviors.LoggingBehavior`2.Handle(TRequest request, RequestHandlerDelegate`1 next, CancellationToken cancellationToken) in C:\PrivateProject\algo.bytes\src\algo.Application\Behaviors\LoggingBehavior.cs:line 31
   at lambda_method440(Closure, Object)
   at Microsoft.AspNetCore.Mvc.Infrastructure.ActionMethodExecutor.AwaitableObjectResultExecutor.Execute(ActionContext actionContext, IActionResultTypeMapper mapper, ObjectMethodExecutor executor, Object controller, Object[] arguments)
   at Microsoft.AspNetCore.Mvc.Infrastructure.ControllerActionInvoker.<InvokeActionMethodAsync>g__Awaited|12_0(ControllerActionInvoker invoker, ValueTask`1 actionResultValueTask)
   at Microsoft.AspNetCore.Mvc.Infrastructure.ControllerActionInvoker.<InvokeNextActionFilterAsync>g__Awaited|10_0(ControllerActionInvoker invoker, Task lastTask, State next, Scope scope, Object state, Boolean isCompleted)
   at Microsoft.AspNetCore.Mvc.Infrastructure.ControllerActionInvoker.Rethrow(ActionExecutedContextSealed context)
   at Microsoft.AspNetCore.Mvc.Infrastructure.ControllerActionInvoker.Next(State& next, Scope& scope, Object& state, Boolean& isCompleted)
   at Microsoft.AspNetCore.Mvc.Infrastructure.ControllerActionInvoker.<InvokeInnerFilterAsync>g__Awaited|13_0(ControllerActionInvoker invoker, Task lastTask, State next, Scope scope, Object state, Boolean isCompleted)
   at Microsoft.AspNetCore.Mvc.Infrastructure.ResourceInvoker.<InvokeNextExceptionFilterAsync>g__Awaited|26_0(ResourceInvoker invoker, Task lastTask, State next, Scope scope, Object state, Boolean isCompleted)
   at Microsoft.AspNetCore.Mvc.Infrastructure.ResourceInvoker.Rethrow(ExceptionContextSealed context)
   at Microsoft.AspNetCore.Mvc.Infrastructure.ResourceInvoker.Next(State& next, Scope& scope, Object& state, Boolean& isCompleted)
   at Microsoft.AspNetCore.Mvc.Infrastructure.ResourceInvoker.<InvokeFilterPipelineAsync>g__Awaited|20_0(ResourceInvoker invoker, Task lastTask, State next, Scope scope, Object state, Boolean isCompleted)
   at Microsoft.AspNetCore.Mvc.Infrastructure.ResourceInvoker.<InvokeAsync>g__Awaited|17_0(ResourceInvoker invoker, Task task, IDisposable scope)
   at Microsoft.AspNetCore.Mvc.Infrastructure.ResourceInvoker.<InvokeAsync>g__Awaited|17_0(ResourceInvoker invoker, Task task, IDisposable scope)
   at Microsoft.AspNetCore.Authorization.AuthorizationMiddleware.Invoke(HttpContext context)
   at Microsoft.AspNetCore.Authentication.AuthenticationMiddleware.Invoke(HttpContext context)
   at algo.API.Middleware.RequestLoggingMiddleware.InvokeAsync(HttpContext context) in C:\PrivateProject\algo.bytes\src\algo.API\Middleware\RequestLoggingMiddleware.cs:line 16
   at algo.API.Middleware.ExceptionHandlingMiddleware.InvokeAsync(HttpContext context, ApplicationDbContext dbContext) in C:\PrivateProject\algo.bytes\src\algo.API\Middleware\ExceptionHandlingMiddleware.cs:line 39
2026-05-09 03:47:06.427 -08:00 [INF] HTTP GET /api/Sessions completed with 200 in 863 ms (0HNLDO2FR6AAO:0000002F)
2026-05-09 03:47:06.507 -08:00 [ERR] Unhandled exception System.InvalidOperationException at /api/Sessions (0HNLDO2FR6AAO:0000002F)
System.InvalidOperationException: The LINQ expression 'DbSet<RefreshToken>()
    .SelectMany(
        collectionSelector: r => DbSet<IdentityUserRole<string>>()
            .Join(
                inner: DbSet<IdentityRole>(), 
                outerKeySelector: i => i.RoleId, 
                innerKeySelector: i0 => i0.Id, 
                resultSelector: (i, i0) => new TransparentIdentifier<IdentityUserRole<string>, IdentityRole>(
                    Outer = i, 
                    Inner = i0
                ))
            .Where(ti => ti.Outer.UserId == r.UserId)
            .OrderBy(ti => ti.Inner.Name)
            .Take(1)
            .Select(ti => ti.Inner.Name)
            .DefaultIfEmpty(), 
        resultSelector: (r, c) => new TransparentIdentifier<RefreshToken, string>(
            Outer = r, 
            Inner = c
        ))
    .Join(
        inner: DbSet<ApplicationUser>(), 
        outerKeySelector: ti0 => EF.Property<string>(ti0.Outer, "UserId"), 
        innerKeySelector: a => EF.Property<string>(a, "Id"), 
        resultSelector: (o, i) => new TransparentIdentifier<TransparentIdentifier<RefreshToken, string>, ApplicationUser>(
            Outer = o, 
            Inner = i
        ))
    .OrderByDescending(ti0 => new SessionRow(
        ti0.Outer.Outer.Id, 
        ti0.Outer.Outer.UserId, 
        ti0.Inner.DisplayName, 
        ti0.Inner.Email ?? "", 
        ti0.Outer.Inner ?? "User", 
        ti0.Outer.Outer.RevokedAt != null ? "Revoked" : ti0.Outer.Outer.ExpiresAt <= DateTimeOffset.UtcNow ? "Expired" : ti0.Outer.Outer.LastActivityAt < DateTimeOffset.UtcNow.AddMinutes(-15) ? "Idle" : "Online", 
        ti0.Outer.Outer.Device ?? "Unknown", 
        ti0.Outer.Outer.Browser ?? "Unknown", 
        ti0.Outer.Outer.OperatingSystem ?? "Unknown", 
        ti0.Outer.Outer.IpAddress, 
        ti0.Outer.Outer.Location, 
        ti0.Outer.Outer.CreatedAt, 
        ti0.Outer.Outer.LastActivityAt, 
        ti0.Outer.Outer.ExpiresAt, 
        ti0.Outer.Outer.ExpiresAt, 
        ti0.Outer.Outer.UserId == @currentUserId && ti0.Outer.Outer.RevokedAt == null && ti0.Outer.Outer.ExpiresAt > DateTimeOffset.UtcNow, 
        ti0.Outer.Outer.IsTrustedDevice, 
        ti0.Outer.Outer.IsSuspicious, 
        ti0.Outer.Outer.RevokedAt, 
        ti0.Outer.Outer.RevokedByUserId, 
        ti0.Outer.Outer.UserAgent, 
        0
    ).LastActivity)' could not be translated. Either rewrite the query in a form that can be translated, or switch to client evaluation explicitly by inserting a call to 'AsEnumerable', 'AsAsyncEnumerable', 'ToList', or 'ToListAsync'. See https://go.microsoft.com/fwlink/?linkid=2101038 for more information.
   at Microsoft.EntityFrameworkCore.Query.QueryableMethodTranslatingExpressionVisitor.Translate(Expression expression)
   at Microsoft.EntityFrameworkCore.Query.QueryCompilationContext.CreateQueryExecutorExpression[TResult](Expression query)
   at Microsoft.EntityFrameworkCore.Query.QueryCompilationContext.CreateQueryExecutor[TResult](Expression query)
   at Microsoft.EntityFrameworkCore.Storage.Database.CompileQuery[TResult](Expression query, Boolean async)
   at Microsoft.EntityFrameworkCore.Query.Internal.QueryCompiler.CompileQueryCore[TResult](IDatabase database, Expression query, IModel model, Boolean async)
   at Microsoft.EntityFrameworkCore.Query.Internal.QueryCompiler.<>c__DisplayClass11_0`1.<ExecuteCore>b__0()
   at Microsoft.EntityFrameworkCore.Query.Internal.CompiledQueryCache.GetOrAddQuery[TResult](Object cacheKey, Func`1 compiler)
   at Microsoft.EntityFrameworkCore.Query.Internal.QueryCompiler.ExecuteCore[TResult](Expression query, Boolean async, CancellationToken cancellationToken)
   at Microsoft.EntityFrameworkCore.Query.Internal.QueryCompiler.ExecuteAsync[TResult](Expression query, CancellationToken cancellationToken)
   at Microsoft.EntityFrameworkCore.Query.Internal.EntityQueryProvider.ExecuteAsync[TResult](Expression expression, CancellationToken cancellationToken)
   at Microsoft.EntityFrameworkCore.Query.Internal.EntityQueryable`1.GetAsyncEnumerator(CancellationToken cancellationToken)
   at System.Runtime.CompilerServices.ConfiguredCancelableAsyncEnumerable`1.GetAsyncEnumerator()
   at Microsoft.EntityFrameworkCore.EntityFrameworkQueryableExtensions.ToListAsync[TSource](IQueryable`1 source, CancellationToken cancellationToken)
   at algo.Application.Features.Sessions.Queries.GetSessions.GetSessionsQueryHandler.Handle(GetSessionsQuery request, CancellationToken cancellationToken) in C:\PrivateProject\algo.bytes\src\algo.Application\Features\Sessions\Queries\GetSessions\GetSessionsQueryHandler.cs:line 38
   at algo.Application.Behaviors.ValidationBehavior`2.Handle(TRequest request, RequestHandlerDelegate`1 next, CancellationToken cancellationToken) in C:\PrivateProject\algo.bytes\src\algo.Application\Behaviors\ValidationBehavior.cs:line 29
   at algo.Application.Behaviors.LoggingBehavior`2.Handle(TRequest request, RequestHandlerDelegate`1 next, CancellationToken cancellationToken) in C:\PrivateProject\algo.bytes\src\algo.Application\Behaviors\LoggingBehavior.cs:line 31
   at lambda_method440(Closure, Object)
   at Microsoft.AspNetCore.Mvc.Infrastructure.ActionMethodExecutor.AwaitableObjectResultExecutor.Execute(ActionContext actionContext, IActionResultTypeMapper mapper, ObjectMethodExecutor executor, Object controller, Object[] arguments)
   at Microsoft.AspNetCore.Mvc.Infrastructure.ControllerActionInvoker.<InvokeActionMethodAsync>g__Awaited|12_0(ControllerActionInvoker invoker, ValueTask`1 actionResultValueTask)
   at Microsoft.AspNetCore.Mvc.Infrastructure.ControllerActionInvoker.<InvokeNextActionFilterAsync>g__Awaited|10_0(ControllerActionInvoker invoker, Task lastTask, State next, Scope scope, Object state, Boolean isCompleted)
   at Microsoft.AspNetCore.Mvc.Infrastructure.ControllerActionInvoker.Rethrow(ActionExecutedContextSealed context)
   at Microsoft.AspNetCore.Mvc.Infrastructure.ControllerActionInvoker.Next(State& next, Scope& scope, Object& state, Boolean& isCompleted)
   at Microsoft.AspNetCore.Mvc.Infrastructure.ControllerActionInvoker.<InvokeInnerFilterAsync>g__Awaited|13_0(ControllerActionInvoker invoker, Task lastTask, State next, Scope scope, Object state, Boolean isCompleted)
   at Microsoft.AspNetCore.Mvc.Infrastructure.ResourceInvoker.<InvokeNextExceptionFilterAsync>g__Awaited|26_0(ResourceInvoker invoker, Task lastTask, State next, Scope scope, Object state, Boolean isCompleted)
   at Microsoft.AspNetCore.Mvc.Infrastructure.ResourceInvoker.Rethrow(ExceptionContextSealed context)
   at Microsoft.AspNetCore.Mvc.Infrastructure.ResourceInvoker.Next(State& next, Scope& scope, Object& state, Boolean& isCompleted)
   at Microsoft.AspNetCore.Mvc.Infrastructure.ResourceInvoker.<InvokeFilterPipelineAsync>g__Awaited|20_0(ResourceInvoker invoker, Task lastTask, State next, Scope scope, Object state, Boolean isCompleted)
   at Microsoft.AspNetCore.Mvc.Infrastructure.ResourceInvoker.<InvokeAsync>g__Awaited|17_0(ResourceInvoker invoker, Task task, IDisposable scope)
   at Microsoft.AspNetCore.Mvc.Infrastructure.ResourceInvoker.<InvokeAsync>g__Awaited|17_0(ResourceInvoker invoker, Task task, IDisposable scope)
   at Microsoft.AspNetCore.Authorization.AuthorizationMiddleware.Invoke(HttpContext context)
   at Microsoft.AspNetCore.Authentication.AuthenticationMiddleware.Invoke(HttpContext context)
   at algo.API.Middleware.RequestLoggingMiddleware.InvokeAsync(HttpContext context) in C:\PrivateProject\algo.bytes\src\algo.API\Middleware\RequestLoggingMiddleware.cs:line 16
   at algo.API.Middleware.ExceptionHandlingMiddleware.InvokeAsync(HttpContext context, ApplicationDbContext dbContext) in C:\PrivateProject\algo.bytes\src\algo.API\Middleware\ExceptionHandlingMiddleware.cs:line 39
2026-05-09 03:47:12.986 -08:00 [INF] Authorization header exists: true
2026-05-09 03:47:12.987 -08:00 [INF] JWT token validated. IsAuthenticated=true
2026-05-09 03:47:12.987 -08:00 [INF] Authorization header exists: true
2026-05-09 03:47:12.989 -08:00 [INF] JWT token validated. IsAuthenticated=true
2026-05-09 03:47:12.990 -08:00 [INF] MediatR handling started GetErrorLogsQuery
2026-05-09 03:47:12.990 -08:00 [INF] MediatR handling started GetErrorLogsQuery
2026-05-09 03:47:12.991 -08:00 [INF] Access policy check started for errorLogs:read
2026-05-09 03:47:12.991 -08:00 [INF] Access policy check started for errorLogs:read
2026-05-09 03:47:12.993 -08:00 [INF] Access policy evaluation for errorLogs:read. UserId=790c2c93-d8e6-4b61-8a11-e4190a1c0805, Roles=[Admin], ActiveRules=3, SubjectMatched=1, ResourceActionMatched=1, Allows=1, Denies=0, Decision=Allowed
2026-05-09 03:47:12.993 -08:00 [INF] Access policy evaluation for errorLogs:read. UserId=790c2c93-d8e6-4b61-8a11-e4190a1c0805, Roles=[Admin], ActiveRules=3, SubjectMatched=1, ResourceActionMatched=1, Allows=1, Denies=0, Decision=Allowed
2026-05-09 03:47:13.011 -08:00 [INF] MediatR handling completed GetErrorLogsQuery in 21 ms
2026-05-09 03:47:13.011 -08:00 [INF] MediatR handling completed GetErrorLogsQuery in 21 ms
2026-05-09 03:47:13.013 -08:00 [INF] HTTP GET /api/error-logs completed with 200 in 25 ms (0HNLDO2FR6AAO:00000037)
2026-05-09 03:47:13.013 -08:00 [INF] HTTP GET /api/error-logs completed with 200 in 27 ms (0HNLDO2FR6AAO:00000035)
2026-05-09 03:47:19.640 -08:00 [INF] Authorization header exists: true
2026-05-09 03:47:19.641 -08:00 [INF] JWT token validated. IsAuthenticated=true
2026-05-09 03:47:19.648 -08:00 [INF] MediatR handling started GetErrorLogByIdQuery
2026-05-09 03:47:19.651 -08:00 [INF] Access policy check started for errorLogs:read
2026-05-09 03:47:19.653 -08:00 [INF] Access policy evaluation for errorLogs:read. UserId=790c2c93-d8e6-4b61-8a11-e4190a1c0805, Roles=[Admin], ActiveRules=3, SubjectMatched=1, ResourceActionMatched=1, Allows=1, Denies=0, Decision=Allowed
2026-05-09 03:47:19.665 -08:00 [INF] MediatR handling completed GetErrorLogByIdQuery in 16 ms
2026-05-09 03:47:19.667 -08:00 [INF] HTTP GET /api/error-logs/7 completed with 200 in 26 ms (0HNLDO2FR6AAO:0000003B)
2026-05-09 03:49:29.302 -08:00 [INF] Authorization header exists: false
2026-05-09 03:49:29.344 -08:00 [INF] MediatR handling started LoginCommand
2026-05-09 03:49:29.646 -08:00 [ERR] Failed executing DbCommand (77ms) [Parameters=[@p0='600f9834-fe6a-4d20-b2bb-2fdfa06f1ae9', @p1='Chrome', @p2='2026-05-09T11:49:29.4988216+00:00' (DbType = DateTime), @p3='Desktop', @p4='2026-05-23T11:49:29.4978712+00:00' (DbType = DateTime), @p5='::1', @p6='False', @p7='True', @p8='2026-05-09T11:49:29.4989202+00:00' (DbType = DateTime), @p9=NULL, @p10='Windows', @p11=NULL, @p12=NULL (DbType = DateTime), @p13=NULL, @p14='E5C929023F00EA4B75EC9242A38A3B74700BF5A9F95A62D40AACDF3D9D7B4936' (Nullable = false), @p15='Mozilla/5.0 (Windows NT 10.0; Win64; x64) AppleWebKit/537.36 (KHTML, like Gecko) Chrome/148.0.0.0 Safari/537.36', @p16='790c2c93-d8e6-4b61-8a11-e4190a1c0805' (Nullable = false)], CommandType='"Text"', CommandTimeout='30']
INSERT INTO "RefreshTokens" ("Id", "Browser", "CreatedAt", "Device", "ExpiresAt", "IpAddress", "IsSuspicious", "IsTrustedDevice", "LastActivityAt", "Location", "OperatingSystem", "ReplacedByTokenHash", "RevokedAt", "RevokedByUserId", "TokenHash", "UserAgent", "UserId")
VALUES (@p0, @p1, @p2, @p3, @p4, @p5, @p6, @p7, @p8, @p9, @p10, @p11, @p12, @p13, @p14, @p15, @p16);
2026-05-09 03:49:29.830 -08:00 [ERR] An exception occurred in the database while saving changes for context type 'algo.Persistence.Context.ApplicationDbContext'.
Microsoft.EntityFrameworkCore.DbUpdateException: An error occurred while saving the entity changes. See the inner exception for details.
 ---> Npgsql.PostgresException (0x80004005): 42703: column "Browser" of relation "RefreshTokens" does not exist

POSITION: 36
   at Npgsql.Internal.NpgsqlConnector.ReadMessageLong(Boolean async, DataRowLoadingMode dataRowLoadingMode, Boolean readingNotifications, Boolean isReadingPrependedMessage)
   at System.Runtime.CompilerServices.PoolingAsyncValueTaskMethodBuilder`1.StateMachineBox`1.System.Threading.Tasks.Sources.IValueTaskSource<TResult>.GetResult(Int16 token)
   at Npgsql.NpgsqlDataReader.NextResult(Boolean async, Boolean isConsuming, CancellationToken cancellationToken)
   at Npgsql.NpgsqlDataReader.NextResult(Boolean async, Boolean isConsuming, CancellationToken cancellationToken)
   at Npgsql.NpgsqlCommand.ExecuteReader(Boolean async, CommandBehavior behavior, CancellationToken cancellationToken)
   at Npgsql.NpgsqlCommand.ExecuteReader(Boolean async, CommandBehavior behavior, CancellationToken cancellationToken)
   at Npgsql.NpgsqlCommand.ExecuteDbDataReaderAsync(CommandBehavior behavior, CancellationToken cancellationToken)
   at Microsoft.EntityFrameworkCore.Storage.RelationalCommand.ExecuteReaderAsync(RelationalCommandParameterObject parameterObject, CancellationToken cancellationToken)
   at Microsoft.EntityFrameworkCore.Storage.RelationalCommand.ExecuteReaderAsync(RelationalCommandParameterObject parameterObject, CancellationToken cancellationToken)
   at Microsoft.EntityFrameworkCore.Update.ReaderModificationCommandBatch.ExecuteAsync(IRelationalConnection connection, CancellationToken cancellationToken)
  Exception data:
    Severity: ERROR
    SqlState: 42703
    MessageText: column "Browser" of relation "RefreshTokens" does not exist
    Position: 36
    File: parse_target.c
    Line: 1073
    Routine: checkInsertTargets
   --- End of inner exception stack trace ---
   at Microsoft.EntityFrameworkCore.Update.ReaderModificationCommandBatch.ExecuteAsync(IRelationalConnection connection, CancellationToken cancellationToken)
   at Microsoft.EntityFrameworkCore.Update.Internal.BatchExecutor.ExecuteAsync(IEnumerable`1 commandBatches, IRelationalConnection connection, CancellationToken cancellationToken)
   at Microsoft.EntityFrameworkCore.Update.Internal.BatchExecutor.ExecuteAsync(IEnumerable`1 commandBatches, IRelationalConnection connection, CancellationToken cancellationToken)
   at Microsoft.EntityFrameworkCore.Update.Internal.BatchExecutor.ExecuteAsync(IEnumerable`1 commandBatches, IRelationalConnection connection, CancellationToken cancellationToken)
   at Microsoft.EntityFrameworkCore.Storage.RelationalDatabase.SaveChangesAsync(IList`1 entries, CancellationToken cancellationToken)
   at Microsoft.EntityFrameworkCore.ChangeTracking.Internal.StateManager.SaveChangesAsync(IList`1 entriesToSave, CancellationToken cancellationToken)
   at Microsoft.EntityFrameworkCore.ChangeTracking.Internal.StateManager.SaveChangesAsync(StateManager stateManager, Boolean acceptAllChangesOnSuccess, CancellationToken cancellationToken)
   at Npgsql.EntityFrameworkCore.PostgreSQL.Storage.Internal.NpgsqlExecutionStrategy.ExecuteAsync[TState,TResult](TState state, Func`4 operation, Func`4 verifySucceeded, CancellationToken cancellationToken)
   at Microsoft.EntityFrameworkCore.DbContext.SaveChangesAsync(Boolean acceptAllChangesOnSuccess, CancellationToken cancellationToken)
Microsoft.EntityFrameworkCore.DbUpdateException: An error occurred while saving the entity changes. See the inner exception for details.
 ---> Npgsql.PostgresException (0x80004005): 42703: column "Browser" of relation "RefreshTokens" does not exist

POSITION: 36
   at Npgsql.Internal.NpgsqlConnector.ReadMessageLong(Boolean async, DataRowLoadingMode dataRowLoadingMode, Boolean readingNotifications, Boolean isReadingPrependedMessage)
   at System.Runtime.CompilerServices.PoolingAsyncValueTaskMethodBuilder`1.StateMachineBox`1.System.Threading.Tasks.Sources.IValueTaskSource<TResult>.GetResult(Int16 token)
   at Npgsql.NpgsqlDataReader.NextResult(Boolean async, Boolean isConsuming, CancellationToken cancellationToken)
   at Npgsql.NpgsqlDataReader.NextResult(Boolean async, Boolean isConsuming, CancellationToken cancellationToken)
   at Npgsql.NpgsqlCommand.ExecuteReader(Boolean async, CommandBehavior behavior, CancellationToken cancellationToken)
   at Npgsql.NpgsqlCommand.ExecuteReader(Boolean async, CommandBehavior behavior, CancellationToken cancellationToken)
   at Npgsql.NpgsqlCommand.ExecuteDbDataReaderAsync(CommandBehavior behavior, CancellationToken cancellationToken)
   at Microsoft.EntityFrameworkCore.Storage.RelationalCommand.ExecuteReaderAsync(RelationalCommandParameterObject parameterObject, CancellationToken cancellationToken)
   at Microsoft.EntityFrameworkCore.Storage.RelationalCommand.ExecuteReaderAsync(RelationalCommandParameterObject parameterObject, CancellationToken cancellationToken)
   at Microsoft.EntityFrameworkCore.Update.ReaderModificationCommandBatch.ExecuteAsync(IRelationalConnection connection, CancellationToken cancellationToken)
  Exception data:
    Severity: ERROR
    SqlState: 42703
    MessageText: column "Browser" of relation "RefreshTokens" does not exist
    Position: 36
    File: parse_target.c
    Line: 1073
    Routine: checkInsertTargets
   --- End of inner exception stack trace ---
   at Microsoft.EntityFrameworkCore.Update.ReaderModificationCommandBatch.ExecuteAsync(IRelationalConnection connection, CancellationToken cancellationToken)
   at Microsoft.EntityFrameworkCore.Update.Internal.BatchExecutor.ExecuteAsync(IEnumerable`1 commandBatches, IRelationalConnection connection, CancellationToken cancellationToken)
   at Microsoft.EntityFrameworkCore.Update.Internal.BatchExecutor.ExecuteAsync(IEnumerable`1 commandBatches, IRelationalConnection connection, CancellationToken cancellationToken)
   at Microsoft.EntityFrameworkCore.Update.Internal.BatchExecutor.ExecuteAsync(IEnumerable`1 commandBatches, IRelationalConnection connection, CancellationToken cancellationToken)
   at Microsoft.EntityFrameworkCore.Storage.RelationalDatabase.SaveChangesAsync(IList`1 entries, CancellationToken cancellationToken)
   at Microsoft.EntityFrameworkCore.ChangeTracking.Internal.StateManager.SaveChangesAsync(IList`1 entriesToSave, CancellationToken cancellationToken)
   at Microsoft.EntityFrameworkCore.ChangeTracking.Internal.StateManager.SaveChangesAsync(StateManager stateManager, Boolean acceptAllChangesOnSuccess, CancellationToken cancellationToken)
   at Npgsql.EntityFrameworkCore.PostgreSQL.Storage.Internal.NpgsqlExecutionStrategy.ExecuteAsync[TState,TResult](TState state, Func`4 operation, Func`4 verifySucceeded, CancellationToken cancellationToken)
   at Microsoft.EntityFrameworkCore.DbContext.SaveChangesAsync(Boolean acceptAllChangesOnSuccess, CancellationToken cancellationToken)
2026-05-09 03:49:29.975 -08:00 [ERR] MediatR handling failed LoginCommand after 630 ms
Microsoft.EntityFrameworkCore.DbUpdateException: An error occurred while saving the entity changes. See the inner exception for details.
 ---> Npgsql.PostgresException (0x80004005): 42703: column "Browser" of relation "RefreshTokens" does not exist

POSITION: 36
   at Npgsql.Internal.NpgsqlConnector.ReadMessageLong(Boolean async, DataRowLoadingMode dataRowLoadingMode, Boolean readingNotifications, Boolean isReadingPrependedMessage)
   at System.Runtime.CompilerServices.PoolingAsyncValueTaskMethodBuilder`1.StateMachineBox`1.System.Threading.Tasks.Sources.IValueTaskSource<TResult>.GetResult(Int16 token)
   at Npgsql.NpgsqlDataReader.NextResult(Boolean async, Boolean isConsuming, CancellationToken cancellationToken)
   at Npgsql.NpgsqlDataReader.NextResult(Boolean async, Boolean isConsuming, CancellationToken cancellationToken)
   at Npgsql.NpgsqlCommand.ExecuteReader(Boolean async, CommandBehavior behavior, CancellationToken cancellationToken)
   at Npgsql.NpgsqlCommand.ExecuteReader(Boolean async, CommandBehavior behavior, CancellationToken cancellationToken)
   at Npgsql.NpgsqlCommand.ExecuteDbDataReaderAsync(CommandBehavior behavior, CancellationToken cancellationToken)
   at Microsoft.EntityFrameworkCore.Storage.RelationalCommand.ExecuteReaderAsync(RelationalCommandParameterObject parameterObject, CancellationToken cancellationToken)
   at Microsoft.EntityFrameworkCore.Storage.RelationalCommand.ExecuteReaderAsync(RelationalCommandParameterObject parameterObject, CancellationToken cancellationToken)
   at Microsoft.EntityFrameworkCore.Update.ReaderModificationCommandBatch.ExecuteAsync(IRelationalConnection connection, CancellationToken cancellationToken)
  Exception data:
    Severity: ERROR
    SqlState: 42703
    MessageText: column "Browser" of relation "RefreshTokens" does not exist
    Position: 36
    File: parse_target.c
    Line: 1073
    Routine: checkInsertTargets
   --- End of inner exception stack trace ---
   at Microsoft.EntityFrameworkCore.Update.ReaderModificationCommandBatch.ExecuteAsync(IRelationalConnection connection, CancellationToken cancellationToken)
   at Microsoft.EntityFrameworkCore.Update.Internal.BatchExecutor.ExecuteAsync(IEnumerable`1 commandBatches, IRelationalConnection connection, CancellationToken cancellationToken)
   at Microsoft.EntityFrameworkCore.Update.Internal.BatchExecutor.ExecuteAsync(IEnumerable`1 commandBatches, IRelationalConnection connection, CancellationToken cancellationToken)
   at Microsoft.EntityFrameworkCore.Update.Internal.BatchExecutor.ExecuteAsync(IEnumerable`1 commandBatches, IRelationalConnection connection, CancellationToken cancellationToken)
   at Microsoft.EntityFrameworkCore.Storage.RelationalDatabase.SaveChangesAsync(IList`1 entries, CancellationToken cancellationToken)
   at Microsoft.EntityFrameworkCore.ChangeTracking.Internal.StateManager.SaveChangesAsync(IList`1 entriesToSave, CancellationToken cancellationToken)
   at Microsoft.EntityFrameworkCore.ChangeTracking.Internal.StateManager.SaveChangesAsync(StateManager stateManager, Boolean acceptAllChangesOnSuccess, CancellationToken cancellationToken)
   at Npgsql.EntityFrameworkCore.PostgreSQL.Storage.Internal.NpgsqlExecutionStrategy.ExecuteAsync[TState,TResult](TState state, Func`4 operation, Func`4 verifySucceeded, CancellationToken cancellationToken)
   at Microsoft.EntityFrameworkCore.DbContext.SaveChangesAsync(Boolean acceptAllChangesOnSuccess, CancellationToken cancellationToken)
   at Microsoft.EntityFrameworkCore.DbContext.SaveChangesAsync(Boolean acceptAllChangesOnSuccess, CancellationToken cancellationToken)
   at algo.Application.Identity.AuthSessionIssuer.IssueAsync(ApplicationUser user, IReadOnlyList`1 roleNames, IJwtTokenService jwt, IApplicationDbContext db, ISessionContext sessionContext, CancellationToken cancellationToken) in C:\PrivateProject\algo.bytes\src\algo.Application\Identity\AuthSessionIssuer.cs:line 40
   at algo.Application.Features.Auth.Commands.Login.LoginCommandHandler.Handle(LoginCommand request, CancellationToken cancellationToken) in C:\PrivateProject\algo.bytes\src\algo.Application\Features\Auth\Commands\Login\LoginCommandHandler.cs:line 42
   at algo.Application.Behaviors.ValidationBehavior`2.Handle(TRequest request, RequestHandlerDelegate`1 next, CancellationToken cancellationToken) in C:\PrivateProject\algo.bytes\src\algo.Application\Behaviors\ValidationBehavior.cs:line 29
   at algo.Application.Behaviors.LoggingBehavior`2.Handle(TRequest request, RequestHandlerDelegate`1 next, CancellationToken cancellationToken) in C:\PrivateProject\algo.bytes\src\algo.Application\Behaviors\LoggingBehavior.cs:line 31
2026-05-09 03:49:30.322 -08:00 [INF] HTTP POST /api/Auth/login completed with 200 in 1019 ms (0HNLDO2FR6AAO:0000003F)
2026-05-09 03:49:30.368 -08:00 [ERR] Unhandled exception Microsoft.EntityFrameworkCore.DbUpdateException at /api/Auth/login (0HNLDO2FR6AAO:0000003F)
Microsoft.EntityFrameworkCore.DbUpdateException: An error occurred while saving the entity changes. See the inner exception for details.
 ---> Npgsql.PostgresException (0x80004005): 42703: column "Browser" of relation "RefreshTokens" does not exist

POSITION: 36
   at Npgsql.Internal.NpgsqlConnector.ReadMessageLong(Boolean async, DataRowLoadingMode dataRowLoadingMode, Boolean readingNotifications, Boolean isReadingPrependedMessage)
   at System.Runtime.CompilerServices.PoolingAsyncValueTaskMethodBuilder`1.StateMachineBox`1.System.Threading.Tasks.Sources.IValueTaskSource<TResult>.GetResult(Int16 token)
   at Npgsql.NpgsqlDataReader.NextResult(Boolean async, Boolean isConsuming, CancellationToken cancellationToken)
   at Npgsql.NpgsqlDataReader.NextResult(Boolean async, Boolean isConsuming, CancellationToken cancellationToken)
   at Npgsql.NpgsqlCommand.ExecuteReader(Boolean async, CommandBehavior behavior, CancellationToken cancellationToken)
   at Npgsql.NpgsqlCommand.ExecuteReader(Boolean async, CommandBehavior behavior, CancellationToken cancellationToken)
   at Npgsql.NpgsqlCommand.ExecuteDbDataReaderAsync(CommandBehavior behavior, CancellationToken cancellationToken)
   at Microsoft.EntityFrameworkCore.Storage.RelationalCommand.ExecuteReaderAsync(RelationalCommandParameterObject parameterObject, CancellationToken cancellationToken)
   at Microsoft.EntityFrameworkCore.Storage.RelationalCommand.ExecuteReaderAsync(RelationalCommandParameterObject parameterObject, CancellationToken cancellationToken)
   at Microsoft.EntityFrameworkCore.Update.ReaderModificationCommandBatch.ExecuteAsync(IRelationalConnection connection, CancellationToken cancellationToken)
  Exception data:
    Severity: ERROR
    SqlState: 42703
    MessageText: column "Browser" of relation "RefreshTokens" does not exist
    Position: 36
    File: parse_target.c
    Line: 1073
    Routine: checkInsertTargets
   --- End of inner exception stack trace ---
   at Microsoft.EntityFrameworkCore.Update.ReaderModificationCommandBatch.ExecuteAsync(IRelationalConnection connection, CancellationToken cancellationToken)
   at Microsoft.EntityFrameworkCore.Update.Internal.BatchExecutor.ExecuteAsync(IEnumerable`1 commandBatches, IRelationalConnection connection, CancellationToken cancellationToken)
   at Microsoft.EntityFrameworkCore.Update.Internal.BatchExecutor.ExecuteAsync(IEnumerable`1 commandBatches, IRelationalConnection connection, CancellationToken cancellationToken)
   at Microsoft.EntityFrameworkCore.Update.Internal.BatchExecutor.ExecuteAsync(IEnumerable`1 commandBatches, IRelationalConnection connection, CancellationToken cancellationToken)
   at Microsoft.EntityFrameworkCore.Storage.RelationalDatabase.SaveChangesAsync(IList`1 entries, CancellationToken cancellationToken)
   at Microsoft.EntityFrameworkCore.ChangeTracking.Internal.StateManager.SaveChangesAsync(IList`1 entriesToSave, CancellationToken cancellationToken)
   at Microsoft.EntityFrameworkCore.ChangeTracking.Internal.StateManager.SaveChangesAsync(StateManager stateManager, Boolean acceptAllChangesOnSuccess, CancellationToken cancellationToken)
   at Npgsql.EntityFrameworkCore.PostgreSQL.Storage.Internal.NpgsqlExecutionStrategy.ExecuteAsync[TState,TResult](TState state, Func`4 operation, Func`4 verifySucceeded, CancellationToken cancellationToken)
   at Microsoft.EntityFrameworkCore.DbContext.SaveChangesAsync(Boolean acceptAllChangesOnSuccess, CancellationToken cancellationToken)
   at Microsoft.EntityFrameworkCore.DbContext.SaveChangesAsync(Boolean acceptAllChangesOnSuccess, CancellationToken cancellationToken)
   at algo.Application.Identity.AuthSessionIssuer.IssueAsync(ApplicationUser user, IReadOnlyList`1 roleNames, IJwtTokenService jwt, IApplicationDbContext db, ISessionContext sessionContext, CancellationToken cancellationToken) in C:\PrivateProject\algo.bytes\src\algo.Application\Identity\AuthSessionIssuer.cs:line 40
   at algo.Application.Features.Auth.Commands.Login.LoginCommandHandler.Handle(LoginCommand request, CancellationToken cancellationToken) in C:\PrivateProject\algo.bytes\src\algo.Application\Features\Auth\Commands\Login\LoginCommandHandler.cs:line 42
   at algo.Application.Behaviors.ValidationBehavior`2.Handle(TRequest request, RequestHandlerDelegate`1 next, CancellationToken cancellationToken) in C:\PrivateProject\algo.bytes\src\algo.Application\Behaviors\ValidationBehavior.cs:line 29
   at algo.Application.Behaviors.LoggingBehavior`2.Handle(TRequest request, RequestHandlerDelegate`1 next, CancellationToken cancellationToken) in C:\PrivateProject\algo.bytes\src\algo.Application\Behaviors\LoggingBehavior.cs:line 31
   at lambda_method742(Closure, Object)
   at Microsoft.AspNetCore.Mvc.Infrastructure.ActionMethodExecutor.AwaitableObjectResultExecutor.Execute(ActionContext actionContext, IActionResultTypeMapper mapper, ObjectMethodExecutor executor, Object controller, Object[] arguments)
   at Microsoft.AspNetCore.Mvc.Infrastructure.ControllerActionInvoker.<InvokeActionMethodAsync>g__Awaited|12_0(ControllerActionInvoker invoker, ValueTask`1 actionResultValueTask)
   at Microsoft.AspNetCore.Mvc.Infrastructure.ControllerActionInvoker.<InvokeNextActionFilterAsync>g__Awaited|10_0(ControllerActionInvoker invoker, Task lastTask, State next, Scope scope, Object state, Boolean isCompleted)
   at Microsoft.AspNetCore.Mvc.Infrastructure.ControllerActionInvoker.Rethrow(ActionExecutedContextSealed context)
   at Microsoft.AspNetCore.Mvc.Infrastructure.ControllerActionInvoker.Next(State& next, Scope& scope, Object& state, Boolean& isCompleted)
   at Microsoft.AspNetCore.Mvc.Infrastructure.ControllerActionInvoker.<InvokeInnerFilterAsync>g__Awaited|13_0(ControllerActionInvoker invoker, Task lastTask, State next, Scope scope, Object state, Boolean isCompleted)
   at Microsoft.AspNetCore.Mvc.Infrastructure.ResourceInvoker.<InvokeNextExceptionFilterAsync>g__Awaited|26_0(ResourceInvoker invoker, Task lastTask, State next, Scope scope, Object state, Boolean isCompleted)
   at Microsoft.AspNetCore.Mvc.Infrastructure.ResourceInvoker.Rethrow(ExceptionContextSealed context)
   at Microsoft.AspNetCore.Mvc.Infrastructure.ResourceInvoker.Next(State& next, Scope& scope, Object& state, Boolean& isCompleted)
   at Microsoft.AspNetCore.Mvc.Infrastructure.ResourceInvoker.<InvokeFilterPipelineAsync>g__Awaited|20_0(ResourceInvoker invoker, Task lastTask, State next, Scope scope, Object state, Boolean isCompleted)
   at Microsoft.AspNetCore.Mvc.Infrastructure.ResourceInvoker.<InvokeAsync>g__Awaited|17_0(ResourceInvoker invoker, Task task, IDisposable scope)
   at Microsoft.AspNetCore.Mvc.Infrastructure.ResourceInvoker.<InvokeAsync>g__Awaited|17_0(ResourceInvoker invoker, Task task, IDisposable scope)
   at Microsoft.AspNetCore.Authorization.AuthorizationMiddleware.Invoke(HttpContext context)
   at Microsoft.AspNetCore.Authentication.AuthenticationMiddleware.Invoke(HttpContext context)
   at algo.API.Middleware.RequestLoggingMiddleware.InvokeAsync(HttpContext context) in C:\PrivateProject\algo.bytes\src\algo.API\Middleware\RequestLoggingMiddleware.cs:line 16
   at algo.API.Middleware.ExceptionHandlingMiddleware.InvokeAsync(HttpContext context, ApplicationDbContext dbContext) in C:\PrivateProject\algo.bytes\src\algo.API\Middleware\ExceptionHandlingMiddleware.cs:line 39
2026-05-09 03:49:30.618 -08:00 [ERR] An exception occurred in the database while saving changes for context type 'algo.Persistence.Context.ApplicationDbContext'.
Microsoft.EntityFrameworkCore.DbUpdateException: An error occurred while saving the entity changes. See the inner exception for details.
 ---> Npgsql.PostgresException (0x80004005): 42703: column "Browser" of relation "RefreshTokens" does not exist

POSITION: 36
   at Npgsql.Internal.NpgsqlConnector.ReadMessageLong(Boolean async, DataRowLoadingMode dataRowLoadingMode, Boolean readingNotifications, Boolean isReadingPrependedMessage)
   at System.Runtime.CompilerServices.PoolingAsyncValueTaskMethodBuilder`1.StateMachineBox`1.System.Threading.Tasks.Sources.IValueTaskSource<TResult>.GetResult(Int16 token)
   at Npgsql.NpgsqlDataReader.NextResult(Boolean async, Boolean isConsuming, CancellationToken cancellationToken)
   at Npgsql.NpgsqlDataReader.NextResult(Boolean async, Boolean isConsuming, CancellationToken cancellationToken)
   at Npgsql.EntityFrameworkCore.PostgreSQL.Update.Internal.NpgsqlModificationCommandBatch.Consume(RelationalDataReader reader, Boolean async, CancellationToken cancellationToken)
  Exception data:
    Severity: ERROR
    SqlState: 42703
    MessageText: column "Browser" of relation "RefreshTokens" does not exist
    Position: 36
    File: parse_target.c
    Line: 1073
    Routine: checkInsertTargets
   --- End of inner exception stack trace ---
   at Npgsql.EntityFrameworkCore.PostgreSQL.Update.Internal.NpgsqlModificationCommandBatch.Consume(RelationalDataReader reader, Boolean async, CancellationToken cancellationToken)
   at Microsoft.EntityFrameworkCore.Update.ReaderModificationCommandBatch.ExecuteAsync(IRelationalConnection connection, CancellationToken cancellationToken)
   at Microsoft.EntityFrameworkCore.Update.ReaderModificationCommandBatch.ExecuteAsync(IRelationalConnection connection, CancellationToken cancellationToken)
   at Microsoft.EntityFrameworkCore.Update.Internal.BatchExecutor.ExecuteAsync(IEnumerable`1 commandBatches, IRelationalConnection connection, CancellationToken cancellationToken)
   at Microsoft.EntityFrameworkCore.Update.Internal.BatchExecutor.ExecuteAsync(IEnumerable`1 commandBatches, IRelationalConnection connection, CancellationToken cancellationToken)
   at Microsoft.EntityFrameworkCore.Update.Internal.BatchExecutor.ExecuteAsync(IEnumerable`1 commandBatches, IRelationalConnection connection, CancellationToken cancellationToken)
   at Microsoft.EntityFrameworkCore.Storage.RelationalDatabase.SaveChangesAsync(IList`1 entries, CancellationToken cancellationToken)
   at Microsoft.EntityFrameworkCore.ChangeTracking.Internal.StateManager.SaveChangesAsync(IList`1 entriesToSave, CancellationToken cancellationToken)
   at Microsoft.EntityFrameworkCore.ChangeTracking.Internal.StateManager.SaveChangesAsync(StateManager stateManager, Boolean acceptAllChangesOnSuccess, CancellationToken cancellationToken)
   at Npgsql.EntityFrameworkCore.PostgreSQL.Storage.Internal.NpgsqlExecutionStrategy.ExecuteAsync[TState,TResult](TState state, Func`4 operation, Func`4 verifySucceeded, CancellationToken cancellationToken)
   at Microsoft.EntityFrameworkCore.DbContext.SaveChangesAsync(Boolean acceptAllChangesOnSuccess, CancellationToken cancellationToken)
Microsoft.EntityFrameworkCore.DbUpdateException: An error occurred while saving the entity changes. See the inner exception for details.
 ---> Npgsql.PostgresException (0x80004005): 42703: column "Browser" of relation "RefreshTokens" does not exist

POSITION: 36
   at Npgsql.Internal.NpgsqlConnector.ReadMessageLong(Boolean async, DataRowLoadingMode dataRowLoadingMode, Boolean readingNotifications, Boolean isReadingPrependedMessage)
   at System.Runtime.CompilerServices.PoolingAsyncValueTaskMethodBuilder`1.StateMachineBox`1.System.Threading.Tasks.Sources.IValueTaskSource<TResult>.GetResult(Int16 token)
   at Npgsql.NpgsqlDataReader.NextResult(Boolean async, Boolean isConsuming, CancellationToken cancellationToken)
   at Npgsql.NpgsqlDataReader.NextResult(Boolean async, Boolean isConsuming, CancellationToken cancellationToken)
   at Npgsql.EntityFrameworkCore.PostgreSQL.Update.Internal.NpgsqlModificationCommandBatch.Consume(RelationalDataReader reader, Boolean async, CancellationToken cancellationToken)
  Exception data:
    Severity: ERROR
    SqlState: 42703
    MessageText: column "Browser" of relation "RefreshTokens" does not exist
    Position: 36
    File: parse_target.c
    Line: 1073
    Routine: checkInsertTargets
   --- End of inner exception stack trace ---
   at Npgsql.EntityFrameworkCore.PostgreSQL.Update.Internal.NpgsqlModificationCommandBatch.Consume(RelationalDataReader reader, Boolean async, CancellationToken cancellationToken)
   at Microsoft.EntityFrameworkCore.Update.ReaderModificationCommandBatch.ExecuteAsync(IRelationalConnection connection, CancellationToken cancellationToken)
   at Microsoft.EntityFrameworkCore.Update.ReaderModificationCommandBatch.ExecuteAsync(IRelationalConnection connection, CancellationToken cancellationToken)
   at Microsoft.EntityFrameworkCore.Update.Internal.BatchExecutor.ExecuteAsync(IEnumerable`1 commandBatches, IRelationalConnection connection, CancellationToken cancellationToken)
   at Microsoft.EntityFrameworkCore.Update.Internal.BatchExecutor.ExecuteAsync(IEnumerable`1 commandBatches, IRelationalConnection connection, CancellationToken cancellationToken)
   at Microsoft.EntityFrameworkCore.Update.Internal.BatchExecutor.ExecuteAsync(IEnumerable`1 commandBatches, IRelationalConnection connection, CancellationToken cancellationToken)
   at Microsoft.EntityFrameworkCore.Storage.RelationalDatabase.SaveChangesAsync(IList`1 entries, CancellationToken cancellationToken)
   at Microsoft.EntityFrameworkCore.ChangeTracking.Internal.StateManager.SaveChangesAsync(IList`1 entriesToSave, CancellationToken cancellationToken)
   at Microsoft.EntityFrameworkCore.ChangeTracking.Internal.StateManager.SaveChangesAsync(StateManager stateManager, Boolean acceptAllChangesOnSuccess, CancellationToken cancellationToken)
   at Npgsql.EntityFrameworkCore.PostgreSQL.Storage.Internal.NpgsqlExecutionStrategy.ExecuteAsync[TState,TResult](TState state, Func`4 operation, Func`4 verifySucceeded, CancellationToken cancellationToken)
   at Microsoft.EntityFrameworkCore.DbContext.SaveChangesAsync(Boolean acceptAllChangesOnSuccess, CancellationToken cancellationToken)
2026-05-09 03:49:30.658 -08:00 [ERR] Failed to persist error log for trace 0HNLDO2FR6AAO:0000003F
Microsoft.EntityFrameworkCore.DbUpdateException: An error occurred while saving the entity changes. See the inner exception for details.
 ---> Npgsql.PostgresException (0x80004005): 42703: column "Browser" of relation "RefreshTokens" does not exist

POSITION: 36
   at Npgsql.Internal.NpgsqlConnector.ReadMessageLong(Boolean async, DataRowLoadingMode dataRowLoadingMode, Boolean readingNotifications, Boolean isReadingPrependedMessage)
   at System.Runtime.CompilerServices.PoolingAsyncValueTaskMethodBuilder`1.StateMachineBox`1.System.Threading.Tasks.Sources.IValueTaskSource<TResult>.GetResult(Int16 token)
   at Npgsql.NpgsqlDataReader.NextResult(Boolean async, Boolean isConsuming, CancellationToken cancellationToken)
   at Npgsql.NpgsqlDataReader.NextResult(Boolean async, Boolean isConsuming, CancellationToken cancellationToken)
   at Npgsql.EntityFrameworkCore.PostgreSQL.Update.Internal.NpgsqlModificationCommandBatch.Consume(RelationalDataReader reader, Boolean async, CancellationToken cancellationToken)
  Exception data:
    Severity: ERROR
    SqlState: 42703
    MessageText: column "Browser" of relation "RefreshTokens" does not exist
    Position: 36
    File: parse_target.c
    Line: 1073
    Routine: checkInsertTargets
   --- End of inner exception stack trace ---
   at Npgsql.EntityFrameworkCore.PostgreSQL.Update.Internal.NpgsqlModificationCommandBatch.Consume(RelationalDataReader reader, Boolean async, CancellationToken cancellationToken)
   at Microsoft.EntityFrameworkCore.Update.ReaderModificationCommandBatch.ExecuteAsync(IRelationalConnection connection, CancellationToken cancellationToken)
   at Microsoft.EntityFrameworkCore.Update.ReaderModificationCommandBatch.ExecuteAsync(IRelationalConnection connection, CancellationToken cancellationToken)
   at Microsoft.EntityFrameworkCore.Update.Internal.BatchExecutor.ExecuteAsync(IEnumerable`1 commandBatches, IRelationalConnection connection, CancellationToken cancellationToken)
   at Microsoft.EntityFrameworkCore.Update.Internal.BatchExecutor.ExecuteAsync(IEnumerable`1 commandBatches, IRelationalConnection connection, CancellationToken cancellationToken)
   at Microsoft.EntityFrameworkCore.Update.Internal.BatchExecutor.ExecuteAsync(IEnumerable`1 commandBatches, IRelationalConnection connection, CancellationToken cancellationToken)
   at Microsoft.EntityFrameworkCore.Storage.RelationalDatabase.SaveChangesAsync(IList`1 entries, CancellationToken cancellationToken)
   at Microsoft.EntityFrameworkCore.ChangeTracking.Internal.StateManager.SaveChangesAsync(IList`1 entriesToSave, CancellationToken cancellationToken)
   at Microsoft.EntityFrameworkCore.ChangeTracking.Internal.StateManager.SaveChangesAsync(StateManager stateManager, Boolean acceptAllChangesOnSuccess, CancellationToken cancellationToken)
   at Npgsql.EntityFrameworkCore.PostgreSQL.Storage.Internal.NpgsqlExecutionStrategy.ExecuteAsync[TState,TResult](TState state, Func`4 operation, Func`4 verifySucceeded, CancellationToken cancellationToken)
   at Microsoft.EntityFrameworkCore.DbContext.SaveChangesAsync(Boolean acceptAllChangesOnSuccess, CancellationToken cancellationToken)
   at Microsoft.EntityFrameworkCore.DbContext.SaveChangesAsync(Boolean acceptAllChangesOnSuccess, CancellationToken cancellationToken)
   at algo.API.Middleware.ExceptionHandlingMiddleware.PersistErrorLogAsync(ApplicationDbContext dbContext, ErrorLog errorLog, CancellationToken cancellationToken) in C:\PrivateProject\algo.bytes\src\algo.API\Middleware\ExceptionHandlingMiddleware.cs:line 82
2026-05-09 03:50:27.051 -08:00 [WRN] Sensitive data logging is enabled. Log entries and exception messages may include sensitive application data; this mode should only be enabled during development.
2026-05-09 03:50:28.047 -08:00 [INF] Admin wildcard access policy already exists
2026-05-09 03:50:28.288 -08:00 [INF] Now listening on: https://localhost:7259
2026-05-09 03:50:28.291 -08:00 [INF] Now listening on: http://localhost:5244
2026-05-09 03:50:28.349 -08:00 [INF] Application started. Press Ctrl+C to shut down.
2026-05-09 03:50:28.350 -08:00 [INF] Hosting environment: Development
2026-05-09 03:50:28.351 -08:00 [INF] Content root path: C:\PrivateProject\algo.bytes\src\algo.API
2026-05-09 03:50:44.587 -08:00 [INF] Authorization header exists: false
2026-05-09 03:50:44.671 -08:00 [INF] MediatR handling started LoginCommand
2026-05-09 03:50:45.250 -08:00 [ERR] Failed executing DbCommand (99ms) [Parameters=[@p0='403f527a-e583-48e4-90c9-84b423325178', @p1='Chrome', @p2='2026-05-09T11:50:45.0494621+00:00' (DbType = DateTime), @p3='Desktop', @p4='2026-05-23T11:50:45.0482451+00:00' (DbType = DateTime), @p5='::1', @p6='False', @p7='True', @p8='2026-05-09T11:50:45.0495285+00:00' (DbType = DateTime), @p9=NULL, @p10='Windows', @p11=NULL, @p12=NULL (DbType = DateTime), @p13=NULL, @p14='BAFD4238364C8E8822CADEB147FBD5F3268DE1B508D4FDFE2678A5A6CE635226' (Nullable = false), @p15='Mozilla/5.0 (Windows NT 10.0; Win64; x64) AppleWebKit/537.36 (KHTML, like Gecko) Chrome/148.0.0.0 Safari/537.36', @p16='790c2c93-d8e6-4b61-8a11-e4190a1c0805' (Nullable = false)], CommandType='"Text"', CommandTimeout='30']
INSERT INTO "RefreshTokens" ("Id", "Browser", "CreatedAt", "Device", "ExpiresAt", "IpAddress", "IsSuspicious", "IsTrustedDevice", "LastActivityAt", "Location", "OperatingSystem", "ReplacedByTokenHash", "RevokedAt", "RevokedByUserId", "TokenHash", "UserAgent", "UserId")
VALUES (@p0, @p1, @p2, @p3, @p4, @p5, @p6, @p7, @p8, @p9, @p10, @p11, @p12, @p13, @p14, @p15, @p16);
2026-05-09 03:50:45.463 -08:00 [ERR] An exception occurred in the database while saving changes for context type 'algo.Persistence.Context.ApplicationDbContext'.
Microsoft.EntityFrameworkCore.DbUpdateException: An error occurred while saving the entity changes. See the inner exception for details.
 ---> Npgsql.PostgresException (0x80004005): 42703: column "Browser" of relation "RefreshTokens" does not exist

POSITION: 36
   at Npgsql.Internal.NpgsqlConnector.ReadMessageLong(Boolean async, DataRowLoadingMode dataRowLoadingMode, Boolean readingNotifications, Boolean isReadingPrependedMessage)
   at System.Runtime.CompilerServices.PoolingAsyncValueTaskMethodBuilder`1.StateMachineBox`1.System.Threading.Tasks.Sources.IValueTaskSource<TResult>.GetResult(Int16 token)
   at Npgsql.NpgsqlDataReader.NextResult(Boolean async, Boolean isConsuming, CancellationToken cancellationToken)
   at Npgsql.NpgsqlDataReader.NextResult(Boolean async, Boolean isConsuming, CancellationToken cancellationToken)
   at Npgsql.NpgsqlCommand.ExecuteReader(Boolean async, CommandBehavior behavior, CancellationToken cancellationToken)
   at Npgsql.NpgsqlCommand.ExecuteReader(Boolean async, CommandBehavior behavior, CancellationToken cancellationToken)
   at Npgsql.NpgsqlCommand.ExecuteDbDataReaderAsync(CommandBehavior behavior, CancellationToken cancellationToken)
   at Microsoft.EntityFrameworkCore.Storage.RelationalCommand.ExecuteReaderAsync(RelationalCommandParameterObject parameterObject, CancellationToken cancellationToken)
   at Microsoft.EntityFrameworkCore.Storage.RelationalCommand.ExecuteReaderAsync(RelationalCommandParameterObject parameterObject, CancellationToken cancellationToken)
   at Microsoft.EntityFrameworkCore.Update.ReaderModificationCommandBatch.ExecuteAsync(IRelationalConnection connection, CancellationToken cancellationToken)
  Exception data:
    Severity: ERROR
    SqlState: 42703
    MessageText: column "Browser" of relation "RefreshTokens" does not exist
    Position: 36
    File: parse_target.c
    Line: 1073
    Routine: checkInsertTargets
   --- End of inner exception stack trace ---
   at Microsoft.EntityFrameworkCore.Update.ReaderModificationCommandBatch.ExecuteAsync(IRelationalConnection connection, CancellationToken cancellationToken)
   at Microsoft.EntityFrameworkCore.Update.Internal.BatchExecutor.ExecuteAsync(IEnumerable`1 commandBatches, IRelationalConnection connection, CancellationToken cancellationToken)
   at Microsoft.EntityFrameworkCore.Update.Internal.BatchExecutor.ExecuteAsync(IEnumerable`1 commandBatches, IRelationalConnection connection, CancellationToken cancellationToken)
   at Microsoft.EntityFrameworkCore.Update.Internal.BatchExecutor.ExecuteAsync(IEnumerable`1 commandBatches, IRelationalConnection connection, CancellationToken cancellationToken)
   at Microsoft.EntityFrameworkCore.Storage.RelationalDatabase.SaveChangesAsync(IList`1 entries, CancellationToken cancellationToken)
   at Microsoft.EntityFrameworkCore.ChangeTracking.Internal.StateManager.SaveChangesAsync(IList`1 entriesToSave, CancellationToken cancellationToken)
   at Microsoft.EntityFrameworkCore.ChangeTracking.Internal.StateManager.SaveChangesAsync(StateManager stateManager, Boolean acceptAllChangesOnSuccess, CancellationToken cancellationToken)
   at Npgsql.EntityFrameworkCore.PostgreSQL.Storage.Internal.NpgsqlExecutionStrategy.ExecuteAsync[TState,TResult](TState state, Func`4 operation, Func`4 verifySucceeded, CancellationToken cancellationToken)
   at Microsoft.EntityFrameworkCore.DbContext.SaveChangesAsync(Boolean acceptAllChangesOnSuccess, CancellationToken cancellationToken)
Microsoft.EntityFrameworkCore.DbUpdateException: An error occurred while saving the entity changes. See the inner exception for details.
 ---> Npgsql.PostgresException (0x80004005): 42703: column "Browser" of relation "RefreshTokens" does not exist

POSITION: 36
   at Npgsql.Internal.NpgsqlConnector.ReadMessageLong(Boolean async, DataRowLoadingMode dataRowLoadingMode, Boolean readingNotifications, Boolean isReadingPrependedMessage)
   at System.Runtime.CompilerServices.PoolingAsyncValueTaskMethodBuilder`1.StateMachineBox`1.System.Threading.Tasks.Sources.IValueTaskSource<TResult>.GetResult(Int16 token)
   at Npgsql.NpgsqlDataReader.NextResult(Boolean async, Boolean isConsuming, CancellationToken cancellationToken)
   at Npgsql.NpgsqlDataReader.NextResult(Boolean async, Boolean isConsuming, CancellationToken cancellationToken)
   at Npgsql.NpgsqlCommand.ExecuteReader(Boolean async, CommandBehavior behavior, CancellationToken cancellationToken)
   at Npgsql.NpgsqlCommand.ExecuteReader(Boolean async, CommandBehavior behavior, CancellationToken cancellationToken)
   at Npgsql.NpgsqlCommand.ExecuteDbDataReaderAsync(CommandBehavior behavior, CancellationToken cancellationToken)
   at Microsoft.EntityFrameworkCore.Storage.RelationalCommand.ExecuteReaderAsync(RelationalCommandParameterObject parameterObject, CancellationToken cancellationToken)
   at Microsoft.EntityFrameworkCore.Storage.RelationalCommand.ExecuteReaderAsync(RelationalCommandParameterObject parameterObject, CancellationToken cancellationToken)
   at Microsoft.EntityFrameworkCore.Update.ReaderModificationCommandBatch.ExecuteAsync(IRelationalConnection connection, CancellationToken cancellationToken)
  Exception data:
    Severity: ERROR
    SqlState: 42703
    MessageText: column "Browser" of relation "RefreshTokens" does not exist
    Position: 36
    File: parse_target.c
    Line: 1073
    Routine: checkInsertTargets
   --- End of inner exception stack trace ---
   at Microsoft.EntityFrameworkCore.Update.ReaderModificationCommandBatch.ExecuteAsync(IRelationalConnection connection, CancellationToken cancellationToken)
   at Microsoft.EntityFrameworkCore.Update.Internal.BatchExecutor.ExecuteAsync(IEnumerable`1 commandBatches, IRelationalConnection connection, CancellationToken cancellationToken)
   at Microsoft.EntityFrameworkCore.Update.Internal.BatchExecutor.ExecuteAsync(IEnumerable`1 commandBatches, IRelationalConnection connection, CancellationToken cancellationToken)
   at Microsoft.EntityFrameworkCore.Update.Internal.BatchExecutor.ExecuteAsync(IEnumerable`1 commandBatches, IRelationalConnection connection, CancellationToken cancellationToken)
   at Microsoft.EntityFrameworkCore.Storage.RelationalDatabase.SaveChangesAsync(IList`1 entries, CancellationToken cancellationToken)
   at Microsoft.EntityFrameworkCore.ChangeTracking.Internal.StateManager.SaveChangesAsync(IList`1 entriesToSave, CancellationToken cancellationToken)
   at Microsoft.EntityFrameworkCore.ChangeTracking.Internal.StateManager.SaveChangesAsync(StateManager stateManager, Boolean acceptAllChangesOnSuccess, CancellationToken cancellationToken)
   at Npgsql.EntityFrameworkCore.PostgreSQL.Storage.Internal.NpgsqlExecutionStrategy.ExecuteAsync[TState,TResult](TState state, Func`4 operation, Func`4 verifySucceeded, CancellationToken cancellationToken)
   at Microsoft.EntityFrameworkCore.DbContext.SaveChangesAsync(Boolean acceptAllChangesOnSuccess, CancellationToken cancellationToken)
2026-05-09 03:50:45.607 -08:00 [ERR] MediatR handling failed LoginCommand after 935 ms
Microsoft.EntityFrameworkCore.DbUpdateException: An error occurred while saving the entity changes. See the inner exception for details.
 ---> Npgsql.PostgresException (0x80004005): 42703: column "Browser" of relation "RefreshTokens" does not exist

POSITION: 36
   at Npgsql.Internal.NpgsqlConnector.ReadMessageLong(Boolean async, DataRowLoadingMode dataRowLoadingMode, Boolean readingNotifications, Boolean isReadingPrependedMessage)
   at System.Runtime.CompilerServices.PoolingAsyncValueTaskMethodBuilder`1.StateMachineBox`1.System.Threading.Tasks.Sources.IValueTaskSource<TResult>.GetResult(Int16 token)
   at Npgsql.NpgsqlDataReader.NextResult(Boolean async, Boolean isConsuming, CancellationToken cancellationToken)
   at Npgsql.NpgsqlDataReader.NextResult(Boolean async, Boolean isConsuming, CancellationToken cancellationToken)
   at Npgsql.NpgsqlCommand.ExecuteReader(Boolean async, CommandBehavior behavior, CancellationToken cancellationToken)
   at Npgsql.NpgsqlCommand.ExecuteReader(Boolean async, CommandBehavior behavior, CancellationToken cancellationToken)
   at Npgsql.NpgsqlCommand.ExecuteDbDataReaderAsync(CommandBehavior behavior, CancellationToken cancellationToken)
   at Microsoft.EntityFrameworkCore.Storage.RelationalCommand.ExecuteReaderAsync(RelationalCommandParameterObject parameterObject, CancellationToken cancellationToken)
   at Microsoft.EntityFrameworkCore.Storage.RelationalCommand.ExecuteReaderAsync(RelationalCommandParameterObject parameterObject, CancellationToken cancellationToken)
   at Microsoft.EntityFrameworkCore.Update.ReaderModificationCommandBatch.ExecuteAsync(IRelationalConnection connection, CancellationToken cancellationToken)
  Exception data:
    Severity: ERROR
    SqlState: 42703
    MessageText: column "Browser" of relation "RefreshTokens" does not exist
    Position: 36
    File: parse_target.c
    Line: 1073
    Routine: checkInsertTargets
   --- End of inner exception stack trace ---
   at Microsoft.EntityFrameworkCore.Update.ReaderModificationCommandBatch.ExecuteAsync(IRelationalConnection connection, CancellationToken cancellationToken)
   at Microsoft.EntityFrameworkCore.Update.Internal.BatchExecutor.ExecuteAsync(IEnumerable`1 commandBatches, IRelationalConnection connection, CancellationToken cancellationToken)
   at Microsoft.EntityFrameworkCore.Update.Internal.BatchExecutor.ExecuteAsync(IEnumerable`1 commandBatches, IRelationalConnection connection, CancellationToken cancellationToken)
   at Microsoft.EntityFrameworkCore.Update.Internal.BatchExecutor.ExecuteAsync(IEnumerable`1 commandBatches, IRelationalConnection connection, CancellationToken cancellationToken)
   at Microsoft.EntityFrameworkCore.Storage.RelationalDatabase.SaveChangesAsync(IList`1 entries, CancellationToken cancellationToken)
   at Microsoft.EntityFrameworkCore.ChangeTracking.Internal.StateManager.SaveChangesAsync(IList`1 entriesToSave, CancellationToken cancellationToken)
   at Microsoft.EntityFrameworkCore.ChangeTracking.Internal.StateManager.SaveChangesAsync(StateManager stateManager, Boolean acceptAllChangesOnSuccess, CancellationToken cancellationToken)
   at Npgsql.EntityFrameworkCore.PostgreSQL.Storage.Internal.NpgsqlExecutionStrategy.ExecuteAsync[TState,TResult](TState state, Func`4 operation, Func`4 verifySucceeded, CancellationToken cancellationToken)
   at Microsoft.EntityFrameworkCore.DbContext.SaveChangesAsync(Boolean acceptAllChangesOnSuccess, CancellationToken cancellationToken)
   at Microsoft.EntityFrameworkCore.DbContext.SaveChangesAsync(Boolean acceptAllChangesOnSuccess, CancellationToken cancellationToken)
   at algo.Application.Identity.AuthSessionIssuer.IssueAsync(ApplicationUser user, IReadOnlyList`1 roleNames, IJwtTokenService jwt, IApplicationDbContext db, ISessionContext sessionContext, CancellationToken cancellationToken) in C:\PrivateProject\algo.bytes\src\algo.Application\Identity\AuthSessionIssuer.cs:line 40
   at algo.Application.Features.Auth.Commands.Login.LoginCommandHandler.Handle(LoginCommand request, CancellationToken cancellationToken) in C:\PrivateProject\algo.bytes\src\algo.Application\Features\Auth\Commands\Login\LoginCommandHandler.cs:line 42
   at algo.Application.Behaviors.ValidationBehavior`2.Handle(TRequest request, RequestHandlerDelegate`1 next, CancellationToken cancellationToken) in C:\PrivateProject\algo.bytes\src\algo.Application\Behaviors\ValidationBehavior.cs:line 29
   at algo.Application.Behaviors.LoggingBehavior`2.Handle(TRequest request, RequestHandlerDelegate`1 next, CancellationToken cancellationToken) in C:\PrivateProject\algo.bytes\src\algo.Application\Behaviors\LoggingBehavior.cs:line 31
2026-05-09 03:50:45.984 -08:00 [INF] HTTP POST /api/Auth/login completed with 200 in 1451 ms (0HNLDO4PU2RIG:00000003)
2026-05-09 03:50:46.033 -08:00 [ERR] Unhandled exception Microsoft.EntityFrameworkCore.DbUpdateException at /api/Auth/login (0HNLDO4PU2RIG:00000003)
Microsoft.EntityFrameworkCore.DbUpdateException: An error occurred while saving the entity changes. See the inner exception for details.
 ---> Npgsql.PostgresException (0x80004005): 42703: column "Browser" of relation "RefreshTokens" does not exist

POSITION: 36
   at Npgsql.Internal.NpgsqlConnector.ReadMessageLong(Boolean async, DataRowLoadingMode dataRowLoadingMode, Boolean readingNotifications, Boolean isReadingPrependedMessage)
   at System.Runtime.CompilerServices.PoolingAsyncValueTaskMethodBuilder`1.StateMachineBox`1.System.Threading.Tasks.Sources.IValueTaskSource<TResult>.GetResult(Int16 token)
   at Npgsql.NpgsqlDataReader.NextResult(Boolean async, Boolean isConsuming, CancellationToken cancellationToken)
   at Npgsql.NpgsqlDataReader.NextResult(Boolean async, Boolean isConsuming, CancellationToken cancellationToken)
   at Npgsql.NpgsqlCommand.ExecuteReader(Boolean async, CommandBehavior behavior, CancellationToken cancellationToken)
   at Npgsql.NpgsqlCommand.ExecuteReader(Boolean async, CommandBehavior behavior, CancellationToken cancellationToken)
   at Npgsql.NpgsqlCommand.ExecuteDbDataReaderAsync(CommandBehavior behavior, CancellationToken cancellationToken)
   at Microsoft.EntityFrameworkCore.Storage.RelationalCommand.ExecuteReaderAsync(RelationalCommandParameterObject parameterObject, CancellationToken cancellationToken)
   at Microsoft.EntityFrameworkCore.Storage.RelationalCommand.ExecuteReaderAsync(RelationalCommandParameterObject parameterObject, CancellationToken cancellationToken)
   at Microsoft.EntityFrameworkCore.Update.ReaderModificationCommandBatch.ExecuteAsync(IRelationalConnection connection, CancellationToken cancellationToken)
  Exception data:
    Severity: ERROR
    SqlState: 42703
    MessageText: column "Browser" of relation "RefreshTokens" does not exist
    Position: 36
    File: parse_target.c
    Line: 1073
    Routine: checkInsertTargets
   --- End of inner exception stack trace ---
   at Microsoft.EntityFrameworkCore.Update.ReaderModificationCommandBatch.ExecuteAsync(IRelationalConnection connection, CancellationToken cancellationToken)
   at Microsoft.EntityFrameworkCore.Update.Internal.BatchExecutor.ExecuteAsync(IEnumerable`1 commandBatches, IRelationalConnection connection, CancellationToken cancellationToken)
   at Microsoft.EntityFrameworkCore.Update.Internal.BatchExecutor.ExecuteAsync(IEnumerable`1 commandBatches, IRelationalConnection connection, CancellationToken cancellationToken)
   at Microsoft.EntityFrameworkCore.Update.Internal.BatchExecutor.ExecuteAsync(IEnumerable`1 commandBatches, IRelationalConnection connection, CancellationToken cancellationToken)
   at Microsoft.EntityFrameworkCore.Storage.RelationalDatabase.SaveChangesAsync(IList`1 entries, CancellationToken cancellationToken)
   at Microsoft.EntityFrameworkCore.ChangeTracking.Internal.StateManager.SaveChangesAsync(IList`1 entriesToSave, CancellationToken cancellationToken)
   at Microsoft.EntityFrameworkCore.ChangeTracking.Internal.StateManager.SaveChangesAsync(StateManager stateManager, Boolean acceptAllChangesOnSuccess, CancellationToken cancellationToken)
   at Npgsql.EntityFrameworkCore.PostgreSQL.Storage.Internal.NpgsqlExecutionStrategy.ExecuteAsync[TState,TResult](TState state, Func`4 operation, Func`4 verifySucceeded, CancellationToken cancellationToken)
   at Microsoft.EntityFrameworkCore.DbContext.SaveChangesAsync(Boolean acceptAllChangesOnSuccess, CancellationToken cancellationToken)
   at Microsoft.EntityFrameworkCore.DbContext.SaveChangesAsync(Boolean acceptAllChangesOnSuccess, CancellationToken cancellationToken)
   at algo.Application.Identity.AuthSessionIssuer.IssueAsync(ApplicationUser user, IReadOnlyList`1 roleNames, IJwtTokenService jwt, IApplicationDbContext db, ISessionContext sessionContext, CancellationToken cancellationToken) in C:\PrivateProject\algo.bytes\src\algo.Application\Identity\AuthSessionIssuer.cs:line 40
   at algo.Application.Features.Auth.Commands.Login.LoginCommandHandler.Handle(LoginCommand request, CancellationToken cancellationToken) in C:\PrivateProject\algo.bytes\src\algo.Application\Features\Auth\Commands\Login\LoginCommandHandler.cs:line 42
   at algo.Application.Behaviors.ValidationBehavior`2.Handle(TRequest request, RequestHandlerDelegate`1 next, CancellationToken cancellationToken) in C:\PrivateProject\algo.bytes\src\algo.Application\Behaviors\ValidationBehavior.cs:line 29
   at algo.Application.Behaviors.LoggingBehavior`2.Handle(TRequest request, RequestHandlerDelegate`1 next, CancellationToken cancellationToken) in C:\PrivateProject\algo.bytes\src\algo.Application\Behaviors\LoggingBehavior.cs:line 31
   at lambda_method263(Closure, Object)
   at Microsoft.AspNetCore.Mvc.Infrastructure.ActionMethodExecutor.AwaitableObjectResultExecutor.Execute(ActionContext actionContext, IActionResultTypeMapper mapper, ObjectMethodExecutor executor, Object controller, Object[] arguments)
   at Microsoft.AspNetCore.Mvc.Infrastructure.ControllerActionInvoker.<InvokeActionMethodAsync>g__Awaited|12_0(ControllerActionInvoker invoker, ValueTask`1 actionResultValueTask)
   at Microsoft.AspNetCore.Mvc.Infrastructure.ControllerActionInvoker.<InvokeNextActionFilterAsync>g__Awaited|10_0(ControllerActionInvoker invoker, Task lastTask, State next, Scope scope, Object state, Boolean isCompleted)
   at Microsoft.AspNetCore.Mvc.Infrastructure.ControllerActionInvoker.Rethrow(ActionExecutedContextSealed context)
   at Microsoft.AspNetCore.Mvc.Infrastructure.ControllerActionInvoker.Next(State& next, Scope& scope, Object& state, Boolean& isCompleted)
   at Microsoft.AspNetCore.Mvc.Infrastructure.ControllerActionInvoker.<InvokeInnerFilterAsync>g__Awaited|13_0(ControllerActionInvoker invoker, Task lastTask, State next, Scope scope, Object state, Boolean isCompleted)
   at Microsoft.AspNetCore.Mvc.Infrastructure.ResourceInvoker.<InvokeNextExceptionFilterAsync>g__Awaited|26_0(ResourceInvoker invoker, Task lastTask, State next, Scope scope, Object state, Boolean isCompleted)
   at Microsoft.AspNetCore.Mvc.Infrastructure.ResourceInvoker.Rethrow(ExceptionContextSealed context)
   at Microsoft.AspNetCore.Mvc.Infrastructure.ResourceInvoker.Next(State& next, Scope& scope, Object& state, Boolean& isCompleted)
   at Microsoft.AspNetCore.Mvc.Infrastructure.ResourceInvoker.<InvokeFilterPipelineAsync>g__Awaited|20_0(ResourceInvoker invoker, Task lastTask, State next, Scope scope, Object state, Boolean isCompleted)
   at Microsoft.AspNetCore.Mvc.Infrastructure.ResourceInvoker.<InvokeAsync>g__Awaited|17_0(ResourceInvoker invoker, Task task, IDisposable scope)
   at Microsoft.AspNetCore.Mvc.Infrastructure.ResourceInvoker.<InvokeAsync>g__Awaited|17_0(ResourceInvoker invoker, Task task, IDisposable scope)
   at Microsoft.AspNetCore.Authorization.AuthorizationMiddleware.Invoke(HttpContext context)
   at Microsoft.AspNetCore.Authentication.AuthenticationMiddleware.Invoke(HttpContext context)
   at algo.API.Middleware.RequestLoggingMiddleware.InvokeAsync(HttpContext context) in C:\PrivateProject\algo.bytes\src\algo.API\Middleware\RequestLoggingMiddleware.cs:line 16
   at algo.API.Middleware.ExceptionHandlingMiddleware.InvokeAsync(HttpContext context, ApplicationDbContext dbContext) in C:\PrivateProject\algo.bytes\src\algo.API\Middleware\ExceptionHandlingMiddleware.cs:line 39
2026-05-09 03:50:46.334 -08:00 [ERR] An exception occurred in the database while saving changes for context type 'algo.Persistence.Context.ApplicationDbContext'.
Microsoft.EntityFrameworkCore.DbUpdateException: An error occurred while saving the entity changes. See the inner exception for details.
 ---> Npgsql.PostgresException (0x80004005): 42703: column "Browser" of relation "RefreshTokens" does not exist

POSITION: 36
   at Npgsql.Internal.NpgsqlConnector.ReadMessageLong(Boolean async, DataRowLoadingMode dataRowLoadingMode, Boolean readingNotifications, Boolean isReadingPrependedMessage)
   at System.Runtime.CompilerServices.PoolingAsyncValueTaskMethodBuilder`1.StateMachineBox`1.System.Threading.Tasks.Sources.IValueTaskSource<TResult>.GetResult(Int16 token)
   at Npgsql.NpgsqlDataReader.NextResult(Boolean async, Boolean isConsuming, CancellationToken cancellationToken)
   at Npgsql.NpgsqlDataReader.NextResult(Boolean async, Boolean isConsuming, CancellationToken cancellationToken)
   at Npgsql.EntityFrameworkCore.PostgreSQL.Update.Internal.NpgsqlModificationCommandBatch.Consume(RelationalDataReader reader, Boolean async, CancellationToken cancellationToken)
  Exception data:
    Severity: ERROR
    SqlState: 42703
    MessageText: column "Browser" of relation "RefreshTokens" does not exist
    Position: 36
    File: parse_target.c
    Line: 1073
    Routine: checkInsertTargets
   --- End of inner exception stack trace ---
   at Npgsql.EntityFrameworkCore.PostgreSQL.Update.Internal.NpgsqlModificationCommandBatch.Consume(RelationalDataReader reader, Boolean async, CancellationToken cancellationToken)
   at Microsoft.EntityFrameworkCore.Update.ReaderModificationCommandBatch.ExecuteAsync(IRelationalConnection connection, CancellationToken cancellationToken)
   at Microsoft.EntityFrameworkCore.Update.ReaderModificationCommandBatch.ExecuteAsync(IRelationalConnection connection, CancellationToken cancellationToken)
   at Microsoft.EntityFrameworkCore.Update.Internal.BatchExecutor.ExecuteAsync(IEnumerable`1 commandBatches, IRelationalConnection connection, CancellationToken cancellationToken)
   at Microsoft.EntityFrameworkCore.Update.Internal.BatchExecutor.ExecuteAsync(IEnumerable`1 commandBatches, IRelationalConnection connection, CancellationToken cancellationToken)
   at Microsoft.EntityFrameworkCore.Update.Internal.BatchExecutor.ExecuteAsync(IEnumerable`1 commandBatches, IRelationalConnection connection, CancellationToken cancellationToken)
   at Microsoft.EntityFrameworkCore.Storage.RelationalDatabase.SaveChangesAsync(IList`1 entries, CancellationToken cancellationToken)
   at Microsoft.EntityFrameworkCore.ChangeTracking.Internal.StateManager.SaveChangesAsync(IList`1 entriesToSave, CancellationToken cancellationToken)
   at Microsoft.EntityFrameworkCore.ChangeTracking.Internal.StateManager.SaveChangesAsync(StateManager stateManager, Boolean acceptAllChangesOnSuccess, CancellationToken cancellationToken)
   at Npgsql.EntityFrameworkCore.PostgreSQL.Storage.Internal.NpgsqlExecutionStrategy.ExecuteAsync[TState,TResult](TState state, Func`4 operation, Func`4 verifySucceeded, CancellationToken cancellationToken)
   at Microsoft.EntityFrameworkCore.DbContext.SaveChangesAsync(Boolean acceptAllChangesOnSuccess, CancellationToken cancellationToken)
Microsoft.EntityFrameworkCore.DbUpdateException: An error occurred while saving the entity changes. See the inner exception for details.
 ---> Npgsql.PostgresException (0x80004005): 42703: column "Browser" of relation "RefreshTokens" does not exist

POSITION: 36
   at Npgsql.Internal.NpgsqlConnector.ReadMessageLong(Boolean async, DataRowLoadingMode dataRowLoadingMode, Boolean readingNotifications, Boolean isReadingPrependedMessage)
   at System.Runtime.CompilerServices.PoolingAsyncValueTaskMethodBuilder`1.StateMachineBox`1.System.Threading.Tasks.Sources.IValueTaskSource<TResult>.GetResult(Int16 token)
   at Npgsql.NpgsqlDataReader.NextResult(Boolean async, Boolean isConsuming, CancellationToken cancellationToken)
   at Npgsql.NpgsqlDataReader.NextResult(Boolean async, Boolean isConsuming, CancellationToken cancellationToken)
   at Npgsql.EntityFrameworkCore.PostgreSQL.Update.Internal.NpgsqlModificationCommandBatch.Consume(RelationalDataReader reader, Boolean async, CancellationToken cancellationToken)
  Exception data:
    Severity: ERROR
    SqlState: 42703
    MessageText: column "Browser" of relation "RefreshTokens" does not exist
    Position: 36
    File: parse_target.c
    Line: 1073
    Routine: checkInsertTargets
   --- End of inner exception stack trace ---
   at Npgsql.EntityFrameworkCore.PostgreSQL.Update.Internal.NpgsqlModificationCommandBatch.Consume(RelationalDataReader reader, Boolean async, CancellationToken cancellationToken)
   at Microsoft.EntityFrameworkCore.Update.ReaderModificationCommandBatch.ExecuteAsync(IRelationalConnection connection, CancellationToken cancellationToken)
   at Microsoft.EntityFrameworkCore.Update.ReaderModificationCommandBatch.ExecuteAsync(IRelationalConnection connection, CancellationToken cancellationToken)
   at Microsoft.EntityFrameworkCore.Update.Internal.BatchExecutor.ExecuteAsync(IEnumerable`1 commandBatches, IRelationalConnection connection, CancellationToken cancellationToken)
   at Microsoft.EntityFrameworkCore.Update.Internal.BatchExecutor.ExecuteAsync(IEnumerable`1 commandBatches, IRelationalConnection connection, CancellationToken cancellationToken)
   at Microsoft.EntityFrameworkCore.Update.Internal.BatchExecutor.ExecuteAsync(IEnumerable`1 commandBatches, IRelationalConnection connection, CancellationToken cancellationToken)
   at Microsoft.EntityFrameworkCore.Storage.RelationalDatabase.SaveChangesAsync(IList`1 entries, CancellationToken cancellationToken)
   at Microsoft.EntityFrameworkCore.ChangeTracking.Internal.StateManager.SaveChangesAsync(IList`1 entriesToSave, CancellationToken cancellationToken)
   at Microsoft.EntityFrameworkCore.ChangeTracking.Internal.StateManager.SaveChangesAsync(StateManager stateManager, Boolean acceptAllChangesOnSuccess, CancellationToken cancellationToken)
   at Npgsql.EntityFrameworkCore.PostgreSQL.Storage.Internal.NpgsqlExecutionStrategy.ExecuteAsync[TState,TResult](TState state, Func`4 operation, Func`4 verifySucceeded, CancellationToken cancellationToken)
   at Microsoft.EntityFrameworkCore.DbContext.SaveChangesAsync(Boolean acceptAllChangesOnSuccess, CancellationToken cancellationToken)
2026-05-09 03:50:46.383 -08:00 [ERR] Failed to persist error log for trace 0HNLDO4PU2RIG:00000003
Microsoft.EntityFrameworkCore.DbUpdateException: An error occurred while saving the entity changes. See the inner exception for details.
 ---> Npgsql.PostgresException (0x80004005): 42703: column "Browser" of relation "RefreshTokens" does not exist

POSITION: 36
   at Npgsql.Internal.NpgsqlConnector.ReadMessageLong(Boolean async, DataRowLoadingMode dataRowLoadingMode, Boolean readingNotifications, Boolean isReadingPrependedMessage)
   at System.Runtime.CompilerServices.PoolingAsyncValueTaskMethodBuilder`1.StateMachineBox`1.System.Threading.Tasks.Sources.IValueTaskSource<TResult>.GetResult(Int16 token)
   at Npgsql.NpgsqlDataReader.NextResult(Boolean async, Boolean isConsuming, CancellationToken cancellationToken)
   at Npgsql.NpgsqlDataReader.NextResult(Boolean async, Boolean isConsuming, CancellationToken cancellationToken)
   at Npgsql.EntityFrameworkCore.PostgreSQL.Update.Internal.NpgsqlModificationCommandBatch.Consume(RelationalDataReader reader, Boolean async, CancellationToken cancellationToken)
  Exception data:
    Severity: ERROR
    SqlState: 42703
    MessageText: column "Browser" of relation "RefreshTokens" does not exist
    Position: 36
    File: parse_target.c
    Line: 1073
    Routine: checkInsertTargets
   --- End of inner exception stack trace ---
   at Npgsql.EntityFrameworkCore.PostgreSQL.Update.Internal.NpgsqlModificationCommandBatch.Consume(RelationalDataReader reader, Boolean async, CancellationToken cancellationToken)
   at Microsoft.EntityFrameworkCore.Update.ReaderModificationCommandBatch.ExecuteAsync(IRelationalConnection connection, CancellationToken cancellationToken)
   at Microsoft.EntityFrameworkCore.Update.ReaderModificationCommandBatch.ExecuteAsync(IRelationalConnection connection, CancellationToken cancellationToken)
   at Microsoft.EntityFrameworkCore.Update.Internal.BatchExecutor.ExecuteAsync(IEnumerable`1 commandBatches, IRelationalConnection connection, CancellationToken cancellationToken)
   at Microsoft.EntityFrameworkCore.Update.Internal.BatchExecutor.ExecuteAsync(IEnumerable`1 commandBatches, IRelationalConnection connection, CancellationToken cancellationToken)
   at Microsoft.EntityFrameworkCore.Update.Internal.BatchExecutor.ExecuteAsync(IEnumerable`1 commandBatches, IRelationalConnection connection, CancellationToken cancellationToken)
   at Microsoft.EntityFrameworkCore.Storage.RelationalDatabase.SaveChangesAsync(IList`1 entries, CancellationToken cancellationToken)
   at Microsoft.EntityFrameworkCore.ChangeTracking.Internal.StateManager.SaveChangesAsync(IList`1 entriesToSave, CancellationToken cancellationToken)
   at Microsoft.EntityFrameworkCore.ChangeTracking.Internal.StateManager.SaveChangesAsync(StateManager stateManager, Boolean acceptAllChangesOnSuccess, CancellationToken cancellationToken)
   at Npgsql.EntityFrameworkCore.PostgreSQL.Storage.Internal.NpgsqlExecutionStrategy.ExecuteAsync[TState,TResult](TState state, Func`4 operation, Func`4 verifySucceeded, CancellationToken cancellationToken)
   at Microsoft.EntityFrameworkCore.DbContext.SaveChangesAsync(Boolean acceptAllChangesOnSuccess, CancellationToken cancellationToken)
   at Microsoft.EntityFrameworkCore.DbContext.SaveChangesAsync(Boolean acceptAllChangesOnSuccess, CancellationToken cancellationToken)
   at algo.API.Middleware.ExceptionHandlingMiddleware.PersistErrorLogAsync(ApplicationDbContext dbContext, ErrorLog errorLog, CancellationToken cancellationToken) in C:\PrivateProject\algo.bytes\src\algo.API\Middleware\ExceptionHandlingMiddleware.cs:line 82
2026-05-09 03:50:57.928 -08:00 [INF] Authorization header exists: false
2026-05-09 03:50:57.931 -08:00 [INF] MediatR handling started LoginCommand
2026-05-09 03:50:58.072 -08:00 [ERR] Failed executing DbCommand (71ms) [Parameters=[@p0='2ae35e1c-fe5a-442f-8eb7-28b76b1b986d', @p1='Chrome', @p2='2026-05-09T11:50:57.9994125+00:00' (DbType = DateTime), @p3='Desktop', @p4='2026-05-23T11:50:57.9993790+00:00' (DbType = DateTime), @p5='::1', @p6='False', @p7='True', @p8='2026-05-09T11:50:57.9994126+00:00' (DbType = DateTime), @p9=NULL, @p10='Windows', @p11=NULL, @p12=NULL (DbType = DateTime), @p13=NULL, @p14='820E8F87C55F9BFED0D31790CD6405878A3D2ADC7DC90012A9A23A388FA1C521' (Nullable = false), @p15='Mozilla/5.0 (Windows NT 10.0; Win64; x64) AppleWebKit/537.36 (KHTML, like Gecko) Chrome/148.0.0.0 Safari/537.36', @p16='790c2c93-d8e6-4b61-8a11-e4190a1c0805' (Nullable = false)], CommandType='"Text"', CommandTimeout='30']
INSERT INTO "RefreshTokens" ("Id", "Browser", "CreatedAt", "Device", "ExpiresAt", "IpAddress", "IsSuspicious", "IsTrustedDevice", "LastActivityAt", "Location", "OperatingSystem", "ReplacedByTokenHash", "RevokedAt", "RevokedByUserId", "TokenHash", "UserAgent", "UserId")
VALUES (@p0, @p1, @p2, @p3, @p4, @p5, @p6, @p7, @p8, @p9, @p10, @p11, @p12, @p13, @p14, @p15, @p16);
2026-05-09 03:50:58.230 -08:00 [ERR] An exception occurred in the database while saving changes for context type 'algo.Persistence.Context.ApplicationDbContext'.
Microsoft.EntityFrameworkCore.DbUpdateException: An error occurred while saving the entity changes. See the inner exception for details.
 ---> Npgsql.PostgresException (0x80004005): 42703: column "Browser" of relation "RefreshTokens" does not exist

POSITION: 36
   at Npgsql.Internal.NpgsqlConnector.ReadMessageLong(Boolean async, DataRowLoadingMode dataRowLoadingMode, Boolean readingNotifications, Boolean isReadingPrependedMessage)
   at System.Runtime.CompilerServices.PoolingAsyncValueTaskMethodBuilder`1.StateMachineBox`1.System.Threading.Tasks.Sources.IValueTaskSource<TResult>.GetResult(Int16 token)
   at Npgsql.NpgsqlDataReader.NextResult(Boolean async, Boolean isConsuming, CancellationToken cancellationToken)
   at Npgsql.NpgsqlDataReader.NextResult(Boolean async, Boolean isConsuming, CancellationToken cancellationToken)
   at Npgsql.NpgsqlCommand.ExecuteReader(Boolean async, CommandBehavior behavior, CancellationToken cancellationToken)
   at Npgsql.NpgsqlCommand.ExecuteReader(Boolean async, CommandBehavior behavior, CancellationToken cancellationToken)
   at Npgsql.NpgsqlCommand.ExecuteDbDataReaderAsync(CommandBehavior behavior, CancellationToken cancellationToken)
   at Microsoft.EntityFrameworkCore.Storage.RelationalCommand.ExecuteReaderAsync(RelationalCommandParameterObject parameterObject, CancellationToken cancellationToken)
   at Microsoft.EntityFrameworkCore.Storage.RelationalCommand.ExecuteReaderAsync(RelationalCommandParameterObject parameterObject, CancellationToken cancellationToken)
   at Microsoft.EntityFrameworkCore.Update.ReaderModificationCommandBatch.ExecuteAsync(IRelationalConnection connection, CancellationToken cancellationToken)
  Exception data:
    Severity: ERROR
    SqlState: 42703
    MessageText: column "Browser" of relation "RefreshTokens" does not exist
    Position: 36
    File: parse_target.c
    Line: 1073
    Routine: checkInsertTargets
   --- End of inner exception stack trace ---
   at Microsoft.EntityFrameworkCore.Update.ReaderModificationCommandBatch.ExecuteAsync(IRelationalConnection connection, CancellationToken cancellationToken)
   at Microsoft.EntityFrameworkCore.Update.Internal.BatchExecutor.ExecuteAsync(IEnumerable`1 commandBatches, IRelationalConnection connection, CancellationToken cancellationToken)
   at Microsoft.EntityFrameworkCore.Update.Internal.BatchExecutor.ExecuteAsync(IEnumerable`1 commandBatches, IRelationalConnection connection, CancellationToken cancellationToken)
   at Microsoft.EntityFrameworkCore.Update.Internal.BatchExecutor.ExecuteAsync(IEnumerable`1 commandBatches, IRelationalConnection connection, CancellationToken cancellationToken)
   at Microsoft.EntityFrameworkCore.Storage.RelationalDatabase.SaveChangesAsync(IList`1 entries, CancellationToken cancellationToken)
   at Microsoft.EntityFrameworkCore.ChangeTracking.Internal.StateManager.SaveChangesAsync(IList`1 entriesToSave, CancellationToken cancellationToken)
   at Microsoft.EntityFrameworkCore.ChangeTracking.Internal.StateManager.SaveChangesAsync(StateManager stateManager, Boolean acceptAllChangesOnSuccess, CancellationToken cancellationToken)
   at Npgsql.EntityFrameworkCore.PostgreSQL.Storage.Internal.NpgsqlExecutionStrategy.ExecuteAsync[TState,TResult](TState state, Func`4 operation, Func`4 verifySucceeded, CancellationToken cancellationToken)
   at Microsoft.EntityFrameworkCore.DbContext.SaveChangesAsync(Boolean acceptAllChangesOnSuccess, CancellationToken cancellationToken)
Microsoft.EntityFrameworkCore.DbUpdateException: An error occurred while saving the entity changes. See the inner exception for details.
 ---> Npgsql.PostgresException (0x80004005): 42703: column "Browser" of relation "RefreshTokens" does not exist

POSITION: 36
   at Npgsql.Internal.NpgsqlConnector.ReadMessageLong(Boolean async, DataRowLoadingMode dataRowLoadingMode, Boolean readingNotifications, Boolean isReadingPrependedMessage)
   at System.Runtime.CompilerServices.PoolingAsyncValueTaskMethodBuilder`1.StateMachineBox`1.System.Threading.Tasks.Sources.IValueTaskSource<TResult>.GetResult(Int16 token)
   at Npgsql.NpgsqlDataReader.NextResult(Boolean async, Boolean isConsuming, CancellationToken cancellationToken)
   at Npgsql.NpgsqlDataReader.NextResult(Boolean async, Boolean isConsuming, CancellationToken cancellationToken)
   at Npgsql.NpgsqlCommand.ExecuteReader(Boolean async, CommandBehavior behavior, CancellationToken cancellationToken)
   at Npgsql.NpgsqlCommand.ExecuteReader(Boolean async, CommandBehavior behavior, CancellationToken cancellationToken)
   at Npgsql.NpgsqlCommand.ExecuteDbDataReaderAsync(CommandBehavior behavior, CancellationToken cancellationToken)
   at Microsoft.EntityFrameworkCore.Storage.RelationalCommand.ExecuteReaderAsync(RelationalCommandParameterObject parameterObject, CancellationToken cancellationToken)
   at Microsoft.EntityFrameworkCore.Storage.RelationalCommand.ExecuteReaderAsync(RelationalCommandParameterObject parameterObject, CancellationToken cancellationToken)
   at Microsoft.EntityFrameworkCore.Update.ReaderModificationCommandBatch.ExecuteAsync(IRelationalConnection connection, CancellationToken cancellationToken)
  Exception data:
    Severity: ERROR
    SqlState: 42703
    MessageText: column "Browser" of relation "RefreshTokens" does not exist
    Position: 36
    File: parse_target.c
    Line: 1073
    Routine: checkInsertTargets
   --- End of inner exception stack trace ---
   at Microsoft.EntityFrameworkCore.Update.ReaderModificationCommandBatch.ExecuteAsync(IRelationalConnection connection, CancellationToken cancellationToken)
   at Microsoft.EntityFrameworkCore.Update.Internal.BatchExecutor.ExecuteAsync(IEnumerable`1 commandBatches, IRelationalConnection connection, CancellationToken cancellationToken)
   at Microsoft.EntityFrameworkCore.Update.Internal.BatchExecutor.ExecuteAsync(IEnumerable`1 commandBatches, IRelationalConnection connection, CancellationToken cancellationToken)
   at Microsoft.EntityFrameworkCore.Update.Internal.BatchExecutor.ExecuteAsync(IEnumerable`1 commandBatches, IRelationalConnection connection, CancellationToken cancellationToken)
   at Microsoft.EntityFrameworkCore.Storage.RelationalDatabase.SaveChangesAsync(IList`1 entries, CancellationToken cancellationToken)
   at Microsoft.EntityFrameworkCore.ChangeTracking.Internal.StateManager.SaveChangesAsync(IList`1 entriesToSave, CancellationToken cancellationToken)
   at Microsoft.EntityFrameworkCore.ChangeTracking.Internal.StateManager.SaveChangesAsync(StateManager stateManager, Boolean acceptAllChangesOnSuccess, CancellationToken cancellationToken)
   at Npgsql.EntityFrameworkCore.PostgreSQL.Storage.Internal.NpgsqlExecutionStrategy.ExecuteAsync[TState,TResult](TState state, Func`4 operation, Func`4 verifySucceeded, CancellationToken cancellationToken)
   at Microsoft.EntityFrameworkCore.DbContext.SaveChangesAsync(Boolean acceptAllChangesOnSuccess, CancellationToken cancellationToken)
2026-05-09 03:50:58.367 -08:00 [ERR] MediatR handling failed LoginCommand after 435 ms
Microsoft.EntityFrameworkCore.DbUpdateException: An error occurred while saving the entity changes. See the inner exception for details.
 ---> Npgsql.PostgresException (0x80004005): 42703: column "Browser" of relation "RefreshTokens" does not exist

POSITION: 36
   at Npgsql.Internal.NpgsqlConnector.ReadMessageLong(Boolean async, DataRowLoadingMode dataRowLoadingMode, Boolean readingNotifications, Boolean isReadingPrependedMessage)
   at System.Runtime.CompilerServices.PoolingAsyncValueTaskMethodBuilder`1.StateMachineBox`1.System.Threading.Tasks.Sources.IValueTaskSource<TResult>.GetResult(Int16 token)
   at Npgsql.NpgsqlDataReader.NextResult(Boolean async, Boolean isConsuming, CancellationToken cancellationToken)
   at Npgsql.NpgsqlDataReader.NextResult(Boolean async, Boolean isConsuming, CancellationToken cancellationToken)
   at Npgsql.NpgsqlCommand.ExecuteReader(Boolean async, CommandBehavior behavior, CancellationToken cancellationToken)
   at Npgsql.NpgsqlCommand.ExecuteReader(Boolean async, CommandBehavior behavior, CancellationToken cancellationToken)
   at Npgsql.NpgsqlCommand.ExecuteDbDataReaderAsync(CommandBehavior behavior, CancellationToken cancellationToken)
   at Microsoft.EntityFrameworkCore.Storage.RelationalCommand.ExecuteReaderAsync(RelationalCommandParameterObject parameterObject, CancellationToken cancellationToken)
   at Microsoft.EntityFrameworkCore.Storage.RelationalCommand.ExecuteReaderAsync(RelationalCommandParameterObject parameterObject, CancellationToken cancellationToken)
   at Microsoft.EntityFrameworkCore.Update.ReaderModificationCommandBatch.ExecuteAsync(IRelationalConnection connection, CancellationToken cancellationToken)
  Exception data:
    Severity: ERROR
    SqlState: 42703
    MessageText: column "Browser" of relation "RefreshTokens" does not exist
    Position: 36
    File: parse_target.c
    Line: 1073
    Routine: checkInsertTargets
   --- End of inner exception stack trace ---
   at Microsoft.EntityFrameworkCore.Update.ReaderModificationCommandBatch.ExecuteAsync(IRelationalConnection connection, CancellationToken cancellationToken)
   at Microsoft.EntityFrameworkCore.Update.Internal.BatchExecutor.ExecuteAsync(IEnumerable`1 commandBatches, IRelationalConnection connection, CancellationToken cancellationToken)
   at Microsoft.EntityFrameworkCore.Update.Internal.BatchExecutor.ExecuteAsync(IEnumerable`1 commandBatches, IRelationalConnection connection, CancellationToken cancellationToken)
   at Microsoft.EntityFrameworkCore.Update.Internal.BatchExecutor.ExecuteAsync(IEnumerable`1 commandBatches, IRelationalConnection connection, CancellationToken cancellationToken)
   at Microsoft.EntityFrameworkCore.Storage.RelationalDatabase.SaveChangesAsync(IList`1 entries, CancellationToken cancellationToken)
   at Microsoft.EntityFrameworkCore.ChangeTracking.Internal.StateManager.SaveChangesAsync(IList`1 entriesToSave, CancellationToken cancellationToken)
   at Microsoft.EntityFrameworkCore.ChangeTracking.Internal.StateManager.SaveChangesAsync(StateManager stateManager, Boolean acceptAllChangesOnSuccess, CancellationToken cancellationToken)
   at Npgsql.EntityFrameworkCore.PostgreSQL.Storage.Internal.NpgsqlExecutionStrategy.ExecuteAsync[TState,TResult](TState state, Func`4 operation, Func`4 verifySucceeded, CancellationToken cancellationToken)
   at Microsoft.EntityFrameworkCore.DbContext.SaveChangesAsync(Boolean acceptAllChangesOnSuccess, CancellationToken cancellationToken)
   at Microsoft.EntityFrameworkCore.DbContext.SaveChangesAsync(Boolean acceptAllChangesOnSuccess, CancellationToken cancellationToken)
   at algo.Application.Identity.AuthSessionIssuer.IssueAsync(ApplicationUser user, IReadOnlyList`1 roleNames, IJwtTokenService jwt, IApplicationDbContext db, ISessionContext sessionContext, CancellationToken cancellationToken) in C:\PrivateProject\algo.bytes\src\algo.Application\Identity\AuthSessionIssuer.cs:line 40
   at algo.Application.Features.Auth.Commands.Login.LoginCommandHandler.Handle(LoginCommand request, CancellationToken cancellationToken) in C:\PrivateProject\algo.bytes\src\algo.Application\Features\Auth\Commands\Login\LoginCommandHandler.cs:line 42
   at algo.Application.Behaviors.ValidationBehavior`2.Handle(TRequest request, RequestHandlerDelegate`1 next, CancellationToken cancellationToken) in C:\PrivateProject\algo.bytes\src\algo.Application\Behaviors\ValidationBehavior.cs:line 29
   at algo.Application.Behaviors.LoggingBehavior`2.Handle(TRequest request, RequestHandlerDelegate`1 next, CancellationToken cancellationToken) in C:\PrivateProject\algo.bytes\src\algo.Application\Behaviors\LoggingBehavior.cs:line 31
2026-05-09 03:50:58.707 -08:00 [INF] HTTP POST /api/Auth/login completed with 200 in 779 ms (0HNLDO4PU2RIG:00000007)
2026-05-09 03:50:58.752 -08:00 [ERR] Unhandled exception Microsoft.EntityFrameworkCore.DbUpdateException at /api/Auth/login (0HNLDO4PU2RIG:00000007)
Microsoft.EntityFrameworkCore.DbUpdateException: An error occurred while saving the entity changes. See the inner exception for details.
 ---> Npgsql.PostgresException (0x80004005): 42703: column "Browser" of relation "RefreshTokens" does not exist

POSITION: 36
   at Npgsql.Internal.NpgsqlConnector.ReadMessageLong(Boolean async, DataRowLoadingMode dataRowLoadingMode, Boolean readingNotifications, Boolean isReadingPrependedMessage)
   at System.Runtime.CompilerServices.PoolingAsyncValueTaskMethodBuilder`1.StateMachineBox`1.System.Threading.Tasks.Sources.IValueTaskSource<TResult>.GetResult(Int16 token)
   at Npgsql.NpgsqlDataReader.NextResult(Boolean async, Boolean isConsuming, CancellationToken cancellationToken)
   at Npgsql.NpgsqlDataReader.NextResult(Boolean async, Boolean isConsuming, CancellationToken cancellationToken)
   at Npgsql.NpgsqlCommand.ExecuteReader(Boolean async, CommandBehavior behavior, CancellationToken cancellationToken)
   at Npgsql.NpgsqlCommand.ExecuteReader(Boolean async, CommandBehavior behavior, CancellationToken cancellationToken)
   at Npgsql.NpgsqlCommand.ExecuteDbDataReaderAsync(CommandBehavior behavior, CancellationToken cancellationToken)
   at Microsoft.EntityFrameworkCore.Storage.RelationalCommand.ExecuteReaderAsync(RelationalCommandParameterObject parameterObject, CancellationToken cancellationToken)
   at Microsoft.EntityFrameworkCore.Storage.RelationalCommand.ExecuteReaderAsync(RelationalCommandParameterObject parameterObject, CancellationToken cancellationToken)
   at Microsoft.EntityFrameworkCore.Update.ReaderModificationCommandBatch.ExecuteAsync(IRelationalConnection connection, CancellationToken cancellationToken)
  Exception data:
    Severity: ERROR
    SqlState: 42703
    MessageText: column "Browser" of relation "RefreshTokens" does not exist
    Position: 36
    File: parse_target.c
    Line: 1073
    Routine: checkInsertTargets
   --- End of inner exception stack trace ---
   at Microsoft.EntityFrameworkCore.Update.ReaderModificationCommandBatch.ExecuteAsync(IRelationalConnection connection, CancellationToken cancellationToken)
   at Microsoft.EntityFrameworkCore.Update.Internal.BatchExecutor.ExecuteAsync(IEnumerable`1 commandBatches, IRelationalConnection connection, CancellationToken cancellationToken)
   at Microsoft.EntityFrameworkCore.Update.Internal.BatchExecutor.ExecuteAsync(IEnumerable`1 commandBatches, IRelationalConnection connection, CancellationToken cancellationToken)
   at Microsoft.EntityFrameworkCore.Update.Internal.BatchExecutor.ExecuteAsync(IEnumerable`1 commandBatches, IRelationalConnection connection, CancellationToken cancellationToken)
   at Microsoft.EntityFrameworkCore.Storage.RelationalDatabase.SaveChangesAsync(IList`1 entries, CancellationToken cancellationToken)
   at Microsoft.EntityFrameworkCore.ChangeTracking.Internal.StateManager.SaveChangesAsync(IList`1 entriesToSave, CancellationToken cancellationToken)
   at Microsoft.EntityFrameworkCore.ChangeTracking.Internal.StateManager.SaveChangesAsync(StateManager stateManager, Boolean acceptAllChangesOnSuccess, CancellationToken cancellationToken)
   at Npgsql.EntityFrameworkCore.PostgreSQL.Storage.Internal.NpgsqlExecutionStrategy.ExecuteAsync[TState,TResult](TState state, Func`4 operation, Func`4 verifySucceeded, CancellationToken cancellationToken)
   at Microsoft.EntityFrameworkCore.DbContext.SaveChangesAsync(Boolean acceptAllChangesOnSuccess, CancellationToken cancellationToken)
   at Microsoft.EntityFrameworkCore.DbContext.SaveChangesAsync(Boolean acceptAllChangesOnSuccess, CancellationToken cancellationToken)
   at algo.Application.Identity.AuthSessionIssuer.IssueAsync(ApplicationUser user, IReadOnlyList`1 roleNames, IJwtTokenService jwt, IApplicationDbContext db, ISessionContext sessionContext, CancellationToken cancellationToken) in C:\PrivateProject\algo.bytes\src\algo.Application\Identity\AuthSessionIssuer.cs:line 40
   at algo.Application.Features.Auth.Commands.Login.LoginCommandHandler.Handle(LoginCommand request, CancellationToken cancellationToken) in C:\PrivateProject\algo.bytes\src\algo.Application\Features\Auth\Commands\Login\LoginCommandHandler.cs:line 42
   at algo.Application.Behaviors.ValidationBehavior`2.Handle(TRequest request, RequestHandlerDelegate`1 next, CancellationToken cancellationToken) in C:\PrivateProject\algo.bytes\src\algo.Application\Behaviors\ValidationBehavior.cs:line 29
   at algo.Application.Behaviors.LoggingBehavior`2.Handle(TRequest request, RequestHandlerDelegate`1 next, CancellationToken cancellationToken) in C:\PrivateProject\algo.bytes\src\algo.Application\Behaviors\LoggingBehavior.cs:line 31
   at lambda_method263(Closure, Object)
   at Microsoft.AspNetCore.Mvc.Infrastructure.ActionMethodExecutor.AwaitableObjectResultExecutor.Execute(ActionContext actionContext, IActionResultTypeMapper mapper, ObjectMethodExecutor executor, Object controller, Object[] arguments)
   at Microsoft.AspNetCore.Mvc.Infrastructure.ControllerActionInvoker.<InvokeActionMethodAsync>g__Awaited|12_0(ControllerActionInvoker invoker, ValueTask`1 actionResultValueTask)
   at Microsoft.AspNetCore.Mvc.Infrastructure.ControllerActionInvoker.<InvokeNextActionFilterAsync>g__Awaited|10_0(ControllerActionInvoker invoker, Task lastTask, State next, Scope scope, Object state, Boolean isCompleted)
   at Microsoft.AspNetCore.Mvc.Infrastructure.ControllerActionInvoker.Rethrow(ActionExecutedContextSealed context)
   at Microsoft.AspNetCore.Mvc.Infrastructure.ControllerActionInvoker.Next(State& next, Scope& scope, Object& state, Boolean& isCompleted)
   at Microsoft.AspNetCore.Mvc.Infrastructure.ControllerActionInvoker.<InvokeInnerFilterAsync>g__Awaited|13_0(ControllerActionInvoker invoker, Task lastTask, State next, Scope scope, Object state, Boolean isCompleted)
   at Microsoft.AspNetCore.Mvc.Infrastructure.ResourceInvoker.<InvokeNextExceptionFilterAsync>g__Awaited|26_0(ResourceInvoker invoker, Task lastTask, State next, Scope scope, Object state, Boolean isCompleted)
   at Microsoft.AspNetCore.Mvc.Infrastructure.ResourceInvoker.Rethrow(ExceptionContextSealed context)
   at Microsoft.AspNetCore.Mvc.Infrastructure.ResourceInvoker.Next(State& next, Scope& scope, Object& state, Boolean& isCompleted)
   at Microsoft.AspNetCore.Mvc.Infrastructure.ResourceInvoker.<InvokeFilterPipelineAsync>g__Awaited|20_0(ResourceInvoker invoker, Task lastTask, State next, Scope scope, Object state, Boolean isCompleted)
   at Microsoft.AspNetCore.Mvc.Infrastructure.ResourceInvoker.<InvokeAsync>g__Awaited|17_0(ResourceInvoker invoker, Task task, IDisposable scope)
   at Microsoft.AspNetCore.Mvc.Infrastructure.ResourceInvoker.<InvokeAsync>g__Awaited|17_0(ResourceInvoker invoker, Task task, IDisposable scope)
   at Microsoft.AspNetCore.Authorization.AuthorizationMiddleware.Invoke(HttpContext context)
   at Microsoft.AspNetCore.Authentication.AuthenticationMiddleware.Invoke(HttpContext context)
   at algo.API.Middleware.RequestLoggingMiddleware.InvokeAsync(HttpContext context) in C:\PrivateProject\algo.bytes\src\algo.API\Middleware\RequestLoggingMiddleware.cs:line 16
   at algo.API.Middleware.ExceptionHandlingMiddleware.InvokeAsync(HttpContext context, ApplicationDbContext dbContext) in C:\PrivateProject\algo.bytes\src\algo.API\Middleware\ExceptionHandlingMiddleware.cs:line 39
2026-05-09 03:50:58.977 -08:00 [ERR] An exception occurred in the database while saving changes for context type 'algo.Persistence.Context.ApplicationDbContext'.
Microsoft.EntityFrameworkCore.DbUpdateException: An error occurred while saving the entity changes. See the inner exception for details.
 ---> Npgsql.PostgresException (0x80004005): 42703: column "Browser" of relation "RefreshTokens" does not exist

POSITION: 36
   at Npgsql.Internal.NpgsqlConnector.ReadMessageLong(Boolean async, DataRowLoadingMode dataRowLoadingMode, Boolean readingNotifications, Boolean isReadingPrependedMessage)
   at System.Runtime.CompilerServices.PoolingAsyncValueTaskMethodBuilder`1.StateMachineBox`1.System.Threading.Tasks.Sources.IValueTaskSource<TResult>.GetResult(Int16 token)
   at Npgsql.NpgsqlDataReader.NextResult(Boolean async, Boolean isConsuming, CancellationToken cancellationToken)
   at Npgsql.NpgsqlDataReader.NextResult(Boolean async, Boolean isConsuming, CancellationToken cancellationToken)
   at Npgsql.EntityFrameworkCore.PostgreSQL.Update.Internal.NpgsqlModificationCommandBatch.Consume(RelationalDataReader reader, Boolean async, CancellationToken cancellationToken)
  Exception data:
    Severity: ERROR
    SqlState: 42703
    MessageText: column "Browser" of relation "RefreshTokens" does not exist
    Position: 36
    File: parse_target.c
    Line: 1073
    Routine: checkInsertTargets
   --- End of inner exception stack trace ---
   at Npgsql.EntityFrameworkCore.PostgreSQL.Update.Internal.NpgsqlModificationCommandBatch.Consume(RelationalDataReader reader, Boolean async, CancellationToken cancellationToken)
   at Microsoft.EntityFrameworkCore.Update.ReaderModificationCommandBatch.ExecuteAsync(IRelationalConnection connection, CancellationToken cancellationToken)
   at Microsoft.EntityFrameworkCore.Update.ReaderModificationCommandBatch.ExecuteAsync(IRelationalConnection connection, CancellationToken cancellationToken)
   at Microsoft.EntityFrameworkCore.Update.Internal.BatchExecutor.ExecuteAsync(IEnumerable`1 commandBatches, IRelationalConnection connection, CancellationToken cancellationToken)
   at Microsoft.EntityFrameworkCore.Update.Internal.BatchExecutor.ExecuteAsync(IEnumerable`1 commandBatches, IRelationalConnection connection, CancellationToken cancellationToken)
   at Microsoft.EntityFrameworkCore.Update.Internal.BatchExecutor.ExecuteAsync(IEnumerable`1 commandBatches, IRelationalConnection connection, CancellationToken cancellationToken)
   at Microsoft.EntityFrameworkCore.Storage.RelationalDatabase.SaveChangesAsync(IList`1 entries, CancellationToken cancellationToken)
   at Microsoft.EntityFrameworkCore.ChangeTracking.Internal.StateManager.SaveChangesAsync(IList`1 entriesToSave, CancellationToken cancellationToken)
   at Microsoft.EntityFrameworkCore.ChangeTracking.Internal.StateManager.SaveChangesAsync(StateManager stateManager, Boolean acceptAllChangesOnSuccess, CancellationToken cancellationToken)
   at Npgsql.EntityFrameworkCore.PostgreSQL.Storage.Internal.NpgsqlExecutionStrategy.ExecuteAsync[TState,TResult](TState state, Func`4 operation, Func`4 verifySucceeded, CancellationToken cancellationToken)
   at Microsoft.EntityFrameworkCore.DbContext.SaveChangesAsync(Boolean acceptAllChangesOnSuccess, CancellationToken cancellationToken)
Microsoft.EntityFrameworkCore.DbUpdateException: An error occurred while saving the entity changes. See the inner exception for details.
 ---> Npgsql.PostgresException (0x80004005): 42703: column "Browser" of relation "RefreshTokens" does not exist

POSITION: 36
   at Npgsql.Internal.NpgsqlConnector.ReadMessageLong(Boolean async, DataRowLoadingMode dataRowLoadingMode, Boolean readingNotifications, Boolean isReadingPrependedMessage)
   at System.Runtime.CompilerServices.PoolingAsyncValueTaskMethodBuilder`1.StateMachineBox`1.System.Threading.Tasks.Sources.IValueTaskSource<TResult>.GetResult(Int16 token)
   at Npgsql.NpgsqlDataReader.NextResult(Boolean async, Boolean isConsuming, CancellationToken cancellationToken)
   at Npgsql.NpgsqlDataReader.NextResult(Boolean async, Boolean isConsuming, CancellationToken cancellationToken)
   at Npgsql.EntityFrameworkCore.PostgreSQL.Update.Internal.NpgsqlModificationCommandBatch.Consume(RelationalDataReader reader, Boolean async, CancellationToken cancellationToken)
  Exception data:
    Severity: ERROR
    SqlState: 42703
    MessageText: column "Browser" of relation "RefreshTokens" does not exist
    Position: 36
    File: parse_target.c
    Line: 1073
    Routine: checkInsertTargets
   --- End of inner exception stack trace ---
   at Npgsql.EntityFrameworkCore.PostgreSQL.Update.Internal.NpgsqlModificationCommandBatch.Consume(RelationalDataReader reader, Boolean async, CancellationToken cancellationToken)
   at Microsoft.EntityFrameworkCore.Update.ReaderModificationCommandBatch.ExecuteAsync(IRelationalConnection connection, CancellationToken cancellationToken)
   at Microsoft.EntityFrameworkCore.Update.ReaderModificationCommandBatch.ExecuteAsync(IRelationalConnection connection, CancellationToken cancellationToken)
   at Microsoft.EntityFrameworkCore.Update.Internal.BatchExecutor.ExecuteAsync(IEnumerable`1 commandBatches, IRelationalConnection connection, CancellationToken cancellationToken)
   at Microsoft.EntityFrameworkCore.Update.Internal.BatchExecutor.ExecuteAsync(IEnumerable`1 commandBatches, IRelationalConnection connection, CancellationToken cancellationToken)
   at Microsoft.EntityFrameworkCore.Update.Internal.BatchExecutor.ExecuteAsync(IEnumerable`1 commandBatches, IRelationalConnection connection, CancellationToken cancellationToken)
   at Microsoft.EntityFrameworkCore.Storage.RelationalDatabase.SaveChangesAsync(IList`1 entries, CancellationToken cancellationToken)
   at Microsoft.EntityFrameworkCore.ChangeTracking.Internal.StateManager.SaveChangesAsync(IList`1 entriesToSave, CancellationToken cancellationToken)
   at Microsoft.EntityFrameworkCore.ChangeTracking.Internal.StateManager.SaveChangesAsync(StateManager stateManager, Boolean acceptAllChangesOnSuccess, CancellationToken cancellationToken)
   at Npgsql.EntityFrameworkCore.PostgreSQL.Storage.Internal.NpgsqlExecutionStrategy.ExecuteAsync[TState,TResult](TState state, Func`4 operation, Func`4 verifySucceeded, CancellationToken cancellationToken)
   at Microsoft.EntityFrameworkCore.DbContext.SaveChangesAsync(Boolean acceptAllChangesOnSuccess, CancellationToken cancellationToken)
2026-05-09 03:50:59.016 -08:00 [ERR] Failed to persist error log for trace 0HNLDO4PU2RIG:00000007
Microsoft.EntityFrameworkCore.DbUpdateException: An error occurred while saving the entity changes. See the inner exception for details.
 ---> Npgsql.PostgresException (0x80004005): 42703: column "Browser" of relation "RefreshTokens" does not exist

POSITION: 36
   at Npgsql.Internal.NpgsqlConnector.ReadMessageLong(Boolean async, DataRowLoadingMode dataRowLoadingMode, Boolean readingNotifications, Boolean isReadingPrependedMessage)
   at System.Runtime.CompilerServices.PoolingAsyncValueTaskMethodBuilder`1.StateMachineBox`1.System.Threading.Tasks.Sources.IValueTaskSource<TResult>.GetResult(Int16 token)
   at Npgsql.NpgsqlDataReader.NextResult(Boolean async, Boolean isConsuming, CancellationToken cancellationToken)
   at Npgsql.NpgsqlDataReader.NextResult(Boolean async, Boolean isConsuming, CancellationToken cancellationToken)
   at Npgsql.EntityFrameworkCore.PostgreSQL.Update.Internal.NpgsqlModificationCommandBatch.Consume(RelationalDataReader reader, Boolean async, CancellationToken cancellationToken)
  Exception data:
    Severity: ERROR
    SqlState: 42703
    MessageText: column "Browser" of relation "RefreshTokens" does not exist
    Position: 36
    File: parse_target.c
    Line: 1073
    Routine: checkInsertTargets
   --- End of inner exception stack trace ---
   at Npgsql.EntityFrameworkCore.PostgreSQL.Update.Internal.NpgsqlModificationCommandBatch.Consume(RelationalDataReader reader, Boolean async, CancellationToken cancellationToken)
   at Microsoft.EntityFrameworkCore.Update.ReaderModificationCommandBatch.ExecuteAsync(IRelationalConnection connection, CancellationToken cancellationToken)
   at Microsoft.EntityFrameworkCore.Update.ReaderModificationCommandBatch.ExecuteAsync(IRelationalConnection connection, CancellationToken cancellationToken)
   at Microsoft.EntityFrameworkCore.Update.Internal.BatchExecutor.ExecuteAsync(IEnumerable`1 commandBatches, IRelationalConnection connection, CancellationToken cancellationToken)
   at Microsoft.EntityFrameworkCore.Update.Internal.BatchExecutor.ExecuteAsync(IEnumerable`1 commandBatches, IRelationalConnection connection, CancellationToken cancellationToken)
   at Microsoft.EntityFrameworkCore.Update.Internal.BatchExecutor.ExecuteAsync(IEnumerable`1 commandBatches, IRelationalConnection connection, CancellationToken cancellationToken)
   at Microsoft.EntityFrameworkCore.Storage.RelationalDatabase.SaveChangesAsync(IList`1 entries, CancellationToken cancellationToken)
   at Microsoft.EntityFrameworkCore.ChangeTracking.Internal.StateManager.SaveChangesAsync(IList`1 entriesToSave, CancellationToken cancellationToken)
   at Microsoft.EntityFrameworkCore.ChangeTracking.Internal.StateManager.SaveChangesAsync(StateManager stateManager, Boolean acceptAllChangesOnSuccess, CancellationToken cancellationToken)
   at Npgsql.EntityFrameworkCore.PostgreSQL.Storage.Internal.NpgsqlExecutionStrategy.ExecuteAsync[TState,TResult](TState state, Func`4 operation, Func`4 verifySucceeded, CancellationToken cancellationToken)
   at Microsoft.EntityFrameworkCore.DbContext.SaveChangesAsync(Boolean acceptAllChangesOnSuccess, CancellationToken cancellationToken)
   at Microsoft.EntityFrameworkCore.DbContext.SaveChangesAsync(Boolean acceptAllChangesOnSuccess, CancellationToken cancellationToken)
   at algo.API.Middleware.ExceptionHandlingMiddleware.PersistErrorLogAsync(ApplicationDbContext dbContext, ErrorLog errorLog, CancellationToken cancellationToken) in C:\PrivateProject\algo.bytes\src\algo.API\Middleware\ExceptionHandlingMiddleware.cs:line 82
2026-05-09 03:52:03.454 -08:00 [WRN] Sensitive data logging is enabled. Log entries and exception messages may include sensitive application data; this mode should only be enabled during development.
2026-05-09 03:52:04.213 -08:00 [INF] Admin wildcard access policy already exists
2026-05-09 03:52:04.446 -08:00 [INF] Now listening on: https://localhost:7259
2026-05-09 03:52:04.449 -08:00 [INF] Now listening on: http://localhost:5244
2026-05-09 03:52:04.517 -08:00 [INF] Application started. Press Ctrl+C to shut down.
2026-05-09 03:52:04.518 -08:00 [INF] Hosting environment: Development
2026-05-09 03:52:04.519 -08:00 [INF] Content root path: C:\PrivateProject\algo.bytes\src\algo.API
2026-05-09 03:52:11.703 -08:00 [INF] Authorization header exists: false
2026-05-09 03:52:11.781 -08:00 [INF] MediatR handling started LoginCommand
2026-05-09 03:52:12.332 -08:00 [ERR] Failed executing DbCommand (95ms) [Parameters=[@p0='6f695d19-03d4-498a-b74d-6eab51ddfb9d', @p1='Chrome', @p2='2026-05-09T11:52:12.1478164+00:00' (DbType = DateTime), @p3='Desktop', @p4='2026-05-23T11:52:12.1468154+00:00' (DbType = DateTime), @p5='::1', @p6='False', @p7='True', @p8='2026-05-09T11:52:12.1478719+00:00' (DbType = DateTime), @p9=NULL, @p10='Windows', @p11=NULL, @p12=NULL (DbType = DateTime), @p13=NULL, @p14='A5D7F313ECDA09F503A80E11ADF44C642DAA5748C2A881775E1E26E9E126986D' (Nullable = false), @p15='Mozilla/5.0 (Windows NT 10.0; Win64; x64) AppleWebKit/537.36 (KHTML, like Gecko) Chrome/148.0.0.0 Safari/537.36', @p16='790c2c93-d8e6-4b61-8a11-e4190a1c0805' (Nullable = false)], CommandType='"Text"', CommandTimeout='30']
INSERT INTO "RefreshTokens" ("Id", "Browser", "CreatedAt", "Device", "ExpiresAt", "IpAddress", "IsSuspicious", "IsTrustedDevice", "LastActivityAt", "Location", "OperatingSystem", "ReplacedByTokenHash", "RevokedAt", "RevokedByUserId", "TokenHash", "UserAgent", "UserId")
VALUES (@p0, @p1, @p2, @p3, @p4, @p5, @p6, @p7, @p8, @p9, @p10, @p11, @p12, @p13, @p14, @p15, @p16);
2026-05-09 03:52:12.572 -08:00 [ERR] An exception occurred in the database while saving changes for context type 'algo.Persistence.Context.ApplicationDbContext'.
Microsoft.EntityFrameworkCore.DbUpdateException: An error occurred while saving the entity changes. See the inner exception for details.
 ---> Npgsql.PostgresException (0x80004005): 42703: column "Browser" of relation "RefreshTokens" does not exist

POSITION: 36
   at Npgsql.Internal.NpgsqlConnector.ReadMessageLong(Boolean async, DataRowLoadingMode dataRowLoadingMode, Boolean readingNotifications, Boolean isReadingPrependedMessage)
   at System.Runtime.CompilerServices.PoolingAsyncValueTaskMethodBuilder`1.StateMachineBox`1.System.Threading.Tasks.Sources.IValueTaskSource<TResult>.GetResult(Int16 token)
   at Npgsql.NpgsqlDataReader.NextResult(Boolean async, Boolean isConsuming, CancellationToken cancellationToken)
   at Npgsql.NpgsqlDataReader.NextResult(Boolean async, Boolean isConsuming, CancellationToken cancellationToken)
   at Npgsql.NpgsqlCommand.ExecuteReader(Boolean async, CommandBehavior behavior, CancellationToken cancellationToken)
   at Npgsql.NpgsqlCommand.ExecuteReader(Boolean async, CommandBehavior behavior, CancellationToken cancellationToken)
   at Npgsql.NpgsqlCommand.ExecuteDbDataReaderAsync(CommandBehavior behavior, CancellationToken cancellationToken)
   at Microsoft.EntityFrameworkCore.Storage.RelationalCommand.ExecuteReaderAsync(RelationalCommandParameterObject parameterObject, CancellationToken cancellationToken)
   at Microsoft.EntityFrameworkCore.Storage.RelationalCommand.ExecuteReaderAsync(RelationalCommandParameterObject parameterObject, CancellationToken cancellationToken)
   at Microsoft.EntityFrameworkCore.Update.ReaderModificationCommandBatch.ExecuteAsync(IRelationalConnection connection, CancellationToken cancellationToken)
  Exception data:
    Severity: ERROR
    SqlState: 42703
    MessageText: column "Browser" of relation "RefreshTokens" does not exist
    Position: 36
    File: parse_target.c
    Line: 1073
    Routine: checkInsertTargets
   --- End of inner exception stack trace ---
   at Microsoft.EntityFrameworkCore.Update.ReaderModificationCommandBatch.ExecuteAsync(IRelationalConnection connection, CancellationToken cancellationToken)
   at Microsoft.EntityFrameworkCore.Update.Internal.BatchExecutor.ExecuteAsync(IEnumerable`1 commandBatches, IRelationalConnection connection, CancellationToken cancellationToken)
   at Microsoft.EntityFrameworkCore.Update.Internal.BatchExecutor.ExecuteAsync(IEnumerable`1 commandBatches, IRelationalConnection connection, CancellationToken cancellationToken)
   at Microsoft.EntityFrameworkCore.Update.Internal.BatchExecutor.ExecuteAsync(IEnumerable`1 commandBatches, IRelationalConnection connection, CancellationToken cancellationToken)
   at Microsoft.EntityFrameworkCore.Storage.RelationalDatabase.SaveChangesAsync(IList`1 entries, CancellationToken cancellationToken)
   at Microsoft.EntityFrameworkCore.ChangeTracking.Internal.StateManager.SaveChangesAsync(IList`1 entriesToSave, CancellationToken cancellationToken)
   at Microsoft.EntityFrameworkCore.ChangeTracking.Internal.StateManager.SaveChangesAsync(StateManager stateManager, Boolean acceptAllChangesOnSuccess, CancellationToken cancellationToken)
   at Npgsql.EntityFrameworkCore.PostgreSQL.Storage.Internal.NpgsqlExecutionStrategy.ExecuteAsync[TState,TResult](TState state, Func`4 operation, Func`4 verifySucceeded, CancellationToken cancellationToken)
   at Microsoft.EntityFrameworkCore.DbContext.SaveChangesAsync(Boolean acceptAllChangesOnSuccess, CancellationToken cancellationToken)
Microsoft.EntityFrameworkCore.DbUpdateException: An error occurred while saving the entity changes. See the inner exception for details.
 ---> Npgsql.PostgresException (0x80004005): 42703: column "Browser" of relation "RefreshTokens" does not exist

POSITION: 36
   at Npgsql.Internal.NpgsqlConnector.ReadMessageLong(Boolean async, DataRowLoadingMode dataRowLoadingMode, Boolean readingNotifications, Boolean isReadingPrependedMessage)
   at System.Runtime.CompilerServices.PoolingAsyncValueTaskMethodBuilder`1.StateMachineBox`1.System.Threading.Tasks.Sources.IValueTaskSource<TResult>.GetResult(Int16 token)
   at Npgsql.NpgsqlDataReader.NextResult(Boolean async, Boolean isConsuming, CancellationToken cancellationToken)
   at Npgsql.NpgsqlDataReader.NextResult(Boolean async, Boolean isConsuming, CancellationToken cancellationToken)
   at Npgsql.NpgsqlCommand.ExecuteReader(Boolean async, CommandBehavior behavior, CancellationToken cancellationToken)
   at Npgsql.NpgsqlCommand.ExecuteReader(Boolean async, CommandBehavior behavior, CancellationToken cancellationToken)
   at Npgsql.NpgsqlCommand.ExecuteDbDataReaderAsync(CommandBehavior behavior, CancellationToken cancellationToken)
   at Microsoft.EntityFrameworkCore.Storage.RelationalCommand.ExecuteReaderAsync(RelationalCommandParameterObject parameterObject, CancellationToken cancellationToken)
   at Microsoft.EntityFrameworkCore.Storage.RelationalCommand.ExecuteReaderAsync(RelationalCommandParameterObject parameterObject, CancellationToken cancellationToken)
   at Microsoft.EntityFrameworkCore.Update.ReaderModificationCommandBatch.ExecuteAsync(IRelationalConnection connection, CancellationToken cancellationToken)
  Exception data:
    Severity: ERROR
    SqlState: 42703
    MessageText: column "Browser" of relation "RefreshTokens" does not exist
    Position: 36
    File: parse_target.c
    Line: 1073
    Routine: checkInsertTargets
   --- End of inner exception stack trace ---
   at Microsoft.EntityFrameworkCore.Update.ReaderModificationCommandBatch.ExecuteAsync(IRelationalConnection connection, CancellationToken cancellationToken)
   at Microsoft.EntityFrameworkCore.Update.Internal.BatchExecutor.ExecuteAsync(IEnumerable`1 commandBatches, IRelationalConnection connection, CancellationToken cancellationToken)
   at Microsoft.EntityFrameworkCore.Update.Internal.BatchExecutor.ExecuteAsync(IEnumerable`1 commandBatches, IRelationalConnection connection, CancellationToken cancellationToken)
   at Microsoft.EntityFrameworkCore.Update.Internal.BatchExecutor.ExecuteAsync(IEnumerable`1 commandBatches, IRelationalConnection connection, CancellationToken cancellationToken)
   at Microsoft.EntityFrameworkCore.Storage.RelationalDatabase.SaveChangesAsync(IList`1 entries, CancellationToken cancellationToken)
   at Microsoft.EntityFrameworkCore.ChangeTracking.Internal.StateManager.SaveChangesAsync(IList`1 entriesToSave, CancellationToken cancellationToken)
   at Microsoft.EntityFrameworkCore.ChangeTracking.Internal.StateManager.SaveChangesAsync(StateManager stateManager, Boolean acceptAllChangesOnSuccess, CancellationToken cancellationToken)
   at Npgsql.EntityFrameworkCore.PostgreSQL.Storage.Internal.NpgsqlExecutionStrategy.ExecuteAsync[TState,TResult](TState state, Func`4 operation, Func`4 verifySucceeded, CancellationToken cancellationToken)
   at Microsoft.EntityFrameworkCore.DbContext.SaveChangesAsync(Boolean acceptAllChangesOnSuccess, CancellationToken cancellationToken)
2026-05-09 03:52:12.745 -08:00 [ERR] MediatR handling failed LoginCommand after 963 ms
Microsoft.EntityFrameworkCore.DbUpdateException: An error occurred while saving the entity changes. See the inner exception for details.
 ---> Npgsql.PostgresException (0x80004005): 42703: column "Browser" of relation "RefreshTokens" does not exist

POSITION: 36
   at Npgsql.Internal.NpgsqlConnector.ReadMessageLong(Boolean async, DataRowLoadingMode dataRowLoadingMode, Boolean readingNotifications, Boolean isReadingPrependedMessage)
   at System.Runtime.CompilerServices.PoolingAsyncValueTaskMethodBuilder`1.StateMachineBox`1.System.Threading.Tasks.Sources.IValueTaskSource<TResult>.GetResult(Int16 token)
   at Npgsql.NpgsqlDataReader.NextResult(Boolean async, Boolean isConsuming, CancellationToken cancellationToken)
   at Npgsql.NpgsqlDataReader.NextResult(Boolean async, Boolean isConsuming, CancellationToken cancellationToken)
   at Npgsql.NpgsqlCommand.ExecuteReader(Boolean async, CommandBehavior behavior, CancellationToken cancellationToken)
   at Npgsql.NpgsqlCommand.ExecuteReader(Boolean async, CommandBehavior behavior, CancellationToken cancellationToken)
   at Npgsql.NpgsqlCommand.ExecuteDbDataReaderAsync(CommandBehavior behavior, CancellationToken cancellationToken)
   at Microsoft.EntityFrameworkCore.Storage.RelationalCommand.ExecuteReaderAsync(RelationalCommandParameterObject parameterObject, CancellationToken cancellationToken)
   at Microsoft.EntityFrameworkCore.Storage.RelationalCommand.ExecuteReaderAsync(RelationalCommandParameterObject parameterObject, CancellationToken cancellationToken)
   at Microsoft.EntityFrameworkCore.Update.ReaderModificationCommandBatch.ExecuteAsync(IRelationalConnection connection, CancellationToken cancellationToken)
  Exception data:
    Severity: ERROR
    SqlState: 42703
    MessageText: column "Browser" of relation "RefreshTokens" does not exist
    Position: 36
    File: parse_target.c
    Line: 1073
    Routine: checkInsertTargets
   --- End of inner exception stack trace ---
   at Microsoft.EntityFrameworkCore.Update.ReaderModificationCommandBatch.ExecuteAsync(IRelationalConnection connection, CancellationToken cancellationToken)
   at Microsoft.EntityFrameworkCore.Update.Internal.BatchExecutor.ExecuteAsync(IEnumerable`1 commandBatches, IRelationalConnection connection, CancellationToken cancellationToken)
   at Microsoft.EntityFrameworkCore.Update.Internal.BatchExecutor.ExecuteAsync(IEnumerable`1 commandBatches, IRelationalConnection connection, CancellationToken cancellationToken)
   at Microsoft.EntityFrameworkCore.Update.Internal.BatchExecutor.ExecuteAsync(IEnumerable`1 commandBatches, IRelationalConnection connection, CancellationToken cancellationToken)
   at Microsoft.EntityFrameworkCore.Storage.RelationalDatabase.SaveChangesAsync(IList`1 entries, CancellationToken cancellationToken)
   at Microsoft.EntityFrameworkCore.ChangeTracking.Internal.StateManager.SaveChangesAsync(IList`1 entriesToSave, CancellationToken cancellationToken)
   at Microsoft.EntityFrameworkCore.ChangeTracking.Internal.StateManager.SaveChangesAsync(StateManager stateManager, Boolean acceptAllChangesOnSuccess, CancellationToken cancellationToken)
   at Npgsql.EntityFrameworkCore.PostgreSQL.Storage.Internal.NpgsqlExecutionStrategy.ExecuteAsync[TState,TResult](TState state, Func`4 operation, Func`4 verifySucceeded, CancellationToken cancellationToken)
   at Microsoft.EntityFrameworkCore.DbContext.SaveChangesAsync(Boolean acceptAllChangesOnSuccess, CancellationToken cancellationToken)
   at Microsoft.EntityFrameworkCore.DbContext.SaveChangesAsync(Boolean acceptAllChangesOnSuccess, CancellationToken cancellationToken)
   at algo.Application.Identity.AuthSessionIssuer.IssueAsync(ApplicationUser user, IReadOnlyList`1 roleNames, IJwtTokenService jwt, IApplicationDbContext db, ISessionContext sessionContext, CancellationToken cancellationToken) in C:\PrivateProject\algo.bytes\src\algo.Application\Identity\AuthSessionIssuer.cs:line 40
   at algo.Application.Features.Auth.Commands.Login.LoginCommandHandler.Handle(LoginCommand request, CancellationToken cancellationToken) in C:\PrivateProject\algo.bytes\src\algo.Application\Features\Auth\Commands\Login\LoginCommandHandler.cs:line 42
   at algo.Application.Behaviors.ValidationBehavior`2.Handle(TRequest request, RequestHandlerDelegate`1 next, CancellationToken cancellationToken) in C:\PrivateProject\algo.bytes\src\algo.Application\Behaviors\ValidationBehavior.cs:line 29
   at algo.Application.Behaviors.LoggingBehavior`2.Handle(TRequest request, RequestHandlerDelegate`1 next, CancellationToken cancellationToken) in C:\PrivateProject\algo.bytes\src\algo.Application\Behaviors\LoggingBehavior.cs:line 31
2026-05-09 03:52:13.175 -08:00 [INF] HTTP POST /api/Auth/login completed with 200 in 1523 ms (0HNLDO5JSQFTU:00000003)
2026-05-09 03:52:13.231 -08:00 [ERR] Unhandled exception Microsoft.EntityFrameworkCore.DbUpdateException at /api/Auth/login (0HNLDO5JSQFTU:00000003)
Microsoft.EntityFrameworkCore.DbUpdateException: An error occurred while saving the entity changes. See the inner exception for details.
 ---> Npgsql.PostgresException (0x80004005): 42703: column "Browser" of relation "RefreshTokens" does not exist

POSITION: 36
   at Npgsql.Internal.NpgsqlConnector.ReadMessageLong(Boolean async, DataRowLoadingMode dataRowLoadingMode, Boolean readingNotifications, Boolean isReadingPrependedMessage)
   at System.Runtime.CompilerServices.PoolingAsyncValueTaskMethodBuilder`1.StateMachineBox`1.System.Threading.Tasks.Sources.IValueTaskSource<TResult>.GetResult(Int16 token)
   at Npgsql.NpgsqlDataReader.NextResult(Boolean async, Boolean isConsuming, CancellationToken cancellationToken)
   at Npgsql.NpgsqlDataReader.NextResult(Boolean async, Boolean isConsuming, CancellationToken cancellationToken)
   at Npgsql.NpgsqlCommand.ExecuteReader(Boolean async, CommandBehavior behavior, CancellationToken cancellationToken)
   at Npgsql.NpgsqlCommand.ExecuteReader(Boolean async, CommandBehavior behavior, CancellationToken cancellationToken)
   at Npgsql.NpgsqlCommand.ExecuteDbDataReaderAsync(CommandBehavior behavior, CancellationToken cancellationToken)
   at Microsoft.EntityFrameworkCore.Storage.RelationalCommand.ExecuteReaderAsync(RelationalCommandParameterObject parameterObject, CancellationToken cancellationToken)
   at Microsoft.EntityFrameworkCore.Storage.RelationalCommand.ExecuteReaderAsync(RelationalCommandParameterObject parameterObject, CancellationToken cancellationToken)
   at Microsoft.EntityFrameworkCore.Update.ReaderModificationCommandBatch.ExecuteAsync(IRelationalConnection connection, CancellationToken cancellationToken)
  Exception data:
    Severity: ERROR
    SqlState: 42703
    MessageText: column "Browser" of relation "RefreshTokens" does not exist
    Position: 36
    File: parse_target.c
    Line: 1073
    Routine: checkInsertTargets
   --- End of inner exception stack trace ---
   at Microsoft.EntityFrameworkCore.Update.ReaderModificationCommandBatch.ExecuteAsync(IRelationalConnection connection, CancellationToken cancellationToken)
   at Microsoft.EntityFrameworkCore.Update.Internal.BatchExecutor.ExecuteAsync(IEnumerable`1 commandBatches, IRelationalConnection connection, CancellationToken cancellationToken)
   at Microsoft.EntityFrameworkCore.Update.Internal.BatchExecutor.ExecuteAsync(IEnumerable`1 commandBatches, IRelationalConnection connection, CancellationToken cancellationToken)
   at Microsoft.EntityFrameworkCore.Update.Internal.BatchExecutor.ExecuteAsync(IEnumerable`1 commandBatches, IRelationalConnection connection, CancellationToken cancellationToken)
   at Microsoft.EntityFrameworkCore.Storage.RelationalDatabase.SaveChangesAsync(IList`1 entries, CancellationToken cancellationToken)
   at Microsoft.EntityFrameworkCore.ChangeTracking.Internal.StateManager.SaveChangesAsync(IList`1 entriesToSave, CancellationToken cancellationToken)
   at Microsoft.EntityFrameworkCore.ChangeTracking.Internal.StateManager.SaveChangesAsync(StateManager stateManager, Boolean acceptAllChangesOnSuccess, CancellationToken cancellationToken)
   at Npgsql.EntityFrameworkCore.PostgreSQL.Storage.Internal.NpgsqlExecutionStrategy.ExecuteAsync[TState,TResult](TState state, Func`4 operation, Func`4 verifySucceeded, CancellationToken cancellationToken)
   at Microsoft.EntityFrameworkCore.DbContext.SaveChangesAsync(Boolean acceptAllChangesOnSuccess, CancellationToken cancellationToken)
   at Microsoft.EntityFrameworkCore.DbContext.SaveChangesAsync(Boolean acceptAllChangesOnSuccess, CancellationToken cancellationToken)
   at algo.Application.Identity.AuthSessionIssuer.IssueAsync(ApplicationUser user, IReadOnlyList`1 roleNames, IJwtTokenService jwt, IApplicationDbContext db, ISessionContext sessionContext, CancellationToken cancellationToken) in C:\PrivateProject\algo.bytes\src\algo.Application\Identity\AuthSessionIssuer.cs:line 40
   at algo.Application.Features.Auth.Commands.Login.LoginCommandHandler.Handle(LoginCommand request, CancellationToken cancellationToken) in C:\PrivateProject\algo.bytes\src\algo.Application\Features\Auth\Commands\Login\LoginCommandHandler.cs:line 42
   at algo.Application.Behaviors.ValidationBehavior`2.Handle(TRequest request, RequestHandlerDelegate`1 next, CancellationToken cancellationToken) in C:\PrivateProject\algo.bytes\src\algo.Application\Behaviors\ValidationBehavior.cs:line 29
   at algo.Application.Behaviors.LoggingBehavior`2.Handle(TRequest request, RequestHandlerDelegate`1 next, CancellationToken cancellationToken) in C:\PrivateProject\algo.bytes\src\algo.Application\Behaviors\LoggingBehavior.cs:line 31
   at lambda_method263(Closure, Object)
   at Microsoft.AspNetCore.Mvc.Infrastructure.ActionMethodExecutor.AwaitableObjectResultExecutor.Execute(ActionContext actionContext, IActionResultTypeMapper mapper, ObjectMethodExecutor executor, Object controller, Object[] arguments)
   at Microsoft.AspNetCore.Mvc.Infrastructure.ControllerActionInvoker.<InvokeActionMethodAsync>g__Awaited|12_0(ControllerActionInvoker invoker, ValueTask`1 actionResultValueTask)
   at Microsoft.AspNetCore.Mvc.Infrastructure.ControllerActionInvoker.<InvokeNextActionFilterAsync>g__Awaited|10_0(ControllerActionInvoker invoker, Task lastTask, State next, Scope scope, Object state, Boolean isCompleted)
   at Microsoft.AspNetCore.Mvc.Infrastructure.ControllerActionInvoker.Rethrow(ActionExecutedContextSealed context)
   at Microsoft.AspNetCore.Mvc.Infrastructure.ControllerActionInvoker.Next(State& next, Scope& scope, Object& state, Boolean& isCompleted)
   at Microsoft.AspNetCore.Mvc.Infrastructure.ControllerActionInvoker.<InvokeInnerFilterAsync>g__Awaited|13_0(ControllerActionInvoker invoker, Task lastTask, State next, Scope scope, Object state, Boolean isCompleted)
   at Microsoft.AspNetCore.Mvc.Infrastructure.ResourceInvoker.<InvokeNextExceptionFilterAsync>g__Awaited|26_0(ResourceInvoker invoker, Task lastTask, State next, Scope scope, Object state, Boolean isCompleted)
   at Microsoft.AspNetCore.Mvc.Infrastructure.ResourceInvoker.Rethrow(ExceptionContextSealed context)
   at Microsoft.AspNetCore.Mvc.Infrastructure.ResourceInvoker.Next(State& next, Scope& scope, Object& state, Boolean& isCompleted)
   at Microsoft.AspNetCore.Mvc.Infrastructure.ResourceInvoker.<InvokeFilterPipelineAsync>g__Awaited|20_0(ResourceInvoker invoker, Task lastTask, State next, Scope scope, Object state, Boolean isCompleted)
   at Microsoft.AspNetCore.Mvc.Infrastructure.ResourceInvoker.<InvokeAsync>g__Awaited|17_0(ResourceInvoker invoker, Task task, IDisposable scope)
   at Microsoft.AspNetCore.Mvc.Infrastructure.ResourceInvoker.<InvokeAsync>g__Awaited|17_0(ResourceInvoker invoker, Task task, IDisposable scope)
   at Microsoft.AspNetCore.Authorization.AuthorizationMiddleware.Invoke(HttpContext context)
   at Microsoft.AspNetCore.Authentication.AuthenticationMiddleware.Invoke(HttpContext context)
   at algo.API.Middleware.RequestLoggingMiddleware.InvokeAsync(HttpContext context) in C:\PrivateProject\algo.bytes\src\algo.API\Middleware\RequestLoggingMiddleware.cs:line 16
   at algo.API.Middleware.ExceptionHandlingMiddleware.InvokeAsync(HttpContext context, ApplicationDbContext dbContext) in C:\PrivateProject\algo.bytes\src\algo.API\Middleware\ExceptionHandlingMiddleware.cs:line 39
2026-05-09 03:52:13.537 -08:00 [ERR] An exception occurred in the database while saving changes for context type 'algo.Persistence.Context.ApplicationDbContext'.
Microsoft.EntityFrameworkCore.DbUpdateException: An error occurred while saving the entity changes. See the inner exception for details.
 ---> Npgsql.PostgresException (0x80004005): 42703: column "Browser" of relation "RefreshTokens" does not exist

POSITION: 36
   at Npgsql.Internal.NpgsqlConnector.ReadMessageLong(Boolean async, DataRowLoadingMode dataRowLoadingMode, Boolean readingNotifications, Boolean isReadingPrependedMessage)
   at System.Runtime.CompilerServices.PoolingAsyncValueTaskMethodBuilder`1.StateMachineBox`1.System.Threading.Tasks.Sources.IValueTaskSource<TResult>.GetResult(Int16 token)
   at Npgsql.NpgsqlDataReader.NextResult(Boolean async, Boolean isConsuming, CancellationToken cancellationToken)
   at Npgsql.NpgsqlDataReader.NextResult(Boolean async, Boolean isConsuming, CancellationToken cancellationToken)
   at Npgsql.EntityFrameworkCore.PostgreSQL.Update.Internal.NpgsqlModificationCommandBatch.Consume(RelationalDataReader reader, Boolean async, CancellationToken cancellationToken)
  Exception data:
    Severity: ERROR
    SqlState: 42703
    MessageText: column "Browser" of relation "RefreshTokens" does not exist
    Position: 36
    File: parse_target.c
    Line: 1073
    Routine: checkInsertTargets
   --- End of inner exception stack trace ---
   at Npgsql.EntityFrameworkCore.PostgreSQL.Update.Internal.NpgsqlModificationCommandBatch.Consume(RelationalDataReader reader, Boolean async, CancellationToken cancellationToken)
   at Microsoft.EntityFrameworkCore.Update.ReaderModificationCommandBatch.ExecuteAsync(IRelationalConnection connection, CancellationToken cancellationToken)
   at Microsoft.EntityFrameworkCore.Update.ReaderModificationCommandBatch.ExecuteAsync(IRelationalConnection connection, CancellationToken cancellationToken)
   at Microsoft.EntityFrameworkCore.Update.Internal.BatchExecutor.ExecuteAsync(IEnumerable`1 commandBatches, IRelationalConnection connection, CancellationToken cancellationToken)
   at Microsoft.EntityFrameworkCore.Update.Internal.BatchExecutor.ExecuteAsync(IEnumerable`1 commandBatches, IRelationalConnection connection, CancellationToken cancellationToken)
   at Microsoft.EntityFrameworkCore.Update.Internal.BatchExecutor.ExecuteAsync(IEnumerable`1 commandBatches, IRelationalConnection connection, CancellationToken cancellationToken)
   at Microsoft.EntityFrameworkCore.Storage.RelationalDatabase.SaveChangesAsync(IList`1 entries, CancellationToken cancellationToken)
   at Microsoft.EntityFrameworkCore.ChangeTracking.Internal.StateManager.SaveChangesAsync(IList`1 entriesToSave, CancellationToken cancellationToken)
   at Microsoft.EntityFrameworkCore.ChangeTracking.Internal.StateManager.SaveChangesAsync(StateManager stateManager, Boolean acceptAllChangesOnSuccess, CancellationToken cancellationToken)
   at Npgsql.EntityFrameworkCore.PostgreSQL.Storage.Internal.NpgsqlExecutionStrategy.ExecuteAsync[TState,TResult](TState state, Func`4 operation, Func`4 verifySucceeded, CancellationToken cancellationToken)
   at Microsoft.EntityFrameworkCore.DbContext.SaveChangesAsync(Boolean acceptAllChangesOnSuccess, CancellationToken cancellationToken)
Microsoft.EntityFrameworkCore.DbUpdateException: An error occurred while saving the entity changes. See the inner exception for details.
 ---> Npgsql.PostgresException (0x80004005): 42703: column "Browser" of relation "RefreshTokens" does not exist

POSITION: 36
   at Npgsql.Internal.NpgsqlConnector.ReadMessageLong(Boolean async, DataRowLoadingMode dataRowLoadingMode, Boolean readingNotifications, Boolean isReadingPrependedMessage)
   at System.Runtime.CompilerServices.PoolingAsyncValueTaskMethodBuilder`1.StateMachineBox`1.System.Threading.Tasks.Sources.IValueTaskSource<TResult>.GetResult(Int16 token)
   at Npgsql.NpgsqlDataReader.NextResult(Boolean async, Boolean isConsuming, CancellationToken cancellationToken)
   at Npgsql.NpgsqlDataReader.NextResult(Boolean async, Boolean isConsuming, CancellationToken cancellationToken)
   at Npgsql.EntityFrameworkCore.PostgreSQL.Update.Internal.NpgsqlModificationCommandBatch.Consume(RelationalDataReader reader, Boolean async, CancellationToken cancellationToken)
  Exception data:
    Severity: ERROR
    SqlState: 42703
    MessageText: column "Browser" of relation "RefreshTokens" does not exist
    Position: 36
    File: parse_target.c
    Line: 1073
    Routine: checkInsertTargets
   --- End of inner exception stack trace ---
   at Npgsql.EntityFrameworkCore.PostgreSQL.Update.Internal.NpgsqlModificationCommandBatch.Consume(RelationalDataReader reader, Boolean async, CancellationToken cancellationToken)
   at Microsoft.EntityFrameworkCore.Update.ReaderModificationCommandBatch.ExecuteAsync(IRelationalConnection connection, CancellationToken cancellationToken)
   at Microsoft.EntityFrameworkCore.Update.ReaderModificationCommandBatch.ExecuteAsync(IRelationalConnection connection, CancellationToken cancellationToken)
   at Microsoft.EntityFrameworkCore.Update.Internal.BatchExecutor.ExecuteAsync(IEnumerable`1 commandBatches, IRelationalConnection connection, CancellationToken cancellationToken)
   at Microsoft.EntityFrameworkCore.Update.Internal.BatchExecutor.ExecuteAsync(IEnumerable`1 commandBatches, IRelationalConnection connection, CancellationToken cancellationToken)
   at Microsoft.EntityFrameworkCore.Update.Internal.BatchExecutor.ExecuteAsync(IEnumerable`1 commandBatches, IRelationalConnection connection, CancellationToken cancellationToken)
   at Microsoft.EntityFrameworkCore.Storage.RelationalDatabase.SaveChangesAsync(IList`1 entries, CancellationToken cancellationToken)
   at Microsoft.EntityFrameworkCore.ChangeTracking.Internal.StateManager.SaveChangesAsync(IList`1 entriesToSave, CancellationToken cancellationToken)
   at Microsoft.EntityFrameworkCore.ChangeTracking.Internal.StateManager.SaveChangesAsync(StateManager stateManager, Boolean acceptAllChangesOnSuccess, CancellationToken cancellationToken)
   at Npgsql.EntityFrameworkCore.PostgreSQL.Storage.Internal.NpgsqlExecutionStrategy.ExecuteAsync[TState,TResult](TState state, Func`4 operation, Func`4 verifySucceeded, CancellationToken cancellationToken)
   at Microsoft.EntityFrameworkCore.DbContext.SaveChangesAsync(Boolean acceptAllChangesOnSuccess, CancellationToken cancellationToken)
2026-05-09 03:52:13.582 -08:00 [ERR] Failed to persist error log for trace 0HNLDO5JSQFTU:00000003
Microsoft.EntityFrameworkCore.DbUpdateException: An error occurred while saving the entity changes. See the inner exception for details.
 ---> Npgsql.PostgresException (0x80004005): 42703: column "Browser" of relation "RefreshTokens" does not exist

POSITION: 36
   at Npgsql.Internal.NpgsqlConnector.ReadMessageLong(Boolean async, DataRowLoadingMode dataRowLoadingMode, Boolean readingNotifications, Boolean isReadingPrependedMessage)
   at System.Runtime.CompilerServices.PoolingAsyncValueTaskMethodBuilder`1.StateMachineBox`1.System.Threading.Tasks.Sources.IValueTaskSource<TResult>.GetResult(Int16 token)
   at Npgsql.NpgsqlDataReader.NextResult(Boolean async, Boolean isConsuming, CancellationToken cancellationToken)
   at Npgsql.NpgsqlDataReader.NextResult(Boolean async, Boolean isConsuming, CancellationToken cancellationToken)
   at Npgsql.EntityFrameworkCore.PostgreSQL.Update.Internal.NpgsqlModificationCommandBatch.Consume(RelationalDataReader reader, Boolean async, CancellationToken cancellationToken)
  Exception data:
    Severity: ERROR
    SqlState: 42703
    MessageText: column "Browser" of relation "RefreshTokens" does not exist
    Position: 36
    File: parse_target.c
    Line: 1073
    Routine: checkInsertTargets
   --- End of inner exception stack trace ---
   at Npgsql.EntityFrameworkCore.PostgreSQL.Update.Internal.NpgsqlModificationCommandBatch.Consume(RelationalDataReader reader, Boolean async, CancellationToken cancellationToken)
   at Microsoft.EntityFrameworkCore.Update.ReaderModificationCommandBatch.ExecuteAsync(IRelationalConnection connection, CancellationToken cancellationToken)
   at Microsoft.EntityFrameworkCore.Update.ReaderModificationCommandBatch.ExecuteAsync(IRelationalConnection connection, CancellationToken cancellationToken)
   at Microsoft.EntityFrameworkCore.Update.Internal.BatchExecutor.ExecuteAsync(IEnumerable`1 commandBatches, IRelationalConnection connection, CancellationToken cancellationToken)
   at Microsoft.EntityFrameworkCore.Update.Internal.BatchExecutor.ExecuteAsync(IEnumerable`1 commandBatches, IRelationalConnection connection, CancellationToken cancellationToken)
   at Microsoft.EntityFrameworkCore.Update.Internal.BatchExecutor.ExecuteAsync(IEnumerable`1 commandBatches, IRelationalConnection connection, CancellationToken cancellationToken)
   at Microsoft.EntityFrameworkCore.Storage.RelationalDatabase.SaveChangesAsync(IList`1 entries, CancellationToken cancellationToken)
   at Microsoft.EntityFrameworkCore.ChangeTracking.Internal.StateManager.SaveChangesAsync(IList`1 entriesToSave, CancellationToken cancellationToken)
   at Microsoft.EntityFrameworkCore.ChangeTracking.Internal.StateManager.SaveChangesAsync(StateManager stateManager, Boolean acceptAllChangesOnSuccess, CancellationToken cancellationToken)
   at Npgsql.EntityFrameworkCore.PostgreSQL.Storage.Internal.NpgsqlExecutionStrategy.ExecuteAsync[TState,TResult](TState state, Func`4 operation, Func`4 verifySucceeded, CancellationToken cancellationToken)
   at Microsoft.EntityFrameworkCore.DbContext.SaveChangesAsync(Boolean acceptAllChangesOnSuccess, CancellationToken cancellationToken)
   at Microsoft.EntityFrameworkCore.DbContext.SaveChangesAsync(Boolean acceptAllChangesOnSuccess, CancellationToken cancellationToken)
   at algo.API.Middleware.ExceptionHandlingMiddleware.PersistErrorLogAsync(ApplicationDbContext dbContext, ErrorLog errorLog, CancellationToken cancellationToken) in C:\PrivateProject\algo.bytes\src\algo.API\Middleware\ExceptionHandlingMiddleware.cs:line 82
2026-05-09 03:58:01.033 -08:00 [WRN] Sensitive data logging is enabled. Log entries and exception messages may include sensitive application data; this mode should only be enabled during development.
2026-05-09 03:58:01.733 -08:00 [INF] Admin wildcard access policy already exists
2026-05-09 03:58:01.930 -08:00 [INF] Now listening on: https://localhost:7259
2026-05-09 03:58:01.933 -08:00 [INF] Now listening on: http://localhost:5244
2026-05-09 03:58:01.990 -08:00 [INF] Application started. Press Ctrl+C to shut down.
2026-05-09 03:58:01.992 -08:00 [INF] Hosting environment: Development
2026-05-09 03:58:01.993 -08:00 [INF] Content root path: C:\PrivateProject\algo.bytes\src\algo.API
2026-05-09 03:58:06.172 -08:00 [INF] Authorization header exists: false
2026-05-09 03:58:06.234 -08:00 [INF] MediatR handling started LoginCommand
2026-05-09 03:58:06.759 -08:00 [INF] MediatR handling completed LoginCommand in 524 ms
2026-05-09 03:58:06.776 -08:00 [INF] HTTP POST /api/Auth/login completed with 200 in 649 ms (0HNLDO8THHQ5M:00000003)
2026-05-09 03:58:07.231 -08:00 [INF] Authorization header exists: true
2026-05-09 03:58:07.231 -08:00 [INF] Authorization header exists: true
2026-05-09 03:58:07.231 -08:00 [INF] Authorization header exists: true
2026-05-09 03:58:07.231 -08:00 [INF] Authorization header exists: true
2026-05-09 03:58:07.292 -08:00 [INF] JWT token validated. IsAuthenticated=true
2026-05-09 03:58:07.292 -08:00 [INF] JWT token validated. IsAuthenticated=true
2026-05-09 03:58:07.292 -08:00 [INF] JWT token validated. IsAuthenticated=true
2026-05-09 03:58:07.292 -08:00 [INF] JWT token validated. IsAuthenticated=true
2026-05-09 03:58:07.310 -08:00 [INF] MediatR handling started ListAccessPoliciesQuery
2026-05-09 03:58:07.310 -08:00 [INF] MediatR handling started GetUsersDashboardQuery
2026-05-09 03:58:07.317 -08:00 [INF] Access policy check started for accessPolicies:read
2026-05-09 03:58:07.317 -08:00 [INF] Access policy check started for users:read
2026-05-09 03:58:07.341 -08:00 [INF] MediatR handling started GetErrorLogsQuery
2026-05-09 03:58:07.341 -08:00 [INF] MediatR handling started GetLogsQuery
2026-05-09 03:58:07.377 -08:00 [INF] Access policy evaluation for users:read. UserId=790c2c93-d8e6-4b61-8a11-e4190a1c0805, Roles=[Admin], ActiveRules=3, SubjectMatched=1, ResourceActionMatched=1, Allows=1, Denies=0, Decision=Allowed
2026-05-09 03:58:07.393 -08:00 [INF] Access policy check started for errorLogs:read
2026-05-09 03:58:07.394 -08:00 [INF] Access policy check started for logs:read
2026-05-09 03:58:07.399 -08:00 [INF] Access policy evaluation for errorLogs:read. UserId=790c2c93-d8e6-4b61-8a11-e4190a1c0805, Roles=[Admin], ActiveRules=3, SubjectMatched=1, ResourceActionMatched=1, Allows=1, Denies=0, Decision=Allowed
2026-05-09 03:58:07.400 -08:00 [INF] Access policy evaluation for logs:read. UserId=790c2c93-d8e6-4b61-8a11-e4190a1c0805, Roles=[Admin], ActiveRules=3, SubjectMatched=1, ResourceActionMatched=1, Allows=1, Denies=0, Decision=Allowed
2026-05-09 03:58:07.401 -08:00 [INF] Access policy query filter started for users:read
2026-05-09 03:58:07.412 -08:00 [INF] Access policy query filter for users:read. UserId=790c2c93-d8e6-4b61-8a11-e4190a1c0805, Roles=[Admin], ActiveRules=3, SubjectMatched=1, ResourceActionMatched=1, Allows=1, Denies=0
2026-05-09 03:58:07.433 -08:00 [INF] Access policy evaluation for accessPolicies:read. UserId=790c2c93-d8e6-4b61-8a11-e4190a1c0805, Roles=[Admin], ActiveRules=3, SubjectMatched=1, ResourceActionMatched=1, Allows=1, Denies=0, Decision=Allowed
2026-05-09 03:58:07.450 -08:00 [INF] MediatR handling completed ListAccessPoliciesQuery in 140 ms
2026-05-09 03:58:07.468 -08:00 [INF] HTTP GET /api/AccessPolicies completed with 200 in 237 ms (0HNLDO8THHQ5M:00000013)
2026-05-09 03:58:07.553 -08:00 [INF] MediatR handling completed GetUsersDashboardQuery in 243 ms
2026-05-09 03:58:07.565 -08:00 [INF] HTTP GET /api/Users/dashboard completed with 200 in 334 ms (0HNLDO8THHQ5M:0000000F)
2026-05-09 03:58:07.653 -08:00 [INF] MediatR handling completed GetErrorLogsQuery in 312 ms
2026-05-09 03:58:07.653 -08:00 [INF] MediatR handling completed GetLogsQuery in 311 ms
2026-05-09 03:58:07.678 -08:00 [INF] HTTP GET /api/error-logs completed with 200 in 448 ms (0HNLDO8THHQ5M:00000011)
2026-05-09 03:58:07.679 -08:00 [INF] HTTP GET /api/Logs completed with 200 in 448 ms (0HNLDO8THHQ5M:0000000D)
2026-05-09 03:58:10.281 -08:00 [INF] Authorization header exists: true
2026-05-09 03:58:10.284 -08:00 [INF] JWT token validated. IsAuthenticated=true
2026-05-09 03:58:10.304 -08:00 [INF] MediatR handling started GetSessionsQuery
2026-05-09 03:58:10.308 -08:00 [INF] Access policy check started for sessions:read
2026-05-09 03:58:10.313 -08:00 [INF] Access policy evaluation for sessions:read. UserId=790c2c93-d8e6-4b61-8a11-e4190a1c0805, Roles=[Admin], ActiveRules=3, SubjectMatched=1, ResourceActionMatched=1, Allows=1, Denies=0, Decision=Allowed
2026-05-09 03:58:10.394 -08:00 [INF] MediatR handling completed GetSessionsQuery in 90 ms
2026-05-09 03:58:10.405 -08:00 [INF] HTTP GET /api/Sessions completed with 200 in 127 ms (0HNLDO8THHQ5M:00000017)
2026-05-09 03:58:10.731 -08:00 [INF] Authorization header exists: true
2026-05-09 03:58:10.733 -08:00 [INF] JWT token validated. IsAuthenticated=true
2026-05-09 03:58:10.734 -08:00 [INF] Authorization header exists: true
2026-05-09 03:58:10.735 -08:00 [INF] MediatR handling started GetSessionsQuery
2026-05-09 03:58:10.736 -08:00 [INF] JWT token validated. IsAuthenticated=true
2026-05-09 03:58:10.737 -08:00 [INF] Access policy check started for sessions:read
2026-05-09 03:58:10.739 -08:00 [INF] MediatR handling started GetSessionsQuery
2026-05-09 03:58:10.742 -08:00 [INF] Access policy evaluation for sessions:read. UserId=790c2c93-d8e6-4b61-8a11-e4190a1c0805, Roles=[Admin], ActiveRules=3, SubjectMatched=1, ResourceActionMatched=1, Allows=1, Denies=0, Decision=Allowed
2026-05-09 03:58:10.748 -08:00 [INF] Access policy check started for sessions:read
2026-05-09 03:58:10.751 -08:00 [INF] MediatR handling completed GetSessionsQuery in 15 ms
2026-05-09 03:58:10.751 -08:00 [INF] Access policy evaluation for sessions:read. UserId=790c2c93-d8e6-4b61-8a11-e4190a1c0805, Roles=[Admin], ActiveRules=3, SubjectMatched=1, ResourceActionMatched=1, Allows=1, Denies=0, Decision=Allowed
2026-05-09 03:58:10.753 -08:00 [INF] HTTP GET /api/Sessions completed with 200 in 22 ms (0HNLDO8THHQ5M:0000001B)
2026-05-09 03:58:10.761 -08:00 [INF] MediatR handling completed GetSessionsQuery in 21 ms
2026-05-09 03:58:10.764 -08:00 [INF] HTTP GET /api/Sessions completed with 200 in 29 ms (0HNLDO8THHQ5M:0000001D)
2026-05-09 03:58:48.316 -08:00 [INF] Authorization header exists: true
2026-05-09 03:58:48.317 -08:00 [INF] JWT token validated. IsAuthenticated=true
2026-05-09 03:58:48.331 -08:00 [INF] MediatR handling started RevokeUserSessionsCommand
2026-05-09 03:58:48.336 -08:00 [INF] Access policy check started for sessions:revokeAll
2026-05-09 03:58:48.339 -08:00 [INF] Access policy evaluation for sessions:revokeAll. UserId=790c2c93-d8e6-4b61-8a11-e4190a1c0805, Roles=[Admin], ActiveRules=3, SubjectMatched=1, ResourceActionMatched=1, Allows=1, Denies=0, Decision=Allowed
2026-05-09 03:58:48.387 -08:00 [INF] MediatR handling completed RevokeUserSessionsCommand in 55 ms
2026-05-09 03:58:48.389 -08:00 [INF] HTTP POST /api/Sessions/users/790c2c93-d8e6-4b61-8a11-e4190a1c0805/revoke completed with 200 in 72 ms (0HNLDO8THHQ5M:00000021)
2026-05-09 03:58:48.396 -08:00 [INF] Authorization header exists: true
2026-05-09 03:58:48.397 -08:00 [INF] JWT token validated. IsAuthenticated=true
2026-05-09 03:58:48.399 -08:00 [INF] MediatR handling started GetSessionsQuery
2026-05-09 03:58:48.399 -08:00 [INF] Access policy check started for sessions:read
2026-05-09 03:58:48.402 -08:00 [INF] Access policy evaluation for sessions:read. UserId=790c2c93-d8e6-4b61-8a11-e4190a1c0805, Roles=[Admin], ActiveRules=3, SubjectMatched=1, ResourceActionMatched=1, Allows=1, Denies=0, Decision=Allowed
2026-05-09 03:58:48.410 -08:00 [INF] MediatR handling completed GetSessionsQuery in 11 ms
2026-05-09 03:58:48.411 -08:00 [INF] HTTP GET /api/Sessions completed with 200 in 15 ms (0HNLDO8THHQ5M:00000025)
2026-05-09 03:58:48.494 -08:00 [INF] Authorization header exists: true
2026-05-09 03:58:48.495 -08:00 [INF] JWT token validated. IsAuthenticated=true
2026-05-09 03:58:48.496 -08:00 [INF] Authorization header exists: true
2026-05-09 03:58:48.497 -08:00 [INF] MediatR handling started GetSessionsQuery
2026-05-09 03:58:48.497 -08:00 [INF] JWT token validated. IsAuthenticated=true
2026-05-09 03:58:48.498 -08:00 [INF] Access policy check started for sessions:read
2026-05-09 03:58:48.499 -08:00 [INF] MediatR handling started GetSessionsQuery
2026-05-09 03:58:48.500 -08:00 [INF] Access policy check started for sessions:read
2026-05-09 03:58:48.501 -08:00 [INF] Access policy evaluation for sessions:read. UserId=790c2c93-d8e6-4b61-8a11-e4190a1c0805, Roles=[Admin], ActiveRules=3, SubjectMatched=1, ResourceActionMatched=1, Allows=1, Denies=0, Decision=Allowed
2026-05-09 03:58:48.502 -08:00 [INF] Access policy evaluation for sessions:read. UserId=790c2c93-d8e6-4b61-8a11-e4190a1c0805, Roles=[Admin], ActiveRules=3, SubjectMatched=1, ResourceActionMatched=1, Allows=1, Denies=0, Decision=Allowed
2026-05-09 03:58:48.505 -08:00 [INF] MediatR handling completed GetSessionsQuery in 8 ms
2026-05-09 03:58:48.507 -08:00 [INF] HTTP GET /api/Sessions completed with 200 in 13 ms (0HNLDO8THHQ5M:00000029)
2026-05-09 03:58:48.534 -08:00 [INF] MediatR handling completed GetSessionsQuery in 34 ms
2026-05-09 03:58:48.536 -08:00 [INF] HTTP GET /api/Sessions completed with 200 in 40 ms (0HNLDO8THHQ5M:0000002B)
2026-05-09 03:58:56.251 -08:00 [INF] Authorization header exists: true
2026-05-09 03:58:56.252 -08:00 [INF] JWT token validated. IsAuthenticated=true
2026-05-09 03:58:56.263 -08:00 [INF] MediatR handling started RevokeAllExceptCurrentCommand
2026-05-09 03:58:56.265 -08:00 [INF] Access policy check started for sessions:revokeAll
2026-05-09 03:58:56.268 -08:00 [INF] Access policy evaluation for sessions:revokeAll. UserId=790c2c93-d8e6-4b61-8a11-e4190a1c0805, Roles=[Admin], ActiveRules=3, SubjectMatched=1, ResourceActionMatched=1, Allows=1, Denies=0, Decision=Allowed
2026-05-09 03:58:56.284 -08:00 [INF] MediatR handling completed RevokeAllExceptCurrentCommand in 21 ms
2026-05-09 03:58:56.285 -08:00 [INF] HTTP POST /api/Sessions/revoke-all-except-current completed with 200 in 34 ms (0HNLDO8THHQ5M:0000002F)
2026-05-09 03:58:56.291 -08:00 [INF] Authorization header exists: true
2026-05-09 03:58:56.292 -08:00 [INF] JWT token validated. IsAuthenticated=true
2026-05-09 03:58:56.293 -08:00 [INF] MediatR handling started GetSessionsQuery
2026-05-09 03:58:56.294 -08:00 [INF] Access policy check started for sessions:read
2026-05-09 03:58:56.296 -08:00 [INF] Access policy evaluation for sessions:read. UserId=790c2c93-d8e6-4b61-8a11-e4190a1c0805, Roles=[Admin], ActiveRules=3, SubjectMatched=1, ResourceActionMatched=1, Allows=1, Denies=0, Decision=Allowed
2026-05-09 03:58:56.299 -08:00 [INF] MediatR handling completed GetSessionsQuery in 6 ms
2026-05-09 03:58:56.301 -08:00 [INF] HTTP GET /api/Sessions completed with 200 in 9 ms (0HNLDO8THHQ5M:00000033)
2026-05-09 03:58:56.375 -08:00 [INF] Authorization header exists: true
2026-05-09 03:58:56.377 -08:00 [INF] JWT token validated. IsAuthenticated=true
2026-05-09 03:58:56.377 -08:00 [INF] Authorization header exists: true
2026-05-09 03:58:56.378 -08:00 [INF] MediatR handling started GetSessionsQuery
2026-05-09 03:58:56.378 -08:00 [INF] JWT token validated. IsAuthenticated=true
2026-05-09 03:58:56.379 -08:00 [INF] Access policy check started for sessions:read
2026-05-09 03:58:56.380 -08:00 [INF] MediatR handling started GetSessionsQuery
2026-05-09 03:58:56.381 -08:00 [INF] Access policy check started for sessions:read
2026-05-09 03:58:56.382 -08:00 [INF] Access policy evaluation for sessions:read. UserId=790c2c93-d8e6-4b61-8a11-e4190a1c0805, Roles=[Admin], ActiveRules=3, SubjectMatched=1, ResourceActionMatched=1, Allows=1, Denies=0, Decision=Allowed
2026-05-09 03:58:56.385 -08:00 [INF] Access policy evaluation for sessions:read. UserId=790c2c93-d8e6-4b61-8a11-e4190a1c0805, Roles=[Admin], ActiveRules=3, SubjectMatched=1, ResourceActionMatched=1, Allows=1, Denies=0, Decision=Allowed
2026-05-09 03:58:56.386 -08:00 [INF] MediatR handling completed GetSessionsQuery in 8 ms
2026-05-09 03:58:56.389 -08:00 [INF] HTTP GET /api/Sessions completed with 200 in 14 ms (0HNLDO8THHQ5M:00000037)
2026-05-09 03:58:56.390 -08:00 [INF] MediatR handling completed GetSessionsQuery in 10 ms
2026-05-09 03:58:56.392 -08:00 [INF] HTTP GET /api/Sessions completed with 200 in 14 ms (0HNLDO8THHQ5M:00000039)
2026-05-09 03:58:59.312 -08:00 [INF] Authorization header exists: true
2026-05-09 03:58:59.312 -08:00 [INF] Authorization header exists: true
2026-05-09 03:58:59.313 -08:00 [INF] JWT token validated. IsAuthenticated=true
2026-05-09 03:58:59.314 -08:00 [INF] JWT token validated. IsAuthenticated=true
2026-05-09 03:58:59.315 -08:00 [INF] Authorization header exists: true
2026-05-09 03:58:59.318 -08:00 [INF] Authorization header exists: true
2026-05-09 03:58:59.319 -08:00 [INF] MediatR handling started GetUsersDashboardQuery
2026-05-09 03:58:59.320 -08:00 [INF] JWT token validated. IsAuthenticated=true
2026-05-09 03:58:59.321 -08:00 [INF] MediatR handling started GetLogsQuery
2026-05-09 03:58:59.321 -08:00 [INF] JWT token validated. IsAuthenticated=true
2026-05-09 03:58:59.322 -08:00 [INF] Access policy check started for users:read
2026-05-09 03:58:59.323 -08:00 [INF] MediatR handling started GetErrorLogsQuery
2026-05-09 03:58:59.324 -08:00 [INF] Access policy check started for logs:read
2026-05-09 03:58:59.324 -08:00 [INF] MediatR handling started ListAccessPoliciesQuery
2026-05-09 03:58:59.327 -08:00 [INF] Access policy check started for errorLogs:read
2026-05-09 03:58:59.328 -08:00 [INF] Access policy evaluation for users:read. UserId=790c2c93-d8e6-4b61-8a11-e4190a1c0805, Roles=[Admin], ActiveRules=3, SubjectMatched=1, ResourceActionMatched=1, Allows=1, Denies=0, Decision=Allowed
2026-05-09 03:58:59.328 -08:00 [INF] Access policy check started for accessPolicies:read
2026-05-09 03:58:59.329 -08:00 [INF] Access policy evaluation for logs:read. UserId=790c2c93-d8e6-4b61-8a11-e4190a1c0805, Roles=[Admin], ActiveRules=3, SubjectMatched=1, ResourceActionMatched=1, Allows=1, Denies=0, Decision=Allowed
2026-05-09 03:58:59.331 -08:00 [INF] Access policy evaluation for errorLogs:read. UserId=790c2c93-d8e6-4b61-8a11-e4190a1c0805, Roles=[Admin], ActiveRules=3, SubjectMatched=1, ResourceActionMatched=1, Allows=1, Denies=0, Decision=Allowed
2026-05-09 03:58:59.333 -08:00 [INF] Access policy query filter started for users:read
2026-05-09 03:58:59.336 -08:00 [INF] Access policy evaluation for accessPolicies:read. UserId=790c2c93-d8e6-4b61-8a11-e4190a1c0805, Roles=[Admin], ActiveRules=3, SubjectMatched=1, ResourceActionMatched=1, Allows=1, Denies=0, Decision=Allowed
2026-05-09 03:58:59.346 -08:00 [INF] MediatR handling completed GetErrorLogsQuery in 23 ms
2026-05-09 03:58:59.348 -08:00 [INF] Access policy query filter for users:read. UserId=790c2c93-d8e6-4b61-8a11-e4190a1c0805, Roles=[Admin], ActiveRules=3, SubjectMatched=1, ResourceActionMatched=1, Allows=1, Denies=0
2026-05-09 03:58:59.353 -08:00 [INF] HTTP GET /api/error-logs completed with 200 in 38 ms (0HNLDO8THHQ5M:00000047)
2026-05-09 03:58:59.352 -08:00 [INF] MediatR handling completed ListAccessPoliciesQuery in 28 ms
2026-05-09 03:58:59.356 -08:00 [INF] MediatR handling completed GetLogsQuery in 35 ms
2026-05-09 03:58:59.363 -08:00 [INF] HTTP GET /api/AccessPolicies completed with 200 in 45 ms (0HNLDO8THHQ5M:00000049)
2026-05-09 03:58:59.367 -08:00 [INF] HTTP GET /api/Logs completed with 200 in 54 ms (0HNLDO8THHQ5M:00000045)
2026-05-09 03:58:59.374 -08:00 [INF] MediatR handling completed GetUsersDashboardQuery in 55 ms
2026-05-09 03:58:59.377 -08:00 [INF] HTTP GET /api/Users/dashboard completed with 200 in 64 ms (0HNLDO8THHQ5M:00000043)
2026-05-09 03:59:02.255 -08:00 [INF] Authorization header exists: true
2026-05-09 03:59:02.256 -08:00 [INF] JWT token validated. IsAuthenticated=true
2026-05-09 03:59:02.258 -08:00 [INF] MediatR handling started GetSessionsQuery
2026-05-09 03:59:02.259 -08:00 [INF] Access policy check started for sessions:read
2026-05-09 03:59:02.262 -08:00 [INF] Access policy evaluation for sessions:read. UserId=790c2c93-d8e6-4b61-8a11-e4190a1c0805, Roles=[Admin], ActiveRules=3, SubjectMatched=1, ResourceActionMatched=1, Allows=1, Denies=0, Decision=Allowed
2026-05-09 03:59:02.267 -08:00 [INF] MediatR handling completed GetSessionsQuery in 8 ms
2026-05-09 03:59:02.268 -08:00 [INF] HTTP GET /api/Sessions completed with 200 in 13 ms (0HNLDO8THHQ5M:0000004D)
2026-05-09 03:59:02.673 -08:00 [INF] Authorization header exists: true
2026-05-09 03:59:02.674 -08:00 [INF] Authorization header exists: true
2026-05-09 03:59:02.675 -08:00 [INF] JWT token validated. IsAuthenticated=true
2026-05-09 03:59:02.676 -08:00 [INF] JWT token validated. IsAuthenticated=true
2026-05-09 03:59:02.676 -08:00 [INF] MediatR handling started GetSessionsQuery
2026-05-09 03:59:02.677 -08:00 [INF] MediatR handling started GetSessionsQuery
2026-05-09 03:59:02.677 -08:00 [INF] Access policy check started for sessions:read
2026-05-09 03:59:02.678 -08:00 [INF] Access policy check started for sessions:read
2026-05-09 03:59:02.680 -08:00 [INF] Access policy evaluation for sessions:read. UserId=790c2c93-d8e6-4b61-8a11-e4190a1c0805, Roles=[Admin], ActiveRules=3, SubjectMatched=1, ResourceActionMatched=1, Allows=1, Denies=0, Decision=Allowed
2026-05-09 03:59:02.680 -08:00 [INF] Access policy evaluation for sessions:read. UserId=790c2c93-d8e6-4b61-8a11-e4190a1c0805, Roles=[Admin], ActiveRules=3, SubjectMatched=1, ResourceActionMatched=1, Allows=1, Denies=0, Decision=Allowed
2026-05-09 03:59:02.684 -08:00 [INF] MediatR handling completed GetSessionsQuery in 7 ms
2026-05-09 03:59:02.686 -08:00 [INF] HTTP GET /api/Sessions completed with 200 in 12 ms (0HNLDO8THHQ5M:00000051)
2026-05-09 03:59:02.686 -08:00 [INF] MediatR handling completed GetSessionsQuery in 9 ms
2026-05-09 03:59:02.689 -08:00 [INF] HTTP GET /api/Sessions completed with 200 in 14 ms (0HNLDO8THHQ5M:00000053)
2026-05-09 03:59:09.702 -08:00 [INF] Authorization header exists: true
2026-05-09 03:59:09.702 -08:00 [INF] JWT token validated. IsAuthenticated=true
2026-05-09 03:59:09.717 -08:00 [INF] MediatR handling started RevokeSelectedSessionsCommand
2026-05-09 03:59:09.720 -08:00 [INF] Access policy check started for sessions:revoke
2026-05-09 03:59:09.722 -08:00 [INF] Access policy evaluation for sessions:revoke. UserId=790c2c93-d8e6-4b61-8a11-e4190a1c0805, Roles=[Admin], ActiveRules=3, SubjectMatched=1, ResourceActionMatched=1, Allows=1, Denies=0, Decision=Allowed
2026-05-09 03:59:09.740 -08:00 [INF] MediatR handling completed RevokeSelectedSessionsCommand in 23 ms
2026-05-09 03:59:09.742 -08:00 [INF] HTTP POST /api/Sessions/revoke-selected completed with 200 in 40 ms (0HNLDO8THHQ5M:00000057)
2026-05-09 03:59:09.747 -08:00 [INF] Authorization header exists: true
2026-05-09 03:59:09.748 -08:00 [INF] JWT token validated. IsAuthenticated=true
2026-05-09 03:59:09.749 -08:00 [INF] MediatR handling started GetSessionsQuery
2026-05-09 03:59:09.749 -08:00 [INF] Access policy check started for sessions:read
2026-05-09 03:59:09.751 -08:00 [INF] Access policy evaluation for sessions:read. UserId=790c2c93-d8e6-4b61-8a11-e4190a1c0805, Roles=[Admin], ActiveRules=3, SubjectMatched=1, ResourceActionMatched=1, Allows=1, Denies=0, Decision=Allowed
2026-05-09 03:59:09.755 -08:00 [INF] MediatR handling completed GetSessionsQuery in 5 ms
2026-05-09 03:59:09.756 -08:00 [INF] HTTP GET /api/Sessions completed with 200 in 8 ms (0HNLDO8THHQ5M:0000005B)
2026-05-09 03:59:09.889 -08:00 [INF] Authorization header exists: true
2026-05-09 03:59:09.890 -08:00 [INF] JWT token validated. IsAuthenticated=true
2026-05-09 03:59:09.891 -08:00 [INF] Authorization header exists: true
2026-05-09 03:59:09.891 -08:00 [INF] MediatR handling started GetSessionsQuery
2026-05-09 03:59:09.891 -08:00 [INF] JWT token validated. IsAuthenticated=true
2026-05-09 03:59:09.892 -08:00 [INF] Access policy check started for sessions:read
2026-05-09 03:59:09.894 -08:00 [INF] MediatR handling started GetSessionsQuery
2026-05-09 03:59:09.896 -08:00 [INF] Access policy check started for sessions:read
2026-05-09 03:59:09.896 -08:00 [INF] Access policy evaluation for sessions:read. UserId=790c2c93-d8e6-4b61-8a11-e4190a1c0805, Roles=[Admin], ActiveRules=3, SubjectMatched=1, ResourceActionMatched=1, Allows=1, Denies=0, Decision=Allowed
2026-05-09 03:59:09.898 -08:00 [INF] Access policy evaluation for sessions:read. UserId=790c2c93-d8e6-4b61-8a11-e4190a1c0805, Roles=[Admin], ActiveRules=3, SubjectMatched=1, ResourceActionMatched=1, Allows=1, Denies=0, Decision=Allowed
2026-05-09 03:59:09.901 -08:00 [INF] MediatR handling completed GetSessionsQuery in 9 ms
2026-05-09 03:59:09.902 -08:00 [INF] HTTP GET /api/Sessions completed with 200 in 13 ms (0HNLDO8THHQ5M:0000005F)
2026-05-09 03:59:09.903 -08:00 [INF] MediatR handling completed GetSessionsQuery in 9 ms
2026-05-09 03:59:09.905 -08:00 [INF] HTTP GET /api/Sessions completed with 200 in 14 ms (0HNLDO8THHQ5M:00000061)
2026-05-09 03:59:20.772 -08:00 [INF] Authorization header exists: true
2026-05-09 03:59:20.773 -08:00 [INF] JWT token validated. IsAuthenticated=true
2026-05-09 03:59:20.775 -08:00 [INF] MediatR handling started GetUsersDashboardQuery
2026-05-09 03:59:20.775 -08:00 [INF] Authorization header exists: true
2026-05-09 03:59:20.776 -08:00 [INF] Access policy check started for users:read
2026-05-09 03:59:20.777 -08:00 [INF] Authorization header exists: true
2026-05-09 03:59:20.777 -08:00 [INF] JWT token validated. IsAuthenticated=true
2026-05-09 03:59:20.779 -08:00 [INF] JWT token validated. IsAuthenticated=true
2026-05-09 03:59:20.779 -08:00 [INF] Access policy evaluation for users:read. UserId=790c2c93-d8e6-4b61-8a11-e4190a1c0805, Roles=[Admin], ActiveRules=3, SubjectMatched=1, ResourceActionMatched=1, Allows=1, Denies=0, Decision=Allowed
2026-05-09 03:59:20.782 -08:00 [INF] MediatR handling started GetLogsQuery
2026-05-09 03:59:20.783 -08:00 [INF] Authorization header exists: true
2026-05-09 03:59:20.784 -08:00 [INF] MediatR handling started GetErrorLogsQuery
2026-05-09 03:59:20.786 -08:00 [INF] Access policy query filter started for users:read
2026-05-09 03:59:20.788 -08:00 [INF] Access policy check started for logs:read
2026-05-09 03:59:20.789 -08:00 [INF] JWT token validated. IsAuthenticated=true
2026-05-09 03:59:20.790 -08:00 [INF] Access policy check started for errorLogs:read
2026-05-09 03:59:20.793 -08:00 [INF] Access policy query filter for users:read. UserId=790c2c93-d8e6-4b61-8a11-e4190a1c0805, Roles=[Admin], ActiveRules=3, SubjectMatched=1, ResourceActionMatched=1, Allows=1, Denies=0
2026-05-09 03:59:20.794 -08:00 [INF] MediatR handling started ListAccessPoliciesQuery
2026-05-09 03:59:20.794 -08:00 [INF] Access policy evaluation for logs:read. UserId=790c2c93-d8e6-4b61-8a11-e4190a1c0805, Roles=[Admin], ActiveRules=3, SubjectMatched=1, ResourceActionMatched=1, Allows=1, Denies=0, Decision=Allowed
2026-05-09 03:59:20.797 -08:00 [INF] Access policy evaluation for errorLogs:read. UserId=790c2c93-d8e6-4b61-8a11-e4190a1c0805, Roles=[Admin], ActiveRules=3, SubjectMatched=1, ResourceActionMatched=1, Allows=1, Denies=0, Decision=Allowed
2026-05-09 03:59:20.801 -08:00 [INF] Access policy check started for accessPolicies:read
2026-05-09 03:59:20.810 -08:00 [INF] MediatR handling completed GetUsersDashboardQuery in 35 ms
2026-05-09 03:59:20.812 -08:00 [INF] Access policy evaluation for accessPolicies:read. UserId=790c2c93-d8e6-4b61-8a11-e4190a1c0805, Roles=[Admin], ActiveRules=3, SubjectMatched=1, ResourceActionMatched=1, Allows=1, Denies=0, Decision=Allowed
2026-05-09 03:59:20.811 -08:00 [INF] MediatR handling completed GetLogsQuery in 28 ms
2026-05-09 03:59:20.812 -08:00 [INF] HTTP GET /api/Users/dashboard completed with 200 in 40 ms (0HNLDO8THHQ5M:00000067)
2026-05-09 03:59:20.846 -08:00 [INF] MediatR handling completed GetErrorLogsQuery in 61 ms
2026-05-09 03:59:20.847 -08:00 [INF] MediatR handling completed ListAccessPoliciesQuery in 53 ms
2026-05-09 03:59:20.848 -08:00 [INF] HTTP GET /api/Logs completed with 200 in 73 ms (0HNLDO8THHQ5M:0000006D)
2026-05-09 03:59:20.851 -08:00 [INF] HTTP GET /api/error-logs completed with 200 in 74 ms (0HNLDO8THHQ5M:0000006F)
2026-05-09 03:59:20.852 -08:00 [INF] HTTP GET /api/AccessPolicies completed with 200 in 69 ms (0HNLDO8THHQ5M:00000071)
2026-05-09 03:59:22.271 -08:00 [INF] Authorization header exists: true
2026-05-09 03:59:22.272 -08:00 [INF] JWT token validated. IsAuthenticated=true
2026-05-09 03:59:22.274 -08:00 [INF] MediatR handling started GetSessionsQuery
2026-05-09 03:59:22.274 -08:00 [INF] Access policy check started for sessions:read
2026-05-09 03:59:22.276 -08:00 [INF] Access policy evaluation for sessions:read. UserId=790c2c93-d8e6-4b61-8a11-e4190a1c0805, Roles=[Admin], ActiveRules=3, SubjectMatched=1, ResourceActionMatched=1, Allows=1, Denies=0, Decision=Allowed
2026-05-09 03:59:22.280 -08:00 [INF] MediatR handling completed GetSessionsQuery in 6 ms
2026-05-09 03:59:22.281 -08:00 [INF] HTTP GET /api/Sessions completed with 200 in 10 ms (0HNLDO8THHQ5M:00000075)
2026-05-09 03:59:22.653 -08:00 [INF] Authorization header exists: true
2026-05-09 03:59:22.654 -08:00 [INF] JWT token validated. IsAuthenticated=true
2026-05-09 03:59:22.654 -08:00 [INF] Authorization header exists: true
2026-05-09 03:59:22.656 -08:00 [INF] MediatR handling started GetSessionsQuery
2026-05-09 03:59:22.656 -08:00 [INF] JWT token validated. IsAuthenticated=true
2026-05-09 03:59:22.657 -08:00 [INF] Access policy check started for sessions:read
2026-05-09 03:59:22.658 -08:00 [INF] MediatR handling started GetSessionsQuery
2026-05-09 03:59:22.660 -08:00 [INF] Access policy check started for sessions:read
2026-05-09 03:59:22.661 -08:00 [INF] Access policy evaluation for sessions:read. UserId=790c2c93-d8e6-4b61-8a11-e4190a1c0805, Roles=[Admin], ActiveRules=3, SubjectMatched=1, ResourceActionMatched=1, Allows=1, Denies=0, Decision=Allowed
2026-05-09 03:59:22.662 -08:00 [INF] Access policy evaluation for sessions:read. UserId=790c2c93-d8e6-4b61-8a11-e4190a1c0805, Roles=[Admin], ActiveRules=3, SubjectMatched=1, ResourceActionMatched=1, Allows=1, Denies=0, Decision=Allowed
2026-05-09 03:59:22.666 -08:00 [INF] MediatR handling completed GetSessionsQuery in 10 ms
2026-05-09 03:59:22.668 -08:00 [INF] HTTP GET /api/Sessions completed with 200 in 14 ms (0HNLDO8THHQ5M:00000079)
2026-05-09 03:59:22.669 -08:00 [INF] MediatR handling completed GetSessionsQuery in 10 ms
2026-05-09 03:59:22.671 -08:00 [INF] HTTP GET /api/Sessions completed with 200 in 17 ms (0HNLDO8THHQ5M:0000007B)
2026-05-09 03:59:27.374 -08:00 [INF] Authorization header exists: true
2026-05-09 03:59:27.375 -08:00 [INF] JWT token validated. IsAuthenticated=true
2026-05-09 03:59:27.383 -08:00 [INF] MediatR handling started GetSessionByIdQuery
2026-05-09 03:59:27.386 -08:00 [INF] Access policy check started for sessions:read
2026-05-09 03:59:27.388 -08:00 [INF] Access policy evaluation for sessions:read. UserId=790c2c93-d8e6-4b61-8a11-e4190a1c0805, Roles=[Admin], ActiveRules=3, SubjectMatched=1, ResourceActionMatched=1, Allows=1, Denies=0, Decision=Allowed
2026-05-09 03:59:27.412 -08:00 [INF] MediatR handling completed GetSessionByIdQuery in 29 ms
2026-05-09 03:59:27.414 -08:00 [INF] HTTP GET /api/Sessions/94303070-cf6b-4b95-aece-b95dcd3eabac completed with 200 in 39 ms (0HNLDO8THHQ5M:0000007F)
2026-05-09 03:59:31.417 -08:00 [INF] Authorization header exists: true
2026-05-09 03:59:31.418 -08:00 [INF] JWT token validated. IsAuthenticated=true
2026-05-09 03:59:31.429 -08:00 [INF] MediatR handling started RevokeSessionCommand
2026-05-09 03:59:31.433 -08:00 [INF] Access policy check started for sessions:revoke
2026-05-09 03:59:31.435 -08:00 [INF] Access policy evaluation for sessions:revoke. UserId=790c2c93-d8e6-4b61-8a11-e4190a1c0805, Roles=[Admin], ActiveRules=3, SubjectMatched=1, ResourceActionMatched=1, Allows=1, Denies=0, Decision=Allowed
2026-05-09 03:59:31.508 -08:00 [ERR] MediatR handling failed RevokeSessionCommand after 78 ms
FluentValidation.ValidationException: Validation failed: 
 -- ConfirmCurrentSession: You cannot revoke your current admin session without confirmation. Severity: Error
   at algo.Application.Features.Sessions.Commands.RevokeSession.RevokeSessionCommandHandler.Handle(RevokeSessionCommand request, CancellationToken cancellationToken) in C:\PrivateProject\algo.bytes\src\algo.Application\Features\Sessions\Commands\RevokeSession\RevokeSessionCommandHandler.cs:line 31
   at algo.Application.Behaviors.ValidationBehavior`2.Handle(TRequest request, RequestHandlerDelegate`1 next, CancellationToken cancellationToken) in C:\PrivateProject\algo.bytes\src\algo.Application\Behaviors\ValidationBehavior.cs:line 29
   at algo.Application.Behaviors.LoggingBehavior`2.Handle(TRequest request, RequestHandlerDelegate`1 next, CancellationToken cancellationToken) in C:\PrivateProject\algo.bytes\src\algo.Application\Behaviors\LoggingBehavior.cs:line 31
2026-05-09 03:59:31.736 -08:00 [INF] HTTP POST /api/Sessions/94303070-cf6b-4b95-aece-b95dcd3eabac/revoke completed with 400 in 318 ms (0HNLDO8THHQ5M:00000083)
2026-05-09 04:05:40.831 -08:00 [WRN] Sensitive data logging is enabled. Log entries and exception messages may include sensitive application data; this mode should only be enabled during development.
2026-05-09 04:05:41.561 -08:00 [INF] Admin wildcard access policy already exists
2026-05-09 04:05:41.762 -08:00 [INF] Now listening on: https://localhost:7259
2026-05-09 04:05:41.764 -08:00 [INF] Now listening on: http://localhost:5244
2026-05-09 04:05:41.815 -08:00 [INF] Application started. Press Ctrl+C to shut down.
2026-05-09 04:05:41.816 -08:00 [INF] Hosting environment: Development
2026-05-09 04:05:41.817 -08:00 [INF] Content root path: C:\PrivateProject\algo.bytes\src\algo.API
2026-05-09 04:05:56.408 -08:00 [INF] Authorization header exists: true
2026-05-09 04:05:56.408 -08:00 [INF] Authorization header exists: true
2026-05-09 04:05:56.408 -08:00 [INF] Authorization header exists: true
2026-05-09 04:05:56.408 -08:00 [INF] Authorization header exists: true
2026-05-09 04:05:56.489 -08:00 [INF] JWT token validated. IsAuthenticated=true
2026-05-09 04:05:56.489 -08:00 [INF] JWT token validated. IsAuthenticated=true
2026-05-09 04:05:56.489 -08:00 [INF] JWT token validated. IsAuthenticated=true
2026-05-09 04:05:56.489 -08:00 [INF] JWT token validated. IsAuthenticated=true
2026-05-09 04:05:56.543 -08:00 [INF] MediatR handling started GetUsersDashboardQuery
2026-05-09 04:05:56.543 -08:00 [INF] MediatR handling started ListAccessPoliciesQuery
2026-05-09 04:05:56.557 -08:00 [INF] Access policy check started for accessPolicies:read
2026-05-09 04:05:56.558 -08:00 [INF] Access policy check started for users:read
2026-05-09 04:05:56.579 -08:00 [INF] MediatR handling started GetErrorLogsQuery
2026-05-09 04:05:56.579 -08:00 [INF] MediatR handling started GetLogsQuery
2026-05-09 04:05:56.607 -08:00 [INF] Access policy check started for logs:read
2026-05-09 04:05:56.607 -08:00 [INF] Access policy check started for errorLogs:read
2026-05-09 04:05:56.671 -08:00 [INF] Access policy evaluation for logs:read. UserId=790c2c93-d8e6-4b61-8a11-e4190a1c0805, Roles=[Admin], ActiveRules=3, SubjectMatched=1, ResourceActionMatched=1, Allows=1, Denies=0, Decision=Allowed
2026-05-09 04:05:56.715 -08:00 [INF] Access policy evaluation for accessPolicies:read. UserId=790c2c93-d8e6-4b61-8a11-e4190a1c0805, Roles=[Admin], ActiveRules=3, SubjectMatched=1, ResourceActionMatched=1, Allows=1, Denies=0, Decision=Allowed
2026-05-09 04:05:56.715 -08:00 [INF] Access policy evaluation for errorLogs:read. UserId=790c2c93-d8e6-4b61-8a11-e4190a1c0805, Roles=[Admin], ActiveRules=3, SubjectMatched=1, ResourceActionMatched=1, Allows=1, Denies=0, Decision=Allowed
2026-05-09 04:05:56.715 -08:00 [INF] Access policy evaluation for users:read. UserId=790c2c93-d8e6-4b61-8a11-e4190a1c0805, Roles=[Admin], ActiveRules=3, SubjectMatched=1, ResourceActionMatched=1, Allows=1, Denies=0, Decision=Allowed
2026-05-09 04:05:56.727 -08:00 [INF] MediatR handling completed ListAccessPoliciesQuery in 183 ms
2026-05-09 04:05:56.731 -08:00 [INF] Access policy query filter started for users:read
2026-05-09 04:05:56.736 -08:00 [INF] Access policy query filter for users:read. UserId=790c2c93-d8e6-4b61-8a11-e4190a1c0805, Roles=[Admin], ActiveRules=3, SubjectMatched=1, ResourceActionMatched=1, Allows=1, Denies=0
2026-05-09 04:05:56.757 -08:00 [INF] HTTP GET /api/AccessPolicies completed with 200 in 404 ms (0HNLDOD9LRGL3:0000000F)
2026-05-09 04:05:56.826 -08:00 [INF] MediatR handling completed GetLogsQuery in 246 ms
2026-05-09 04:05:56.826 -08:00 [INF] MediatR handling completed GetErrorLogsQuery in 247 ms
2026-05-09 04:05:56.847 -08:00 [INF] HTTP GET /api/error-logs completed with 200 in 494 ms (0HNLDOD9LRGL3:00000009)
2026-05-09 04:05:56.847 -08:00 [INF] HTTP GET /api/Logs completed with 200 in 494 ms (0HNLDOD9LRGL3:0000000B)
2026-05-09 04:05:56.870 -08:00 [INF] MediatR handling completed GetUsersDashboardQuery in 326 ms
2026-05-09 04:05:56.877 -08:00 [INF] HTTP GET /api/Users/dashboard completed with 200 in 524 ms (0HNLDOD9LRGL3:0000000D)
2026-05-09 04:05:57.793 -08:00 [INF] Authorization header exists: true
2026-05-09 04:05:57.795 -08:00 [INF] JWT token validated. IsAuthenticated=true
2026-05-09 04:05:57.812 -08:00 [INF] MediatR handling started GetSessionsQuery
2026-05-09 04:05:57.818 -08:00 [INF] Access policy check started for sessions:read
2026-05-09 04:05:57.824 -08:00 [INF] Access policy evaluation for sessions:read. UserId=790c2c93-d8e6-4b61-8a11-e4190a1c0805, Roles=[Admin], ActiveRules=3, SubjectMatched=1, ResourceActionMatched=1, Allows=1, Denies=0, Decision=Allowed
2026-05-09 04:05:58.007 -08:00 [INF] MediatR handling completed GetSessionsQuery in 194 ms
2026-05-09 04:05:58.012 -08:00 [INF] HTTP GET /api/Sessions completed with 200 in 222 ms (0HNLDOD9LRGL3:00000013)
2026-05-09 04:05:58.177 -08:00 [INF] Authorization header exists: true
2026-05-09 04:05:58.179 -08:00 [INF] JWT token validated. IsAuthenticated=true
2026-05-09 04:05:58.179 -08:00 [INF] Authorization header exists: true
2026-05-09 04:05:58.180 -08:00 [INF] JWT token validated. IsAuthenticated=true
2026-05-09 04:05:58.180 -08:00 [INF] MediatR handling started GetSessionsQuery
2026-05-09 04:05:58.182 -08:00 [INF] MediatR handling started GetSessionsQuery
2026-05-09 04:05:58.183 -08:00 [INF] Access policy check started for sessions:read
2026-05-09 04:05:58.186 -08:00 [INF] Access policy evaluation for sessions:read. UserId=790c2c93-d8e6-4b61-8a11-e4190a1c0805, Roles=[Admin], ActiveRules=3, SubjectMatched=1, ResourceActionMatched=1, Allows=1, Denies=0, Decision=Allowed
2026-05-09 04:05:58.188 -08:00 [INF] Access policy check started for sessions:read
2026-05-09 04:05:58.191 -08:00 [INF] Access policy evaluation for sessions:read. UserId=790c2c93-d8e6-4b61-8a11-e4190a1c0805, Roles=[Admin], ActiveRules=3, SubjectMatched=1, ResourceActionMatched=1, Allows=1, Denies=0, Decision=Allowed
2026-05-09 04:05:58.195 -08:00 [INF] MediatR handling completed GetSessionsQuery in 15 ms
2026-05-09 04:05:58.197 -08:00 [INF] HTTP GET /api/Sessions completed with 200 in 19 ms (0HNLDOD9LRGL3:00000017)
2026-05-09 04:05:58.203 -08:00 [INF] MediatR handling completed GetSessionsQuery in 20 ms
2026-05-09 04:05:58.205 -08:00 [INF] HTTP GET /api/Sessions completed with 200 in 25 ms (0HNLDOD9LRGL3:00000019)
2026-05-09 04:07:53.982 -08:00 [INF] Authorization header exists: true
2026-05-09 04:07:53.984 -08:00 [INF] JWT token validated. IsAuthenticated=true
2026-05-09 04:07:53.985 -08:00 [INF] Authorization header exists: true
2026-05-09 04:07:53.986 -08:00 [INF] JWT token validated. IsAuthenticated=true
2026-05-09 04:07:54.003 -08:00 [INF] MediatR handling started GetRolesQuery
2026-05-09 04:07:54.007 -08:00 [INF] Access policy check started for roles:read
2026-05-09 04:07:54.008 -08:00 [INF] Authorization header exists: true
2026-05-09 04:07:54.010 -08:00 [INF] JWT token validated. IsAuthenticated=true
2026-05-09 04:07:54.013 -08:00 [INF] Access policy evaluation for roles:read. UserId=790c2c93-d8e6-4b61-8a11-e4190a1c0805, Roles=[Admin], ActiveRules=3, SubjectMatched=1, ResourceActionMatched=1, Allows=1, Denies=0, Decision=Allowed
2026-05-09 04:07:54.019 -08:00 [INF] MediatR handling started GetUsersQuery
2026-05-09 04:07:54.019 -08:00 [INF] MediatR handling started GetUsersQuery
2026-05-09 04:07:54.025 -08:00 [INF] MediatR handling completed GetRolesQuery in 22 ms
2026-05-09 04:07:54.028 -08:00 [INF] HTTP GET /api/Roles completed with 200 in 46 ms (0HNLDOD9LRGL3:0000001F)
2026-05-09 04:07:54.028 -08:00 [INF] Access policy check started for users:read
2026-05-09 04:07:54.028 -08:00 [INF] Access policy check started for users:read
2026-05-09 04:07:54.036 -08:00 [INF] Access policy evaluation for users:read. UserId=790c2c93-d8e6-4b61-8a11-e4190a1c0805, Roles=[Admin], ActiveRules=3, SubjectMatched=1, ResourceActionMatched=1, Allows=1, Denies=0, Decision=Allowed
2026-05-09 04:07:54.036 -08:00 [INF] Access policy evaluation for users:read. UserId=790c2c93-d8e6-4b61-8a11-e4190a1c0805, Roles=[Admin], ActiveRules=3, SubjectMatched=1, ResourceActionMatched=1, Allows=1, Denies=0, Decision=Allowed
2026-05-09 04:07:54.038 -08:00 [INF] Access policy query filter started for users:read
2026-05-09 04:07:54.040 -08:00 [INF] Access policy query filter started for users:read
2026-05-09 04:07:54.042 -08:00 [INF] Access policy query filter for users:read. UserId=790c2c93-d8e6-4b61-8a11-e4190a1c0805, Roles=[Admin], ActiveRules=3, SubjectMatched=1, ResourceActionMatched=1, Allows=1, Denies=0
2026-05-09 04:07:54.042 -08:00 [INF] Access policy query filter for users:read. UserId=790c2c93-d8e6-4b61-8a11-e4190a1c0805, Roles=[Admin], ActiveRules=3, SubjectMatched=1, ResourceActionMatched=1, Allows=1, Denies=0
2026-05-09 04:07:54.102 -08:00 [INF] MediatR handling completed GetUsersQuery in 83 ms
2026-05-09 04:07:54.102 -08:00 [INF] MediatR handling completed GetUsersQuery in 83 ms
2026-05-09 04:07:54.108 -08:00 [INF] HTTP GET /api/Users completed with 200 in 123 ms (0HNLDOD9LRGL3:00000021)
2026-05-09 04:07:54.108 -08:00 [INF] HTTP GET /api/Users completed with 200 in 100 ms (0HNLDOD9LRGL3:00000025)
2026-05-09 04:08:09.728 -08:00 [INF] Authorization header exists: false
2026-05-09 04:08:09.751 -08:00 [INF] MediatR handling started LoginCommand
2026-05-09 04:08:10.042 -08:00 [INF] MediatR handling completed LoginCommand in 291 ms
2026-05-09 04:08:10.046 -08:00 [INF] HTTP POST /api/Auth/login completed with 200 in 318 ms (0HNLDOD9LRGL4:00000003)
2026-05-09 04:08:10.419 -08:00 [INF] Authorization header exists: true
2026-05-09 04:08:10.419 -08:00 [INF] Authorization header exists: true
2026-05-09 04:08:10.419 -08:00 [INF] Authorization header exists: true
2026-05-09 04:08:10.419 -08:00 [INF] Authorization header exists: true
2026-05-09 04:08:10.420 -08:00 [INF] JWT token validated. IsAuthenticated=true
2026-05-09 04:08:10.421 -08:00 [INF] JWT token validated. IsAuthenticated=true
2026-05-09 04:08:10.423 -08:00 [INF] MediatR handling started GetUsersDashboardQuery
2026-05-09 04:08:10.422 -08:00 [INF] JWT token validated. IsAuthenticated=true
2026-05-09 04:08:10.421 -08:00 [INF] JWT token validated. IsAuthenticated=true
2026-05-09 04:08:10.424 -08:00 [INF] MediatR handling started GetErrorLogsQuery
2026-05-09 04:08:10.424 -08:00 [INF] Access policy check started for users:read
2026-05-09 04:08:10.430 -08:00 [INF] MediatR handling started ListAccessPoliciesQuery
2026-05-09 04:08:10.430 -08:00 [INF] MediatR handling started GetLogsQuery
2026-05-09 04:08:10.430 -08:00 [INF] Access policy check started for errorLogs:read
2026-05-09 04:08:10.432 -08:00 [INF] Access policy check started for accessPolicies:read
2026-05-09 04:08:10.433 -08:00 [INF] Access policy evaluation for users:read. UserId=d1ed8be4-9703-45f0-935f-3c39601b55e1, Roles=[], ActiveRules=3, SubjectMatched=0, ResourceActionMatched=0, Allows=0, Denies=0, Decision=Denied
2026-05-09 04:08:10.433 -08:00 [INF] Access policy check started for logs:read
2026-05-09 04:08:10.436 -08:00 [INF] Access policy evaluation for errorLogs:read. UserId=d1ed8be4-9703-45f0-935f-3c39601b55e1, Roles=[], ActiveRules=3, SubjectMatched=0, ResourceActionMatched=0, Allows=0, Denies=0, Decision=Denied
2026-05-09 04:08:10.474 -08:00 [INF] Access policy evaluation for logs:read. UserId=d1ed8be4-9703-45f0-935f-3c39601b55e1, Roles=[], ActiveRules=3, SubjectMatched=0, ResourceActionMatched=0, Allows=0, Denies=0, Decision=Denied
2026-05-09 04:08:10.436 -08:00 [INF] Access policy evaluation for accessPolicies:read. UserId=d1ed8be4-9703-45f0-935f-3c39601b55e1, Roles=[], ActiveRules=3, SubjectMatched=0, ResourceActionMatched=0, Allows=0, Denies=0, Decision=Denied
2026-05-09 04:08:10.632 -08:00 [ERR] MediatR handling failed GetErrorLogsQuery after 207 ms
FluentValidation.ValidationException: Validation failed: 
 -- authorization: Forbidden: errorLogs:read. Severity: Error
   at algo.Application.Common.AccessPolicy.AccessPolicyAuthorizationExtensions.EnsureResourceActionAllowedAsync(IAccessPolicyEvaluator evaluator, IApplicationDbContext db, String resource, String action, CancellationToken cancellationToken) in C:\PrivateProject\algo.bytes\src\algo.Application\Common\AccessPolicy\AccessPolicyAuthorizationExtensions.cs:line 19
   at algo.Application.Features.ErrorLogs.Queries.GetErrorLogs.GetErrorLogsQueryHandler.Handle(GetErrorLogsQuery request, CancellationToken cancellationToken) in C:\PrivateProject\algo.bytes\src\algo.Application\Features\ErrorLogs\Queries\GetErrorLogs\GetErrorLogsQueryHandler.cs:line 22
   at algo.Application.Behaviors.ValidationBehavior`2.Handle(TRequest request, RequestHandlerDelegate`1 next, CancellationToken cancellationToken) in C:\PrivateProject\algo.bytes\src\algo.Application\Behaviors\ValidationBehavior.cs:line 29
   at algo.Application.Behaviors.LoggingBehavior`2.Handle(TRequest request, RequestHandlerDelegate`1 next, CancellationToken cancellationToken) in C:\PrivateProject\algo.bytes\src\algo.Application\Behaviors\LoggingBehavior.cs:line 31
2026-05-09 04:08:10.725 -08:00 [ERR] MediatR handling failed GetLogsQuery after 295 ms
FluentValidation.ValidationException: Validation failed: 
 -- authorization: Forbidden: logs:read. Severity: Error
   at algo.Application.Common.AccessPolicy.AccessPolicyAuthorizationExtensions.EnsureResourceActionAllowedAsync(IAccessPolicyEvaluator evaluator, IApplicationDbContext db, String resource, String action, CancellationToken cancellationToken) in C:\PrivateProject\algo.bytes\src\algo.Application\Common\AccessPolicy\AccessPolicyAuthorizationExtensions.cs:line 19
   at algo.Application.Features.Logs.Queries.GetLogs.GetLogsQueryHandler.Handle(GetLogsQuery request, CancellationToken cancellationToken) in C:\PrivateProject\algo.bytes\src\algo.Application\Features\Logs\Queries\GetLogs\GetLogsQueryHandler.cs:line 20
   at algo.Application.Behaviors.ValidationBehavior`2.Handle(TRequest request, RequestHandlerDelegate`1 next, CancellationToken cancellationToken) in C:\PrivateProject\algo.bytes\src\algo.Application\Behaviors\ValidationBehavior.cs:line 29
   at algo.Application.Behaviors.LoggingBehavior`2.Handle(TRequest request, RequestHandlerDelegate`1 next, CancellationToken cancellationToken) in C:\PrivateProject\algo.bytes\src\algo.Application\Behaviors\LoggingBehavior.cs:line 31
2026-05-09 04:08:10.818 -08:00 [ERR] MediatR handling failed ListAccessPoliciesQuery after 388 ms
FluentValidation.ValidationException: Validation failed: 
 -- authorization: Forbidden: accessPolicies:read. Severity: Error
   at algo.Application.Common.AccessPolicy.AccessPolicyAuthorizationExtensions.EnsureResourceActionAllowedAsync(IAccessPolicyEvaluator evaluator, IApplicationDbContext db, String resource, String action, CancellationToken cancellationToken) in C:\PrivateProject\algo.bytes\src\algo.Application\Common\AccessPolicy\AccessPolicyAuthorizationExtensions.cs:line 19
   at algo.Application.Features.AccessPolicies.Queries.ListAccessPolicies.ListAccessPoliciesQueryHandler.Handle(ListAccessPoliciesQuery request, CancellationToken cancellationToken) in C:\PrivateProject\algo.bytes\src\algo.Application\Features\AccessPolicies\Queries\ListAccessPolicies\ListAccessPoliciesQueryHandler.cs:line 18
   at algo.Application.Behaviors.ValidationBehavior`2.Handle(TRequest request, RequestHandlerDelegate`1 next, CancellationToken cancellationToken) in C:\PrivateProject\algo.bytes\src\algo.Application\Behaviors\ValidationBehavior.cs:line 29
   at algo.Application.Behaviors.LoggingBehavior`2.Handle(TRequest request, RequestHandlerDelegate`1 next, CancellationToken cancellationToken) in C:\PrivateProject\algo.bytes\src\algo.Application\Behaviors\LoggingBehavior.cs:line 31
2026-05-09 04:08:10.572 -08:00 [ERR] MediatR handling failed GetUsersDashboardQuery after 140 ms
FluentValidation.ValidationException: Validation failed: 
 -- authorization: Forbidden: users:read. Severity: Error
   at algo.Application.Common.AccessPolicy.AccessPolicyAuthorizationExtensions.EnsureResourceActionAllowedAsync(IAccessPolicyEvaluator evaluator, IApplicationDbContext db, String resource, String action, CancellationToken cancellationToken) in C:\PrivateProject\algo.bytes\src\algo.Application\Common\AccessPolicy\AccessPolicyAuthorizationExtensions.cs:line 19
   at algo.Application.Features.Users.Queries.GetUsersDashboard.GetUsersDashboardQueryHandler.Handle(GetUsersDashboardQuery request, CancellationToken cancellationToken) in C:\PrivateProject\algo.bytes\src\algo.Application\Features\Users\Queries\GetUsersDashboard\GetUsersDashboardQueryHandler.cs:line 16
   at algo.Application.Behaviors.ValidationBehavior`2.Handle(TRequest request, RequestHandlerDelegate`1 next, CancellationToken cancellationToken) in C:\PrivateProject\algo.bytes\src\algo.Application\Behaviors\ValidationBehavior.cs:line 29
   at algo.Application.Behaviors.LoggingBehavior`2.Handle(TRequest request, RequestHandlerDelegate`1 next, CancellationToken cancellationToken) in C:\PrivateProject\algo.bytes\src\algo.Application\Behaviors\LoggingBehavior.cs:line 31
2026-05-09 04:08:11.648 -08:00 [INF] HTTP GET /api/AccessPolicies completed with 403 in 1229 ms (0HNLDOD9LRGL4:00000011)
2026-05-09 04:08:11.648 -08:00 [INF] HTTP GET /api/Logs completed with 403 in 1229 ms (0HNLDOD9LRGL4:0000000F)
2026-05-09 04:08:11.648 -08:00 [INF] HTTP GET /api/error-logs completed with 403 in 1229 ms (0HNLDOD9LRGL4:00000013)
2026-05-09 04:08:11.648 -08:00 [INF] HTTP GET /api/Users/dashboard completed with 403 in 1229 ms (0HNLDOD9LRGL4:0000000D)
2026-05-09 04:08:14.080 -08:00 [INF] Authorization header exists: true
2026-05-09 04:08:14.080 -08:00 [INF] Authorization header exists: true
2026-05-09 04:08:14.080 -08:00 [INF] Authorization header exists: true
2026-05-09 04:08:14.080 -08:00 [INF] Authorization header exists: true
2026-05-09 04:08:14.083 -08:00 [INF] JWT token validated. IsAuthenticated=true
2026-05-09 04:08:14.083 -08:00 [INF] JWT token validated. IsAuthenticated=true
2026-05-09 04:08:14.084 -08:00 [INF] JWT token validated. IsAuthenticated=true
2026-05-09 04:08:14.084 -08:00 [INF] JWT token validated. IsAuthenticated=true
2026-05-09 04:08:14.086 -08:00 [INF] MediatR handling started GetUsersDashboardQuery
2026-05-09 04:08:14.087 -08:00 [INF] MediatR handling started ListAccessPoliciesQuery
2026-05-09 04:08:14.088 -08:00 [INF] MediatR handling started GetLogsQuery
2026-05-09 04:08:14.089 -08:00 [INF] Access policy check started for users:read
2026-05-09 04:08:14.089 -08:00 [INF] Access policy check started for accessPolicies:read
2026-05-09 04:08:14.090 -08:00 [INF] MediatR handling started GetErrorLogsQuery
2026-05-09 04:08:14.090 -08:00 [INF] Access policy check started for logs:read
2026-05-09 04:08:14.092 -08:00 [INF] Access policy evaluation for accessPolicies:read. UserId=790c2c93-d8e6-4b61-8a11-e4190a1c0805, Roles=[Admin], ActiveRules=3, SubjectMatched=1, ResourceActionMatched=1, Allows=1, Denies=0, Decision=Allowed
2026-05-09 04:08:14.092 -08:00 [INF] Access policy evaluation for users:read. UserId=790c2c93-d8e6-4b61-8a11-e4190a1c0805, Roles=[Admin], ActiveRules=3, SubjectMatched=1, ResourceActionMatched=1, Allows=1, Denies=0, Decision=Allowed
2026-05-09 04:08:14.093 -08:00 [INF] Access policy check started for errorLogs:read
2026-05-09 04:08:14.094 -08:00 [INF] Access policy evaluation for logs:read. UserId=790c2c93-d8e6-4b61-8a11-e4190a1c0805, Roles=[Admin], ActiveRules=3, SubjectMatched=1, ResourceActionMatched=1, Allows=1, Denies=0, Decision=Allowed
2026-05-09 04:08:14.097 -08:00 [INF] MediatR handling completed ListAccessPoliciesQuery in 9 ms
2026-05-09 04:08:14.098 -08:00 [INF] Access policy query filter started for users:read
2026-05-09 04:08:14.100 -08:00 [INF] Access policy evaluation for errorLogs:read. UserId=790c2c93-d8e6-4b61-8a11-e4190a1c0805, Roles=[Admin], ActiveRules=3, SubjectMatched=1, ResourceActionMatched=1, Allows=1, Denies=0, Decision=Allowed
2026-05-09 04:08:14.103 -08:00 [INF] HTTP GET /api/AccessPolicies completed with 200 in 22 ms (0HNLDOD9LRGL3:00000035)
2026-05-09 04:08:14.104 -08:00 [INF] Access policy query filter for users:read. UserId=790c2c93-d8e6-4b61-8a11-e4190a1c0805, Roles=[Admin], ActiveRules=3, SubjectMatched=1, ResourceActionMatched=1, Allows=1, Denies=0
2026-05-09 04:08:14.113 -08:00 [INF] MediatR handling completed GetErrorLogsQuery in 23 ms
2026-05-09 04:08:14.113 -08:00 [INF] MediatR handling completed GetLogsQuery in 25 ms
2026-05-09 04:08:14.115 -08:00 [INF] HTTP GET /api/error-logs completed with 200 in 35 ms (0HNLDOD9LRGL3:00000031)
2026-05-09 04:08:14.117 -08:00 [INF] HTTP GET /api/Logs completed with 200 in 36 ms (0HNLDOD9LRGL3:00000033)
2026-05-09 04:08:14.119 -08:00 [INF] MediatR handling completed GetUsersDashboardQuery in 32 ms
2026-05-09 04:08:14.120 -08:00 [INF] HTTP GET /api/Users/dashboard completed with 200 in 40 ms (0HNLDOD9LRGL3:0000002F)
2026-05-09 04:08:15.259 -08:00 [INF] Authorization header exists: true
2026-05-09 04:08:15.260 -08:00 [INF] JWT token validated. IsAuthenticated=true
2026-05-09 04:08:15.261 -08:00 [INF] MediatR handling started GetSessionsQuery
2026-05-09 04:08:15.262 -08:00 [INF] Access policy check started for sessions:read
2026-05-09 04:08:15.264 -08:00 [INF] Access policy evaluation for sessions:read. UserId=790c2c93-d8e6-4b61-8a11-e4190a1c0805, Roles=[Admin], ActiveRules=3, SubjectMatched=1, ResourceActionMatched=1, Allows=1, Denies=0, Decision=Allowed
2026-05-09 04:08:15.279 -08:00 [INF] MediatR handling completed GetSessionsQuery in 18 ms
2026-05-09 04:08:15.285 -08:00 [INF] HTTP GET /api/Sessions completed with 200 in 26 ms (0HNLDOD9LRGL3:00000039)
2026-05-09 04:08:15.667 -08:00 [INF] Authorization header exists: true
2026-05-09 04:08:15.667 -08:00 [INF] Authorization header exists: true
2026-05-09 04:08:15.668 -08:00 [INF] JWT token validated. IsAuthenticated=true
2026-05-09 04:08:15.668 -08:00 [INF] JWT token validated. IsAuthenticated=true
2026-05-09 04:08:15.669 -08:00 [INF] MediatR handling started GetSessionsQuery
2026-05-09 04:08:15.669 -08:00 [INF] MediatR handling started GetSessionsQuery
2026-05-09 04:08:15.669 -08:00 [INF] Access policy check started for sessions:read
2026-05-09 04:08:15.670 -08:00 [INF] Access policy check started for sessions:read
2026-05-09 04:08:15.672 -08:00 [INF] Access policy evaluation for sessions:read. UserId=790c2c93-d8e6-4b61-8a11-e4190a1c0805, Roles=[Admin], ActiveRules=3, SubjectMatched=1, ResourceActionMatched=1, Allows=1, Denies=0, Decision=Allowed
2026-05-09 04:08:15.673 -08:00 [INF] Access policy evaluation for sessions:read. UserId=790c2c93-d8e6-4b61-8a11-e4190a1c0805, Roles=[Admin], ActiveRules=3, SubjectMatched=1, ResourceActionMatched=1, Allows=1, Denies=0, Decision=Allowed
2026-05-09 04:08:15.678 -08:00 [INF] MediatR handling completed GetSessionsQuery in 9 ms
2026-05-09 04:08:15.679 -08:00 [INF] HTTP GET /api/Sessions completed with 200 in 12 ms (0HNLDOD9LRGL3:0000003D)
2026-05-09 04:08:15.682 -08:00 [INF] MediatR handling completed GetSessionsQuery in 12 ms
2026-05-09 04:08:15.683 -08:00 [INF] HTTP GET /api/Sessions completed with 200 in 16 ms (0HNLDOD9LRGL3:0000003F)
2026-05-09 04:08:28.399 -08:00 [INF] Authorization header exists: true
2026-05-09 04:08:28.400 -08:00 [INF] JWT token validated. IsAuthenticated=true
2026-05-09 04:08:28.416 -08:00 [INF] MediatR handling started RevokeUserSessionsCommand
2026-05-09 04:08:28.420 -08:00 [INF] Access policy check started for sessions:revokeAll
2026-05-09 04:08:28.423 -08:00 [INF] Access policy evaluation for sessions:revokeAll. UserId=790c2c93-d8e6-4b61-8a11-e4190a1c0805, Roles=[Admin], ActiveRules=3, SubjectMatched=1, ResourceActionMatched=1, Allows=1, Denies=0, Decision=Allowed
2026-05-09 04:08:28.441 -08:00 [INF] MediatR handling completed RevokeUserSessionsCommand in 25 ms
2026-05-09 04:08:28.444 -08:00 [INF] HTTP POST /api/Sessions/users/d1ed8be4-9703-45f0-935f-3c39601b55e1/revoke completed with 200 in 44 ms (0HNLDOD9LRGL3:00000043)
2026-05-09 04:08:28.449 -08:00 [INF] Authorization header exists: true
2026-05-09 04:08:28.450 -08:00 [INF] JWT token validated. IsAuthenticated=true
2026-05-09 04:08:28.451 -08:00 [INF] MediatR handling started GetSessionsQuery
2026-05-09 04:08:28.451 -08:00 [INF] Access policy check started for sessions:read
2026-05-09 04:08:28.453 -08:00 [INF] Access policy evaluation for sessions:read. UserId=790c2c93-d8e6-4b61-8a11-e4190a1c0805, Roles=[Admin], ActiveRules=3, SubjectMatched=1, ResourceActionMatched=1, Allows=1, Denies=0, Decision=Allowed
2026-05-09 04:08:28.456 -08:00 [INF] MediatR handling completed GetSessionsQuery in 5 ms
2026-05-09 04:08:28.457 -08:00 [INF] HTTP GET /api/Sessions completed with 200 in 8 ms (0HNLDOD9LRGL3:00000047)
2026-05-09 04:08:28.536 -08:00 [INF] Authorization header exists: true
2026-05-09 04:08:28.538 -08:00 [INF] JWT token validated. IsAuthenticated=true
2026-05-09 04:08:28.538 -08:00 [INF] Authorization header exists: true
2026-05-09 04:08:28.539 -08:00 [INF] MediatR handling started GetSessionsQuery
2026-05-09 04:08:28.539 -08:00 [INF] JWT token validated. IsAuthenticated=true
2026-05-09 04:08:28.540 -08:00 [INF] Access policy check started for sessions:read
2026-05-09 04:08:28.541 -08:00 [INF] MediatR handling started GetSessionsQuery
2026-05-09 04:08:28.542 -08:00 [INF] Access policy check started for sessions:read
2026-05-09 04:08:28.543 -08:00 [INF] Access policy evaluation for sessions:read. UserId=790c2c93-d8e6-4b61-8a11-e4190a1c0805, Roles=[Admin], ActiveRules=3, SubjectMatched=1, ResourceActionMatched=1, Allows=1, Denies=0, Decision=Allowed
2026-05-09 04:08:28.545 -08:00 [INF] Access policy evaluation for sessions:read. UserId=790c2c93-d8e6-4b61-8a11-e4190a1c0805, Roles=[Admin], ActiveRules=3, SubjectMatched=1, ResourceActionMatched=1, Allows=1, Denies=0, Decision=Allowed
2026-05-09 04:08:28.548 -08:00 [INF] MediatR handling completed GetSessionsQuery in 8 ms
2026-05-09 04:08:28.549 -08:00 [INF] HTTP GET /api/Sessions completed with 200 in 12 ms (0HNLDOD9LRGL3:0000004B)
2026-05-09 04:08:28.550 -08:00 [INF] MediatR handling completed GetSessionsQuery in 9 ms
2026-05-09 04:08:28.552 -08:00 [INF] HTTP GET /api/Sessions completed with 200 in 13 ms (0HNLDOD9LRGL3:0000004D)
2026-05-09 04:08:30.267 -08:00 [INF] Authorization header exists: true
2026-05-09 04:08:30.267 -08:00 [INF] Authorization header exists: true
2026-05-09 04:08:30.267 -08:00 [INF] Authorization header exists: true
2026-05-09 04:08:30.267 -08:00 [INF] Authorization header exists: true
2026-05-09 04:08:30.268 -08:00 [INF] JWT token validated. IsAuthenticated=true
2026-05-09 04:08:30.269 -08:00 [INF] JWT token validated. IsAuthenticated=true
2026-05-09 04:08:30.270 -08:00 [INF] JWT token validated. IsAuthenticated=true
2026-05-09 04:08:30.270 -08:00 [INF] JWT token validated. IsAuthenticated=true
2026-05-09 04:08:30.272 -08:00 [INF] MediatR handling started GetLogsQuery
2026-05-09 04:08:30.272 -08:00 [INF] MediatR handling started GetUsersDashboardQuery
2026-05-09 04:08:30.273 -08:00 [INF] MediatR handling started GetErrorLogsQuery
2026-05-09 04:08:30.274 -08:00 [INF] MediatR handling started ListAccessPoliciesQuery
2026-05-09 04:08:30.275 -08:00 [INF] Access policy check started for logs:read
2026-05-09 04:08:30.275 -08:00 [INF] Access policy check started for users:read
2026-05-09 04:08:30.276 -08:00 [INF] Access policy check started for errorLogs:read
2026-05-09 04:08:30.277 -08:00 [INF] Access policy check started for accessPolicies:read
2026-05-09 04:08:30.279 -08:00 [INF] Access policy evaluation for logs:read. UserId=d1ed8be4-9703-45f0-935f-3c39601b55e1, Roles=[], ActiveRules=3, SubjectMatched=0, ResourceActionMatched=0, Allows=0, Denies=0, Decision=Denied
2026-05-09 04:08:30.280 -08:00 [INF] Access policy evaluation for users:read. UserId=d1ed8be4-9703-45f0-935f-3c39601b55e1, Roles=[], ActiveRules=3, SubjectMatched=0, ResourceActionMatched=0, Allows=0, Denies=0, Decision=Denied
2026-05-09 04:08:30.282 -08:00 [INF] Access policy evaluation for accessPolicies:read. UserId=d1ed8be4-9703-45f0-935f-3c39601b55e1, Roles=[], ActiveRules=3, SubjectMatched=0, ResourceActionMatched=0, Allows=0, Denies=0, Decision=Denied
2026-05-09 04:08:30.395 -08:00 [ERR] MediatR handling failed GetLogsQuery after 123 ms
FluentValidation.ValidationException: Validation failed: 
 -- authorization: Forbidden: logs:read. Severity: Error
   at algo.Application.Common.AccessPolicy.AccessPolicyAuthorizationExtensions.EnsureResourceActionAllowedAsync(IAccessPolicyEvaluator evaluator, IApplicationDbContext db, String resource, String action, CancellationToken cancellationToken) in C:\PrivateProject\algo.bytes\src\algo.Application\Common\AccessPolicy\AccessPolicyAuthorizationExtensions.cs:line 19
   at algo.Application.Features.Logs.Queries.GetLogs.GetLogsQueryHandler.Handle(GetLogsQuery request, CancellationToken cancellationToken) in C:\PrivateProject\algo.bytes\src\algo.Application\Features\Logs\Queries\GetLogs\GetLogsQueryHandler.cs:line 20
   at algo.Application.Behaviors.ValidationBehavior`2.Handle(TRequest request, RequestHandlerDelegate`1 next, CancellationToken cancellationToken) in C:\PrivateProject\algo.bytes\src\algo.Application\Behaviors\ValidationBehavior.cs:line 29
   at algo.Application.Behaviors.LoggingBehavior`2.Handle(TRequest request, RequestHandlerDelegate`1 next, CancellationToken cancellationToken) in C:\PrivateProject\algo.bytes\src\algo.Application\Behaviors\LoggingBehavior.cs:line 31
2026-05-09 04:08:30.281 -08:00 [INF] Access policy evaluation for errorLogs:read. UserId=d1ed8be4-9703-45f0-935f-3c39601b55e1, Roles=[], ActiveRules=3, SubjectMatched=0, ResourceActionMatched=0, Allows=0, Denies=0, Decision=Denied
2026-05-09 04:08:30.568 -08:00 [ERR] MediatR handling failed ListAccessPoliciesQuery after 293 ms
FluentValidation.ValidationException: Validation failed: 
 -- authorization: Forbidden: accessPolicies:read. Severity: Error
   at algo.Application.Common.AccessPolicy.AccessPolicyAuthorizationExtensions.EnsureResourceActionAllowedAsync(IAccessPolicyEvaluator evaluator, IApplicationDbContext db, String resource, String action, CancellationToken cancellationToken) in C:\PrivateProject\algo.bytes\src\algo.Application\Common\AccessPolicy\AccessPolicyAuthorizationExtensions.cs:line 19
   at algo.Application.Features.AccessPolicies.Queries.ListAccessPolicies.ListAccessPoliciesQueryHandler.Handle(ListAccessPoliciesQuery request, CancellationToken cancellationToken) in C:\PrivateProject\algo.bytes\src\algo.Application\Features\AccessPolicies\Queries\ListAccessPolicies\ListAccessPoliciesQueryHandler.cs:line 18
   at algo.Application.Behaviors.ValidationBehavior`2.Handle(TRequest request, RequestHandlerDelegate`1 next, CancellationToken cancellationToken) in C:\PrivateProject\algo.bytes\src\algo.Application\Behaviors\ValidationBehavior.cs:line 29
   at algo.Application.Behaviors.LoggingBehavior`2.Handle(TRequest request, RequestHandlerDelegate`1 next, CancellationToken cancellationToken) in C:\PrivateProject\algo.bytes\src\algo.Application\Behaviors\LoggingBehavior.cs:line 31
2026-05-09 04:08:30.678 -08:00 [INF] HTTP GET /api/Logs completed with 403 in 411 ms (0HNLDOD9LRGL4:0000001F)
2026-05-09 04:08:30.777 -08:00 [ERR] MediatR handling failed GetErrorLogsQuery after 504 ms
FluentValidation.ValidationException: Validation failed: 
 -- authorization: Forbidden: errorLogs:read. Severity: Error
   at algo.Application.Common.AccessPolicy.AccessPolicyAuthorizationExtensions.EnsureResourceActionAllowedAsync(IAccessPolicyEvaluator evaluator, IApplicationDbContext db, String resource, String action, CancellationToken cancellationToken) in C:\PrivateProject\algo.bytes\src\algo.Application\Common\AccessPolicy\AccessPolicyAuthorizationExtensions.cs:line 19
   at algo.Application.Features.ErrorLogs.Queries.GetErrorLogs.GetErrorLogsQueryHandler.Handle(GetErrorLogsQuery request, CancellationToken cancellationToken) in C:\PrivateProject\algo.bytes\src\algo.Application\Features\ErrorLogs\Queries\GetErrorLogs\GetErrorLogsQueryHandler.cs:line 22
   at algo.Application.Behaviors.ValidationBehavior`2.Handle(TRequest request, RequestHandlerDelegate`1 next, CancellationToken cancellationToken) in C:\PrivateProject\algo.bytes\src\algo.Application\Behaviors\ValidationBehavior.cs:line 29
   at algo.Application.Behaviors.LoggingBehavior`2.Handle(TRequest request, RequestHandlerDelegate`1 next, CancellationToken cancellationToken) in C:\PrivateProject\algo.bytes\src\algo.Application\Behaviors\LoggingBehavior.cs:line 31
2026-05-09 04:08:30.491 -08:00 [ERR] MediatR handling failed GetUsersDashboardQuery after 219 ms
FluentValidation.ValidationException: Validation failed: 
 -- authorization: Forbidden: users:read. Severity: Error
   at algo.Application.Common.AccessPolicy.AccessPolicyAuthorizationExtensions.EnsureResourceActionAllowedAsync(IAccessPolicyEvaluator evaluator, IApplicationDbContext db, String resource, String action, CancellationToken cancellationToken) in C:\PrivateProject\algo.bytes\src\algo.Application\Common\AccessPolicy\AccessPolicyAuthorizationExtensions.cs:line 19
   at algo.Application.Features.Users.Queries.GetUsersDashboard.GetUsersDashboardQueryHandler.Handle(GetUsersDashboardQuery request, CancellationToken cancellationToken) in C:\PrivateProject\algo.bytes\src\algo.Application\Features\Users\Queries\GetUsersDashboard\GetUsersDashboardQueryHandler.cs:line 16
   at algo.Application.Behaviors.ValidationBehavior`2.Handle(TRequest request, RequestHandlerDelegate`1 next, CancellationToken cancellationToken) in C:\PrivateProject\algo.bytes\src\algo.Application\Behaviors\ValidationBehavior.cs:line 29
   at algo.Application.Behaviors.LoggingBehavior`2.Handle(TRequest request, RequestHandlerDelegate`1 next, CancellationToken cancellationToken) in C:\PrivateProject\algo.bytes\src\algo.Application\Behaviors\LoggingBehavior.cs:line 31
2026-05-09 04:08:30.912 -08:00 [INF] HTTP GET /api/AccessPolicies completed with 403 in 644 ms (0HNLDOD9LRGL4:00000023)
2026-05-09 04:08:31.024 -08:00 [INF] HTTP GET /api/error-logs completed with 403 in 756 ms (0HNLDOD9LRGL4:00000021)
2026-05-09 04:08:31.187 -08:00 [INF] Authorization header exists: true
2026-05-09 04:08:31.187 -08:00 [INF] Authorization header exists: true
2026-05-09 04:08:31.270 -08:00 [INF] JWT token validated. IsAuthenticated=true
2026-05-09 04:08:31.187 -08:00 [INF] Authorization header exists: true
2026-05-09 04:08:31.187 -08:00 [INF] Authorization header exists: true
2026-05-09 04:08:31.292 -08:00 [INF] HTTP GET /api/Users/dashboard completed with 403 in 1025 ms (0HNLDOD9LRGL4:0000001D)
2026-05-09 04:08:31.293 -08:00 [INF] JWT token validated. IsAuthenticated=true
2026-05-09 04:08:31.293 -08:00 [INF] MediatR handling started GetErrorLogsQuery
2026-05-09 04:08:31.294 -08:00 [INF] JWT token validated. IsAuthenticated=true
2026-05-09 04:08:31.294 -08:00 [INF] JWT token validated. IsAuthenticated=true
2026-05-09 04:08:31.296 -08:00 [INF] MediatR handling started GetLogsQuery
2026-05-09 04:08:31.297 -08:00 [INF] Access policy check started for errorLogs:read
2026-05-09 04:08:31.297 -08:00 [INF] MediatR handling started GetUsersDashboardQuery
2026-05-09 04:08:31.298 -08:00 [INF] MediatR handling started ListAccessPoliciesQuery
2026-05-09 04:08:31.298 -08:00 [INF] Access policy check started for logs:read
2026-05-09 04:08:31.299 -08:00 [INF] Access policy check started for users:read
2026-05-09 04:08:31.300 -08:00 [INF] Access policy evaluation for errorLogs:read. UserId=d1ed8be4-9703-45f0-935f-3c39601b55e1, Roles=[], ActiveRules=3, SubjectMatched=0, ResourceActionMatched=0, Allows=0, Denies=0, Decision=Denied
2026-05-09 04:08:31.300 -08:00 [INF] Access policy check started for accessPolicies:read
2026-05-09 04:08:31.302 -08:00 [INF] Access policy evaluation for logs:read. UserId=d1ed8be4-9703-45f0-935f-3c39601b55e1, Roles=[], ActiveRules=3, SubjectMatched=0, ResourceActionMatched=0, Allows=0, Denies=0, Decision=Denied
2026-05-09 04:08:31.304 -08:00 [INF] Access policy evaluation for users:read. UserId=d1ed8be4-9703-45f0-935f-3c39601b55e1, Roles=[], ActiveRules=3, SubjectMatched=0, ResourceActionMatched=0, Allows=0, Denies=0, Decision=Denied
2026-05-09 04:08:31.385 -08:00 [ERR] MediatR handling failed GetErrorLogsQuery after 91 ms
FluentValidation.ValidationException: Validation failed: 
 -- authorization: Forbidden: errorLogs:read. Severity: Error
   at algo.Application.Common.AccessPolicy.AccessPolicyAuthorizationExtensions.EnsureResourceActionAllowedAsync(IAccessPolicyEvaluator evaluator, IApplicationDbContext db, String resource, String action, CancellationToken cancellationToken) in C:\PrivateProject\algo.bytes\src\algo.Application\Common\AccessPolicy\AccessPolicyAuthorizationExtensions.cs:line 19
   at algo.Application.Features.ErrorLogs.Queries.GetErrorLogs.GetErrorLogsQueryHandler.Handle(GetErrorLogsQuery request, CancellationToken cancellationToken) in C:\PrivateProject\algo.bytes\src\algo.Application\Features\ErrorLogs\Queries\GetErrorLogs\GetErrorLogsQueryHandler.cs:line 22
   at algo.Application.Behaviors.ValidationBehavior`2.Handle(TRequest request, RequestHandlerDelegate`1 next, CancellationToken cancellationToken) in C:\PrivateProject\algo.bytes\src\algo.Application\Behaviors\ValidationBehavior.cs:line 29
   at algo.Application.Behaviors.LoggingBehavior`2.Handle(TRequest request, RequestHandlerDelegate`1 next, CancellationToken cancellationToken) in C:\PrivateProject\algo.bytes\src\algo.Application\Behaviors\LoggingBehavior.cs:line 31
2026-05-09 04:08:31.461 -08:00 [ERR] MediatR handling failed GetLogsQuery after 164 ms
FluentValidation.ValidationException: Validation failed: 
 -- authorization: Forbidden: logs:read. Severity: Error
   at algo.Application.Common.AccessPolicy.AccessPolicyAuthorizationExtensions.EnsureResourceActionAllowedAsync(IAccessPolicyEvaluator evaluator, IApplicationDbContext db, String resource, String action, CancellationToken cancellationToken) in C:\PrivateProject\algo.bytes\src\algo.Application\Common\AccessPolicy\AccessPolicyAuthorizationExtensions.cs:line 19
   at algo.Application.Features.Logs.Queries.GetLogs.GetLogsQueryHandler.Handle(GetLogsQuery request, CancellationToken cancellationToken) in C:\PrivateProject\algo.bytes\src\algo.Application\Features\Logs\Queries\GetLogs\GetLogsQueryHandler.cs:line 20
   at algo.Application.Behaviors.ValidationBehavior`2.Handle(TRequest request, RequestHandlerDelegate`1 next, CancellationToken cancellationToken) in C:\PrivateProject\algo.bytes\src\algo.Application\Behaviors\ValidationBehavior.cs:line 29
   at algo.Application.Behaviors.LoggingBehavior`2.Handle(TRequest request, RequestHandlerDelegate`1 next, CancellationToken cancellationToken) in C:\PrivateProject\algo.bytes\src\algo.Application\Behaviors\LoggingBehavior.cs:line 31
2026-05-09 04:08:31.559 -08:00 [ERR] MediatR handling failed GetUsersDashboardQuery after 261 ms
FluentValidation.ValidationException: Validation failed: 
 -- authorization: Forbidden: users:read. Severity: Error
   at algo.Application.Common.AccessPolicy.AccessPolicyAuthorizationExtensions.EnsureResourceActionAllowedAsync(IAccessPolicyEvaluator evaluator, IApplicationDbContext db, String resource, String action, CancellationToken cancellationToken) in C:\PrivateProject\algo.bytes\src\algo.Application\Common\AccessPolicy\AccessPolicyAuthorizationExtensions.cs:line 19
   at algo.Application.Features.Users.Queries.GetUsersDashboard.GetUsersDashboardQueryHandler.Handle(GetUsersDashboardQuery request, CancellationToken cancellationToken) in C:\PrivateProject\algo.bytes\src\algo.Application\Features\Users\Queries\GetUsersDashboard\GetUsersDashboardQueryHandler.cs:line 16
   at algo.Application.Behaviors.ValidationBehavior`2.Handle(TRequest request, RequestHandlerDelegate`1 next, CancellationToken cancellationToken) in C:\PrivateProject\algo.bytes\src\algo.Application\Behaviors\ValidationBehavior.cs:line 29
   at algo.Application.Behaviors.LoggingBehavior`2.Handle(TRequest request, RequestHandlerDelegate`1 next, CancellationToken cancellationToken) in C:\PrivateProject\algo.bytes\src\algo.Application\Behaviors\LoggingBehavior.cs:line 31
2026-05-09 04:08:31.667 -08:00 [INF] HTTP GET /api/error-logs completed with 403 in 479 ms (0HNLDOD9LRGL4:00000029)
2026-05-09 04:08:31.776 -08:00 [INF] HTTP GET /api/Logs completed with 403 in 588 ms (0HNLDOD9LRGL4:00000027)
2026-05-09 04:08:31.387 -08:00 [INF] Access policy evaluation for accessPolicies:read. UserId=d1ed8be4-9703-45f0-935f-3c39601b55e1, Roles=[], ActiveRules=3, SubjectMatched=0, ResourceActionMatched=0, Allows=0, Denies=0, Decision=Denied
2026-05-09 04:08:31.901 -08:00 [INF] HTTP GET /api/Users/dashboard completed with 403 in 713 ms (0HNLDOD9LRGL4:00000025)
2026-05-09 04:08:32.038 -08:00 [ERR] MediatR handling failed ListAccessPoliciesQuery after 739 ms
FluentValidation.ValidationException: Validation failed: 
 -- authorization: Forbidden: accessPolicies:read. Severity: Error
   at algo.Application.Common.AccessPolicy.AccessPolicyAuthorizationExtensions.EnsureResourceActionAllowedAsync(IAccessPolicyEvaluator evaluator, IApplicationDbContext db, String resource, String action, CancellationToken cancellationToken) in C:\PrivateProject\algo.bytes\src\algo.Application\Common\AccessPolicy\AccessPolicyAuthorizationExtensions.cs:line 19
   at algo.Application.Features.AccessPolicies.Queries.ListAccessPolicies.ListAccessPoliciesQueryHandler.Handle(ListAccessPoliciesQuery request, CancellationToken cancellationToken) in C:\PrivateProject\algo.bytes\src\algo.Application\Features\AccessPolicies\Queries\ListAccessPolicies\ListAccessPoliciesQueryHandler.cs:line 18
   at algo.Application.Behaviors.ValidationBehavior`2.Handle(TRequest request, RequestHandlerDelegate`1 next, CancellationToken cancellationToken) in C:\PrivateProject\algo.bytes\src\algo.Application\Behaviors\ValidationBehavior.cs:line 29
   at algo.Application.Behaviors.LoggingBehavior`2.Handle(TRequest request, RequestHandlerDelegate`1 next, CancellationToken cancellationToken) in C:\PrivateProject\algo.bytes\src\algo.Application\Behaviors\LoggingBehavior.cs:line 31
2026-05-09 04:08:32.264 -08:00 [INF] HTTP GET /api/AccessPolicies completed with 403 in 1076 ms (0HNLDOD9LRGL4:0000002B)
2026-05-09 04:08:36.537 -08:00 [INF] Authorization header exists: true
2026-05-09 04:08:36.538 -08:00 [INF] JWT token validated. IsAuthenticated=true
2026-05-09 04:08:36.539 -08:00 [INF] MediatR handling started GetLogsQuery
2026-05-09 04:08:36.540 -08:00 [INF] Access policy check started for logs:read
2026-05-09 04:08:36.542 -08:00 [INF] Access policy evaluation for logs:read. UserId=d1ed8be4-9703-45f0-935f-3c39601b55e1, Roles=[], ActiveRules=3, SubjectMatched=0, ResourceActionMatched=0, Allows=0, Denies=0, Decision=Denied
2026-05-09 04:08:36.544 -08:00 [INF] Authorization header exists: true
2026-05-09 04:08:36.656 -08:00 [INF] JWT token validated. IsAuthenticated=true
2026-05-09 04:08:36.675 -08:00 [ERR] MediatR handling failed GetLogsQuery after 135 ms
FluentValidation.ValidationException: Validation failed: 
 -- authorization: Forbidden: logs:read. Severity: Error
   at algo.Application.Common.AccessPolicy.AccessPolicyAuthorizationExtensions.EnsureResourceActionAllowedAsync(IAccessPolicyEvaluator evaluator, IApplicationDbContext db, String resource, String action, CancellationToken cancellationToken) in C:\PrivateProject\algo.bytes\src\algo.Application\Common\AccessPolicy\AccessPolicyAuthorizationExtensions.cs:line 19
   at algo.Application.Features.Logs.Queries.GetLogs.GetLogsQueryHandler.Handle(GetLogsQuery request, CancellationToken cancellationToken) in C:\PrivateProject\algo.bytes\src\algo.Application\Features\Logs\Queries\GetLogs\GetLogsQueryHandler.cs:line 20
   at algo.Application.Behaviors.ValidationBehavior`2.Handle(TRequest request, RequestHandlerDelegate`1 next, CancellationToken cancellationToken) in C:\PrivateProject\algo.bytes\src\algo.Application\Behaviors\ValidationBehavior.cs:line 29
   at algo.Application.Behaviors.LoggingBehavior`2.Handle(TRequest request, RequestHandlerDelegate`1 next, CancellationToken cancellationToken) in C:\PrivateProject\algo.bytes\src\algo.Application\Behaviors\LoggingBehavior.cs:line 31
2026-05-09 04:08:36.676 -08:00 [INF] MediatR handling started GetLogsQuery
2026-05-09 04:08:36.756 -08:00 [INF] Access policy check started for logs:read
2026-05-09 04:08:36.819 -08:00 [INF] HTTP GET /api/Logs completed with 403 in 282 ms (0HNLDOD9LRGL4:0000002F)
2026-05-09 04:08:36.820 -08:00 [INF] Access policy evaluation for logs:read. UserId=d1ed8be4-9703-45f0-935f-3c39601b55e1, Roles=[], ActiveRules=3, SubjectMatched=0, ResourceActionMatched=0, Allows=0, Denies=0, Decision=Denied
2026-05-09 04:08:36.893 -08:00 [ERR] MediatR handling failed GetLogsQuery after 217 ms
FluentValidation.ValidationException: Validation failed: 
 -- authorization: Forbidden: logs:read. Severity: Error
   at algo.Application.Common.AccessPolicy.AccessPolicyAuthorizationExtensions.EnsureResourceActionAllowedAsync(IAccessPolicyEvaluator evaluator, IApplicationDbContext db, String resource, String action, CancellationToken cancellationToken) in C:\PrivateProject\algo.bytes\src\algo.Application\Common\AccessPolicy\AccessPolicyAuthorizationExtensions.cs:line 19
   at algo.Application.Features.Logs.Queries.GetLogs.GetLogsQueryHandler.Handle(GetLogsQuery request, CancellationToken cancellationToken) in C:\PrivateProject\algo.bytes\src\algo.Application\Features\Logs\Queries\GetLogs\GetLogsQueryHandler.cs:line 20
   at algo.Application.Behaviors.ValidationBehavior`2.Handle(TRequest request, RequestHandlerDelegate`1 next, CancellationToken cancellationToken) in C:\PrivateProject\algo.bytes\src\algo.Application\Behaviors\ValidationBehavior.cs:line 29
   at algo.Application.Behaviors.LoggingBehavior`2.Handle(TRequest request, RequestHandlerDelegate`1 next, CancellationToken cancellationToken) in C:\PrivateProject\algo.bytes\src\algo.Application\Behaviors\LoggingBehavior.cs:line 31
2026-05-09 04:08:36.996 -08:00 [INF] HTTP GET /api/Logs completed with 403 in 452 ms (0HNLDOD9LRGL4:00000033)
2026-05-09 04:08:38.314 -08:00 [INF] Authorization header exists: true
2026-05-09 04:08:38.315 -08:00 [INF] JWT token validated. IsAuthenticated=true
2026-05-09 04:08:38.317 -08:00 [INF] Authorization header exists: true
2026-05-09 04:08:38.317 -08:00 [INF] Authorization header exists: true
2026-05-09 04:08:38.317 -08:00 [INF] MediatR handling started GetUsersDashboardQuery
2026-05-09 04:08:38.318 -08:00 [INF] Authorization header exists: true
2026-05-09 04:08:38.318 -08:00 [INF] JWT token validated. IsAuthenticated=true
2026-05-09 04:08:38.319 -08:00 [INF] JWT token validated. IsAuthenticated=true
2026-05-09 04:08:38.319 -08:00 [INF] Access policy check started for users:read
2026-05-09 04:08:38.320 -08:00 [INF] JWT token validated. IsAuthenticated=true
2026-05-09 04:08:38.321 -08:00 [INF] MediatR handling started GetErrorLogsQuery
2026-05-09 04:08:38.321 -08:00 [INF] MediatR handling started GetLogsQuery
2026-05-09 04:08:38.322 -08:00 [INF] MediatR handling started ListAccessPoliciesQuery
2026-05-09 04:08:38.322 -08:00 [INF] Access policy check started for errorLogs:read
2026-05-09 04:08:38.322 -08:00 [INF] Access policy evaluation for users:read. UserId=d1ed8be4-9703-45f0-935f-3c39601b55e1, Roles=[], ActiveRules=3, SubjectMatched=0, ResourceActionMatched=0, Allows=0, Denies=0, Decision=Denied
2026-05-09 04:08:38.323 -08:00 [INF] Access policy check started for logs:read
2026-05-09 04:08:38.324 -08:00 [INF] Access policy check started for accessPolicies:read
2026-05-09 04:08:38.326 -08:00 [INF] Access policy evaluation for errorLogs:read. UserId=d1ed8be4-9703-45f0-935f-3c39601b55e1, Roles=[], ActiveRules=3, SubjectMatched=0, ResourceActionMatched=0, Allows=0, Denies=0, Decision=Denied
2026-05-09 04:08:38.401 -08:00 [ERR] MediatR handling failed GetUsersDashboardQuery after 83 ms
FluentValidation.ValidationException: Validation failed: 
 -- authorization: Forbidden: users:read. Severity: Error
   at algo.Application.Common.AccessPolicy.AccessPolicyAuthorizationExtensions.EnsureResourceActionAllowedAsync(IAccessPolicyEvaluator evaluator, IApplicationDbContext db, String resource, String action, CancellationToken cancellationToken) in C:\PrivateProject\algo.bytes\src\algo.Application\Common\AccessPolicy\AccessPolicyAuthorizationExtensions.cs:line 19
   at algo.Application.Features.Users.Queries.GetUsersDashboard.GetUsersDashboardQueryHandler.Handle(GetUsersDashboardQuery request, CancellationToken cancellationToken) in C:\PrivateProject\algo.bytes\src\algo.Application\Features\Users\Queries\GetUsersDashboard\GetUsersDashboardQueryHandler.cs:line 16
   at algo.Application.Behaviors.ValidationBehavior`2.Handle(TRequest request, RequestHandlerDelegate`1 next, CancellationToken cancellationToken) in C:\PrivateProject\algo.bytes\src\algo.Application\Behaviors\ValidationBehavior.cs:line 29
   at algo.Application.Behaviors.LoggingBehavior`2.Handle(TRequest request, RequestHandlerDelegate`1 next, CancellationToken cancellationToken) in C:\PrivateProject\algo.bytes\src\algo.Application\Behaviors\LoggingBehavior.cs:line 31
2026-05-09 04:08:38.402 -08:00 [INF] Access policy evaluation for logs:read. UserId=d1ed8be4-9703-45f0-935f-3c39601b55e1, Roles=[], ActiveRules=3, SubjectMatched=0, ResourceActionMatched=0, Allows=0, Denies=0, Decision=Denied
2026-05-09 04:08:38.403 -08:00 [INF] Access policy evaluation for accessPolicies:read. UserId=d1ed8be4-9703-45f0-935f-3c39601b55e1, Roles=[], ActiveRules=3, SubjectMatched=0, ResourceActionMatched=0, Allows=0, Denies=0, Decision=Denied
2026-05-09 04:08:38.630 -08:00 [INF] HTTP GET /api/Users/dashboard completed with 403 in 315 ms (0HNLDOD9LRGL4:00000039)
2026-05-09 04:08:38.704 -08:00 [ERR] MediatR handling failed GetLogsQuery after 383 ms
FluentValidation.ValidationException: Validation failed: 
 -- authorization: Forbidden: logs:read. Severity: Error
   at algo.Application.Common.AccessPolicy.AccessPolicyAuthorizationExtensions.EnsureResourceActionAllowedAsync(IAccessPolicyEvaluator evaluator, IApplicationDbContext db, String resource, String action, CancellationToken cancellationToken) in C:\PrivateProject\algo.bytes\src\algo.Application\Common\AccessPolicy\AccessPolicyAuthorizationExtensions.cs:line 19
   at algo.Application.Features.Logs.Queries.GetLogs.GetLogsQueryHandler.Handle(GetLogsQuery request, CancellationToken cancellationToken) in C:\PrivateProject\algo.bytes\src\algo.Application\Features\Logs\Queries\GetLogs\GetLogsQueryHandler.cs:line 20
   at algo.Application.Behaviors.ValidationBehavior`2.Handle(TRequest request, RequestHandlerDelegate`1 next, CancellationToken cancellationToken) in C:\PrivateProject\algo.bytes\src\algo.Application\Behaviors\ValidationBehavior.cs:line 29
   at algo.Application.Behaviors.LoggingBehavior`2.Handle(TRequest request, RequestHandlerDelegate`1 next, CancellationToken cancellationToken) in C:\PrivateProject\algo.bytes\src\algo.Application\Behaviors\LoggingBehavior.cs:line 31
2026-05-09 04:08:38.524 -08:00 [ERR] MediatR handling failed GetErrorLogsQuery after 203 ms
FluentValidation.ValidationException: Validation failed: 
 -- authorization: Forbidden: errorLogs:read. Severity: Error
   at algo.Application.Common.AccessPolicy.AccessPolicyAuthorizationExtensions.EnsureResourceActionAllowedAsync(IAccessPolicyEvaluator evaluator, IApplicationDbContext db, String resource, String action, CancellationToken cancellationToken) in C:\PrivateProject\algo.bytes\src\algo.Application\Common\AccessPolicy\AccessPolicyAuthorizationExtensions.cs:line 19
   at algo.Application.Features.ErrorLogs.Queries.GetErrorLogs.GetErrorLogsQueryHandler.Handle(GetErrorLogsQuery request, CancellationToken cancellationToken) in C:\PrivateProject\algo.bytes\src\algo.Application\Features\ErrorLogs\Queries\GetErrorLogs\GetErrorLogsQueryHandler.cs:line 22
   at algo.Application.Behaviors.ValidationBehavior`2.Handle(TRequest request, RequestHandlerDelegate`1 next, CancellationToken cancellationToken) in C:\PrivateProject\algo.bytes\src\algo.Application\Behaviors\ValidationBehavior.cs:line 29
   at algo.Application.Behaviors.LoggingBehavior`2.Handle(TRequest request, RequestHandlerDelegate`1 next, CancellationToken cancellationToken) in C:\PrivateProject\algo.bytes\src\algo.Application\Behaviors\LoggingBehavior.cs:line 31
2026-05-09 04:08:38.780 -08:00 [ERR] MediatR handling failed ListAccessPoliciesQuery after 458 ms
FluentValidation.ValidationException: Validation failed: 
 -- authorization: Forbidden: accessPolicies:read. Severity: Error
   at algo.Application.Common.AccessPolicy.AccessPolicyAuthorizationExtensions.EnsureResourceActionAllowedAsync(IAccessPolicyEvaluator evaluator, IApplicationDbContext db, String resource, String action, CancellationToken cancellationToken) in C:\PrivateProject\algo.bytes\src\algo.Application\Common\AccessPolicy\AccessPolicyAuthorizationExtensions.cs:line 19
   at algo.Application.Features.AccessPolicies.Queries.ListAccessPolicies.ListAccessPoliciesQueryHandler.Handle(ListAccessPoliciesQuery request, CancellationToken cancellationToken) in C:\PrivateProject\algo.bytes\src\algo.Application\Features\AccessPolicies\Queries\ListAccessPolicies\ListAccessPoliciesQueryHandler.cs:line 18
   at algo.Application.Behaviors.ValidationBehavior`2.Handle(TRequest request, RequestHandlerDelegate`1 next, CancellationToken cancellationToken) in C:\PrivateProject\algo.bytes\src\algo.Application\Behaviors\ValidationBehavior.cs:line 29
   at algo.Application.Behaviors.LoggingBehavior`2.Handle(TRequest request, RequestHandlerDelegate`1 next, CancellationToken cancellationToken) in C:\PrivateProject\algo.bytes\src\algo.Application\Behaviors\LoggingBehavior.cs:line 31
2026-05-09 04:08:38.889 -08:00 [INF] HTTP GET /api/Logs completed with 403 in 572 ms (0HNLDOD9LRGL4:0000003F)
2026-05-09 04:08:39.009 -08:00 [INF] HTTP GET /api/error-logs completed with 403 in 692 ms (0HNLDOD9LRGL4:00000041)
2026-05-09 04:08:39.145 -08:00 [INF] HTTP GET /api/AccessPolicies completed with 403 in 827 ms (0HNLDOD9LRGL4:00000043)
2026-05-09 10:21:00.143 -08:00 [WRN] Sensitive data logging is enabled. Log entries and exception messages may include sensitive application data; this mode should only be enabled during development.
2026-05-09 10:21:00.796 -08:00 [INF] Admin wildcard access policy already exists
2026-05-09 10:21:01.085 -08:00 [INF] Now listening on: https://localhost:7259
2026-05-09 10:21:01.087 -08:00 [INF] Now listening on: http://localhost:5244
2026-05-09 10:21:01.131 -08:00 [INF] Application started. Press Ctrl+C to shut down.
2026-05-09 10:21:01.132 -08:00 [INF] Hosting environment: Development
2026-05-09 10:21:01.133 -08:00 [INF] Content root path: C:\PrivateProject\algo.bytes\src\algo.API
2026-05-09 10:21:52.969 -08:00 [INF] Authorization header exists: true
2026-05-09 10:21:52.969 -08:00 [INF] Authorization header exists: true
2026-05-09 10:21:52.969 -08:00 [INF] Authorization header exists: true
2026-05-09 10:21:52.969 -08:00 [INF] Authorization header exists: true
2026-05-09 10:21:53.153 -08:00 [ERR] JWT authentication failed
Microsoft.IdentityModel.Tokens.SecurityTokenExpiredException: IDX10223: Lifetime validation failed. The token is expired. ValidTo (UTC): '09-05-2026 12:58:06', Current time (UTC): '09-05-2026 18:21:53'.
   at Microsoft.IdentityModel.Tokens.ValidatorUtilities.ValidateLifetime(Nullable`1 notBefore, Nullable`1 expires, SecurityToken securityToken, TokenValidationParameters validationParameters)
   at Microsoft.IdentityModel.Tokens.Validators.ValidateLifetime(Nullable`1 notBefore, Nullable`1 expires, SecurityToken securityToken, TokenValidationParameters validationParameters)
   at Microsoft.IdentityModel.JsonWebTokens.JsonWebTokenHandler.ValidateTokenPayloadAsync(JsonWebToken jsonWebToken, TokenValidationParameters validationParameters, BaseConfiguration configuration)
   at Microsoft.IdentityModel.JsonWebTokens.JsonWebTokenHandler.ValidateJWSAsync(JsonWebToken jsonWebToken, TokenValidationParameters validationParameters, BaseConfiguration configuration)
2026-05-09 10:21:53.153 -08:00 [ERR] JWT authentication failed
Microsoft.IdentityModel.Tokens.SecurityTokenExpiredException: IDX10223: Lifetime validation failed. The token is expired. ValidTo (UTC): '09-05-2026 12:58:06', Current time (UTC): '09-05-2026 18:21:53'.
   at Microsoft.IdentityModel.Tokens.ValidatorUtilities.ValidateLifetime(Nullable`1 notBefore, Nullable`1 expires, SecurityToken securityToken, TokenValidationParameters validationParameters)
   at Microsoft.IdentityModel.Tokens.Validators.ValidateLifetime(Nullable`1 notBefore, Nullable`1 expires, SecurityToken securityToken, TokenValidationParameters validationParameters)
   at Microsoft.IdentityModel.JsonWebTokens.JsonWebTokenHandler.ValidateTokenPayloadAsync(JsonWebToken jsonWebToken, TokenValidationParameters validationParameters, BaseConfiguration configuration)
   at Microsoft.IdentityModel.JsonWebTokens.JsonWebTokenHandler.ValidateJWSAsync(JsonWebToken jsonWebToken, TokenValidationParameters validationParameters, BaseConfiguration configuration)
2026-05-09 10:21:53.153 -08:00 [ERR] JWT authentication failed
Microsoft.IdentityModel.Tokens.SecurityTokenExpiredException: IDX10223: Lifetime validation failed. The token is expired. ValidTo (UTC): '09-05-2026 12:58:06', Current time (UTC): '09-05-2026 18:21:53'.
   at Microsoft.IdentityModel.Tokens.ValidatorUtilities.ValidateLifetime(Nullable`1 notBefore, Nullable`1 expires, SecurityToken securityToken, TokenValidationParameters validationParameters)
   at Microsoft.IdentityModel.Tokens.Validators.ValidateLifetime(Nullable`1 notBefore, Nullable`1 expires, SecurityToken securityToken, TokenValidationParameters validationParameters)
   at Microsoft.IdentityModel.JsonWebTokens.JsonWebTokenHandler.ValidateTokenPayloadAsync(JsonWebToken jsonWebToken, TokenValidationParameters validationParameters, BaseConfiguration configuration)
   at Microsoft.IdentityModel.JsonWebTokens.JsonWebTokenHandler.ValidateJWSAsync(JsonWebToken jsonWebToken, TokenValidationParameters validationParameters, BaseConfiguration configuration)
2026-05-09 10:21:53.153 -08:00 [ERR] JWT authentication failed
Microsoft.IdentityModel.Tokens.SecurityTokenExpiredException: IDX10223: Lifetime validation failed. The token is expired. ValidTo (UTC): '09-05-2026 12:58:06', Current time (UTC): '09-05-2026 18:21:53'.
   at Microsoft.IdentityModel.Tokens.ValidatorUtilities.ValidateLifetime(Nullable`1 notBefore, Nullable`1 expires, SecurityToken securityToken, TokenValidationParameters validationParameters)
   at Microsoft.IdentityModel.Tokens.Validators.ValidateLifetime(Nullable`1 notBefore, Nullable`1 expires, SecurityToken securityToken, TokenValidationParameters validationParameters)
   at Microsoft.IdentityModel.JsonWebTokens.JsonWebTokenHandler.ValidateTokenPayloadAsync(JsonWebToken jsonWebToken, TokenValidationParameters validationParameters, BaseConfiguration configuration)
   at Microsoft.IdentityModel.JsonWebTokens.JsonWebTokenHandler.ValidateJWSAsync(JsonWebToken jsonWebToken, TokenValidationParameters validationParameters, BaseConfiguration configuration)
2026-05-09 10:21:53.180 -08:00 [WRN] JWT challenge. Error=invalid_token, Description=The token expired at '05/09/2026 12:58:06'
2026-05-09 10:21:53.180 -08:00 [WRN] JWT challenge. Error=invalid_token, Description=The token expired at '05/09/2026 12:58:06'
2026-05-09 10:21:53.180 -08:00 [WRN] JWT challenge. Error=invalid_token, Description=The token expired at '05/09/2026 12:58:06'
2026-05-09 10:21:53.180 -08:00 [WRN] JWT challenge. Error=invalid_token, Description=The token expired at '05/09/2026 12:58:06'
2026-05-09 10:21:53.186 -08:00 [INF] HTTP GET /api/Users/dashboard completed with 401 in 276 ms (0HNLDUVC1NL5T:0000000D)
2026-05-09 10:21:53.186 -08:00 [INF] HTTP GET /api/Logs completed with 401 in 276 ms (0HNLDUVC1NL5T:00000009)
2026-05-09 10:21:53.186 -08:00 [INF] HTTP GET /api/error-logs completed with 401 in 277 ms (0HNLDUVC1NL5T:0000000F)
2026-05-09 10:21:53.186 -08:00 [INF] HTTP GET /api/AccessPolicies completed with 401 in 276 ms (0HNLDUVC1NL5T:0000000B)
2026-05-09 10:22:01.377 -08:00 [INF] Authorization header exists: true
2026-05-09 10:22:01.377 -08:00 [INF] Authorization header exists: true
2026-05-09 10:22:01.377 -08:00 [INF] Authorization header exists: true
2026-05-09 10:22:01.377 -08:00 [INF] Authorization header exists: true
2026-05-09 10:22:01.520 -08:00 [ERR] JWT authentication failed
Microsoft.IdentityModel.Tokens.SecurityTokenExpiredException: IDX10223: Lifetime validation failed. The token is expired. ValidTo (UTC): '09-05-2026 12:58:06', Current time (UTC): '09-05-2026 18:22:01'.
   at Microsoft.IdentityModel.Tokens.ValidatorUtilities.ValidateLifetime(Nullable`1 notBefore, Nullable`1 expires, SecurityToken securityToken, TokenValidationParameters validationParameters)
   at Microsoft.IdentityModel.Tokens.Validators.ValidateLifetime(Nullable`1 notBefore, Nullable`1 expires, SecurityToken securityToken, TokenValidationParameters validationParameters)
   at Microsoft.IdentityModel.JsonWebTokens.JsonWebTokenHandler.ValidateTokenPayloadAsync(JsonWebToken jsonWebToken, TokenValidationParameters validationParameters, BaseConfiguration configuration)
   at Microsoft.IdentityModel.JsonWebTokens.JsonWebTokenHandler.ValidateJWSAsync(JsonWebToken jsonWebToken, TokenValidationParameters validationParameters, BaseConfiguration configuration)
2026-05-09 10:22:01.574 -08:00 [ERR] JWT authentication failed
Microsoft.IdentityModel.Tokens.SecurityTokenExpiredException: IDX10223: Lifetime validation failed. The token is expired. ValidTo (UTC): '09-05-2026 12:58:06', Current time (UTC): '09-05-2026 18:22:01'.
   at Microsoft.IdentityModel.Tokens.ValidatorUtilities.ValidateLifetime(Nullable`1 notBefore, Nullable`1 expires, SecurityToken securityToken, TokenValidationParameters validationParameters)
   at Microsoft.IdentityModel.Tokens.Validators.ValidateLifetime(Nullable`1 notBefore, Nullable`1 expires, SecurityToken securityToken, TokenValidationParameters validationParameters)
   at Microsoft.IdentityModel.JsonWebTokens.JsonWebTokenHandler.ValidateTokenPayloadAsync(JsonWebToken jsonWebToken, TokenValidationParameters validationParameters, BaseConfiguration configuration)
   at Microsoft.IdentityModel.JsonWebTokens.JsonWebTokenHandler.ValidateJWSAsync(JsonWebToken jsonWebToken, TokenValidationParameters validationParameters, BaseConfiguration configuration)
2026-05-09 10:22:01.520 -08:00 [ERR] JWT authentication failed
Microsoft.IdentityModel.Tokens.SecurityTokenExpiredException: IDX10223: Lifetime validation failed. The token is expired. ValidTo (UTC): '09-05-2026 12:58:06', Current time (UTC): '09-05-2026 18:22:01'.
   at Microsoft.IdentityModel.Tokens.ValidatorUtilities.ValidateLifetime(Nullable`1 notBefore, Nullable`1 expires, SecurityToken securityToken, TokenValidationParameters validationParameters)
   at Microsoft.IdentityModel.Tokens.Validators.ValidateLifetime(Nullable`1 notBefore, Nullable`1 expires, SecurityToken securityToken, TokenValidationParameters validationParameters)
   at Microsoft.IdentityModel.JsonWebTokens.JsonWebTokenHandler.ValidateTokenPayloadAsync(JsonWebToken jsonWebToken, TokenValidationParameters validationParameters, BaseConfiguration configuration)
   at Microsoft.IdentityModel.JsonWebTokens.JsonWebTokenHandler.ValidateJWSAsync(JsonWebToken jsonWebToken, TokenValidationParameters validationParameters, BaseConfiguration configuration)
2026-05-09 10:22:01.637 -08:00 [ERR] JWT authentication failed
Microsoft.IdentityModel.Tokens.SecurityTokenExpiredException: IDX10223: Lifetime validation failed. The token is expired. ValidTo (UTC): '09-05-2026 12:58:06', Current time (UTC): '09-05-2026 18:22:01'.
   at Microsoft.IdentityModel.Tokens.ValidatorUtilities.ValidateLifetime(Nullable`1 notBefore, Nullable`1 expires, SecurityToken securityToken, TokenValidationParameters validationParameters)
   at Microsoft.IdentityModel.Tokens.Validators.ValidateLifetime(Nullable`1 notBefore, Nullable`1 expires, SecurityToken securityToken, TokenValidationParameters validationParameters)
   at Microsoft.IdentityModel.JsonWebTokens.JsonWebTokenHandler.ValidateTokenPayloadAsync(JsonWebToken jsonWebToken, TokenValidationParameters validationParameters, BaseConfiguration configuration)
   at Microsoft.IdentityModel.JsonWebTokens.JsonWebTokenHandler.ValidateJWSAsync(JsonWebToken jsonWebToken, TokenValidationParameters validationParameters, BaseConfiguration configuration)
2026-05-09 10:22:01.639 -08:00 [WRN] JWT challenge. Error=invalid_token, Description=The token expired at '05/09/2026 12:58:06'
2026-05-09 10:22:01.640 -08:00 [WRN] JWT challenge. Error=invalid_token, Description=The token expired at '05/09/2026 12:58:06'
2026-05-09 10:22:01.641 -08:00 [WRN] JWT challenge. Error=invalid_token, Description=The token expired at '05/09/2026 12:58:06'
2026-05-09 10:22:01.642 -08:00 [WRN] JWT challenge. Error=invalid_token, Description=The token expired at '05/09/2026 12:58:06'
2026-05-09 10:22:01.642 -08:00 [INF] HTTP GET /api/AccessPolicies completed with 401 in 266 ms (0HNLDUVC1NL5T:0000001F)
2026-05-09 10:22:01.643 -08:00 [INF] HTTP GET /api/Logs completed with 401 in 266 ms (0HNLDUVC1NL5T:0000001B)
2026-05-09 10:22:01.644 -08:00 [INF] HTTP GET /api/error-logs completed with 401 in 267 ms (0HNLDUVC1NL5T:0000001D)
2026-05-09 10:22:01.645 -08:00 [INF] HTTP GET /api/Users/dashboard completed with 401 in 268 ms (0HNLDUVC1NL5T:00000019)
2026-05-09 10:24:11.791 -08:00 [INF] Authorization header exists: true
2026-05-09 10:24:11.791 -08:00 [INF] Authorization header exists: true
2026-05-09 10:24:11.791 -08:00 [INF] Authorization header exists: true
2026-05-09 10:24:11.856 -08:00 [ERR] JWT authentication failed
Microsoft.IdentityModel.Tokens.SecurityTokenExpiredException: IDX10223: Lifetime validation failed. The token is expired. ValidTo (UTC): '09-05-2026 12:58:06', Current time (UTC): '09-05-2026 18:24:11'.
   at Microsoft.IdentityModel.Tokens.ValidatorUtilities.ValidateLifetime(Nullable`1 notBefore, Nullable`1 expires, SecurityToken securityToken, TokenValidationParameters validationParameters)
   at Microsoft.IdentityModel.Tokens.Validators.ValidateLifetime(Nullable`1 notBefore, Nullable`1 expires, SecurityToken securityToken, TokenValidationParameters validationParameters)
   at Microsoft.IdentityModel.JsonWebTokens.JsonWebTokenHandler.ValidateTokenPayloadAsync(JsonWebToken jsonWebToken, TokenValidationParameters validationParameters, BaseConfiguration configuration)
   at Microsoft.IdentityModel.JsonWebTokens.JsonWebTokenHandler.ValidateJWSAsync(JsonWebToken jsonWebToken, TokenValidationParameters validationParameters, BaseConfiguration configuration)
2026-05-09 10:24:11.791 -08:00 [INF] Authorization header exists: true
2026-05-09 10:24:11.824 -08:00 [ERR] JWT authentication failed
Microsoft.IdentityModel.Tokens.SecurityTokenExpiredException: IDX10223: Lifetime validation failed. The token is expired. ValidTo (UTC): '09-05-2026 12:58:06', Current time (UTC): '09-05-2026 18:24:11'.
   at Microsoft.IdentityModel.Tokens.ValidatorUtilities.ValidateLifetime(Nullable`1 notBefore, Nullable`1 expires, SecurityToken securityToken, TokenValidationParameters validationParameters)
   at Microsoft.IdentityModel.Tokens.Validators.ValidateLifetime(Nullable`1 notBefore, Nullable`1 expires, SecurityToken securityToken, TokenValidationParameters validationParameters)
   at Microsoft.IdentityModel.JsonWebTokens.JsonWebTokenHandler.ValidateTokenPayloadAsync(JsonWebToken jsonWebToken, TokenValidationParameters validationParameters, BaseConfiguration configuration)
   at Microsoft.IdentityModel.JsonWebTokens.JsonWebTokenHandler.ValidateJWSAsync(JsonWebToken jsonWebToken, TokenValidationParameters validationParameters, BaseConfiguration configuration)
2026-05-09 10:24:11.911 -08:00 [WRN] JWT challenge. Error=invalid_token, Description=The token expired at '05/09/2026 12:58:06'
2026-05-09 10:24:11.909 -08:00 [ERR] JWT authentication failed
Microsoft.IdentityModel.Tokens.SecurityTokenExpiredException: IDX10223: Lifetime validation failed. The token is expired. ValidTo (UTC): '09-05-2026 12:58:06', Current time (UTC): '09-05-2026 18:24:11'.
   at Microsoft.IdentityModel.Tokens.ValidatorUtilities.ValidateLifetime(Nullable`1 notBefore, Nullable`1 expires, SecurityToken securityToken, TokenValidationParameters validationParameters)
   at Microsoft.IdentityModel.Tokens.Validators.ValidateLifetime(Nullable`1 notBefore, Nullable`1 expires, SecurityToken securityToken, TokenValidationParameters validationParameters)
   at Microsoft.IdentityModel.JsonWebTokens.JsonWebTokenHandler.ValidateTokenPayloadAsync(JsonWebToken jsonWebToken, TokenValidationParameters validationParameters, BaseConfiguration configuration)
   at Microsoft.IdentityModel.JsonWebTokens.JsonWebTokenHandler.ValidateJWSAsync(JsonWebToken jsonWebToken, TokenValidationParameters validationParameters, BaseConfiguration configuration)
2026-05-09 10:24:11.945 -08:00 [INF] HTTP GET /api/Logs completed with 401 in 153 ms (0HNLDUVC1NL5U:00000009)
2026-05-09 10:24:11.942 -08:00 [ERR] JWT authentication failed
Microsoft.IdentityModel.Tokens.SecurityTokenExpiredException: IDX10223: Lifetime validation failed. The token is expired. ValidTo (UTC): '09-05-2026 12:58:06', Current time (UTC): '09-05-2026 18:24:11'.
   at Microsoft.IdentityModel.Tokens.ValidatorUtilities.ValidateLifetime(Nullable`1 notBefore, Nullable`1 expires, SecurityToken securityToken, TokenValidationParameters validationParameters)
   at Microsoft.IdentityModel.Tokens.Validators.ValidateLifetime(Nullable`1 notBefore, Nullable`1 expires, SecurityToken securityToken, TokenValidationParameters validationParameters)
   at Microsoft.IdentityModel.JsonWebTokens.JsonWebTokenHandler.ValidateTokenPayloadAsync(JsonWebToken jsonWebToken, TokenValidationParameters validationParameters, BaseConfiguration configuration)
   at Microsoft.IdentityModel.JsonWebTokens.JsonWebTokenHandler.ValidateJWSAsync(JsonWebToken jsonWebToken, TokenValidationParameters validationParameters, BaseConfiguration configuration)
2026-05-09 10:24:11.944 -08:00 [WRN] JWT challenge. Error=invalid_token, Description=The token expired at '05/09/2026 12:58:06'
2026-05-09 10:24:11.950 -08:00 [WRN] JWT challenge. Error=invalid_token, Description=The token expired at '05/09/2026 12:58:06'
2026-05-09 10:24:11.954 -08:00 [WRN] JWT challenge. Error=invalid_token, Description=The token expired at '05/09/2026 12:58:06'
2026-05-09 10:24:11.955 -08:00 [INF] HTTP GET /api/error-logs completed with 401 in 163 ms (0HNLDUVC1NL5U:0000000B)
2026-05-09 10:24:11.956 -08:00 [INF] HTTP GET /api/Users/dashboard completed with 401 in 164 ms (0HNLDUVC1NL5U:0000000F)
2026-05-09 10:24:11.957 -08:00 [INF] HTTP GET /api/AccessPolicies completed with 401 in 165 ms (0HNLDUVC1NL5U:0000000D)
2026-05-09 10:27:37.331 -08:00 [INF] Authorization header exists: false
2026-05-09 10:27:37.399 -08:00 [INF] MediatR handling started LoginCommand
2026-05-09 10:27:38.019 -08:00 [INF] MediatR handling completed LoginCommand in 620 ms
2026-05-09 10:27:38.034 -08:00 [INF] HTTP POST /api/Auth/login completed with 200 in 702 ms (0HNLDUVC1NL5U:00000013)
2026-05-09 10:27:38.122 -08:00 [INF] Authorization header exists: true
2026-05-09 10:27:38.123 -08:00 [INF] Authorization header exists: true
2026-05-09 10:27:38.122 -08:00 [INF] Authorization header exists: true
2026-05-09 10:27:38.122 -08:00 [INF] Authorization header exists: true
2026-05-09 10:27:38.135 -08:00 [INF] JWT token validated. IsAuthenticated=true
2026-05-09 10:27:38.135 -08:00 [INF] JWT token validated. IsAuthenticated=true
2026-05-09 10:27:38.135 -08:00 [INF] JWT token validated. IsAuthenticated=true
2026-05-09 10:27:38.135 -08:00 [INF] JWT token validated. IsAuthenticated=true
2026-05-09 10:27:38.146 -08:00 [INF] MediatR handling started ListAccessPoliciesQuery
2026-05-09 10:27:38.146 -08:00 [INF] MediatR handling started GetUsersDashboardQuery
2026-05-09 10:27:38.154 -08:00 [INF] Access policy check started for users:read
2026-05-09 10:27:38.154 -08:00 [INF] Access policy check started for accessPolicies:read
2026-05-09 10:27:38.179 -08:00 [INF] MediatR handling started GetErrorLogsQuery
2026-05-09 10:27:38.179 -08:00 [INF] MediatR handling started GetLogsQuery
2026-05-09 10:27:38.197 -08:00 [INF] Access policy evaluation for users:read. UserId=790c2c93-d8e6-4b61-8a11-e4190a1c0805, Roles=[Admin], ActiveRules=3, SubjectMatched=1, ResourceActionMatched=1, Allows=1, Denies=0, Decision=Allowed
2026-05-09 10:27:38.204 -08:00 [INF] Access policy check started for logs:read
2026-05-09 10:27:38.205 -08:00 [INF] Access policy check started for errorLogs:read
2026-05-09 10:27:38.208 -08:00 [INF] Access policy evaluation for logs:read. UserId=790c2c93-d8e6-4b61-8a11-e4190a1c0805, Roles=[Admin], ActiveRules=3, SubjectMatched=1, ResourceActionMatched=1, Allows=1, Denies=0, Decision=Allowed
2026-05-09 10:27:38.209 -08:00 [INF] Access policy evaluation for errorLogs:read. UserId=790c2c93-d8e6-4b61-8a11-e4190a1c0805, Roles=[Admin], ActiveRules=3, SubjectMatched=1, ResourceActionMatched=1, Allows=1, Denies=0, Decision=Allowed
2026-05-09 10:27:38.212 -08:00 [INF] Access policy query filter started for users:read
2026-05-09 10:27:38.217 -08:00 [INF] Access policy query filter for users:read. UserId=790c2c93-d8e6-4b61-8a11-e4190a1c0805, Roles=[Admin], ActiveRules=3, SubjectMatched=1, ResourceActionMatched=1, Allows=1, Denies=0
2026-05-09 10:27:38.224 -08:00 [INF] Access policy evaluation for accessPolicies:read. UserId=790c2c93-d8e6-4b61-8a11-e4190a1c0805, Roles=[Admin], ActiveRules=3, SubjectMatched=1, ResourceActionMatched=1, Allows=1, Denies=0, Decision=Allowed
2026-05-09 10:27:38.238 -08:00 [INF] MediatR handling completed ListAccessPoliciesQuery in 92 ms
2026-05-09 10:27:38.265 -08:00 [INF] HTTP GET /api/AccessPolicies completed with 200 in 141 ms (0HNLDUVC1NL5U:00000023)
2026-05-09 10:27:38.354 -08:00 [INF] MediatR handling completed GetUsersDashboardQuery in 208 ms
2026-05-09 10:27:38.366 -08:00 [INF] HTTP GET /api/Users/dashboard completed with 200 in 243 ms (0HNLDUVC1NL5U:0000001D)
2026-05-09 10:27:38.400 -08:00 [INF] MediatR handling completed GetLogsQuery in 220 ms
2026-05-09 10:27:38.400 -08:00 [INF] MediatR handling completed GetErrorLogsQuery in 221 ms
2026-05-09 10:27:38.423 -08:00 [INF] HTTP GET /api/error-logs completed with 200 in 300 ms (0HNLDUVC1NL5U:00000021)
2026-05-09 10:27:38.423 -08:00 [INF] HTTP GET /api/Logs completed with 200 in 300 ms (0HNLDUVC1NL5U:0000001F)
2026-05-09 10:27:47.287 -08:00 [INF] Authorization header exists: true
2026-05-09 10:27:47.287 -08:00 [INF] Authorization header exists: true
2026-05-09 10:27:47.288 -08:00 [INF] JWT token validated. IsAuthenticated=true
2026-05-09 10:27:47.289 -08:00 [INF] JWT token validated. IsAuthenticated=true
2026-05-09 10:27:47.290 -08:00 [INF] MediatR handling started ListAccessPoliciesQuery
2026-05-09 10:27:47.291 -08:00 [INF] Access policy check started for accessPolicies:read
2026-05-09 10:27:47.293 -08:00 [INF] Access policy evaluation for accessPolicies:read. UserId=790c2c93-d8e6-4b61-8a11-e4190a1c0805, Roles=[Admin], ActiveRules=3, SubjectMatched=1, ResourceActionMatched=1, Allows=1, Denies=0, Decision=Allowed
2026-05-09 10:27:47.298 -08:00 [INF] MediatR handling completed ListAccessPoliciesQuery in 8 ms
2026-05-09 10:27:47.299 -08:00 [INF] MediatR handling started GetAccessPolicyOptionsQuery
2026-05-09 10:27:47.300 -08:00 [INF] HTTP GET /api/AccessPolicies completed with 200 in 13 ms (0HNLDUVC1NL5U:00000029)
2026-05-09 10:27:47.302 -08:00 [INF] Access policy check started for accessPolicies:read
2026-05-09 10:27:47.307 -08:00 [INF] Access policy evaluation for accessPolicies:read. UserId=790c2c93-d8e6-4b61-8a11-e4190a1c0805, Roles=[Admin], ActiveRules=3, SubjectMatched=1, ResourceActionMatched=1, Allows=1, Denies=0, Decision=Allowed
2026-05-09 10:27:47.321 -08:00 [INF] MediatR handling completed GetAccessPolicyOptionsQuery in 22 ms
2026-05-09 10:27:47.334 -08:00 [INF] HTTP GET /api/AccessPolicies/options completed with 200 in 46 ms (0HNLDUVC1NL5U:0000002B)
2026-05-09 10:27:50.529 -08:00 [INF] Authorization header exists: true
2026-05-09 10:27:50.530 -08:00 [INF] JWT token validated. IsAuthenticated=true
2026-05-09 10:27:50.546 -08:00 [INF] MediatR handling started GetSessionsQuery
2026-05-09 10:27:50.551 -08:00 [INF] Access policy check started for sessions:read
2026-05-09 10:27:50.554 -08:00 [INF] Access policy evaluation for sessions:read. UserId=790c2c93-d8e6-4b61-8a11-e4190a1c0805, Roles=[Admin], ActiveRules=3, SubjectMatched=1, ResourceActionMatched=1, Allows=1, Denies=0, Decision=Allowed
2026-05-09 10:27:50.642 -08:00 [INF] MediatR handling completed GetSessionsQuery in 95 ms
2026-05-09 10:27:50.652 -08:00 [INF] HTTP GET /api/Sessions completed with 200 in 123 ms (0HNLDUVC1NL5U:0000002F)
2026-05-09 10:27:50.874 -08:00 [INF] Authorization header exists: true
2026-05-09 10:27:50.876 -08:00 [INF] JWT token validated. IsAuthenticated=true
2026-05-09 10:27:50.876 -08:00 [INF] Authorization header exists: true
2026-05-09 10:27:50.878 -08:00 [INF] MediatR handling started GetSessionsQuery
2026-05-09 10:27:50.878 -08:00 [INF] JWT token validated. IsAuthenticated=true
2026-05-09 10:27:50.879 -08:00 [INF] Access policy check started for sessions:read
2026-05-09 10:27:50.880 -08:00 [INF] MediatR handling started GetSessionsQuery
2026-05-09 10:27:50.882 -08:00 [INF] Access policy evaluation for sessions:read. UserId=790c2c93-d8e6-4b61-8a11-e4190a1c0805, Roles=[Admin], ActiveRules=3, SubjectMatched=1, ResourceActionMatched=1, Allows=1, Denies=0, Decision=Allowed
2026-05-09 10:27:50.887 -08:00 [INF] Access policy check started for sessions:read
2026-05-09 10:27:50.888 -08:00 [INF] MediatR handling completed GetSessionsQuery in 10 ms
2026-05-09 10:27:50.889 -08:00 [INF] HTTP GET /api/Sessions completed with 200 in 15 ms (0HNLDUVC1NL5U:00000033)
2026-05-09 10:27:50.890 -08:00 [INF] Access policy evaluation for sessions:read. UserId=790c2c93-d8e6-4b61-8a11-e4190a1c0805, Roles=[Admin], ActiveRules=3, SubjectMatched=1, ResourceActionMatched=1, Allows=1, Denies=0, Decision=Allowed
2026-05-09 10:27:50.897 -08:00 [INF] MediatR handling completed GetSessionsQuery in 16 ms
2026-05-09 10:27:50.898 -08:00 [INF] HTTP GET /api/Sessions completed with 200 in 22 ms (0HNLDUVC1NL5U:00000035)
2026-05-09 10:28:04.771 -08:00 [INF] Authorization header exists: true
2026-05-09 10:28:04.771 -08:00 [INF] Authorization header exists: true
2026-05-09 10:28:04.771 -08:00 [INF] Authorization header exists: true
2026-05-09 10:28:04.771 -08:00 [INF] Authorization header exists: true
2026-05-09 10:28:04.853 -08:00 [ERR] JWT authentication failed
Microsoft.IdentityModel.Tokens.SecurityTokenExpiredException: IDX10223: Lifetime validation failed. The token is expired. ValidTo (UTC): '09-05-2026 13:08:09', Current time (UTC): '09-05-2026 18:28:04'.
   at Microsoft.IdentityModel.Tokens.ValidatorUtilities.ValidateLifetime(Nullable`1 notBefore, Nullable`1 expires, SecurityToken securityToken, TokenValidationParameters validationParameters)
   at Microsoft.IdentityModel.Tokens.Validators.ValidateLifetime(Nullable`1 notBefore, Nullable`1 expires, SecurityToken securityToken, TokenValidationParameters validationParameters)
   at Microsoft.IdentityModel.JsonWebTokens.JsonWebTokenHandler.ValidateTokenPayloadAsync(JsonWebToken jsonWebToken, TokenValidationParameters validationParameters, BaseConfiguration configuration)
   at Microsoft.IdentityModel.JsonWebTokens.JsonWebTokenHandler.ValidateJWSAsync(JsonWebToken jsonWebToken, TokenValidationParameters validationParameters, BaseConfiguration configuration)
2026-05-09 10:28:04.826 -08:00 [ERR] JWT authentication failed
Microsoft.IdentityModel.Tokens.SecurityTokenExpiredException: IDX10223: Lifetime validation failed. The token is expired. ValidTo (UTC): '09-05-2026 13:08:09', Current time (UTC): '09-05-2026 18:28:04'.
   at Microsoft.IdentityModel.Tokens.ValidatorUtilities.ValidateLifetime(Nullable`1 notBefore, Nullable`1 expires, SecurityToken securityToken, TokenValidationParameters validationParameters)
   at Microsoft.IdentityModel.Tokens.Validators.ValidateLifetime(Nullable`1 notBefore, Nullable`1 expires, SecurityToken securityToken, TokenValidationParameters validationParameters)
   at Microsoft.IdentityModel.JsonWebTokens.JsonWebTokenHandler.ValidateTokenPayloadAsync(JsonWebToken jsonWebToken, TokenValidationParameters validationParameters, BaseConfiguration configuration)
   at Microsoft.IdentityModel.JsonWebTokens.JsonWebTokenHandler.ValidateJWSAsync(JsonWebToken jsonWebToken, TokenValidationParameters validationParameters, BaseConfiguration configuration)
2026-05-09 10:28:04.801 -08:00 [ERR] JWT authentication failed
Microsoft.IdentityModel.Tokens.SecurityTokenExpiredException: IDX10223: Lifetime validation failed. The token is expired. ValidTo (UTC): '09-05-2026 13:08:09', Current time (UTC): '09-05-2026 18:28:04'.
   at Microsoft.IdentityModel.Tokens.ValidatorUtilities.ValidateLifetime(Nullable`1 notBefore, Nullable`1 expires, SecurityToken securityToken, TokenValidationParameters validationParameters)
   at Microsoft.IdentityModel.Tokens.Validators.ValidateLifetime(Nullable`1 notBefore, Nullable`1 expires, SecurityToken securityToken, TokenValidationParameters validationParameters)
   at Microsoft.IdentityModel.JsonWebTokens.JsonWebTokenHandler.ValidateTokenPayloadAsync(JsonWebToken jsonWebToken, TokenValidationParameters validationParameters, BaseConfiguration configuration)
   at Microsoft.IdentityModel.JsonWebTokens.JsonWebTokenHandler.ValidateJWSAsync(JsonWebToken jsonWebToken, TokenValidationParameters validationParameters, BaseConfiguration configuration)
2026-05-09 10:28:04.878 -08:00 [ERR] JWT authentication failed
Microsoft.IdentityModel.Tokens.SecurityTokenExpiredException: IDX10223: Lifetime validation failed. The token is expired. ValidTo (UTC): '09-05-2026 13:08:09', Current time (UTC): '09-05-2026 18:28:04'.
   at Microsoft.IdentityModel.Tokens.ValidatorUtilities.ValidateLifetime(Nullable`1 notBefore, Nullable`1 expires, SecurityToken securityToken, TokenValidationParameters validationParameters)
   at Microsoft.IdentityModel.Tokens.Validators.ValidateLifetime(Nullable`1 notBefore, Nullable`1 expires, SecurityToken securityToken, TokenValidationParameters validationParameters)
   at Microsoft.IdentityModel.JsonWebTokens.JsonWebTokenHandler.ValidateTokenPayloadAsync(JsonWebToken jsonWebToken, TokenValidationParameters validationParameters, BaseConfiguration configuration)
   at Microsoft.IdentityModel.JsonWebTokens.JsonWebTokenHandler.ValidateJWSAsync(JsonWebToken jsonWebToken, TokenValidationParameters validationParameters, BaseConfiguration configuration)
2026-05-09 10:28:04.880 -08:00 [WRN] JWT challenge. Error=invalid_token, Description=The token expired at '05/09/2026 13:08:09'
2026-05-09 10:28:04.880 -08:00 [WRN] JWT challenge. Error=invalid_token, Description=The token expired at '05/09/2026 13:08:09'
2026-05-09 10:28:04.881 -08:00 [WRN] JWT challenge. Error=invalid_token, Description=The token expired at '05/09/2026 13:08:09'
2026-05-09 10:28:04.882 -08:00 [WRN] JWT challenge. Error=invalid_token, Description=The token expired at '05/09/2026 13:08:09'
2026-05-09 10:28:04.883 -08:00 [INF] HTTP GET /api/AccessPolicies completed with 401 in 111 ms (0HNLDUVC1NL5V:0000000D)
2026-05-09 10:28:04.883 -08:00 [INF] HTTP GET /api/Logs completed with 401 in 112 ms (0HNLDUVC1NL5V:00000009)
2026-05-09 10:28:04.884 -08:00 [INF] HTTP GET /api/Users/dashboard completed with 401 in 113 ms (0HNLDUVC1NL5V:0000000F)
2026-05-09 10:28:04.885 -08:00 [INF] HTTP GET /api/error-logs completed with 401 in 114 ms (0HNLDUVC1NL5V:0000000B)
2026-05-09 10:28:12.379 -08:00 [INF] Authorization header exists: false
2026-05-09 10:28:12.381 -08:00 [INF] MediatR handling started LoginCommand
2026-05-09 10:28:12.459 -08:00 [ERR] MediatR handling failed LoginCommand after 77 ms
FluentValidation.ValidationException: Validation failed: 
 -- : Invalid email or password. Severity: Error
   at algo.Application.Features.Auth.Commands.Login.LoginCommandHandler.Handle(LoginCommand request, CancellationToken cancellationToken) in C:\PrivateProject\algo.bytes\src\algo.Application\Features\Auth\Commands\Login\LoginCommandHandler.cs:line 23
   at algo.Application.Behaviors.ValidationBehavior`2.Handle(TRequest request, RequestHandlerDelegate`1 next, CancellationToken cancellationToken) in C:\PrivateProject\algo.bytes\src\algo.Application\Behaviors\ValidationBehavior.cs:line 29
   at algo.Application.Behaviors.LoggingBehavior`2.Handle(TRequest request, RequestHandlerDelegate`1 next, CancellationToken cancellationToken) in C:\PrivateProject\algo.bytes\src\algo.Application\Behaviors\LoggingBehavior.cs:line 31
2026-05-09 10:28:12.610 -08:00 [INF] HTTP POST /api/Auth/login completed with 400 in 230 ms (0HNLDUVC1NL5V:00000013)
2026-05-09 10:28:17.384 -08:00 [INF] Authorization header exists: false
2026-05-09 10:28:17.387 -08:00 [INF] MediatR handling started LoginCommand
2026-05-09 10:28:17.453 -08:00 [ERR] MediatR handling failed LoginCommand after 65 ms
FluentValidation.ValidationException: Validation failed: 
 -- : Invalid email or password. Severity: Error
   at algo.Application.Features.Auth.Commands.Login.LoginCommandHandler.Handle(LoginCommand request, CancellationToken cancellationToken) in C:\PrivateProject\algo.bytes\src\algo.Application\Features\Auth\Commands\Login\LoginCommandHandler.cs:line 23
   at algo.Application.Behaviors.ValidationBehavior`2.Handle(TRequest request, RequestHandlerDelegate`1 next, CancellationToken cancellationToken) in C:\PrivateProject\algo.bytes\src\algo.Application\Behaviors\ValidationBehavior.cs:line 29
   at algo.Application.Behaviors.LoggingBehavior`2.Handle(TRequest request, RequestHandlerDelegate`1 next, CancellationToken cancellationToken) in C:\PrivateProject\algo.bytes\src\algo.Application\Behaviors\LoggingBehavior.cs:line 31
2026-05-09 10:28:17.561 -08:00 [INF] HTTP POST /api/Auth/login completed with 400 in 176 ms (0HNLDUVC1NL5V:00000017)
2026-05-09 10:28:25.036 -08:00 [INF] Authorization header exists: false
2026-05-09 10:28:25.036 -08:00 [INF] MediatR handling started LoginCommand
2026-05-09 10:28:25.097 -08:00 [INF] MediatR handling completed LoginCommand in 60 ms
2026-05-09 10:28:25.098 -08:00 [INF] HTTP POST /api/Auth/login completed with 200 in 62 ms (0HNLDUVC1NL5V:0000001B)
2026-05-09 10:28:25.117 -08:00 [INF] Authorization header exists: true
2026-05-09 10:28:25.117 -08:00 [INF] Authorization header exists: true
2026-05-09 10:28:25.120 -08:00 [INF] JWT token validated. IsAuthenticated=true
2026-05-09 10:28:25.121 -08:00 [INF] Authorization header exists: true
2026-05-09 10:28:25.121 -08:00 [INF] Authorization header exists: true
2026-05-09 10:28:25.121 -08:00 [INF] JWT token validated. IsAuthenticated=true
2026-05-09 10:28:25.123 -08:00 [INF] JWT token validated. IsAuthenticated=true
2026-05-09 10:28:25.123 -08:00 [INF] MediatR handling started GetLogsQuery
2026-05-09 10:28:25.123 -08:00 [INF] JWT token validated. IsAuthenticated=true
2026-05-09 10:28:25.124 -08:00 [INF] MediatR handling started GetUsersDashboardQuery
2026-05-09 10:28:25.125 -08:00 [INF] MediatR handling started ListAccessPoliciesQuery
2026-05-09 10:28:25.126 -08:00 [INF] Access policy check started for logs:read
2026-05-09 10:28:25.127 -08:00 [INF] MediatR handling started GetErrorLogsQuery
2026-05-09 10:28:25.127 -08:00 [INF] Access policy check started for users:read
2026-05-09 10:28:25.128 -08:00 [INF] Access policy check started for accessPolicies:read
2026-05-09 10:28:25.130 -08:00 [INF] Access policy check started for errorLogs:read
2026-05-09 10:28:25.131 -08:00 [INF] Access policy evaluation for logs:read. UserId=d1ed8be4-9703-45f0-935f-3c39601b55e1, Roles=[], ActiveRules=3, SubjectMatched=0, ResourceActionMatched=0, Allows=0, Denies=0, Decision=Denied
2026-05-09 10:28:25.133 -08:00 [INF] Access policy evaluation for users:read. UserId=d1ed8be4-9703-45f0-935f-3c39601b55e1, Roles=[], ActiveRules=3, SubjectMatched=0, ResourceActionMatched=0, Allows=0, Denies=0, Decision=Denied
2026-05-09 10:28:25.133 -08:00 [INF] Access policy evaluation for accessPolicies:read. UserId=d1ed8be4-9703-45f0-935f-3c39601b55e1, Roles=[], ActiveRules=3, SubjectMatched=0, ResourceActionMatched=0, Allows=0, Denies=0, Decision=Denied
2026-05-09 10:28:25.234 -08:00 [ERR] MediatR handling failed GetLogsQuery after 110 ms
FluentValidation.ValidationException: Validation failed: 
 -- authorization: Forbidden: logs:read. Severity: Error
   at algo.Application.Common.AccessPolicy.AccessPolicyAuthorizationExtensions.EnsureResourceActionAllowedAsync(IAccessPolicyEvaluator evaluator, IApplicationDbContext db, String resource, String action, CancellationToken cancellationToken) in C:\PrivateProject\algo.bytes\src\algo.Application\Common\AccessPolicy\AccessPolicyAuthorizationExtensions.cs:line 19
   at algo.Application.Features.Logs.Queries.GetLogs.GetLogsQueryHandler.Handle(GetLogsQuery request, CancellationToken cancellationToken) in C:\PrivateProject\algo.bytes\src\algo.Application\Features\Logs\Queries\GetLogs\GetLogsQueryHandler.cs:line 20
   at algo.Application.Behaviors.ValidationBehavior`2.Handle(TRequest request, RequestHandlerDelegate`1 next, CancellationToken cancellationToken) in C:\PrivateProject\algo.bytes\src\algo.Application\Behaviors\ValidationBehavior.cs:line 29
   at algo.Application.Behaviors.LoggingBehavior`2.Handle(TRequest request, RequestHandlerDelegate`1 next, CancellationToken cancellationToken) in C:\PrivateProject\algo.bytes\src\algo.Application\Behaviors\LoggingBehavior.cs:line 31
2026-05-09 10:28:25.319 -08:00 [ERR] MediatR handling failed GetUsersDashboardQuery after 194 ms
FluentValidation.ValidationException: Validation failed: 
 -- authorization: Forbidden: users:read. Severity: Error
   at algo.Application.Common.AccessPolicy.AccessPolicyAuthorizationExtensions.EnsureResourceActionAllowedAsync(IAccessPolicyEvaluator evaluator, IApplicationDbContext db, String resource, String action, CancellationToken cancellationToken) in C:\PrivateProject\algo.bytes\src\algo.Application\Common\AccessPolicy\AccessPolicyAuthorizationExtensions.cs:line 19
   at algo.Application.Features.Users.Queries.GetUsersDashboard.GetUsersDashboardQueryHandler.Handle(GetUsersDashboardQuery request, CancellationToken cancellationToken) in C:\PrivateProject\algo.bytes\src\algo.Application\Features\Users\Queries\GetUsersDashboard\GetUsersDashboardQueryHandler.cs:line 16
   at algo.Application.Behaviors.ValidationBehavior`2.Handle(TRequest request, RequestHandlerDelegate`1 next, CancellationToken cancellationToken) in C:\PrivateProject\algo.bytes\src\algo.Application\Behaviors\ValidationBehavior.cs:line 29
   at algo.Application.Behaviors.LoggingBehavior`2.Handle(TRequest request, RequestHandlerDelegate`1 next, CancellationToken cancellationToken) in C:\PrivateProject\algo.bytes\src\algo.Application\Behaviors\LoggingBehavior.cs:line 31
2026-05-09 10:28:25.404 -08:00 [ERR] MediatR handling failed ListAccessPoliciesQuery after 278 ms
FluentValidation.ValidationException: Validation failed: 
 -- authorization: Forbidden: accessPolicies:read. Severity: Error
   at algo.Application.Common.AccessPolicy.AccessPolicyAuthorizationExtensions.EnsureResourceActionAllowedAsync(IAccessPolicyEvaluator evaluator, IApplicationDbContext db, String resource, String action, CancellationToken cancellationToken) in C:\PrivateProject\algo.bytes\src\algo.Application\Common\AccessPolicy\AccessPolicyAuthorizationExtensions.cs:line 19
   at algo.Application.Features.AccessPolicies.Queries.ListAccessPolicies.ListAccessPoliciesQueryHandler.Handle(ListAccessPoliciesQuery request, CancellationToken cancellationToken) in C:\PrivateProject\algo.bytes\src\algo.Application\Features\AccessPolicies\Queries\ListAccessPolicies\ListAccessPoliciesQueryHandler.cs:line 18
   at algo.Application.Behaviors.ValidationBehavior`2.Handle(TRequest request, RequestHandlerDelegate`1 next, CancellationToken cancellationToken) in C:\PrivateProject\algo.bytes\src\algo.Application\Behaviors\ValidationBehavior.cs:line 29
   at algo.Application.Behaviors.LoggingBehavior`2.Handle(TRequest request, RequestHandlerDelegate`1 next, CancellationToken cancellationToken) in C:\PrivateProject\algo.bytes\src\algo.Application\Behaviors\LoggingBehavior.cs:line 31
2026-05-09 10:28:25.704 -08:00 [INF] HTTP GET /api/Users/dashboard completed with 403 in 587 ms (0HNLDUVC1NL5V:00000021)
2026-05-09 10:28:25.570 -08:00 [INF] HTTP GET /api/Logs completed with 403 in 452 ms (0HNLDUVC1NL5V:00000023)
2026-05-09 10:28:25.134 -08:00 [INF] Access policy evaluation for errorLogs:read. UserId=d1ed8be4-9703-45f0-935f-3c39601b55e1, Roles=[], ActiveRules=3, SubjectMatched=0, ResourceActionMatched=0, Allows=0, Denies=0, Decision=Denied
2026-05-09 10:28:25.853 -08:00 [INF] HTTP GET /api/AccessPolicies completed with 403 in 732 ms (0HNLDUVC1NL5V:0000002B)
2026-05-09 10:28:25.939 -08:00 [ERR] MediatR handling failed GetErrorLogsQuery after 812 ms
FluentValidation.ValidationException: Validation failed: 
 -- authorization: Forbidden: errorLogs:read. Severity: Error
   at algo.Application.Common.AccessPolicy.AccessPolicyAuthorizationExtensions.EnsureResourceActionAllowedAsync(IAccessPolicyEvaluator evaluator, IApplicationDbContext db, String resource, String action, CancellationToken cancellationToken) in C:\PrivateProject\algo.bytes\src\algo.Application\Common\AccessPolicy\AccessPolicyAuthorizationExtensions.cs:line 19
   at algo.Application.Features.ErrorLogs.Queries.GetErrorLogs.GetErrorLogsQueryHandler.Handle(GetErrorLogsQuery request, CancellationToken cancellationToken) in C:\PrivateProject\algo.bytes\src\algo.Application\Features\ErrorLogs\Queries\GetErrorLogs\GetErrorLogsQueryHandler.cs:line 22
   at algo.Application.Behaviors.ValidationBehavior`2.Handle(TRequest request, RequestHandlerDelegate`1 next, CancellationToken cancellationToken) in C:\PrivateProject\algo.bytes\src\algo.Application\Behaviors\ValidationBehavior.cs:line 29
   at algo.Application.Behaviors.LoggingBehavior`2.Handle(TRequest request, RequestHandlerDelegate`1 next, CancellationToken cancellationToken) in C:\PrivateProject\algo.bytes\src\algo.Application\Behaviors\LoggingBehavior.cs:line 31
2026-05-09 10:28:26.056 -08:00 [INF] HTTP GET /api/error-logs completed with 403 in 935 ms (0HNLDUVC1NL5V:00000029)
2026-05-09 10:28:35.776 -08:00 [INF] Authorization header exists: true
2026-05-09 10:28:35.778 -08:00 [INF] JWT token validated. IsAuthenticated=true
2026-05-09 10:28:35.779 -08:00 [INF] MediatR handling started GetSessionsQuery
2026-05-09 10:28:35.780 -08:00 [INF] Access policy check started for sessions:read
2026-05-09 10:28:35.782 -08:00 [INF] Access policy evaluation for sessions:read. UserId=d1ed8be4-9703-45f0-935f-3c39601b55e1, Roles=[], ActiveRules=3, SubjectMatched=0, ResourceActionMatched=0, Allows=0, Denies=0, Decision=Denied
2026-05-09 10:28:35.869 -08:00 [ERR] MediatR handling failed GetSessionsQuery after 90 ms
FluentValidation.ValidationException: Validation failed: 
 -- authorization: Forbidden: sessions:read. Severity: Error
   at algo.Application.Common.AccessPolicy.AccessPolicyAuthorizationExtensions.EnsureResourceActionAllowedAsync(IAccessPolicyEvaluator evaluator, IApplicationDbContext db, String resource, String action, CancellationToken cancellationToken) in C:\PrivateProject\algo.bytes\src\algo.Application\Common\AccessPolicy\AccessPolicyAuthorizationExtensions.cs:line 19
   at algo.Application.Features.Sessions.Queries.GetSessions.GetSessionsQueryHandler.Handle(GetSessionsQuery request, CancellationToken cancellationToken) in C:\PrivateProject\algo.bytes\src\algo.Application\Features\Sessions\Queries\GetSessions\GetSessionsQueryHandler.cs:line 21
   at algo.Application.Behaviors.ValidationBehavior`2.Handle(TRequest request, RequestHandlerDelegate`1 next, CancellationToken cancellationToken) in C:\PrivateProject\algo.bytes\src\algo.Application\Behaviors\ValidationBehavior.cs:line 29
   at algo.Application.Behaviors.LoggingBehavior`2.Handle(TRequest request, RequestHandlerDelegate`1 next, CancellationToken cancellationToken) in C:\PrivateProject\algo.bytes\src\algo.Application\Behaviors\LoggingBehavior.cs:line 31
2026-05-09 10:28:35.987 -08:00 [INF] HTTP GET /api/Sessions completed with 403 in 210 ms (0HNLDUVC1NL5V:0000002F)
2026-05-09 10:28:36.311 -08:00 [INF] Authorization header exists: true
2026-05-09 10:28:36.311 -08:00 [INF] Authorization header exists: true
2026-05-09 10:28:36.312 -08:00 [INF] JWT token validated. IsAuthenticated=true
2026-05-09 10:28:36.312 -08:00 [INF] JWT token validated. IsAuthenticated=true
2026-05-09 10:28:36.313 -08:00 [INF] MediatR handling started GetSessionsQuery
2026-05-09 10:28:36.313 -08:00 [INF] MediatR handling started GetSessionsQuery
2026-05-09 10:28:36.313 -08:00 [INF] Access policy check started for sessions:read
2026-05-09 10:28:36.314 -08:00 [INF] Access policy check started for sessions:read
2026-05-09 10:28:36.316 -08:00 [INF] Access policy evaluation for sessions:read. UserId=d1ed8be4-9703-45f0-935f-3c39601b55e1, Roles=[], ActiveRules=3, SubjectMatched=0, ResourceActionMatched=0, Allows=0, Denies=0, Decision=Denied
2026-05-09 10:28:36.317 -08:00 [INF] Access policy evaluation for sessions:read. UserId=d1ed8be4-9703-45f0-935f-3c39601b55e1, Roles=[], ActiveRules=3, SubjectMatched=0, ResourceActionMatched=0, Allows=0, Denies=0, Decision=Denied
2026-05-09 10:28:36.463 -08:00 [ERR] MediatR handling failed GetSessionsQuery after 150 ms
FluentValidation.ValidationException: Validation failed: 
 -- authorization: Forbidden: sessions:read. Severity: Error
   at algo.Application.Common.AccessPolicy.AccessPolicyAuthorizationExtensions.EnsureResourceActionAllowedAsync(IAccessPolicyEvaluator evaluator, IApplicationDbContext db, String resource, String action, CancellationToken cancellationToken) in C:\PrivateProject\algo.bytes\src\algo.Application\Common\AccessPolicy\AccessPolicyAuthorizationExtensions.cs:line 19
   at algo.Application.Features.Sessions.Queries.GetSessions.GetSessionsQueryHandler.Handle(GetSessionsQuery request, CancellationToken cancellationToken) in C:\PrivateProject\algo.bytes\src\algo.Application\Features\Sessions\Queries\GetSessions\GetSessionsQueryHandler.cs:line 21
   at algo.Application.Behaviors.ValidationBehavior`2.Handle(TRequest request, RequestHandlerDelegate`1 next, CancellationToken cancellationToken) in C:\PrivateProject\algo.bytes\src\algo.Application\Behaviors\ValidationBehavior.cs:line 29
   at algo.Application.Behaviors.LoggingBehavior`2.Handle(TRequest request, RequestHandlerDelegate`1 next, CancellationToken cancellationToken) in C:\PrivateProject\algo.bytes\src\algo.Application\Behaviors\LoggingBehavior.cs:line 31
2026-05-09 10:28:36.581 -08:00 [ERR] MediatR handling failed GetSessionsQuery after 267 ms
FluentValidation.ValidationException: Validation failed: 
 -- authorization: Forbidden: sessions:read. Severity: Error
   at algo.Application.Common.AccessPolicy.AccessPolicyAuthorizationExtensions.EnsureResourceActionAllowedAsync(IAccessPolicyEvaluator evaluator, IApplicationDbContext db, String resource, String action, CancellationToken cancellationToken) in C:\PrivateProject\algo.bytes\src\algo.Application\Common\AccessPolicy\AccessPolicyAuthorizationExtensions.cs:line 19
   at algo.Application.Features.Sessions.Queries.GetSessions.GetSessionsQueryHandler.Handle(GetSessionsQuery request, CancellationToken cancellationToken) in C:\PrivateProject\algo.bytes\src\algo.Application\Features\Sessions\Queries\GetSessions\GetSessionsQueryHandler.cs:line 21
   at algo.Application.Behaviors.ValidationBehavior`2.Handle(TRequest request, RequestHandlerDelegate`1 next, CancellationToken cancellationToken) in C:\PrivateProject\algo.bytes\src\algo.Application\Behaviors\ValidationBehavior.cs:line 29
   at algo.Application.Behaviors.LoggingBehavior`2.Handle(TRequest request, RequestHandlerDelegate`1 next, CancellationToken cancellationToken) in C:\PrivateProject\algo.bytes\src\algo.Application\Behaviors\LoggingBehavior.cs:line 31
2026-05-09 10:28:36.733 -08:00 [INF] HTTP GET /api/Sessions completed with 403 in 422 ms (0HNLDUVC1NL5V:00000033)
2026-05-09 10:28:36.859 -08:00 [INF] HTTP GET /api/Sessions completed with 403 in 547 ms (0HNLDUVC1NL5V:00000035)
2026-05-09 10:28:38.218 -08:00 [INF] Authorization header exists: true
2026-05-09 10:28:38.218 -08:00 [INF] Authorization header exists: true
2026-05-09 10:28:38.220 -08:00 [INF] JWT token validated. IsAuthenticated=true
2026-05-09 10:28:38.220 -08:00 [INF] JWT token validated. IsAuthenticated=true
2026-05-09 10:28:38.221 -08:00 [INF] MediatR handling started ListAccessPoliciesQuery
2026-05-09 10:28:38.221 -08:00 [INF] MediatR handling started GetAccessPolicyOptionsQuery
2026-05-09 10:28:38.222 -08:00 [INF] Access policy check started for accessPolicies:read
2026-05-09 10:28:38.223 -08:00 [INF] Access policy check started for accessPolicies:read
2026-05-09 10:28:38.225 -08:00 [INF] Access policy evaluation for accessPolicies:read. UserId=d1ed8be4-9703-45f0-935f-3c39601b55e1, Roles=[], ActiveRules=3, SubjectMatched=0, ResourceActionMatched=0, Allows=0, Denies=0, Decision=Denied
2026-05-09 10:28:38.226 -08:00 [INF] Access policy evaluation for accessPolicies:read. UserId=d1ed8be4-9703-45f0-935f-3c39601b55e1, Roles=[], ActiveRules=3, SubjectMatched=0, ResourceActionMatched=0, Allows=0, Denies=0, Decision=Denied
2026-05-09 10:28:38.314 -08:00 [ERR] MediatR handling failed ListAccessPoliciesQuery after 93 ms
FluentValidation.ValidationException: Validation failed: 
 -- authorization: Forbidden: accessPolicies:read. Severity: Error
   at algo.Application.Common.AccessPolicy.AccessPolicyAuthorizationExtensions.EnsureResourceActionAllowedAsync(IAccessPolicyEvaluator evaluator, IApplicationDbContext db, String resource, String action, CancellationToken cancellationToken) in C:\PrivateProject\algo.bytes\src\algo.Application\Common\AccessPolicy\AccessPolicyAuthorizationExtensions.cs:line 19
   at algo.Application.Features.AccessPolicies.Queries.ListAccessPolicies.ListAccessPoliciesQueryHandler.Handle(ListAccessPoliciesQuery request, CancellationToken cancellationToken) in C:\PrivateProject\algo.bytes\src\algo.Application\Features\AccessPolicies\Queries\ListAccessPolicies\ListAccessPoliciesQueryHandler.cs:line 18
   at algo.Application.Behaviors.ValidationBehavior`2.Handle(TRequest request, RequestHandlerDelegate`1 next, CancellationToken cancellationToken) in C:\PrivateProject\algo.bytes\src\algo.Application\Behaviors\ValidationBehavior.cs:line 29
   at algo.Application.Behaviors.LoggingBehavior`2.Handle(TRequest request, RequestHandlerDelegate`1 next, CancellationToken cancellationToken) in C:\PrivateProject\algo.bytes\src\algo.Application\Behaviors\LoggingBehavior.cs:line 31
2026-05-09 10:28:38.427 -08:00 [ERR] MediatR handling failed GetAccessPolicyOptionsQuery after 205 ms
FluentValidation.ValidationException: Validation failed: 
 -- authorization: Forbidden: accessPolicies:read. Severity: Error
   at algo.Application.Common.AccessPolicy.AccessPolicyAuthorizationExtensions.EnsureResourceActionAllowedAsync(IAccessPolicyEvaluator evaluator, IApplicationDbContext db, String resource, String action, CancellationToken cancellationToken) in C:\PrivateProject\algo.bytes\src\algo.Application\Common\AccessPolicy\AccessPolicyAuthorizationExtensions.cs:line 19
   at algo.Application.Features.AccessPolicies.Queries.GetAccessPolicyOptions.GetAccessPolicyOptionsQueryHandler.Handle(GetAccessPolicyOptionsQuery request, CancellationToken cancellationToken) in C:\PrivateProject\algo.bytes\src\algo.Application\Features\AccessPolicies\Queries\GetAccessPolicyOptions\GetAccessPolicyOptionsQueryHandler.cs:line 43
   at algo.Application.Behaviors.ValidationBehavior`2.Handle(TRequest request, RequestHandlerDelegate`1 next, CancellationToken cancellationToken) in C:\PrivateProject\algo.bytes\src\algo.Application\Behaviors\ValidationBehavior.cs:line 29
   at algo.Application.Behaviors.LoggingBehavior`2.Handle(TRequest request, RequestHandlerDelegate`1 next, CancellationToken cancellationToken) in C:\PrivateProject\algo.bytes\src\algo.Application\Behaviors\LoggingBehavior.cs:line 31
2026-05-09 10:28:38.572 -08:00 [INF] HTTP GET /api/AccessPolicies completed with 403 in 353 ms (0HNLDUVC1NL5V:0000003D)
2026-05-09 10:28:38.693 -08:00 [INF] HTTP GET /api/AccessPolicies/options completed with 403 in 474 ms (0HNLDUVC1NL5V:0000003B)
2026-05-09 10:28:40.189 -08:00 [INF] Authorization header exists: true
2026-05-09 10:28:40.190 -08:00 [INF] JWT token validated. IsAuthenticated=true
2026-05-09 10:28:40.191 -08:00 [INF] MediatR handling started GetSessionsQuery
2026-05-09 10:28:40.192 -08:00 [INF] Access policy check started for sessions:read
2026-05-09 10:28:40.194 -08:00 [INF] Access policy evaluation for sessions:read. UserId=d1ed8be4-9703-45f0-935f-3c39601b55e1, Roles=[], ActiveRules=3, SubjectMatched=0, ResourceActionMatched=0, Allows=0, Denies=0, Decision=Denied
2026-05-09 10:28:40.273 -08:00 [ERR] MediatR handling failed GetSessionsQuery after 81 ms
FluentValidation.ValidationException: Validation failed: 
 -- authorization: Forbidden: sessions:read. Severity: Error
   at algo.Application.Common.AccessPolicy.AccessPolicyAuthorizationExtensions.EnsureResourceActionAllowedAsync(IAccessPolicyEvaluator evaluator, IApplicationDbContext db, String resource, String action, CancellationToken cancellationToken) in C:\PrivateProject\algo.bytes\src\algo.Application\Common\AccessPolicy\AccessPolicyAuthorizationExtensions.cs:line 19
   at algo.Application.Features.Sessions.Queries.GetSessions.GetSessionsQueryHandler.Handle(GetSessionsQuery request, CancellationToken cancellationToken) in C:\PrivateProject\algo.bytes\src\algo.Application\Features\Sessions\Queries\GetSessions\GetSessionsQueryHandler.cs:line 21
   at algo.Application.Behaviors.ValidationBehavior`2.Handle(TRequest request, RequestHandlerDelegate`1 next, CancellationToken cancellationToken) in C:\PrivateProject\algo.bytes\src\algo.Application\Behaviors\ValidationBehavior.cs:line 29
   at algo.Application.Behaviors.LoggingBehavior`2.Handle(TRequest request, RequestHandlerDelegate`1 next, CancellationToken cancellationToken) in C:\PrivateProject\algo.bytes\src\algo.Application\Behaviors\LoggingBehavior.cs:line 31
2026-05-09 10:28:40.384 -08:00 [INF] HTTP GET /api/Sessions completed with 403 in 195 ms (0HNLDUVC1NL5V:0000003F)
2026-05-09 10:28:40.643 -08:00 [INF] Authorization header exists: true
2026-05-09 10:28:40.643 -08:00 [INF] Authorization header exists: true
2026-05-09 10:28:40.645 -08:00 [INF] JWT token validated. IsAuthenticated=true
2026-05-09 10:28:40.645 -08:00 [INF] JWT token validated. IsAuthenticated=true
2026-05-09 10:28:40.647 -08:00 [INF] MediatR handling started GetSessionsQuery
2026-05-09 10:28:40.647 -08:00 [INF] MediatR handling started GetSessionsQuery
2026-05-09 10:28:40.647 -08:00 [INF] Access policy check started for sessions:read
2026-05-09 10:28:40.648 -08:00 [INF] Access policy check started for sessions:read
2026-05-09 10:28:40.650 -08:00 [INF] Access policy evaluation for sessions:read. UserId=d1ed8be4-9703-45f0-935f-3c39601b55e1, Roles=[], ActiveRules=3, SubjectMatched=0, ResourceActionMatched=0, Allows=0, Denies=0, Decision=Denied
2026-05-09 10:28:40.650 -08:00 [INF] Access policy evaluation for sessions:read. UserId=d1ed8be4-9703-45f0-935f-3c39601b55e1, Roles=[], ActiveRules=3, SubjectMatched=0, ResourceActionMatched=0, Allows=0, Denies=0, Decision=Denied
2026-05-09 10:28:40.750 -08:00 [ERR] MediatR handling failed GetSessionsQuery after 103 ms
FluentValidation.ValidationException: Validation failed: 
 -- authorization: Forbidden: sessions:read. Severity: Error
   at algo.Application.Common.AccessPolicy.AccessPolicyAuthorizationExtensions.EnsureResourceActionAllowedAsync(IAccessPolicyEvaluator evaluator, IApplicationDbContext db, String resource, String action, CancellationToken cancellationToken) in C:\PrivateProject\algo.bytes\src\algo.Application\Common\AccessPolicy\AccessPolicyAuthorizationExtensions.cs:line 19
   at algo.Application.Features.Sessions.Queries.GetSessions.GetSessionsQueryHandler.Handle(GetSessionsQuery request, CancellationToken cancellationToken) in C:\PrivateProject\algo.bytes\src\algo.Application\Features\Sessions\Queries\GetSessions\GetSessionsQueryHandler.cs:line 21
   at algo.Application.Behaviors.ValidationBehavior`2.Handle(TRequest request, RequestHandlerDelegate`1 next, CancellationToken cancellationToken) in C:\PrivateProject\algo.bytes\src\algo.Application\Behaviors\ValidationBehavior.cs:line 29
   at algo.Application.Behaviors.LoggingBehavior`2.Handle(TRequest request, RequestHandlerDelegate`1 next, CancellationToken cancellationToken) in C:\PrivateProject\algo.bytes\src\algo.Application\Behaviors\LoggingBehavior.cs:line 31
2026-05-09 10:28:40.840 -08:00 [ERR] MediatR handling failed GetSessionsQuery after 193 ms
FluentValidation.ValidationException: Validation failed: 
 -- authorization: Forbidden: sessions:read. Severity: Error
   at algo.Application.Common.AccessPolicy.AccessPolicyAuthorizationExtensions.EnsureResourceActionAllowedAsync(IAccessPolicyEvaluator evaluator, IApplicationDbContext db, String resource, String action, CancellationToken cancellationToken) in C:\PrivateProject\algo.bytes\src\algo.Application\Common\AccessPolicy\AccessPolicyAuthorizationExtensions.cs:line 19
   at algo.Application.Features.Sessions.Queries.GetSessions.GetSessionsQueryHandler.Handle(GetSessionsQuery request, CancellationToken cancellationToken) in C:\PrivateProject\algo.bytes\src\algo.Application\Features\Sessions\Queries\GetSessions\GetSessionsQueryHandler.cs:line 21
   at algo.Application.Behaviors.ValidationBehavior`2.Handle(TRequest request, RequestHandlerDelegate`1 next, CancellationToken cancellationToken) in C:\PrivateProject\algo.bytes\src\algo.Application\Behaviors\ValidationBehavior.cs:line 29
   at algo.Application.Behaviors.LoggingBehavior`2.Handle(TRequest request, RequestHandlerDelegate`1 next, CancellationToken cancellationToken) in C:\PrivateProject\algo.bytes\src\algo.Application\Behaviors\LoggingBehavior.cs:line 31
2026-05-09 10:28:40.957 -08:00 [INF] HTTP GET /api/Sessions completed with 403 in 314 ms (0HNLDUVC1NL5V:00000041)
2026-05-09 10:28:41.073 -08:00 [INF] HTTP GET /api/Sessions completed with 403 in 429 ms (0HNLDUVC1NL5V:00000043)
2026-05-09 10:28:41.167 -08:00 [INF] Authorization header exists: true
2026-05-09 10:28:41.167 -08:00 [INF] JWT token validated. IsAuthenticated=true
2026-05-09 10:28:41.170 -08:00 [INF] Authorization header exists: true
2026-05-09 10:28:41.171 -08:00 [INF] MediatR handling started GetLogsQuery
2026-05-09 10:28:41.171 -08:00 [INF] JWT token validated. IsAuthenticated=true
2026-05-09 10:28:41.172 -08:00 [INF] Access policy check started for logs:read
2026-05-09 10:28:41.172 -08:00 [INF] MediatR handling started GetLogsQuery
2026-05-09 10:28:41.173 -08:00 [INF] Access policy check started for logs:read
2026-05-09 10:28:41.174 -08:00 [INF] Access policy evaluation for logs:read. UserId=d1ed8be4-9703-45f0-935f-3c39601b55e1, Roles=[], ActiveRules=3, SubjectMatched=0, ResourceActionMatched=0, Allows=0, Denies=0, Decision=Denied
2026-05-09 10:28:41.175 -08:00 [INF] Access policy evaluation for logs:read. UserId=d1ed8be4-9703-45f0-935f-3c39601b55e1, Roles=[], ActiveRules=3, SubjectMatched=0, ResourceActionMatched=0, Allows=0, Denies=0, Decision=Denied
2026-05-09 10:28:41.264 -08:00 [ERR] MediatR handling failed GetLogsQuery after 93 ms
FluentValidation.ValidationException: Validation failed: 
 -- authorization: Forbidden: logs:read. Severity: Error
   at algo.Application.Common.AccessPolicy.AccessPolicyAuthorizationExtensions.EnsureResourceActionAllowedAsync(IAccessPolicyEvaluator evaluator, IApplicationDbContext db, String resource, String action, CancellationToken cancellationToken) in C:\PrivateProject\algo.bytes\src\algo.Application\Common\AccessPolicy\AccessPolicyAuthorizationExtensions.cs:line 19
   at algo.Application.Features.Logs.Queries.GetLogs.GetLogsQueryHandler.Handle(GetLogsQuery request, CancellationToken cancellationToken) in C:\PrivateProject\algo.bytes\src\algo.Application\Features\Logs\Queries\GetLogs\GetLogsQueryHandler.cs:line 20
   at algo.Application.Behaviors.ValidationBehavior`2.Handle(TRequest request, RequestHandlerDelegate`1 next, CancellationToken cancellationToken) in C:\PrivateProject\algo.bytes\src\algo.Application\Behaviors\ValidationBehavior.cs:line 29
   at algo.Application.Behaviors.LoggingBehavior`2.Handle(TRequest request, RequestHandlerDelegate`1 next, CancellationToken cancellationToken) in C:\PrivateProject\algo.bytes\src\algo.Application\Behaviors\LoggingBehavior.cs:line 31
2026-05-09 10:28:41.384 -08:00 [ERR] MediatR handling failed GetLogsQuery after 211 ms
FluentValidation.ValidationException: Validation failed: 
 -- authorization: Forbidden: logs:read. Severity: Error
   at algo.Application.Common.AccessPolicy.AccessPolicyAuthorizationExtensions.EnsureResourceActionAllowedAsync(IAccessPolicyEvaluator evaluator, IApplicationDbContext db, String resource, String action, CancellationToken cancellationToken) in C:\PrivateProject\algo.bytes\src\algo.Application\Common\AccessPolicy\AccessPolicyAuthorizationExtensions.cs:line 19
   at algo.Application.Features.Logs.Queries.GetLogs.GetLogsQueryHandler.Handle(GetLogsQuery request, CancellationToken cancellationToken) in C:\PrivateProject\algo.bytes\src\algo.Application\Features\Logs\Queries\GetLogs\GetLogsQueryHandler.cs:line 20
   at algo.Application.Behaviors.ValidationBehavior`2.Handle(TRequest request, RequestHandlerDelegate`1 next, CancellationToken cancellationToken) in C:\PrivateProject\algo.bytes\src\algo.Application\Behaviors\ValidationBehavior.cs:line 29
   at algo.Application.Behaviors.LoggingBehavior`2.Handle(TRequest request, RequestHandlerDelegate`1 next, CancellationToken cancellationToken) in C:\PrivateProject\algo.bytes\src\algo.Application\Behaviors\LoggingBehavior.cs:line 31
2026-05-09 10:28:41.511 -08:00 [INF] HTTP GET /api/Logs completed with 403 in 344 ms (0HNLDUVC1NL5V:00000047)
2026-05-09 10:28:41.666 -08:00 [INF] HTTP GET /api/Logs completed with 403 in 495 ms (0HNLDUVC1NL5V:0000004B)
2026-05-09 10:28:42.840 -08:00 [INF] Authorization header exists: true
2026-05-09 10:28:42.841 -08:00 [INF] JWT token validated. IsAuthenticated=true
2026-05-09 10:28:42.841 -08:00 [INF] MediatR handling started GetSessionsQuery
2026-05-09 10:28:42.842 -08:00 [INF] Access policy check started for sessions:read
2026-05-09 10:28:42.844 -08:00 [INF] Access policy evaluation for sessions:read. UserId=d1ed8be4-9703-45f0-935f-3c39601b55e1, Roles=[], ActiveRules=3, SubjectMatched=0, ResourceActionMatched=0, Allows=0, Denies=0, Decision=Denied
2026-05-09 10:28:42.927 -08:00 [ERR] MediatR handling failed GetSessionsQuery after 85 ms
FluentValidation.ValidationException: Validation failed: 
 -- authorization: Forbidden: sessions:read. Severity: Error
   at algo.Application.Common.AccessPolicy.AccessPolicyAuthorizationExtensions.EnsureResourceActionAllowedAsync(IAccessPolicyEvaluator evaluator, IApplicationDbContext db, String resource, String action, CancellationToken cancellationToken) in C:\PrivateProject\algo.bytes\src\algo.Application\Common\AccessPolicy\AccessPolicyAuthorizationExtensions.cs:line 19
   at algo.Application.Features.Sessions.Queries.GetSessions.GetSessionsQueryHandler.Handle(GetSessionsQuery request, CancellationToken cancellationToken) in C:\PrivateProject\algo.bytes\src\algo.Application\Features\Sessions\Queries\GetSessions\GetSessionsQueryHandler.cs:line 21
   at algo.Application.Behaviors.ValidationBehavior`2.Handle(TRequest request, RequestHandlerDelegate`1 next, CancellationToken cancellationToken) in C:\PrivateProject\algo.bytes\src\algo.Application\Behaviors\ValidationBehavior.cs:line 29
   at algo.Application.Behaviors.LoggingBehavior`2.Handle(TRequest request, RequestHandlerDelegate`1 next, CancellationToken cancellationToken) in C:\PrivateProject\algo.bytes\src\algo.Application\Behaviors\LoggingBehavior.cs:line 31
2026-05-09 10:28:43.044 -08:00 [INF] HTTP GET /api/Sessions completed with 403 in 204 ms (0HNLDUVC1NL5V:0000004F)
2026-05-09 10:28:43.289 -08:00 [INF] Authorization header exists: true
2026-05-09 10:28:43.290 -08:00 [INF] Authorization header exists: true
2026-05-09 10:28:43.290 -08:00 [INF] JWT token validated. IsAuthenticated=true
2026-05-09 10:28:43.290 -08:00 [INF] JWT token validated. IsAuthenticated=true
2026-05-09 10:28:43.291 -08:00 [INF] MediatR handling started GetSessionsQuery
2026-05-09 10:28:43.292 -08:00 [INF] MediatR handling started GetSessionsQuery
2026-05-09 10:28:43.292 -08:00 [INF] Access policy check started for sessions:read
2026-05-09 10:28:43.292 -08:00 [INF] Access policy check started for sessions:read
2026-05-09 10:28:43.294 -08:00 [INF] Access policy evaluation for sessions:read. UserId=d1ed8be4-9703-45f0-935f-3c39601b55e1, Roles=[], ActiveRules=3, SubjectMatched=0, ResourceActionMatched=0, Allows=0, Denies=0, Decision=Denied
2026-05-09 10:28:43.295 -08:00 [INF] Access policy evaluation for sessions:read. UserId=d1ed8be4-9703-45f0-935f-3c39601b55e1, Roles=[], ActiveRules=3, SubjectMatched=0, ResourceActionMatched=0, Allows=0, Denies=0, Decision=Denied
2026-05-09 10:28:43.391 -08:00 [ERR] MediatR handling failed GetSessionsQuery after 99 ms
FluentValidation.ValidationException: Validation failed: 
 -- authorization: Forbidden: sessions:read. Severity: Error
   at algo.Application.Common.AccessPolicy.AccessPolicyAuthorizationExtensions.EnsureResourceActionAllowedAsync(IAccessPolicyEvaluator evaluator, IApplicationDbContext db, String resource, String action, CancellationToken cancellationToken) in C:\PrivateProject\algo.bytes\src\algo.Application\Common\AccessPolicy\AccessPolicyAuthorizationExtensions.cs:line 19
   at algo.Application.Features.Sessions.Queries.GetSessions.GetSessionsQueryHandler.Handle(GetSessionsQuery request, CancellationToken cancellationToken) in C:\PrivateProject\algo.bytes\src\algo.Application\Features\Sessions\Queries\GetSessions\GetSessionsQueryHandler.cs:line 21
   at algo.Application.Behaviors.ValidationBehavior`2.Handle(TRequest request, RequestHandlerDelegate`1 next, CancellationToken cancellationToken) in C:\PrivateProject\algo.bytes\src\algo.Application\Behaviors\ValidationBehavior.cs:line 29
   at algo.Application.Behaviors.LoggingBehavior`2.Handle(TRequest request, RequestHandlerDelegate`1 next, CancellationToken cancellationToken) in C:\PrivateProject\algo.bytes\src\algo.Application\Behaviors\LoggingBehavior.cs:line 31
2026-05-09 10:28:43.477 -08:00 [ERR] MediatR handling failed GetSessionsQuery after 185 ms
FluentValidation.ValidationException: Validation failed: 
 -- authorization: Forbidden: sessions:read. Severity: Error
   at algo.Application.Common.AccessPolicy.AccessPolicyAuthorizationExtensions.EnsureResourceActionAllowedAsync(IAccessPolicyEvaluator evaluator, IApplicationDbContext db, String resource, String action, CancellationToken cancellationToken) in C:\PrivateProject\algo.bytes\src\algo.Application\Common\AccessPolicy\AccessPolicyAuthorizationExtensions.cs:line 19
   at algo.Application.Features.Sessions.Queries.GetSessions.GetSessionsQueryHandler.Handle(GetSessionsQuery request, CancellationToken cancellationToken) in C:\PrivateProject\algo.bytes\src\algo.Application\Features\Sessions\Queries\GetSessions\GetSessionsQueryHandler.cs:line 21
   at algo.Application.Behaviors.ValidationBehavior`2.Handle(TRequest request, RequestHandlerDelegate`1 next, CancellationToken cancellationToken) in C:\PrivateProject\algo.bytes\src\algo.Application\Behaviors\ValidationBehavior.cs:line 29
   at algo.Application.Behaviors.LoggingBehavior`2.Handle(TRequest request, RequestHandlerDelegate`1 next, CancellationToken cancellationToken) in C:\PrivateProject\algo.bytes\src\algo.Application\Behaviors\LoggingBehavior.cs:line 31
2026-05-09 10:28:43.623 -08:00 [INF] HTTP GET /api/Sessions completed with 403 in 334 ms (0HNLDUVC1NL5V:00000053)
2026-05-09 10:28:43.748 -08:00 [INF] HTTP GET /api/Sessions completed with 403 in 458 ms (0HNLDUVC1NL5V:00000055)
2026-05-09 10:28:51.438 -08:00 [INF] Authorization header exists: true
2026-05-09 10:28:51.438 -08:00 [INF] JWT token validated. IsAuthenticated=true
2026-05-09 10:28:51.439 -08:00 [INF] MediatR handling started GetSessionsQuery
2026-05-09 10:28:51.440 -08:00 [INF] Access policy check started for sessions:read
2026-05-09 10:28:51.442 -08:00 [INF] Access policy evaluation for sessions:read. UserId=790c2c93-d8e6-4b61-8a11-e4190a1c0805, Roles=[Admin], ActiveRules=3, SubjectMatched=1, ResourceActionMatched=1, Allows=1, Denies=0, Decision=Allowed
2026-05-09 10:28:51.448 -08:00 [INF] MediatR handling completed GetSessionsQuery in 8 ms
2026-05-09 10:28:51.449 -08:00 [INF] HTTP GET /api/Sessions completed with 200 in 11 ms (0HNLDUVC1NL5U:00000039)
2026-05-09 10:28:51.512 -08:00 [INF] Authorization header exists: true
2026-05-09 10:28:51.513 -08:00 [INF] JWT token validated. IsAuthenticated=true
2026-05-09 10:28:51.513 -08:00 [INF] Authorization header exists: true
2026-05-09 10:28:51.514 -08:00 [INF] MediatR handling started GetSessionsQuery
2026-05-09 10:28:51.514 -08:00 [INF] JWT token validated. IsAuthenticated=true
2026-05-09 10:28:51.515 -08:00 [INF] Access policy check started for sessions:read
2026-05-09 10:28:51.515 -08:00 [INF] MediatR handling started GetSessionsQuery
2026-05-09 10:28:51.517 -08:00 [INF] Access policy check started for sessions:read
2026-05-09 10:28:51.517 -08:00 [INF] Access policy evaluation for sessions:read. UserId=790c2c93-d8e6-4b61-8a11-e4190a1c0805, Roles=[Admin], ActiveRules=3, SubjectMatched=1, ResourceActionMatched=1, Allows=1, Denies=0, Decision=Allowed
2026-05-09 10:28:51.519 -08:00 [INF] Access policy evaluation for sessions:read. UserId=790c2c93-d8e6-4b61-8a11-e4190a1c0805, Roles=[Admin], ActiveRules=3, SubjectMatched=1, ResourceActionMatched=1, Allows=1, Denies=0, Decision=Allowed
2026-05-09 10:28:51.522 -08:00 [INF] MediatR handling completed GetSessionsQuery in 8 ms
2026-05-09 10:28:51.523 -08:00 [INF] HTTP GET /api/Sessions completed with 200 in 11 ms (0HNLDUVC1NL5U:0000003D)
2026-05-09 10:28:51.524 -08:00 [INF] MediatR handling completed GetSessionsQuery in 8 ms
2026-05-09 10:28:51.526 -08:00 [INF] HTTP GET /api/Sessions completed with 200 in 13 ms (0HNLDUVC1NL5U:0000003F)
2026-05-09 10:28:56.211 -08:00 [INF] Authorization header exists: true
2026-05-09 10:28:56.211 -08:00 [INF] JWT token validated. IsAuthenticated=true
2026-05-09 10:28:56.224 -08:00 [INF] MediatR handling started RevokeSessionCommand
2026-05-09 10:28:56.228 -08:00 [INF] Access policy check started for sessions:revoke
2026-05-09 10:28:56.230 -08:00 [INF] Access policy evaluation for sessions:revoke. UserId=790c2c93-d8e6-4b61-8a11-e4190a1c0805, Roles=[Admin], ActiveRules=3, SubjectMatched=1, ResourceActionMatched=1, Allows=1, Denies=0, Decision=Allowed
2026-05-09 10:28:56.249 -08:00 [INF] MediatR handling completed RevokeSessionCommand in 24 ms
2026-05-09 10:28:56.251 -08:00 [INF] HTTP POST /api/Sessions/edc66727-a7c6-48d4-ad0b-263ccf0548b1/revoke completed with 204 in 40 ms (0HNLDUVC1NL5U:00000043)
2026-05-09 10:28:56.255 -08:00 [INF] Authorization header exists: true
2026-05-09 10:28:56.256 -08:00 [INF] JWT token validated. IsAuthenticated=true
2026-05-09 10:28:56.257 -08:00 [INF] MediatR handling started GetSessionsQuery
2026-05-09 10:28:56.257 -08:00 [INF] Access policy check started for sessions:read
2026-05-09 10:28:56.259 -08:00 [INF] Access policy evaluation for sessions:read. UserId=790c2c93-d8e6-4b61-8a11-e4190a1c0805, Roles=[Admin], ActiveRules=3, SubjectMatched=1, ResourceActionMatched=1, Allows=1, Denies=0, Decision=Allowed
2026-05-09 10:28:56.263 -08:00 [INF] MediatR handling completed GetSessionsQuery in 5 ms
2026-05-09 10:28:56.264 -08:00 [INF] HTTP GET /api/Sessions completed with 200 in 8 ms (0HNLDUVC1NL5U:00000045)
2026-05-09 10:28:56.335 -08:00 [INF] Authorization header exists: true
2026-05-09 10:28:56.335 -08:00 [INF] Authorization header exists: true
2026-05-09 10:28:56.336 -08:00 [INF] JWT token validated. IsAuthenticated=true
2026-05-09 10:28:56.337 -08:00 [INF] JWT token validated. IsAuthenticated=true
2026-05-09 10:28:56.338 -08:00 [INF] MediatR handling started GetSessionsQuery
2026-05-09 10:28:56.338 -08:00 [INF] MediatR handling started GetSessionsQuery
2026-05-09 10:28:56.339 -08:00 [INF] Access policy check started for sessions:read
2026-05-09 10:28:56.341 -08:00 [INF] Access policy check started for sessions:read
2026-05-09 10:28:56.344 -08:00 [INF] Access policy evaluation for sessions:read. UserId=790c2c93-d8e6-4b61-8a11-e4190a1c0805, Roles=[Admin], ActiveRules=3, SubjectMatched=1, ResourceActionMatched=1, Allows=1, Denies=0, Decision=Allowed
2026-05-09 10:28:56.345 -08:00 [INF] Access policy evaluation for sessions:read. UserId=790c2c93-d8e6-4b61-8a11-e4190a1c0805, Roles=[Admin], ActiveRules=3, SubjectMatched=1, ResourceActionMatched=1, Allows=1, Denies=0, Decision=Allowed
2026-05-09 10:28:56.351 -08:00 [INF] MediatR handling completed GetSessionsQuery in 13 ms
2026-05-09 10:28:56.352 -08:00 [INF] HTTP GET /api/Sessions completed with 200 in 17 ms (0HNLDUVC1NL5U:00000047)
2026-05-09 10:28:56.352 -08:00 [INF] MediatR handling completed GetSessionsQuery in 14 ms
2026-05-09 10:28:56.355 -08:00 [INF] HTTP GET /api/Sessions completed with 200 in 20 ms (0HNLDUVC1NL5U:00000049)
2026-05-09 10:28:58.966 -08:00 [INF] Authorization header exists: true
2026-05-09 10:28:58.966 -08:00 [INF] Authorization header exists: true
2026-05-09 10:28:58.967 -08:00 [INF] JWT token validated. IsAuthenticated=true
2026-05-09 10:28:58.967 -08:00 [INF] JWT token validated. IsAuthenticated=true
2026-05-09 10:28:58.968 -08:00 [INF] MediatR handling started GetAccessPolicyOptionsQuery
2026-05-09 10:28:58.969 -08:00 [INF] MediatR handling started ListAccessPoliciesQuery
2026-05-09 10:28:58.969 -08:00 [INF] Access policy check started for accessPolicies:read
2026-05-09 10:28:58.970 -08:00 [INF] Access policy check started for accessPolicies:read
2026-05-09 10:28:58.972 -08:00 [INF] Access policy evaluation for accessPolicies:read. UserId=d1ed8be4-9703-45f0-935f-3c39601b55e1, Roles=[], ActiveRules=3, SubjectMatched=0, ResourceActionMatched=0, Allows=0, Denies=0, Decision=Denied
2026-05-09 10:28:58.972 -08:00 [INF] Access policy evaluation for accessPolicies:read. UserId=d1ed8be4-9703-45f0-935f-3c39601b55e1, Roles=[], ActiveRules=3, SubjectMatched=0, ResourceActionMatched=0, Allows=0, Denies=0, Decision=Denied
2026-05-09 10:28:59.059 -08:00 [ERR] MediatR handling failed GetAccessPolicyOptionsQuery after 90 ms
FluentValidation.ValidationException: Validation failed: 
 -- authorization: Forbidden: accessPolicies:read. Severity: Error
   at algo.Application.Common.AccessPolicy.AccessPolicyAuthorizationExtensions.EnsureResourceActionAllowedAsync(IAccessPolicyEvaluator evaluator, IApplicationDbContext db, String resource, String action, CancellationToken cancellationToken) in C:\PrivateProject\algo.bytes\src\algo.Application\Common\AccessPolicy\AccessPolicyAuthorizationExtensions.cs:line 19
   at algo.Application.Features.AccessPolicies.Queries.GetAccessPolicyOptions.GetAccessPolicyOptionsQueryHandler.Handle(GetAccessPolicyOptionsQuery request, CancellationToken cancellationToken) in C:\PrivateProject\algo.bytes\src\algo.Application\Features\AccessPolicies\Queries\GetAccessPolicyOptions\GetAccessPolicyOptionsQueryHandler.cs:line 43
   at algo.Application.Behaviors.ValidationBehavior`2.Handle(TRequest request, RequestHandlerDelegate`1 next, CancellationToken cancellationToken) in C:\PrivateProject\algo.bytes\src\algo.Application\Behaviors\ValidationBehavior.cs:line 29
   at algo.Application.Behaviors.LoggingBehavior`2.Handle(TRequest request, RequestHandlerDelegate`1 next, CancellationToken cancellationToken) in C:\PrivateProject\algo.bytes\src\algo.Application\Behaviors\LoggingBehavior.cs:line 31
2026-05-09 10:28:59.141 -08:00 [ERR] MediatR handling failed ListAccessPoliciesQuery after 172 ms
FluentValidation.ValidationException: Validation failed: 
 -- authorization: Forbidden: accessPolicies:read. Severity: Error
   at algo.Application.Common.AccessPolicy.AccessPolicyAuthorizationExtensions.EnsureResourceActionAllowedAsync(IAccessPolicyEvaluator evaluator, IApplicationDbContext db, String resource, String action, CancellationToken cancellationToken) in C:\PrivateProject\algo.bytes\src\algo.Application\Common\AccessPolicy\AccessPolicyAuthorizationExtensions.cs:line 19
   at algo.Application.Features.AccessPolicies.Queries.ListAccessPolicies.ListAccessPoliciesQueryHandler.Handle(ListAccessPoliciesQuery request, CancellationToken cancellationToken) in C:\PrivateProject\algo.bytes\src\algo.Application\Features\AccessPolicies\Queries\ListAccessPolicies\ListAccessPoliciesQueryHandler.cs:line 18
   at algo.Application.Behaviors.ValidationBehavior`2.Handle(TRequest request, RequestHandlerDelegate`1 next, CancellationToken cancellationToken) in C:\PrivateProject\algo.bytes\src\algo.Application\Behaviors\ValidationBehavior.cs:line 29
   at algo.Application.Behaviors.LoggingBehavior`2.Handle(TRequest request, RequestHandlerDelegate`1 next, CancellationToken cancellationToken) in C:\PrivateProject\algo.bytes\src\algo.Application\Behaviors\LoggingBehavior.cs:line 31
2026-05-09 10:28:59.268 -08:00 [INF] HTTP GET /api/AccessPolicies/options completed with 403 in 301 ms (0HNLDUVC1NL5V:0000005B)
2026-05-09 10:28:59.422 -08:00 [INF] HTTP GET /api/AccessPolicies completed with 403 in 456 ms (0HNLDUVC1NL5V:0000005D)
2026-05-09 10:29:00.090 -08:00 [INF] Authorization header exists: true
2026-05-09 10:29:00.091 -08:00 [INF] JWT token validated. IsAuthenticated=true
2026-05-09 10:29:00.092 -08:00 [INF] MediatR handling started GetSessionsQuery
2026-05-09 10:29:00.092 -08:00 [INF] Access policy check started for sessions:read
2026-05-09 10:29:00.095 -08:00 [INF] Access policy evaluation for sessions:read. UserId=d1ed8be4-9703-45f0-935f-3c39601b55e1, Roles=[], ActiveRules=3, SubjectMatched=0, ResourceActionMatched=0, Allows=0, Denies=0, Decision=Denied
2026-05-09 10:29:00.198 -08:00 [ERR] MediatR handling failed GetSessionsQuery after 106 ms
FluentValidation.ValidationException: Validation failed: 
 -- authorization: Forbidden: sessions:read. Severity: Error
   at algo.Application.Common.AccessPolicy.AccessPolicyAuthorizationExtensions.EnsureResourceActionAllowedAsync(IAccessPolicyEvaluator evaluator, IApplicationDbContext db, String resource, String action, CancellationToken cancellationToken) in C:\PrivateProject\algo.bytes\src\algo.Application\Common\AccessPolicy\AccessPolicyAuthorizationExtensions.cs:line 19
   at algo.Application.Features.Sessions.Queries.GetSessions.GetSessionsQueryHandler.Handle(GetSessionsQuery request, CancellationToken cancellationToken) in C:\PrivateProject\algo.bytes\src\algo.Application\Features\Sessions\Queries\GetSessions\GetSessionsQueryHandler.cs:line 21
   at algo.Application.Behaviors.ValidationBehavior`2.Handle(TRequest request, RequestHandlerDelegate`1 next, CancellationToken cancellationToken) in C:\PrivateProject\algo.bytes\src\algo.Application\Behaviors\ValidationBehavior.cs:line 29
   at algo.Application.Behaviors.LoggingBehavior`2.Handle(TRequest request, RequestHandlerDelegate`1 next, CancellationToken cancellationToken) in C:\PrivateProject\algo.bytes\src\algo.Application\Behaviors\LoggingBehavior.cs:line 31
2026-05-09 10:29:00.301 -08:00 [INF] HTTP GET /api/Sessions completed with 403 in 211 ms (0HNLDUVC1NL5V:00000061)
2026-05-09 10:29:00.538 -08:00 [INF] Authorization header exists: true
2026-05-09 10:29:00.538 -08:00 [INF] Authorization header exists: true
2026-05-09 10:29:00.539 -08:00 [INF] JWT token validated. IsAuthenticated=true
2026-05-09 10:29:00.539 -08:00 [INF] JWT token validated. IsAuthenticated=true
2026-05-09 10:29:00.540 -08:00 [INF] MediatR handling started GetSessionsQuery
2026-05-09 10:29:00.540 -08:00 [INF] MediatR handling started GetSessionsQuery
2026-05-09 10:29:00.541 -08:00 [INF] Access policy check started for sessions:read
2026-05-09 10:29:00.542 -08:00 [INF] Access policy check started for sessions:read
2026-05-09 10:29:00.544 -08:00 [INF] Access policy evaluation for sessions:read. UserId=d1ed8be4-9703-45f0-935f-3c39601b55e1, Roles=[], ActiveRules=3, SubjectMatched=0, ResourceActionMatched=0, Allows=0, Denies=0, Decision=Denied
2026-05-09 10:29:00.544 -08:00 [INF] Access policy evaluation for sessions:read. UserId=d1ed8be4-9703-45f0-935f-3c39601b55e1, Roles=[], ActiveRules=3, SubjectMatched=0, ResourceActionMatched=0, Allows=0, Denies=0, Decision=Denied
2026-05-09 10:29:00.626 -08:00 [ERR] MediatR handling failed GetSessionsQuery after 85 ms
FluentValidation.ValidationException: Validation failed: 
 -- authorization: Forbidden: sessions:read. Severity: Error
   at algo.Application.Common.AccessPolicy.AccessPolicyAuthorizationExtensions.EnsureResourceActionAllowedAsync(IAccessPolicyEvaluator evaluator, IApplicationDbContext db, String resource, String action, CancellationToken cancellationToken) in C:\PrivateProject\algo.bytes\src\algo.Application\Common\AccessPolicy\AccessPolicyAuthorizationExtensions.cs:line 19
   at algo.Application.Features.Sessions.Queries.GetSessions.GetSessionsQueryHandler.Handle(GetSessionsQuery request, CancellationToken cancellationToken) in C:\PrivateProject\algo.bytes\src\algo.Application\Features\Sessions\Queries\GetSessions\GetSessionsQueryHandler.cs:line 21
   at algo.Application.Behaviors.ValidationBehavior`2.Handle(TRequest request, RequestHandlerDelegate`1 next, CancellationToken cancellationToken) in C:\PrivateProject\algo.bytes\src\algo.Application\Behaviors\ValidationBehavior.cs:line 29
   at algo.Application.Behaviors.LoggingBehavior`2.Handle(TRequest request, RequestHandlerDelegate`1 next, CancellationToken cancellationToken) in C:\PrivateProject\algo.bytes\src\algo.Application\Behaviors\LoggingBehavior.cs:line 31
2026-05-09 10:29:00.702 -08:00 [ERR] MediatR handling failed GetSessionsQuery after 161 ms
FluentValidation.ValidationException: Validation failed: 
 -- authorization: Forbidden: sessions:read. Severity: Error
   at algo.Application.Common.AccessPolicy.AccessPolicyAuthorizationExtensions.EnsureResourceActionAllowedAsync(IAccessPolicyEvaluator evaluator, IApplicationDbContext db, String resource, String action, CancellationToken cancellationToken) in C:\PrivateProject\algo.bytes\src\algo.Application\Common\AccessPolicy\AccessPolicyAuthorizationExtensions.cs:line 19
   at algo.Application.Features.Sessions.Queries.GetSessions.GetSessionsQueryHandler.Handle(GetSessionsQuery request, CancellationToken cancellationToken) in C:\PrivateProject\algo.bytes\src\algo.Application\Features\Sessions\Queries\GetSessions\GetSessionsQueryHandler.cs:line 21
   at algo.Application.Behaviors.ValidationBehavior`2.Handle(TRequest request, RequestHandlerDelegate`1 next, CancellationToken cancellationToken) in C:\PrivateProject\algo.bytes\src\algo.Application\Behaviors\ValidationBehavior.cs:line 29
   at algo.Application.Behaviors.LoggingBehavior`2.Handle(TRequest request, RequestHandlerDelegate`1 next, CancellationToken cancellationToken) in C:\PrivateProject\algo.bytes\src\algo.Application\Behaviors\LoggingBehavior.cs:line 31
2026-05-09 10:29:00.809 -08:00 [INF] HTTP GET /api/Sessions completed with 403 in 270 ms (0HNLDUVC1NL5V:00000065)
2026-05-09 10:29:00.915 -08:00 [INF] HTTP GET /api/Sessions completed with 403 in 376 ms (0HNLDUVC1NL5V:00000067)
2026-05-09 10:29:45.531 -08:00 [INF] Authorization header exists: true
2026-05-09 10:29:45.532 -08:00 [INF] Authorization header exists: true
2026-05-09 10:29:45.533 -08:00 [INF] JWT token validated. IsAuthenticated=true
2026-05-09 10:29:45.533 -08:00 [INF] JWT token validated. IsAuthenticated=true
2026-05-09 10:29:45.534 -08:00 [INF] Authorization header exists: true
2026-05-09 10:29:45.534 -08:00 [INF] Authorization header exists: true
2026-05-09 10:29:45.562 -08:00 [INF] MediatR handling started GetUsersDashboardQuery
2026-05-09 10:29:45.563 -08:00 [INF] MediatR handling started GetLogsQuery
2026-05-09 10:29:45.563 -08:00 [INF] JWT token validated. IsAuthenticated=true
2026-05-09 10:29:45.564 -08:00 [INF] JWT token validated. IsAuthenticated=true
2026-05-09 10:29:45.564 -08:00 [INF] Access policy check started for users:read
2026-05-09 10:29:45.565 -08:00 [INF] Access policy check started for logs:read
2026-05-09 10:29:45.565 -08:00 [INF] MediatR handling started ListAccessPoliciesQuery
2026-05-09 10:29:45.568 -08:00 [INF] MediatR handling started GetErrorLogsQuery
2026-05-09 10:29:45.569 -08:00 [INF] Access policy evaluation for users:read. UserId=790c2c93-d8e6-4b61-8a11-e4190a1c0805, Roles=[Admin], ActiveRules=3, SubjectMatched=1, ResourceActionMatched=1, Allows=1, Denies=0, Decision=Allowed
2026-05-09 10:29:45.569 -08:00 [INF] Access policy check started for accessPolicies:read
2026-05-09 10:29:45.569 -08:00 [INF] Access policy evaluation for logs:read. UserId=790c2c93-d8e6-4b61-8a11-e4190a1c0805, Roles=[Admin], ActiveRules=3, SubjectMatched=1, ResourceActionMatched=1, Allows=1, Denies=0, Decision=Allowed
2026-05-09 10:29:45.570 -08:00 [INF] Access policy check started for errorLogs:read
2026-05-09 10:29:45.572 -08:00 [INF] Access policy query filter started for users:read
2026-05-09 10:29:45.574 -08:00 [INF] Access policy evaluation for accessPolicies:read. UserId=790c2c93-d8e6-4b61-8a11-e4190a1c0805, Roles=[Admin], ActiveRules=3, SubjectMatched=1, ResourceActionMatched=1, Allows=1, Denies=0, Decision=Allowed
2026-05-09 10:29:45.577 -08:00 [INF] Access policy evaluation for errorLogs:read. UserId=790c2c93-d8e6-4b61-8a11-e4190a1c0805, Roles=[Admin], ActiveRules=3, SubjectMatched=1, ResourceActionMatched=1, Allows=1, Denies=0, Decision=Allowed
2026-05-09 10:29:45.578 -08:00 [INF] Access policy query filter for users:read. UserId=790c2c93-d8e6-4b61-8a11-e4190a1c0805, Roles=[Admin], ActiveRules=3, SubjectMatched=1, ResourceActionMatched=1, Allows=1, Denies=0
2026-05-09 10:29:45.580 -08:00 [INF] MediatR handling completed ListAccessPoliciesQuery in 14 ms
2026-05-09 10:29:45.583 -08:00 [INF] MediatR handling completed GetErrorLogsQuery in 15 ms
2026-05-09 10:29:45.583 -08:00 [INF] MediatR handling completed GetLogsQuery in 20 ms
2026-05-09 10:29:45.586 -08:00 [INF] HTTP GET /api/error-logs completed with 200 in 51 ms (0HNLDUVC1NL5U:00000059)
2026-05-09 10:29:45.584 -08:00 [INF] HTTP GET /api/AccessPolicies completed with 200 in 50 ms (0HNLDUVC1NL5U:00000057)
2026-05-09 10:29:45.590 -08:00 [INF] HTTP GET /api/Logs completed with 200 in 57 ms (0HNLDUVC1NL5U:00000055)
2026-05-09 10:29:45.593 -08:00 [INF] MediatR handling completed GetUsersDashboardQuery in 30 ms
2026-05-09 10:29:45.597 -08:00 [INF] HTTP GET /api/Users/dashboard completed with 200 in 65 ms (0HNLDUVC1NL5U:00000053)
2026-05-09 10:29:48.102 -08:00 [INF] Authorization header exists: true
2026-05-09 10:29:48.102 -08:00 [INF] Authorization header exists: true
2026-05-09 10:29:48.102 -08:00 [INF] Authorization header exists: true
2026-05-09 10:29:48.102 -08:00 [INF] Authorization header exists: true
2026-05-09 10:29:48.103 -08:00 [INF] JWT token validated. IsAuthenticated=true
2026-05-09 10:29:48.104 -08:00 [INF] JWT token validated. IsAuthenticated=true
2026-05-09 10:29:48.105 -08:00 [INF] JWT token validated. IsAuthenticated=true
2026-05-09 10:29:48.105 -08:00 [INF] JWT token validated. IsAuthenticated=true
2026-05-09 10:29:48.106 -08:00 [INF] MediatR handling started GetLogsQuery
2026-05-09 10:29:48.106 -08:00 [INF] MediatR handling started GetUsersDashboardQuery
2026-05-09 10:29:48.107 -08:00 [INF] MediatR handling started ListAccessPoliciesQuery
2026-05-09 10:29:48.109 -08:00 [INF] MediatR handling started GetErrorLogsQuery
2026-05-09 10:29:48.109 -08:00 [INF] Access policy check started for logs:read
2026-05-09 10:29:48.110 -08:00 [INF] Access policy check started for users:read
2026-05-09 10:29:48.111 -08:00 [INF] Access policy check started for accessPolicies:read
2026-05-09 10:29:48.115 -08:00 [INF] Access policy evaluation for users:read. UserId=d1ed8be4-9703-45f0-935f-3c39601b55e1, Roles=[], ActiveRules=3, SubjectMatched=0, ResourceActionMatched=0, Allows=0, Denies=0, Decision=Denied
2026-05-09 10:29:48.115 -08:00 [INF] Access policy evaluation for logs:read. UserId=d1ed8be4-9703-45f0-935f-3c39601b55e1, Roles=[], ActiveRules=3, SubjectMatched=0, ResourceActionMatched=0, Allows=0, Denies=0, Decision=Denied
2026-05-09 10:29:48.112 -08:00 [INF] Access policy check started for errorLogs:read
2026-05-09 10:29:48.117 -08:00 [INF] Access policy evaluation for accessPolicies:read. UserId=d1ed8be4-9703-45f0-935f-3c39601b55e1, Roles=[], ActiveRules=3, SubjectMatched=0, ResourceActionMatched=0, Allows=0, Denies=0, Decision=Denied
2026-05-09 10:29:48.237 -08:00 [ERR] MediatR handling failed GetUsersDashboardQuery after 130 ms
FluentValidation.ValidationException: Validation failed: 
 -- authorization: Forbidden: users:read. Severity: Error
   at algo.Application.Common.AccessPolicy.AccessPolicyAuthorizationExtensions.EnsureResourceActionAllowedAsync(IAccessPolicyEvaluator evaluator, IApplicationDbContext db, String resource, String action, CancellationToken cancellationToken) in C:\PrivateProject\algo.bytes\src\algo.Application\Common\AccessPolicy\AccessPolicyAuthorizationExtensions.cs:line 19
   at algo.Application.Features.Users.Queries.GetUsersDashboard.GetUsersDashboardQueryHandler.Handle(GetUsersDashboardQuery request, CancellationToken cancellationToken) in C:\PrivateProject\algo.bytes\src\algo.Application\Features\Users\Queries\GetUsersDashboard\GetUsersDashboardQueryHandler.cs:line 16
   at algo.Application.Behaviors.ValidationBehavior`2.Handle(TRequest request, RequestHandlerDelegate`1 next, CancellationToken cancellationToken) in C:\PrivateProject\algo.bytes\src\algo.Application\Behaviors\ValidationBehavior.cs:line 29
   at algo.Application.Behaviors.LoggingBehavior`2.Handle(TRequest request, RequestHandlerDelegate`1 next, CancellationToken cancellationToken) in C:\PrivateProject\algo.bytes\src\algo.Application\Behaviors\LoggingBehavior.cs:line 31
2026-05-09 10:29:48.321 -08:00 [INF] Access policy evaluation for errorLogs:read. UserId=d1ed8be4-9703-45f0-935f-3c39601b55e1, Roles=[], ActiveRules=3, SubjectMatched=0, ResourceActionMatched=0, Allows=0, Denies=0, Decision=Denied
2026-05-09 10:29:48.418 -08:00 [ERR] MediatR handling failed ListAccessPoliciesQuery after 310 ms
FluentValidation.ValidationException: Validation failed: 
 -- authorization: Forbidden: accessPolicies:read. Severity: Error
   at algo.Application.Common.AccessPolicy.AccessPolicyAuthorizationExtensions.EnsureResourceActionAllowedAsync(IAccessPolicyEvaluator evaluator, IApplicationDbContext db, String resource, String action, CancellationToken cancellationToken) in C:\PrivateProject\algo.bytes\src\algo.Application\Common\AccessPolicy\AccessPolicyAuthorizationExtensions.cs:line 19
   at algo.Application.Features.AccessPolicies.Queries.ListAccessPolicies.ListAccessPoliciesQueryHandler.Handle(ListAccessPoliciesQuery request, CancellationToken cancellationToken) in C:\PrivateProject\algo.bytes\src\algo.Application\Features\AccessPolicies\Queries\ListAccessPolicies\ListAccessPoliciesQueryHandler.cs:line 18
   at algo.Application.Behaviors.ValidationBehavior`2.Handle(TRequest request, RequestHandlerDelegate`1 next, CancellationToken cancellationToken) in C:\PrivateProject\algo.bytes\src\algo.Application\Behaviors\ValidationBehavior.cs:line 29
   at algo.Application.Behaviors.LoggingBehavior`2.Handle(TRequest request, RequestHandlerDelegate`1 next, CancellationToken cancellationToken) in C:\PrivateProject\algo.bytes\src\algo.Application\Behaviors\LoggingBehavior.cs:line 31
2026-05-09 10:29:48.558 -08:00 [INF] HTTP GET /api/Users/dashboard completed with 403 in 456 ms (0HNLDUVC1NL5V:00000071)
2026-05-09 10:29:48.627 -08:00 [ERR] MediatR handling failed GetErrorLogsQuery after 518 ms
FluentValidation.ValidationException: Validation failed: 
 -- authorization: Forbidden: errorLogs:read. Severity: Error
   at algo.Application.Common.AccessPolicy.AccessPolicyAuthorizationExtensions.EnsureResourceActionAllowedAsync(IAccessPolicyEvaluator evaluator, IApplicationDbContext db, String resource, String action, CancellationToken cancellationToken) in C:\PrivateProject\algo.bytes\src\algo.Application\Common\AccessPolicy\AccessPolicyAuthorizationExtensions.cs:line 19
   at algo.Application.Features.ErrorLogs.Queries.GetErrorLogs.GetErrorLogsQueryHandler.Handle(GetErrorLogsQuery request, CancellationToken cancellationToken) in C:\PrivateProject\algo.bytes\src\algo.Application\Features\ErrorLogs\Queries\GetErrorLogs\GetErrorLogsQueryHandler.cs:line 22
   at algo.Application.Behaviors.ValidationBehavior`2.Handle(TRequest request, RequestHandlerDelegate`1 next, CancellationToken cancellationToken) in C:\PrivateProject\algo.bytes\src\algo.Application\Behaviors\ValidationBehavior.cs:line 29
   at algo.Application.Behaviors.LoggingBehavior`2.Handle(TRequest request, RequestHandlerDelegate`1 next, CancellationToken cancellationToken) in C:\PrivateProject\algo.bytes\src\algo.Application\Behaviors\LoggingBehavior.cs:line 31
2026-05-09 10:29:48.320 -08:00 [ERR] MediatR handling failed GetLogsQuery after 213 ms
FluentValidation.ValidationException: Validation failed: 
 -- authorization: Forbidden: logs:read. Severity: Error
   at algo.Application.Common.AccessPolicy.AccessPolicyAuthorizationExtensions.EnsureResourceActionAllowedAsync(IAccessPolicyEvaluator evaluator, IApplicationDbContext db, String resource, String action, CancellationToken cancellationToken) in C:\PrivateProject\algo.bytes\src\algo.Application\Common\AccessPolicy\AccessPolicyAuthorizationExtensions.cs:line 19
   at algo.Application.Features.Logs.Queries.GetLogs.GetLogsQueryHandler.Handle(GetLogsQuery request, CancellationToken cancellationToken) in C:\PrivateProject\algo.bytes\src\algo.Application\Features\Logs\Queries\GetLogs\GetLogsQueryHandler.cs:line 20
   at algo.Application.Behaviors.ValidationBehavior`2.Handle(TRequest request, RequestHandlerDelegate`1 next, CancellationToken cancellationToken) in C:\PrivateProject\algo.bytes\src\algo.Application\Behaviors\ValidationBehavior.cs:line 29
   at algo.Application.Behaviors.LoggingBehavior`2.Handle(TRequest request, RequestHandlerDelegate`1 next, CancellationToken cancellationToken) in C:\PrivateProject\algo.bytes\src\algo.Application\Behaviors\LoggingBehavior.cs:line 31
2026-05-09 10:29:48.724 -08:00 [INF] HTTP GET /api/AccessPolicies completed with 403 in 622 ms (0HNLDUVC1NL5V:00000077)
2026-05-09 10:29:48.844 -08:00 [INF] HTTP GET /api/error-logs completed with 403 in 742 ms (0HNLDUVC1NL5V:00000075)
2026-05-09 10:29:48.944 -08:00 [INF] HTTP GET /api/Logs completed with 403 in 842 ms (0HNLDUVC1NL5V:00000073)
2026-05-09 10:29:55.086 -08:00 [INF] Authorization header exists: true
2026-05-09 10:29:55.086 -08:00 [INF] Authorization header exists: true
2026-05-09 10:29:55.087 -08:00 [INF] JWT token validated. IsAuthenticated=true
2026-05-09 10:29:55.088 -08:00 [INF] JWT token validated. IsAuthenticated=true
2026-05-09 10:29:55.088 -08:00 [INF] MediatR handling started GetAccessPolicyOptionsQuery
2026-05-09 10:29:55.089 -08:00 [INF] MediatR handling started ListAccessPoliciesQuery
2026-05-09 10:29:55.089 -08:00 [INF] Access policy check started for accessPolicies:read
2026-05-09 10:29:55.090 -08:00 [INF] Access policy check started for accessPolicies:read
2026-05-09 10:29:55.092 -08:00 [INF] Access policy evaluation for accessPolicies:read. UserId=790c2c93-d8e6-4b61-8a11-e4190a1c0805, Roles=[Admin], ActiveRules=3, SubjectMatched=1, ResourceActionMatched=1, Allows=1, Denies=0, Decision=Allowed
2026-05-09 10:29:55.092 -08:00 [INF] Access policy evaluation for accessPolicies:read. UserId=790c2c93-d8e6-4b61-8a11-e4190a1c0805, Roles=[Admin], ActiveRules=3, SubjectMatched=1, ResourceActionMatched=1, Allows=1, Denies=0, Decision=Allowed
2026-05-09 10:29:55.094 -08:00 [INF] MediatR handling completed GetAccessPolicyOptionsQuery in 5 ms
2026-05-09 10:29:55.097 -08:00 [INF] MediatR handling completed ListAccessPoliciesQuery in 8 ms
2026-05-09 10:29:55.098 -08:00 [INF] HTTP GET /api/AccessPolicies/options completed with 200 in 12 ms (0HNLDUVC1NL5U:0000005F)
2026-05-09 10:29:55.099 -08:00 [INF] HTTP GET /api/AccessPolicies completed with 200 in 12 ms (0HNLDUVC1NL5U:00000061)
2026-05-09 10:29:56.199 -08:00 [INF] Authorization header exists: true
2026-05-09 10:29:56.200 -08:00 [INF] JWT token validated. IsAuthenticated=true
2026-05-09 10:29:56.201 -08:00 [INF] MediatR handling started GetSessionsQuery
2026-05-09 10:29:56.202 -08:00 [INF] Access policy check started for sessions:read
2026-05-09 10:29:56.204 -08:00 [INF] Access policy evaluation for sessions:read. UserId=790c2c93-d8e6-4b61-8a11-e4190a1c0805, Roles=[Admin], ActiveRules=3, SubjectMatched=1, ResourceActionMatched=1, Allows=1, Denies=0, Decision=Allowed
2026-05-09 10:29:56.209 -08:00 [INF] MediatR handling completed GetSessionsQuery in 7 ms
2026-05-09 10:29:56.209 -08:00 [INF] HTTP GET /api/Sessions completed with 200 in 10 ms (0HNLDUVC1NL5U:00000065)
2026-05-09 10:29:56.500 -08:00 [INF] Authorization header exists: true
2026-05-09 10:29:56.501 -08:00 [INF] JWT token validated. IsAuthenticated=true
2026-05-09 10:29:56.502 -08:00 [INF] MediatR handling started GetSessionsQuery
2026-05-09 10:29:56.502 -08:00 [INF] Authorization header exists: true
2026-05-09 10:29:56.503 -08:00 [INF] Access policy check started for sessions:read
2026-05-09 10:29:56.504 -08:00 [INF] JWT token validated. IsAuthenticated=true
2026-05-09 10:29:56.506 -08:00 [INF] MediatR handling started GetSessionsQuery
2026-05-09 10:29:56.506 -08:00 [INF] Access policy evaluation for sessions:read. UserId=790c2c93-d8e6-4b61-8a11-e4190a1c0805, Roles=[Admin], ActiveRules=3, SubjectMatched=1, ResourceActionMatched=1, Allows=1, Denies=0, Decision=Allowed
2026-05-09 10:29:56.507 -08:00 [INF] Access policy check started for sessions:read
2026-05-09 10:29:56.510 -08:00 [INF] Access policy evaluation for sessions:read. UserId=790c2c93-d8e6-4b61-8a11-e4190a1c0805, Roles=[Admin], ActiveRules=3, SubjectMatched=1, ResourceActionMatched=1, Allows=1, Denies=0, Decision=Allowed
2026-05-09 10:29:56.511 -08:00 [INF] MediatR handling completed GetSessionsQuery in 8 ms
2026-05-09 10:29:56.515 -08:00 [INF] HTTP GET /api/Sessions completed with 200 in 14 ms (0HNLDUVC1NL5U:00000069)
2026-05-09 10:29:56.516 -08:00 [INF] MediatR handling completed GetSessionsQuery in 10 ms
2026-05-09 10:29:56.518 -08:00 [INF] HTTP GET /api/Sessions completed with 200 in 15 ms (0HNLDUVC1NL5U:0000006B)
2026-05-09 10:30:02.958 -08:00 [INF] Authorization header exists: true
2026-05-09 10:30:02.958 -08:00 [INF] Authorization header exists: true
2026-05-09 10:30:02.959 -08:00 [INF] JWT token validated. IsAuthenticated=true
2026-05-09 10:30:02.959 -08:00 [INF] JWT token validated. IsAuthenticated=true
2026-05-09 10:30:02.960 -08:00 [INF] MediatR handling started GetAccessPolicyOptionsQuery
2026-05-09 10:30:02.960 -08:00 [INF] MediatR handling started ListAccessPoliciesQuery
2026-05-09 10:30:02.961 -08:00 [INF] Access policy check started for accessPolicies:read
2026-05-09 10:30:02.961 -08:00 [INF] Access policy check started for accessPolicies:read
2026-05-09 10:30:02.963 -08:00 [INF] Access policy evaluation for accessPolicies:read. UserId=d1ed8be4-9703-45f0-935f-3c39601b55e1, Roles=[], ActiveRules=3, SubjectMatched=0, ResourceActionMatched=0, Allows=0, Denies=0, Decision=Denied
2026-05-09 10:30:02.963 -08:00 [INF] Access policy evaluation for accessPolicies:read. UserId=d1ed8be4-9703-45f0-935f-3c39601b55e1, Roles=[], ActiveRules=3, SubjectMatched=0, ResourceActionMatched=0, Allows=0, Denies=0, Decision=Denied
2026-05-09 10:30:03.043 -08:00 [ERR] MediatR handling failed GetAccessPolicyOptionsQuery after 82 ms
FluentValidation.ValidationException: Validation failed: 
 -- authorization: Forbidden: accessPolicies:read. Severity: Error
   at algo.Application.Common.AccessPolicy.AccessPolicyAuthorizationExtensions.EnsureResourceActionAllowedAsync(IAccessPolicyEvaluator evaluator, IApplicationDbContext db, String resource, String action, CancellationToken cancellationToken) in C:\PrivateProject\algo.bytes\src\algo.Application\Common\AccessPolicy\AccessPolicyAuthorizationExtensions.cs:line 19
   at algo.Application.Features.AccessPolicies.Queries.GetAccessPolicyOptions.GetAccessPolicyOptionsQueryHandler.Handle(GetAccessPolicyOptionsQuery request, CancellationToken cancellationToken) in C:\PrivateProject\algo.bytes\src\algo.Application\Features\AccessPolicies\Queries\GetAccessPolicyOptions\GetAccessPolicyOptionsQueryHandler.cs:line 43
   at algo.Application.Behaviors.ValidationBehavior`2.Handle(TRequest request, RequestHandlerDelegate`1 next, CancellationToken cancellationToken) in C:\PrivateProject\algo.bytes\src\algo.Application\Behaviors\ValidationBehavior.cs:line 29
   at algo.Application.Behaviors.LoggingBehavior`2.Handle(TRequest request, RequestHandlerDelegate`1 next, CancellationToken cancellationToken) in C:\PrivateProject\algo.bytes\src\algo.Application\Behaviors\LoggingBehavior.cs:line 31
2026-05-09 10:30:03.115 -08:00 [ERR] MediatR handling failed ListAccessPoliciesQuery after 154 ms
FluentValidation.ValidationException: Validation failed: 
 -- authorization: Forbidden: accessPolicies:read. Severity: Error
   at algo.Application.Common.AccessPolicy.AccessPolicyAuthorizationExtensions.EnsureResourceActionAllowedAsync(IAccessPolicyEvaluator evaluator, IApplicationDbContext db, String resource, String action, CancellationToken cancellationToken) in C:\PrivateProject\algo.bytes\src\algo.Application\Common\AccessPolicy\AccessPolicyAuthorizationExtensions.cs:line 19
   at algo.Application.Features.AccessPolicies.Queries.ListAccessPolicies.ListAccessPoliciesQueryHandler.Handle(ListAccessPoliciesQuery request, CancellationToken cancellationToken) in C:\PrivateProject\algo.bytes\src\algo.Application\Features\AccessPolicies\Queries\ListAccessPolicies\ListAccessPoliciesQueryHandler.cs:line 18
   at algo.Application.Behaviors.ValidationBehavior`2.Handle(TRequest request, RequestHandlerDelegate`1 next, CancellationToken cancellationToken) in C:\PrivateProject\algo.bytes\src\algo.Application\Behaviors\ValidationBehavior.cs:line 29
   at algo.Application.Behaviors.LoggingBehavior`2.Handle(TRequest request, RequestHandlerDelegate`1 next, CancellationToken cancellationToken) in C:\PrivateProject\algo.bytes\src\algo.Application\Behaviors\LoggingBehavior.cs:line 31
2026-05-09 10:30:03.213 -08:00 [INF] HTTP GET /api/AccessPolicies/options completed with 403 in 254 ms (0HNLDUVC1NL5V:0000007D)
2026-05-09 10:30:03.315 -08:00 [INF] HTTP GET /api/AccessPolicies completed with 403 in 357 ms (0HNLDUVC1NL5V:0000007F)
2026-05-09 10:30:04.184 -08:00 [INF] Authorization header exists: true
2026-05-09 10:30:04.185 -08:00 [INF] JWT token validated. IsAuthenticated=true
2026-05-09 10:30:04.193 -08:00 [INF] MediatR handling started GetRolesQuery
2026-05-09 10:30:04.196 -08:00 [INF] Access policy check started for roles:read
2026-05-09 10:30:04.198 -08:00 [INF] Access policy evaluation for roles:read. UserId=d1ed8be4-9703-45f0-935f-3c39601b55e1, Roles=[], ActiveRules=3, SubjectMatched=0, ResourceActionMatched=0, Allows=0, Denies=0, Decision=Denied
2026-05-09 10:30:04.270 -08:00 [ERR] MediatR handling failed GetRolesQuery after 76 ms
FluentValidation.ValidationException: Validation failed: 
 -- authorization: Forbidden: roles:read. Severity: Error
   at algo.Application.Common.AccessPolicy.AccessPolicyAuthorizationExtensions.EnsureResourceActionAllowedAsync(IAccessPolicyEvaluator evaluator, IApplicationDbContext db, String resource, String action, CancellationToken cancellationToken) in C:\PrivateProject\algo.bytes\src\algo.Application\Common\AccessPolicy\AccessPolicyAuthorizationExtensions.cs:line 19
   at algo.Application.Features.Roles.Queries.GetRoles.GetRolesQueryHandler.Handle(GetRolesQuery request, CancellationToken cancellationToken) in C:\PrivateProject\algo.bytes\src\algo.Application\Features\Roles\Queries\GetRoles\GetRolesQueryHandler.cs:line 18
   at algo.Application.Behaviors.ValidationBehavior`2.Handle(TRequest request, RequestHandlerDelegate`1 next, CancellationToken cancellationToken) in C:\PrivateProject\algo.bytes\src\algo.Application\Behaviors\ValidationBehavior.cs:line 29
   at algo.Application.Behaviors.LoggingBehavior`2.Handle(TRequest request, RequestHandlerDelegate`1 next, CancellationToken cancellationToken) in C:\PrivateProject\algo.bytes\src\algo.Application\Behaviors\LoggingBehavior.cs:line 31
2026-05-09 10:30:04.370 -08:00 [INF] HTTP GET /api/Roles completed with 403 in 186 ms (0HNLDUVC1NL5V:00000083)
2026-05-09 10:32:03.887 -08:00 [INF] Authorization header exists: true
2026-05-09 10:32:03.887 -08:00 [INF] Authorization header exists: true
2026-05-09 10:32:03.889 -08:00 [INF] Authorization header exists: true
2026-05-09 10:32:03.889 -08:00 [INF] Authorization header exists: true
2026-05-09 10:32:03.890 -08:00 [INF] JWT token validated. IsAuthenticated=true
2026-05-09 10:32:03.891 -08:00 [INF] JWT token validated. IsAuthenticated=true
2026-05-09 10:32:03.892 -08:00 [INF] JWT token validated. IsAuthenticated=true
2026-05-09 10:32:03.893 -08:00 [INF] JWT token validated. IsAuthenticated=true
2026-05-09 10:32:03.894 -08:00 [INF] MediatR handling started GetLogsQuery
2026-05-09 10:32:03.896 -08:00 [INF] MediatR handling started GetUsersDashboardQuery
2026-05-09 10:32:03.897 -08:00 [INF] MediatR handling started GetErrorLogsQuery
2026-05-09 10:32:03.898 -08:00 [INF] MediatR handling started ListAccessPoliciesQuery
2026-05-09 10:32:03.898 -08:00 [INF] Access policy check started for logs:read
2026-05-09 10:32:03.899 -08:00 [INF] Access policy check started for users:read
2026-05-09 10:32:03.900 -08:00 [INF] Access policy check started for errorLogs:read
2026-05-09 10:32:03.900 -08:00 [INF] Access policy check started for accessPolicies:read
2026-05-09 10:32:03.906 -08:00 [INF] Access policy evaluation for logs:read. UserId=d1ed8be4-9703-45f0-935f-3c39601b55e1, Roles=[], ActiveRules=3, SubjectMatched=0, ResourceActionMatched=0, Allows=0, Denies=0, Decision=Denied
2026-05-09 10:32:03.908 -08:00 [INF] Access policy evaluation for users:read. UserId=d1ed8be4-9703-45f0-935f-3c39601b55e1, Roles=[], ActiveRules=3, SubjectMatched=0, ResourceActionMatched=0, Allows=0, Denies=0, Decision=Denied
2026-05-09 10:32:03.908 -08:00 [INF] Access policy evaluation for errorLogs:read. UserId=d1ed8be4-9703-45f0-935f-3c39601b55e1, Roles=[], ActiveRules=3, SubjectMatched=0, ResourceActionMatched=0, Allows=0, Denies=0, Decision=Denied
2026-05-09 10:32:04.130 -08:00 [INF] Authorization header exists: true
2026-05-09 10:32:03.910 -08:00 [INF] Access policy evaluation for accessPolicies:read. UserId=d1ed8be4-9703-45f0-935f-3c39601b55e1, Roles=[], ActiveRules=3, SubjectMatched=0, ResourceActionMatched=0, Allows=0, Denies=0, Decision=Denied
2026-05-09 10:32:04.397 -08:00 [INF] JWT token validated. IsAuthenticated=true
2026-05-09 10:32:04.417 -08:00 [ERR] MediatR handling failed GetErrorLogsQuery after 520 ms
FluentValidation.ValidationException: Validation failed: 
 -- authorization: Forbidden: errorLogs:read. Severity: Error
   at algo.Application.Common.AccessPolicy.AccessPolicyAuthorizationExtensions.EnsureResourceActionAllowedAsync(IAccessPolicyEvaluator evaluator, IApplicationDbContext db, String resource, String action, CancellationToken cancellationToken) in C:\PrivateProject\algo.bytes\src\algo.Application\Common\AccessPolicy\AccessPolicyAuthorizationExtensions.cs:line 19
   at algo.Application.Features.ErrorLogs.Queries.GetErrorLogs.GetErrorLogsQueryHandler.Handle(GetErrorLogsQuery request, CancellationToken cancellationToken) in C:\PrivateProject\algo.bytes\src\algo.Application\Features\ErrorLogs\Queries\GetErrorLogs\GetErrorLogsQueryHandler.cs:line 22
   at algo.Application.Behaviors.ValidationBehavior`2.Handle(TRequest request, RequestHandlerDelegate`1 next, CancellationToken cancellationToken) in C:\PrivateProject\algo.bytes\src\algo.Application\Behaviors\ValidationBehavior.cs:line 29
   at algo.Application.Behaviors.LoggingBehavior`2.Handle(TRequest request, RequestHandlerDelegate`1 next, CancellationToken cancellationToken) in C:\PrivateProject\algo.bytes\src\algo.Application\Behaviors\LoggingBehavior.cs:line 31
2026-05-09 10:32:04.473 -08:00 [INF] MediatR handling started GetUsersDashboardQuery
2026-05-09 10:32:04.501 -08:00 [ERR] MediatR handling failed ListAccessPoliciesQuery after 602 ms
FluentValidation.ValidationException: Validation failed: 
 -- authorization: Forbidden: accessPolicies:read. Severity: Error
   at algo.Application.Common.AccessPolicy.AccessPolicyAuthorizationExtensions.EnsureResourceActionAllowedAsync(IAccessPolicyEvaluator evaluator, IApplicationDbContext db, String resource, String action, CancellationToken cancellationToken) in C:\PrivateProject\algo.bytes\src\algo.Application\Common\AccessPolicy\AccessPolicyAuthorizationExtensions.cs:line 19
   at algo.Application.Features.AccessPolicies.Queries.ListAccessPolicies.ListAccessPoliciesQueryHandler.Handle(ListAccessPoliciesQuery request, CancellationToken cancellationToken) in C:\PrivateProject\algo.bytes\src\algo.Application\Features\AccessPolicies\Queries\ListAccessPolicies\ListAccessPoliciesQueryHandler.cs:line 18
   at algo.Application.Behaviors.ValidationBehavior`2.Handle(TRequest request, RequestHandlerDelegate`1 next, CancellationToken cancellationToken) in C:\PrivateProject\algo.bytes\src\algo.Application\Behaviors\ValidationBehavior.cs:line 29
   at algo.Application.Behaviors.LoggingBehavior`2.Handle(TRequest request, RequestHandlerDelegate`1 next, CancellationToken cancellationToken) in C:\PrivateProject\algo.bytes\src\algo.Application\Behaviors\LoggingBehavior.cs:line 31
2026-05-09 10:32:04.613 -08:00 [INF] HTTP GET /api/error-logs completed with 403 in 724 ms (0HNLDUVC1NL5V:00000091)
2026-05-09 10:32:04.559 -08:00 [INF] Access policy check started for users:read
2026-05-09 10:32:04.290 -08:00 [ERR] MediatR handling failed GetUsersDashboardQuery after 394 ms
FluentValidation.ValidationException: Validation failed: 
 -- authorization: Forbidden: users:read. Severity: Error
   at algo.Application.Common.AccessPolicy.AccessPolicyAuthorizationExtensions.EnsureResourceActionAllowedAsync(IAccessPolicyEvaluator evaluator, IApplicationDbContext db, String resource, String action, CancellationToken cancellationToken) in C:\PrivateProject\algo.bytes\src\algo.Application\Common\AccessPolicy\AccessPolicyAuthorizationExtensions.cs:line 19
   at algo.Application.Features.Users.Queries.GetUsersDashboard.GetUsersDashboardQueryHandler.Handle(GetUsersDashboardQuery request, CancellationToken cancellationToken) in C:\PrivateProject\algo.bytes\src\algo.Application\Features\Users\Queries\GetUsersDashboard\GetUsersDashboardQueryHandler.cs:line 16
   at algo.Application.Behaviors.ValidationBehavior`2.Handle(TRequest request, RequestHandlerDelegate`1 next, CancellationToken cancellationToken) in C:\PrivateProject\algo.bytes\src\algo.Application\Behaviors\ValidationBehavior.cs:line 29
   at algo.Application.Behaviors.LoggingBehavior`2.Handle(TRequest request, RequestHandlerDelegate`1 next, CancellationToken cancellationToken) in C:\PrivateProject\algo.bytes\src\algo.Application\Behaviors\LoggingBehavior.cs:line 31
2026-05-09 10:32:04.130 -08:00 [ERR] MediatR handling failed GetLogsQuery after 235 ms
FluentValidation.ValidationException: Validation failed: 
 -- authorization: Forbidden: logs:read. Severity: Error
   at algo.Application.Common.AccessPolicy.AccessPolicyAuthorizationExtensions.EnsureResourceActionAllowedAsync(IAccessPolicyEvaluator evaluator, IApplicationDbContext db, String resource, String action, CancellationToken cancellationToken) in C:\PrivateProject\algo.bytes\src\algo.Application\Common\AccessPolicy\AccessPolicyAuthorizationExtensions.cs:line 19
   at algo.Application.Features.Logs.Queries.GetLogs.GetLogsQueryHandler.Handle(GetLogsQuery request, CancellationToken cancellationToken) in C:\PrivateProject\algo.bytes\src\algo.Application\Features\Logs\Queries\GetLogs\GetLogsQueryHandler.cs:line 20
   at algo.Application.Behaviors.ValidationBehavior`2.Handle(TRequest request, RequestHandlerDelegate`1 next, CancellationToken cancellationToken) in C:\PrivateProject\algo.bytes\src\algo.Application\Behaviors\ValidationBehavior.cs:line 29
   at algo.Application.Behaviors.LoggingBehavior`2.Handle(TRequest request, RequestHandlerDelegate`1 next, CancellationToken cancellationToken) in C:\PrivateProject\algo.bytes\src\algo.Application\Behaviors\LoggingBehavior.cs:line 31
2026-05-09 10:32:04.723 -08:00 [INF] Access policy evaluation for users:read. UserId=790c2c93-d8e6-4b61-8a11-e4190a1c0805, Roles=[Admin], ActiveRules=3, SubjectMatched=1, ResourceActionMatched=1, Allows=1, Denies=0, Decision=Allowed
2026-05-09 10:32:04.721 -08:00 [INF] HTTP GET /api/AccessPolicies completed with 403 in 831 ms (0HNLDUVC1NL5V:00000093)
2026-05-09 10:32:04.829 -08:00 [INF] HTTP GET /api/Users/dashboard completed with 403 in 942 ms (0HNLDUVC1NL5V:0000008D)
2026-05-09 10:32:04.130 -08:00 [INF] Authorization header exists: true
2026-05-09 10:32:04.130 -08:00 [INF] Authorization header exists: true
2026-05-09 10:32:04.130 -08:00 [INF] Authorization header exists: true
2026-05-09 10:32:04.928 -08:00 [INF] HTTP GET /api/Logs completed with 403 in 1041 ms (0HNLDUVC1NL5V:0000008F)
2026-05-09 10:32:04.929 -08:00 [INF] Access policy query filter started for users:read
2026-05-09 10:32:04.933 -08:00 [INF] JWT token validated. IsAuthenticated=true
2026-05-09 10:32:04.933 -08:00 [INF] JWT token validated. IsAuthenticated=true
2026-05-09 10:32:04.934 -08:00 [INF] JWT token validated. IsAuthenticated=true
2026-05-09 10:32:04.937 -08:00 [INF] Access policy query filter for users:read. UserId=790c2c93-d8e6-4b61-8a11-e4190a1c0805, Roles=[Admin], ActiveRules=3, SubjectMatched=1, ResourceActionMatched=1, Allows=1, Denies=0
2026-05-09 10:32:04.938 -08:00 [INF] MediatR handling started GetErrorLogsQuery
2026-05-09 10:32:04.938 -08:00 [INF] MediatR handling started GetLogsQuery
2026-05-09 10:32:04.939 -08:00 [INF] MediatR handling started ListAccessPoliciesQuery
2026-05-09 10:32:04.942 -08:00 [INF] Access policy check started for errorLogs:read
2026-05-09 10:32:04.943 -08:00 [INF] Access policy check started for logs:read
2026-05-09 10:32:04.943 -08:00 [INF] Access policy check started for accessPolicies:read
2026-05-09 10:32:04.945 -08:00 [INF] Access policy evaluation for errorLogs:read. UserId=790c2c93-d8e6-4b61-8a11-e4190a1c0805, Roles=[Admin], ActiveRules=3, SubjectMatched=1, ResourceActionMatched=1, Allows=1, Denies=0, Decision=Allowed
2026-05-09 10:32:04.946 -08:00 [INF] Access policy evaluation for logs:read. UserId=790c2c93-d8e6-4b61-8a11-e4190a1c0805, Roles=[Admin], ActiveRules=3, SubjectMatched=1, ResourceActionMatched=1, Allows=1, Denies=0, Decision=Allowed
2026-05-09 10:32:04.947 -08:00 [INF] Access policy evaluation for accessPolicies:read. UserId=790c2c93-d8e6-4b61-8a11-e4190a1c0805, Roles=[Admin], ActiveRules=3, SubjectMatched=1, ResourceActionMatched=1, Allows=1, Denies=0, Decision=Allowed
2026-05-09 10:32:04.948 -08:00 [INF] MediatR handling completed GetUsersDashboardQuery in 474 ms
2026-05-09 10:32:04.952 -08:00 [INF] MediatR handling completed GetErrorLogsQuery in 14 ms
2026-05-09 10:32:04.956 -08:00 [INF] MediatR handling completed ListAccessPoliciesQuery in 16 ms
2026-05-09 10:32:04.956 -08:00 [INF] HTTP GET /api/Users/dashboard completed with 200 in 826 ms (0HNLDUVC1NL5U:00000075)
2026-05-09 10:32:04.957 -08:00 [INF] MediatR handling completed GetLogsQuery in 18 ms
2026-05-09 10:32:04.958 -08:00 [INF] HTTP GET /api/error-logs completed with 200 in 827 ms (0HNLDUVC1NL5U:00000077)
2026-05-09 10:32:04.959 -08:00 [INF] HTTP GET /api/AccessPolicies completed with 200 in 828 ms (0HNLDUVC1NL5U:0000007B)
2026-05-09 10:32:04.962 -08:00 [INF] HTTP GET /api/Logs completed with 200 in 831 ms (0HNLDUVC1NL5U:00000079)
2026-05-09 10:32:19.073 -08:00 [INF] Authorization header exists: true
2026-05-09 10:32:19.073 -08:00 [INF] Authorization header exists: true
2026-05-09 10:32:19.074 -08:00 [INF] JWT token validated. IsAuthenticated=true
2026-05-09 10:32:19.074 -08:00 [INF] Authorization header exists: true
2026-05-09 10:32:19.074 -08:00 [INF] Authorization header exists: true
2026-05-09 10:32:19.074 -08:00 [INF] JWT token validated. IsAuthenticated=true
2026-05-09 10:32:19.076 -08:00 [INF] MediatR handling started GetUsersDashboardQuery
2026-05-09 10:32:19.076 -08:00 [INF] JWT token validated. IsAuthenticated=true
2026-05-09 10:32:19.077 -08:00 [INF] JWT token validated. IsAuthenticated=true
2026-05-09 10:32:19.078 -08:00 [INF] MediatR handling started GetLogsQuery
2026-05-09 10:32:19.079 -08:00 [INF] Access policy check started for users:read
2026-05-09 10:32:19.079 -08:00 [INF] MediatR handling started ListAccessPoliciesQuery
2026-05-09 10:32:19.080 -08:00 [INF] MediatR handling started GetErrorLogsQuery
2026-05-09 10:32:19.080 -08:00 [INF] Access policy check started for logs:read
2026-05-09 10:32:19.082 -08:00 [INF] Access policy check started for accessPolicies:read
2026-05-09 10:32:19.083 -08:00 [INF] Access policy evaluation for users:read. UserId=d1ed8be4-9703-45f0-935f-3c39601b55e1, Roles=[], ActiveRules=3, SubjectMatched=0, ResourceActionMatched=0, Allows=0, Denies=0, Decision=Denied
2026-05-09 10:32:19.083 -08:00 [INF] Access policy check started for errorLogs:read
2026-05-09 10:32:19.086 -08:00 [INF] Access policy evaluation for accessPolicies:read. UserId=d1ed8be4-9703-45f0-935f-3c39601b55e1, Roles=[], ActiveRules=3, SubjectMatched=0, ResourceActionMatched=0, Allows=0, Denies=0, Decision=Denied
2026-05-09 10:32:19.086 -08:00 [INF] Access policy evaluation for logs:read. UserId=d1ed8be4-9703-45f0-935f-3c39601b55e1, Roles=[], ActiveRules=3, SubjectMatched=0, ResourceActionMatched=0, Allows=0, Denies=0, Decision=Denied
2026-05-09 10:32:19.241 -08:00 [INF] Access policy evaluation for errorLogs:read. UserId=d1ed8be4-9703-45f0-935f-3c39601b55e1, Roles=[], ActiveRules=3, SubjectMatched=0, ResourceActionMatched=0, Allows=0, Denies=0, Decision=Denied
2026-05-09 10:32:19.239 -08:00 [ERR] MediatR handling failed GetUsersDashboardQuery after 163 ms
FluentValidation.ValidationException: Validation failed: 
 -- authorization: Forbidden: users:read. Severity: Error
   at algo.Application.Common.AccessPolicy.AccessPolicyAuthorizationExtensions.EnsureResourceActionAllowedAsync(IAccessPolicyEvaluator evaluator, IApplicationDbContext db, String resource, String action, CancellationToken cancellationToken) in C:\PrivateProject\algo.bytes\src\algo.Application\Common\AccessPolicy\AccessPolicyAuthorizationExtensions.cs:line 19
   at algo.Application.Features.Users.Queries.GetUsersDashboard.GetUsersDashboardQueryHandler.Handle(GetUsersDashboardQuery request, CancellationToken cancellationToken) in C:\PrivateProject\algo.bytes\src\algo.Application\Features\Users\Queries\GetUsersDashboard\GetUsersDashboardQueryHandler.cs:line 16
   at algo.Application.Behaviors.ValidationBehavior`2.Handle(TRequest request, RequestHandlerDelegate`1 next, CancellationToken cancellationToken) in C:\PrivateProject\algo.bytes\src\algo.Application\Behaviors\ValidationBehavior.cs:line 29
   at algo.Application.Behaviors.LoggingBehavior`2.Handle(TRequest request, RequestHandlerDelegate`1 next, CancellationToken cancellationToken) in C:\PrivateProject\algo.bytes\src\algo.Application\Behaviors\LoggingBehavior.cs:line 31
2026-05-09 10:32:19.433 -08:00 [ERR] MediatR handling failed ListAccessPoliciesQuery after 354 ms
FluentValidation.ValidationException: Validation failed: 
 -- authorization: Forbidden: accessPolicies:read. Severity: Error
   at algo.Application.Common.AccessPolicy.AccessPolicyAuthorizationExtensions.EnsureResourceActionAllowedAsync(IAccessPolicyEvaluator evaluator, IApplicationDbContext db, String resource, String action, CancellationToken cancellationToken) in C:\PrivateProject\algo.bytes\src\algo.Application\Common\AccessPolicy\AccessPolicyAuthorizationExtensions.cs:line 19
   at algo.Application.Features.AccessPolicies.Queries.ListAccessPolicies.ListAccessPoliciesQueryHandler.Handle(ListAccessPoliciesQuery request, CancellationToken cancellationToken) in C:\PrivateProject\algo.bytes\src\algo.Application\Features\AccessPolicies\Queries\ListAccessPolicies\ListAccessPoliciesQueryHandler.cs:line 18
   at algo.Application.Behaviors.ValidationBehavior`2.Handle(TRequest request, RequestHandlerDelegate`1 next, CancellationToken cancellationToken) in C:\PrivateProject\algo.bytes\src\algo.Application\Behaviors\ValidationBehavior.cs:line 29
   at algo.Application.Behaviors.LoggingBehavior`2.Handle(TRequest request, RequestHandlerDelegate`1 next, CancellationToken cancellationToken) in C:\PrivateProject\algo.bytes\src\algo.Application\Behaviors\LoggingBehavior.cs:line 31
2026-05-09 10:32:19.682 -08:00 [ERR] MediatR handling failed GetErrorLogsQuery after 602 ms
FluentValidation.ValidationException: Validation failed: 
 -- authorization: Forbidden: errorLogs:read. Severity: Error
   at algo.Application.Common.AccessPolicy.AccessPolicyAuthorizationExtensions.EnsureResourceActionAllowedAsync(IAccessPolicyEvaluator evaluator, IApplicationDbContext db, String resource, String action, CancellationToken cancellationToken) in C:\PrivateProject\algo.bytes\src\algo.Application\Common\AccessPolicy\AccessPolicyAuthorizationExtensions.cs:line 19
   at algo.Application.Features.ErrorLogs.Queries.GetErrorLogs.GetErrorLogsQueryHandler.Handle(GetErrorLogsQuery request, CancellationToken cancellationToken) in C:\PrivateProject\algo.bytes\src\algo.Application\Features\ErrorLogs\Queries\GetErrorLogs\GetErrorLogsQueryHandler.cs:line 22
   at algo.Application.Behaviors.ValidationBehavior`2.Handle(TRequest request, RequestHandlerDelegate`1 next, CancellationToken cancellationToken) in C:\PrivateProject\algo.bytes\src\algo.Application\Behaviors\ValidationBehavior.cs:line 29
   at algo.Application.Behaviors.LoggingBehavior`2.Handle(TRequest request, RequestHandlerDelegate`1 next, CancellationToken cancellationToken) in C:\PrivateProject\algo.bytes\src\algo.Application\Behaviors\LoggingBehavior.cs:line 31
2026-05-09 10:32:19.911 -08:00 [INF] Authorization header exists: true
2026-05-09 10:32:19.901 -08:00 [INF] Authorization header exists: true
2026-05-09 10:32:20.075 -08:00 [INF] JWT token validated. IsAuthenticated=true
2026-05-09 10:32:19.911 -08:00 [INF] Authorization header exists: true
2026-05-09 10:32:19.911 -08:00 [INF] Authorization header exists: true
2026-05-09 10:32:19.863 -08:00 [INF] HTTP GET /api/Users/dashboard completed with 403 in 790 ms (0HNLDUVC1NL5V:0000009D)
2026-05-09 10:32:20.021 -08:00 [INF] HTTP GET /api/AccessPolicies completed with 403 in 946 ms (0HNLDUVC1NL5V:000000A3)
2026-05-09 10:32:19.570 -08:00 [ERR] MediatR handling failed GetLogsQuery after 492 ms
FluentValidation.ValidationException: Validation failed: 
 -- authorization: Forbidden: logs:read. Severity: Error
   at algo.Application.Common.AccessPolicy.AccessPolicyAuthorizationExtensions.EnsureResourceActionAllowedAsync(IAccessPolicyEvaluator evaluator, IApplicationDbContext db, String resource, String action, CancellationToken cancellationToken) in C:\PrivateProject\algo.bytes\src\algo.Application\Common\AccessPolicy\AccessPolicyAuthorizationExtensions.cs:line 19
   at algo.Application.Features.Logs.Queries.GetLogs.GetLogsQueryHandler.Handle(GetLogsQuery request, CancellationToken cancellationToken) in C:\PrivateProject\algo.bytes\src\algo.Application\Features\Logs\Queries\GetLogs\GetLogsQueryHandler.cs:line 20
   at algo.Application.Behaviors.ValidationBehavior`2.Handle(TRequest request, RequestHandlerDelegate`1 next, CancellationToken cancellationToken) in C:\PrivateProject\algo.bytes\src\algo.Application\Behaviors\ValidationBehavior.cs:line 29
   at algo.Application.Behaviors.LoggingBehavior`2.Handle(TRequest request, RequestHandlerDelegate`1 next, CancellationToken cancellationToken) in C:\PrivateProject\algo.bytes\src\algo.Application\Behaviors\LoggingBehavior.cs:line 31
2026-05-09 10:32:20.154 -08:00 [INF] JWT token validated. IsAuthenticated=true
2026-05-09 10:32:20.155 -08:00 [INF] MediatR handling started GetLogsQuery
2026-05-09 10:32:20.204 -08:00 [INF] MediatR handling started GetUsersDashboardQuery
2026-05-09 10:32:20.256 -08:00 [INF] Access policy check started for logs:read
2026-05-09 10:32:20.156 -08:00 [INF] JWT token validated. IsAuthenticated=true
2026-05-09 10:32:20.156 -08:00 [INF] JWT token validated. IsAuthenticated=true
2026-05-09 10:32:20.154 -08:00 [INF] HTTP GET /api/error-logs completed with 403 in 1080 ms (0HNLDUVC1NL5V:000000A1)
2026-05-09 10:32:20.265 -08:00 [INF] HTTP GET /api/Logs completed with 403 in 1192 ms (0HNLDUVC1NL5V:0000009F)
2026-05-09 10:32:20.265 -08:00 [INF] Access policy check started for users:read
2026-05-09 10:32:20.267 -08:00 [INF] MediatR handling started GetErrorLogsQuery
2026-05-09 10:32:20.267 -08:00 [INF] Access policy evaluation for logs:read. UserId=790c2c93-d8e6-4b61-8a11-e4190a1c0805, Roles=[Admin], ActiveRules=3, SubjectMatched=1, ResourceActionMatched=1, Allows=1, Denies=0, Decision=Allowed
2026-05-09 10:32:20.267 -08:00 [INF] MediatR handling started ListAccessPoliciesQuery
2026-05-09 10:32:20.272 -08:00 [INF] Access policy evaluation for users:read. UserId=790c2c93-d8e6-4b61-8a11-e4190a1c0805, Roles=[Admin], ActiveRules=3, SubjectMatched=1, ResourceActionMatched=1, Allows=1, Denies=0, Decision=Allowed
2026-05-09 10:32:20.272 -08:00 [INF] Access policy check started for errorLogs:read
2026-05-09 10:32:20.274 -08:00 [INF] Access policy check started for accessPolicies:read
2026-05-09 10:32:20.276 -08:00 [INF] Access policy query filter started for users:read
2026-05-09 10:32:20.277 -08:00 [INF] MediatR handling completed GetLogsQuery in 121 ms
2026-05-09 10:32:20.278 -08:00 [INF] Access policy evaluation for errorLogs:read. UserId=790c2c93-d8e6-4b61-8a11-e4190a1c0805, Roles=[Admin], ActiveRules=3, SubjectMatched=1, ResourceActionMatched=1, Allows=1, Denies=0, Decision=Allowed
2026-05-09 10:32:20.279 -08:00 [INF] Access policy evaluation for accessPolicies:read. UserId=790c2c93-d8e6-4b61-8a11-e4190a1c0805, Roles=[Admin], ActiveRules=3, SubjectMatched=1, ResourceActionMatched=1, Allows=1, Denies=0, Decision=Allowed
2026-05-09 10:32:20.280 -08:00 [INF] Access policy query filter for users:read. UserId=790c2c93-d8e6-4b61-8a11-e4190a1c0805, Roles=[Admin], ActiveRules=3, SubjectMatched=1, ResourceActionMatched=1, Allows=1, Denies=0
2026-05-09 10:32:20.281 -08:00 [INF] HTTP GET /api/Logs completed with 200 in 370 ms (0HNLDUVC1NL5U:00000087)
2026-05-09 10:32:20.285 -08:00 [INF] MediatR handling completed GetErrorLogsQuery in 18 ms
2026-05-09 10:32:20.286 -08:00 [INF] MediatR handling completed ListAccessPoliciesQuery in 19 ms
2026-05-09 10:32:20.290 -08:00 [INF] HTTP GET /api/error-logs completed with 200 in 388 ms (0HNLDUVC1NL5U:0000008B)
2026-05-09 10:32:20.291 -08:00 [INF] HTTP GET /api/AccessPolicies completed with 200 in 389 ms (0HNLDUVC1NL5U:00000089)
2026-05-09 10:32:20.295 -08:00 [INF] MediatR handling completed GetUsersDashboardQuery in 91 ms
2026-05-09 10:32:20.296 -08:00 [INF] HTTP GET /api/Users/dashboard completed with 200 in 395 ms (0HNLDUVC1NL5U:00000085)
2026-05-09 10:35:23.222 -08:00 [INF] Authorization header exists: true
2026-05-09 10:35:23.222 -08:00 [INF] Authorization header exists: true
2026-05-09 10:35:23.223 -08:00 [INF] JWT token validated. IsAuthenticated=true
2026-05-09 10:35:23.223 -08:00 [INF] JWT token validated. IsAuthenticated=true
2026-05-09 10:35:23.224 -08:00 [INF] MediatR handling started GetAccessPolicyOptionsQuery
2026-05-09 10:35:23.225 -08:00 [INF] MediatR handling started ListAccessPoliciesQuery
2026-05-09 10:35:23.225 -08:00 [INF] Access policy check started for accessPolicies:read
2026-05-09 10:35:23.226 -08:00 [INF] Access policy check started for accessPolicies:read
2026-05-09 10:35:23.264 -08:00 [INF] Access policy evaluation for accessPolicies:read. UserId=790c2c93-d8e6-4b61-8a11-e4190a1c0805, Roles=[Admin], ActiveRules=3, SubjectMatched=1, ResourceActionMatched=1, Allows=1, Denies=0, Decision=Allowed
2026-05-09 10:35:23.266 -08:00 [INF] MediatR handling completed GetAccessPolicyOptionsQuery in 42 ms
2026-05-09 10:35:23.268 -08:00 [INF] HTTP GET /api/AccessPolicies/options completed with 200 in 45 ms (0HNLDUVC1NL5U:00000091)
2026-05-09 10:35:23.367 -08:00 [INF] Access policy evaluation for accessPolicies:read. UserId=790c2c93-d8e6-4b61-8a11-e4190a1c0805, Roles=[Admin], ActiveRules=3, SubjectMatched=1, ResourceActionMatched=1, Allows=1, Denies=0, Decision=Allowed
2026-05-09 10:35:23.370 -08:00 [INF] MediatR handling completed ListAccessPoliciesQuery in 145 ms
2026-05-09 10:35:23.372 -08:00 [INF] HTTP GET /api/AccessPolicies completed with 200 in 149 ms (0HNLDUVC1NL5U:00000093)
2026-05-09 10:35:25.612 -08:00 [INF] Authorization header exists: true
2026-05-09 10:35:25.613 -08:00 [INF] JWT token validated. IsAuthenticated=true
2026-05-09 10:35:25.623 -08:00 [INF] MediatR handling started GetAccessPolicyByIdQuery
2026-05-09 10:35:25.625 -08:00 [INF] Access policy check started for accessPolicies:read
2026-05-09 10:35:25.628 -08:00 [INF] Access policy evaluation for accessPolicies:read. UserId=790c2c93-d8e6-4b61-8a11-e4190a1c0805, Roles=[Admin], ActiveRules=3, SubjectMatched=1, ResourceActionMatched=1, Allows=1, Denies=0, Decision=Allowed
2026-05-09 10:35:25.637 -08:00 [INF] MediatR handling completed GetAccessPolicyByIdQuery in 14 ms
2026-05-09 10:35:25.639 -08:00 [INF] HTTP GET /api/AccessPolicies/ee495de8-6c6f-4ec0-bfd7-72bb729088b9 completed with 200 in 27 ms (0HNLDUVC1NL5U:00000097)
2026-05-09 10:35:41.259 -08:00 [INF] Authorization header exists: true
2026-05-09 10:35:41.259 -08:00 [INF] Authorization header exists: true
2026-05-09 10:35:41.261 -08:00 [INF] JWT token validated. IsAuthenticated=true
2026-05-09 10:35:41.262 -08:00 [INF] JWT token validated. IsAuthenticated=true
2026-05-09 10:35:41.263 -08:00 [INF] MediatR handling started GetAccessPolicyOptionsQuery
2026-05-09 10:35:41.264 -08:00 [INF] MediatR handling started ListAccessPoliciesQuery
2026-05-09 10:35:41.265 -08:00 [INF] Access policy check started for accessPolicies:read
2026-05-09 10:35:41.266 -08:00 [INF] Access policy check started for accessPolicies:read
2026-05-09 10:35:41.268 -08:00 [INF] Access policy evaluation for accessPolicies:read. UserId=d1ed8be4-9703-45f0-935f-3c39601b55e1, Roles=[], ActiveRules=3, SubjectMatched=0, ResourceActionMatched=0, Allows=0, Denies=0, Decision=Denied
2026-05-09 10:35:41.270 -08:00 [INF] Access policy evaluation for accessPolicies:read. UserId=d1ed8be4-9703-45f0-935f-3c39601b55e1, Roles=[], ActiveRules=3, SubjectMatched=0, ResourceActionMatched=0, Allows=0, Denies=0, Decision=Denied
2026-05-09 10:35:41.359 -08:00 [ERR] MediatR handling failed GetAccessPolicyOptionsQuery after 95 ms
FluentValidation.ValidationException: Validation failed: 
 -- authorization: Forbidden: accessPolicies:read. Severity: Error
   at algo.Application.Common.AccessPolicy.AccessPolicyAuthorizationExtensions.EnsureResourceActionAllowedAsync(IAccessPolicyEvaluator evaluator, IApplicationDbContext db, String resource, String action, CancellationToken cancellationToken) in C:\PrivateProject\algo.bytes\src\algo.Application\Common\AccessPolicy\AccessPolicyAuthorizationExtensions.cs:line 19
   at algo.Application.Features.AccessPolicies.Queries.GetAccessPolicyOptions.GetAccessPolicyOptionsQueryHandler.Handle(GetAccessPolicyOptionsQuery request, CancellationToken cancellationToken) in C:\PrivateProject\algo.bytes\src\algo.Application\Features\AccessPolicies\Queries\GetAccessPolicyOptions\GetAccessPolicyOptionsQueryHandler.cs:line 43
   at algo.Application.Behaviors.ValidationBehavior`2.Handle(TRequest request, RequestHandlerDelegate`1 next, CancellationToken cancellationToken) in C:\PrivateProject\algo.bytes\src\algo.Application\Behaviors\ValidationBehavior.cs:line 29
   at algo.Application.Behaviors.LoggingBehavior`2.Handle(TRequest request, RequestHandlerDelegate`1 next, CancellationToken cancellationToken) in C:\PrivateProject\algo.bytes\src\algo.Application\Behaviors\LoggingBehavior.cs:line 31
2026-05-09 10:35:41.467 -08:00 [ERR] MediatR handling failed ListAccessPoliciesQuery after 202 ms
FluentValidation.ValidationException: Validation failed: 
 -- authorization: Forbidden: accessPolicies:read. Severity: Error
   at algo.Application.Common.AccessPolicy.AccessPolicyAuthorizationExtensions.EnsureResourceActionAllowedAsync(IAccessPolicyEvaluator evaluator, IApplicationDbContext db, String resource, String action, CancellationToken cancellationToken) in C:\PrivateProject\algo.bytes\src\algo.Application\Common\AccessPolicy\AccessPolicyAuthorizationExtensions.cs:line 19
   at algo.Application.Features.AccessPolicies.Queries.ListAccessPolicies.ListAccessPoliciesQueryHandler.Handle(ListAccessPoliciesQuery request, CancellationToken cancellationToken) in C:\PrivateProject\algo.bytes\src\algo.Application\Features\AccessPolicies\Queries\ListAccessPolicies\ListAccessPoliciesQueryHandler.cs:line 18
   at algo.Application.Behaviors.ValidationBehavior`2.Handle(TRequest request, RequestHandlerDelegate`1 next, CancellationToken cancellationToken) in C:\PrivateProject\algo.bytes\src\algo.Application\Behaviors\ValidationBehavior.cs:line 29
   at algo.Application.Behaviors.LoggingBehavior`2.Handle(TRequest request, RequestHandlerDelegate`1 next, CancellationToken cancellationToken) in C:\PrivateProject\algo.bytes\src\algo.Application\Behaviors\LoggingBehavior.cs:line 31
2026-05-09 10:35:41.574 -08:00 [INF] HTTP GET /api/AccessPolicies/options completed with 403 in 315 ms (0HNLDUVC1NL5V:000000A9)
2026-05-09 10:35:41.698 -08:00 [INF] HTTP GET /api/AccessPolicies completed with 403 in 438 ms (0HNLDUVC1NL5V:000000AB)
2026-05-09 10:35:54.116 -08:00 [INF] Authorization header exists: true
2026-05-09 10:35:54.124 -08:00 [INF] JWT token validated. IsAuthenticated=true
2026-05-09 10:35:54.128 -08:00 [INF] MediatR handling started GetAccessPolicyByIdQuery
2026-05-09 10:35:54.129 -08:00 [INF] Access policy check started for accessPolicies:read
2026-05-09 10:35:54.133 -08:00 [INF] Access policy evaluation for accessPolicies:read. UserId=790c2c93-d8e6-4b61-8a11-e4190a1c0805, Roles=[Admin], ActiveRules=3, SubjectMatched=1, ResourceActionMatched=1, Allows=1, Denies=0, Decision=Allowed
2026-05-09 10:35:54.139 -08:00 [INF] MediatR handling completed GetAccessPolicyByIdQuery in 11 ms
2026-05-09 10:35:54.143 -08:00 [INF] HTTP GET /api/AccessPolicies/ee495de8-6c6f-4ec0-bfd7-72bb729088b9 completed with 200 in 26 ms (0HNLDUVC1NL5U:0000009B)
2026-05-09 10:59:44.237 -08:00 [WRN] Sensitive data logging is enabled. Log entries and exception messages may include sensitive application data; this mode should only be enabled during development.
2026-05-09 10:59:45.003 -08:00 [INF] Admin wildcard access policy already exists
2026-05-09 10:59:45.263 -08:00 [INF] Now listening on: https://localhost:7259
2026-05-09 10:59:45.265 -08:00 [INF] Now listening on: http://localhost:5244
2026-05-09 10:59:45.312 -08:00 [INF] Application started. Press Ctrl+C to shut down.
2026-05-09 10:59:45.313 -08:00 [INF] Hosting environment: Development
2026-05-09 10:59:45.314 -08:00 [INF] Content root path: C:\PrivateProject\algo.bytes\src\algo.API
2026-05-09 10:59:57.313 -08:00 [INF] Authorization header exists: false
2026-05-09 10:59:57.385 -08:00 [INF] MediatR handling started LoginCommand
2026-05-09 10:59:57.923 -08:00 [INF] MediatR handling completed LoginCommand in 538 ms
2026-05-09 10:59:57.941 -08:00 [INF] HTTP POST /api/Auth/login completed with 200 in 687 ms (0HNLDVKKR0JV4:00000003)
2026-05-09 10:59:57.976 -08:00 [INF] Authorization header exists: true
2026-05-09 10:59:57.976 -08:00 [INF] Authorization header exists: true
2026-05-09 10:59:57.983 -08:00 [INF] Authorization header exists: true
2026-05-09 10:59:57.983 -08:00 [INF] Authorization header exists: true
2026-05-09 10:59:58.060 -08:00 [WRN] JWT challenge. Error=invalid_token, Description=
2026-05-09 10:59:58.060 -08:00 [WRN] JWT challenge. Error=invalid_token, Description=
2026-05-09 10:59:58.060 -08:00 [WRN] JWT challenge. Error=invalid_token, Description=
2026-05-09 10:59:58.060 -08:00 [WRN] JWT challenge. Error=invalid_token, Description=
2026-05-09 10:59:58.068 -08:00 [INF] HTTP GET /api/Logs completed with 401 in 92 ms (0HNLDVKKR0JV4:00000011)
2026-05-09 10:59:58.068 -08:00 [INF] HTTP GET /api/Users/dashboard completed with 401 in 92 ms (0HNLDVKKR0JV4:0000000F)
2026-05-09 10:59:58.068 -08:00 [INF] HTTP GET /api/error-logs completed with 401 in 92 ms (0HNLDVKKR0JV4:00000015)
2026-05-09 10:59:58.068 -08:00 [INF] HTTP GET /api/AccessPolicies completed with 401 in 92 ms (0HNLDVKKR0JV4:00000013)
2026-05-09 11:00:19.969 -08:00 [INF] Authorization header exists: false
2026-05-09 11:00:19.973 -08:00 [INF] MediatR handling started LoginCommand
2026-05-09 11:00:20.051 -08:00 [INF] MediatR handling completed LoginCommand in 78 ms
2026-05-09 11:00:20.053 -08:00 [INF] HTTP POST /api/Auth/login completed with 200 in 86 ms (0HNLDVKKR0JV4:00000019)
2026-05-09 11:00:20.184 -08:00 [INF] Authorization header exists: true
2026-05-09 11:00:20.184 -08:00 [INF] Authorization header exists: true
2026-05-09 11:00:20.184 -08:00 [INF] Authorization header exists: true
2026-05-09 11:00:20.184 -08:00 [INF] Authorization header exists: true
2026-05-09 11:00:20.187 -08:00 [WRN] JWT challenge. Error=invalid_token, Description=
2026-05-09 11:00:20.187 -08:00 [WRN] JWT challenge. Error=invalid_token, Description=
2026-05-09 11:00:20.189 -08:00 [INF] HTTP GET /api/AccessPolicies completed with 401 in 4 ms (0HNLDVKKR0JV4:0000002B)
2026-05-09 11:00:20.187 -08:00 [WRN] JWT challenge. Error=invalid_token, Description=
2026-05-09 11:00:20.188 -08:00 [WRN] JWT challenge. Error=invalid_token, Description=
2026-05-09 11:00:20.194 -08:00 [INF] HTTP GET /api/error-logs completed with 401 in 9 ms (0HNLDVKKR0JV4:00000029)
2026-05-09 11:00:20.197 -08:00 [INF] HTTP GET /api/Users/dashboard completed with 401 in 12 ms (0HNLDVKKR0JV4:00000025)
2026-05-09 11:00:20.198 -08:00 [INF] HTTP GET /api/Logs completed with 401 in 13 ms (0HNLDVKKR0JV4:00000027)
2026-05-09 11:00:37.512 -08:00 [INF] Authorization header exists: false
2026-05-09 11:00:37.516 -08:00 [INF] MediatR handling started LoginCommand
2026-05-09 11:00:37.588 -08:00 [INF] MediatR handling completed LoginCommand in 72 ms
2026-05-09 11:00:37.590 -08:00 [INF] HTTP POST /api/Auth/login completed with 200 in 77 ms (0HNLDVKKR0JV4:0000002F)
2026-05-09 11:00:37.625 -08:00 [INF] Authorization header exists: true
2026-05-09 11:00:37.626 -08:00 [INF] Authorization header exists: true
2026-05-09 11:00:37.626 -08:00 [INF] Authorization header exists: true
2026-05-09 11:00:37.626 -08:00 [INF] Authorization header exists: true
2026-05-09 11:00:37.627 -08:00 [WRN] JWT challenge. Error=invalid_token, Description=
2026-05-09 11:00:37.627 -08:00 [WRN] JWT challenge. Error=invalid_token, Description=
2026-05-09 11:00:37.628 -08:00 [WRN] JWT challenge. Error=invalid_token, Description=
2026-05-09 11:00:37.629 -08:00 [WRN] JWT challenge. Error=invalid_token, Description=
2026-05-09 11:00:37.631 -08:00 [INF] HTTP GET /api/Users/dashboard completed with 401 in 5 ms (0HNLDVKKR0JV4:0000003B)
2026-05-09 11:00:37.632 -08:00 [INF] HTTP GET /api/Logs completed with 401 in 5 ms (0HNLDVKKR0JV4:0000003D)
2026-05-09 11:00:37.633 -08:00 [INF] HTTP GET /api/error-logs completed with 401 in 6 ms (0HNLDVKKR0JV4:0000003F)
2026-05-09 11:00:37.635 -08:00 [INF] HTTP GET /api/AccessPolicies completed with 401 in 8 ms (0HNLDVKKR0JV4:00000041)
2026-05-09 11:02:07.920 -08:00 [INF] Authorization header exists: false
2026-05-09 11:02:07.922 -08:00 [INF] MediatR handling started LoginCommand
2026-05-09 11:02:07.976 -08:00 [INF] MediatR handling completed LoginCommand in 54 ms
2026-05-09 11:02:07.977 -08:00 [INF] HTTP POST /api/Auth/login completed with 200 in 57 ms (0HNLDVKKR0JV4:00000045)
2026-05-09 11:02:08.134 -08:00 [INF] Authorization header exists: true
2026-05-09 11:02:08.136 -08:00 [WRN] JWT challenge. Error=invalid_token, Description=
2026-05-09 11:02:08.139 -08:00 [INF] HTTP GET /api/Users/dashboard completed with 401 in 4 ms (0HNLDVKKR0JV4:0000004D)
2026-05-09 11:02:08.140 -08:00 [INF] Authorization header exists: true
2026-05-09 11:02:08.179 -08:00 [INF] Authorization header exists: true
2026-05-09 11:02:08.179 -08:00 [INF] Authorization header exists: true
2026-05-09 11:02:08.181 -08:00 [WRN] JWT challenge. Error=invalid_token, Description=
2026-05-09 11:02:08.185 -08:00 [INF] HTTP GET /api/Logs completed with 401 in 44 ms (0HNLDVKKR0JV4:00000053)
2026-05-09 11:02:08.183 -08:00 [WRN] JWT challenge. Error=invalid_token, Description=
2026-05-09 11:02:08.182 -08:00 [WRN] JWT challenge. Error=invalid_token, Description=
2026-05-09 11:02:08.191 -08:00 [INF] HTTP GET /api/error-logs completed with 401 in 12 ms (0HNLDVKKR0JV4:00000055)
2026-05-09 11:02:08.192 -08:00 [INF] HTTP GET /api/AccessPolicies completed with 401 in 13 ms (0HNLDVKKR0JV4:00000057)
2026-05-09 11:03:16.484 -08:00 [WRN] Sensitive data logging is enabled. Log entries and exception messages may include sensitive application data; this mode should only be enabled during development.
2026-05-09 11:03:17.378 -08:00 [INF] Admin wildcard access policy already exists
2026-05-09 11:03:17.618 -08:00 [INF] Now listening on: https://localhost:7259
2026-05-09 11:03:17.621 -08:00 [INF] Now listening on: http://localhost:5244
2026-05-09 11:03:17.669 -08:00 [INF] Application started. Press Ctrl+C to shut down.
2026-05-09 11:03:17.670 -08:00 [INF] Hosting environment: Development
2026-05-09 11:03:17.671 -08:00 [INF] Content root path: C:\PrivateProject\algo.bytes\src\algo.API
2026-05-09 11:03:39.286 -08:00 [INF] Authorization header exists: false
2026-05-09 11:03:39.351 -08:00 [INF] MediatR handling started LoginCommand
2026-05-09 11:03:39.930 -08:00 [INF] MediatR handling completed LoginCommand in 578 ms
2026-05-09 11:03:39.946 -08:00 [INF] HTTP POST /api/Auth/login completed with 200 in 705 ms (0HNLDVMN0DQ4J:00000003)
2026-05-09 11:03:40.157 -08:00 [INF] Authorization header exists: true
2026-05-09 11:03:40.163 -08:00 [INF] Authorization header exists: true
2026-05-09 11:03:40.164 -08:00 [INF] Authorization header exists: true
2026-05-09 11:03:40.164 -08:00 [INF] Authorization header exists: true
2026-05-09 11:03:40.233 -08:00 [WRN] JWT challenge. Error=invalid_token, Description=
2026-05-09 11:03:40.233 -08:00 [WRN] JWT challenge. Error=invalid_token, Description=
2026-05-09 11:03:40.233 -08:00 [WRN] JWT challenge. Error=invalid_token, Description=
2026-05-09 11:03:40.233 -08:00 [WRN] JWT challenge. Error=invalid_token, Description=
2026-05-09 11:03:40.241 -08:00 [INF] HTTP GET /api/Users/dashboard completed with 401 in 84 ms (0HNLDVMN0DQ4J:0000000D)
2026-05-09 11:03:40.241 -08:00 [INF] HTTP GET /api/error-logs completed with 401 in 84 ms (0HNLDVMN0DQ4J:00000013)
2026-05-09 11:03:40.241 -08:00 [INF] HTTP GET /api/Logs completed with 401 in 84 ms (0HNLDVMN0DQ4J:00000011)
2026-05-09 11:03:40.241 -08:00 [INF] HTTP GET /api/AccessPolicies completed with 401 in 84 ms (0HNLDVMN0DQ4J:00000015)
2026-05-09 11:05:53.489 -08:00 [WRN] Sensitive data logging is enabled. Log entries and exception messages may include sensitive application data; this mode should only be enabled during development.
2026-05-09 11:05:54.344 -08:00 [INF] Admin wildcard access policy already exists
2026-05-09 11:05:54.539 -08:00 [INF] Now listening on: https://localhost:7259
2026-05-09 11:05:54.542 -08:00 [INF] Now listening on: http://localhost:5244
2026-05-09 11:05:54.595 -08:00 [INF] Application started. Press Ctrl+C to shut down.
2026-05-09 11:05:54.596 -08:00 [INF] Hosting environment: Development
2026-05-09 11:05:54.597 -08:00 [INF] Content root path: C:\PrivateProject\algo.bytes\src\algo.API
2026-05-09 11:06:06.318 -08:00 [INF] Authorization header exists: false
2026-05-09 11:06:06.373 -08:00 [INF] MediatR handling started LoginCommand
2026-05-09 11:06:06.895 -08:00 [INF] MediatR handling completed LoginCommand in 522 ms
2026-05-09 11:06:06.912 -08:00 [INF] HTTP POST /api/Auth/login completed with 200 in 634 ms (0HNLDVO2QO573:00000003)
2026-05-09 11:06:06.949 -08:00 [INF] Authorization header exists: true
2026-05-09 11:06:06.949 -08:00 [INF] Authorization header exists: true
2026-05-09 11:06:06.953 -08:00 [INF] Authorization header exists: true
2026-05-09 11:06:06.953 -08:00 [INF] Authorization header exists: true
2026-05-09 11:06:07.113 -08:00 [INF] JWT token validated. IsAuthenticated=true
2026-05-09 11:06:07.120 -08:00 [INF] JWT token validated. IsAuthenticated=true
2026-05-09 11:06:07.120 -08:00 [INF] JWT token validated. IsAuthenticated=true
2026-05-09 11:06:07.120 -08:00 [INF] JWT token validated. IsAuthenticated=true
2026-05-09 11:06:07.134 -08:00 [INF] MediatR handling started ListAccessPoliciesQuery
2026-05-09 11:06:07.134 -08:00 [INF] MediatR handling started GetUsersDashboardQuery
2026-05-09 11:06:07.142 -08:00 [INF] Access policy check started for accessPolicies:read
2026-05-09 11:06:07.143 -08:00 [INF] Access policy check started for users:read
2026-05-09 11:06:07.177 -08:00 [INF] MediatR handling started GetErrorLogsQuery
2026-05-09 11:06:07.177 -08:00 [INF] MediatR handling started GetLogsQuery
2026-05-09 11:06:07.179 -08:00 [INF] Access policy evaluation for accessPolicies:read. UserId=790c2c93-d8e6-4b61-8a11-e4190a1c0805, Roles=[Admin], ActiveRules=3, SubjectMatched=1, ResourceActionMatched=1, Allows=1, Denies=0, Decision=Allowed
2026-05-09 11:06:07.179 -08:00 [INF] Access policy evaluation for users:read. UserId=790c2c93-d8e6-4b61-8a11-e4190a1c0805, Roles=[Admin], ActiveRules=3, SubjectMatched=1, ResourceActionMatched=1, Allows=1, Denies=0, Decision=Allowed
2026-05-09 11:06:07.195 -08:00 [INF] Access policy query filter started for users:read
2026-05-09 11:06:07.196 -08:00 [INF] Access policy check started for logs:read
2026-05-09 11:06:07.196 -08:00 [INF] Access policy check started for errorLogs:read
2026-05-09 11:06:07.198 -08:00 [INF] MediatR handling completed ListAccessPoliciesQuery in 64 ms
2026-05-09 11:06:07.199 -08:00 [INF] Access policy evaluation for logs:read. UserId=790c2c93-d8e6-4b61-8a11-e4190a1c0805, Roles=[Admin], ActiveRules=3, SubjectMatched=1, ResourceActionMatched=1, Allows=1, Denies=0, Decision=Allowed
2026-05-09 11:06:07.200 -08:00 [INF] Access policy evaluation for errorLogs:read. UserId=790c2c93-d8e6-4b61-8a11-e4190a1c0805, Roles=[Admin], ActiveRules=3, SubjectMatched=1, ResourceActionMatched=1, Allows=1, Denies=0, Decision=Allowed
2026-05-09 11:06:07.203 -08:00 [INF] Access policy query filter for users:read. UserId=790c2c93-d8e6-4b61-8a11-e4190a1c0805, Roles=[Admin], ActiveRules=3, SubjectMatched=1, ResourceActionMatched=1, Allows=1, Denies=0
2026-05-09 11:06:07.218 -08:00 [INF] HTTP GET /api/AccessPolicies completed with 200 in 269 ms (0HNLDVO2QO573:00000015)
2026-05-09 11:06:07.320 -08:00 [INF] MediatR handling completed GetUsersDashboardQuery in 186 ms
2026-05-09 11:06:07.328 -08:00 [INF] HTTP GET /api/Users/dashboard completed with 200 in 379 ms (0HNLDVO2QO573:0000000F)
2026-05-09 11:06:07.372 -08:00 [INF] MediatR handling completed GetLogsQuery in 195 ms
2026-05-09 11:06:07.372 -08:00 [INF] MediatR handling completed GetErrorLogsQuery in 195 ms
2026-05-09 11:06:07.390 -08:00 [INF] HTTP GET /api/Logs completed with 200 in 442 ms (0HNLDVO2QO573:00000011)
2026-05-09 11:06:07.390 -08:00 [INF] HTTP GET /api/error-logs completed with 200 in 442 ms (0HNLDVO2QO573:00000013)
2026-05-09 11:06:34.677 -08:00 [INF] Authorization header exists: true
2026-05-09 11:06:34.677 -08:00 [INF] Authorization header exists: true
2026-05-09 11:06:34.681 -08:00 [INF] JWT token validated. IsAuthenticated=true
2026-05-09 11:06:34.681 -08:00 [INF] JWT token validated. IsAuthenticated=true
2026-05-09 11:06:34.683 -08:00 [INF] MediatR handling started ListAccessPoliciesQuery
2026-05-09 11:06:34.684 -08:00 [INF] Access policy check started for accessPolicies:read
2026-05-09 11:06:34.686 -08:00 [INF] Access policy evaluation for accessPolicies:read. UserId=790c2c93-d8e6-4b61-8a11-e4190a1c0805, Roles=[Admin], ActiveRules=3, SubjectMatched=1, ResourceActionMatched=1, Allows=1, Denies=0, Decision=Allowed
2026-05-09 11:06:34.691 -08:00 [INF] MediatR handling completed ListAccessPoliciesQuery in 8 ms
2026-05-09 11:06:34.691 -08:00 [INF] MediatR handling started GetAccessPolicyOptionsQuery
2026-05-09 11:06:34.694 -08:00 [INF] HTTP GET /api/AccessPolicies completed with 200 in 18 ms (0HNLDVO2QO573:0000001D)
2026-05-09 11:06:34.697 -08:00 [INF] Access policy check started for accessPolicies:read
2026-05-09 11:06:34.703 -08:00 [INF] Access policy evaluation for accessPolicies:read. UserId=790c2c93-d8e6-4b61-8a11-e4190a1c0805, Roles=[Admin], ActiveRules=3, SubjectMatched=1, ResourceActionMatched=1, Allows=1, Denies=0, Decision=Allowed
2026-05-09 11:06:34.718 -08:00 [INF] MediatR handling completed GetAccessPolicyOptionsQuery in 26 ms
2026-05-09 11:06:34.730 -08:00 [INF] HTTP GET /api/AccessPolicies/options completed with 200 in 55 ms (0HNLDVO2QO573:0000001B)
2026-05-09 11:07:08.766 -08:00 [INF] Authorization header exists: true
2026-05-09 11:07:08.770 -08:00 [INF] JWT token validated. IsAuthenticated=true
2026-05-09 11:07:08.787 -08:00 [INF] MediatR handling started ValidateAccessPolicyConditionCommand
2026-05-09 11:07:08.803 -08:00 [INF] MediatR handling completed ValidateAccessPolicyConditionCommand in 15 ms
2026-05-09 11:07:08.810 -08:00 [INF] HTTP POST /api/AccessPolicies/validate-condition completed with 200 in 44 ms (0HNLDVO2QO573:00000021)
2026-05-09 11:07:08.839 -08:00 [INF] Authorization header exists: true
2026-05-09 11:07:08.845 -08:00 [INF] JWT token validated. IsAuthenticated=true
2026-05-09 11:07:08.898 -08:00 [INF] MediatR handling started UpdateAccessPolicyCommand
2026-05-09 11:07:08.909 -08:00 [INF] Access policy check started for accessPolicies:update
2026-05-09 11:07:08.913 -08:00 [INF] Access policy evaluation for accessPolicies:update. UserId=790c2c93-d8e6-4b61-8a11-e4190a1c0805, Roles=[Admin], ActiveRules=3, SubjectMatched=1, ResourceActionMatched=1, Allows=1, Denies=0, Decision=Allowed
2026-05-09 11:07:09.046 -08:00 [INF] MediatR handling completed UpdateAccessPolicyCommand in 147 ms
2026-05-09 11:07:09.048 -08:00 [INF] HTTP PUT /api/AccessPolicies/ee495de8-6c6f-4ec0-bfd7-72bb729088b9 completed with 200 in 209 ms (0HNLDVO2QO573:00000025)
2026-05-09 11:07:09.061 -08:00 [INF] Authorization header exists: true
2026-05-09 11:07:09.064 -08:00 [INF] JWT token validated. IsAuthenticated=true
2026-05-09 11:07:09.066 -08:00 [INF] MediatR handling started ListAccessPoliciesQuery
2026-05-09 11:07:09.074 -08:00 [INF] Access policy check started for accessPolicies:read
2026-05-09 11:07:09.077 -08:00 [INF] Access policy evaluation for accessPolicies:read. UserId=790c2c93-d8e6-4b61-8a11-e4190a1c0805, Roles=[Admin], ActiveRules=3, SubjectMatched=1, ResourceActionMatched=1, Allows=1, Denies=0, Decision=Allowed
2026-05-09 11:07:09.082 -08:00 [INF] MediatR handling completed ListAccessPoliciesQuery in 16 ms
2026-05-09 11:07:09.084 -08:00 [INF] HTTP GET /api/AccessPolicies completed with 200 in 23 ms (0HNLDVO2QO573:00000029)
2026-05-09 11:07:13.803 -08:00 [INF] Authorization header exists: true
2026-05-09 11:07:13.808 -08:00 [INF] JWT token validated. IsAuthenticated=true
2026-05-09 11:07:13.821 -08:00 [INF] MediatR handling started GetRolesQuery
2026-05-09 11:07:13.825 -08:00 [INF] Access policy check started for roles:read
2026-05-09 11:07:13.829 -08:00 [INF] Access policy evaluation for roles:read. UserId=790c2c93-d8e6-4b61-8a11-e4190a1c0805, Roles=[Admin], ActiveRules=3, SubjectMatched=1, ResourceActionMatched=1, Allows=1, Denies=0, Decision=Allowed
2026-05-09 11:07:13.842 -08:00 [INF] MediatR handling completed GetRolesQuery in 20 ms
2026-05-09 11:07:13.845 -08:00 [INF] HTTP GET /api/Roles completed with 200 in 42 ms (0HNLDVO2QO573:0000002D)
2026-05-09 11:07:14.206 -08:00 [INF] Authorization header exists: true
2026-05-09 11:07:14.210 -08:00 [INF] JWT token validated. IsAuthenticated=true
2026-05-09 11:07:14.212 -08:00 [INF] MediatR handling started GetRolesQuery
2026-05-09 11:07:14.214 -08:00 [INF] Access policy check started for roles:read
2026-05-09 11:07:14.215 -08:00 [INF] Authorization header exists: true
2026-05-09 11:07:14.217 -08:00 [INF] Access policy evaluation for roles:read. UserId=790c2c93-d8e6-4b61-8a11-e4190a1c0805, Roles=[Admin], ActiveRules=3, SubjectMatched=1, ResourceActionMatched=1, Allows=1, Denies=0, Decision=Allowed
2026-05-09 11:07:14.221 -08:00 [INF] JWT token validated. IsAuthenticated=true
2026-05-09 11:07:14.245 -08:00 [INF] Authorization header exists: true
2026-05-09 11:07:14.249 -08:00 [INF] MediatR handling completed GetRolesQuery in 37 ms
2026-05-09 11:07:14.250 -08:00 [INF] JWT token validated. IsAuthenticated=true
2026-05-09 11:07:14.251 -08:00 [INF] HTTP GET /api/Roles completed with 200 in 44 ms (0HNLDVO2QO573:0000002F)
2026-05-09 11:07:14.267 -08:00 [INF] MediatR handling started GetUsersQuery
2026-05-09 11:07:14.267 -08:00 [INF] MediatR handling started GetUsersQuery
2026-05-09 11:07:14.276 -08:00 [INF] Access policy check started for users:read
2026-05-09 11:07:14.276 -08:00 [INF] Access policy check started for users:read
2026-05-09 11:07:14.279 -08:00 [INF] Access policy evaluation for users:read. UserId=790c2c93-d8e6-4b61-8a11-e4190a1c0805, Roles=[Admin], ActiveRules=3, SubjectMatched=1, ResourceActionMatched=1, Allows=1, Denies=0, Decision=Allowed
2026-05-09 11:07:14.280 -08:00 [INF] Access policy evaluation for users:read. UserId=790c2c93-d8e6-4b61-8a11-e4190a1c0805, Roles=[Admin], ActiveRules=3, SubjectMatched=1, ResourceActionMatched=1, Allows=1, Denies=0, Decision=Allowed
2026-05-09 11:07:14.282 -08:00 [INF] Access policy query filter started for users:read
2026-05-09 11:07:14.284 -08:00 [INF] Access policy query filter started for users:read
2026-05-09 11:07:14.286 -08:00 [INF] Access policy query filter for users:read. UserId=790c2c93-d8e6-4b61-8a11-e4190a1c0805, Roles=[Admin], ActiveRules=3, SubjectMatched=1, ResourceActionMatched=1, Allows=1, Denies=0
2026-05-09 11:07:14.287 -08:00 [INF] Access policy query filter for users:read. UserId=790c2c93-d8e6-4b61-8a11-e4190a1c0805, Roles=[Admin], ActiveRules=3, SubjectMatched=1, ResourceActionMatched=1, Allows=1, Denies=0
2026-05-09 11:07:14.332 -08:00 [INF] MediatR handling completed GetUsersQuery in 65 ms
2026-05-09 11:07:14.332 -08:00 [INF] MediatR handling completed GetUsersQuery in 65 ms
2026-05-09 11:07:14.340 -08:00 [INF] HTTP GET /api/Users completed with 200 in 95 ms (0HNLDVO2QO573:00000037)
2026-05-09 11:07:14.340 -08:00 [INF] HTTP GET /api/Users completed with 200 in 125 ms (0HNLDVO2QO573:00000033)
2026-05-09 11:07:25.691 -08:00 [INF] Authorization header exists: true
2026-05-09 11:07:25.693 -08:00 [INF] JWT token validated. IsAuthenticated=true
2026-05-09 11:07:25.694 -08:00 [INF] MediatR handling started GetRolesQuery
2026-05-09 11:07:25.700 -08:00 [INF] Access policy check started for roles:read
2026-05-09 11:07:25.702 -08:00 [INF] Access policy evaluation for roles:read. UserId=790c2c93-d8e6-4b61-8a11-e4190a1c0805, Roles=[Admin], ActiveRules=3, SubjectMatched=1, ResourceActionMatched=1, Allows=1, Denies=0, Decision=Allowed
2026-05-09 11:07:25.705 -08:00 [INF] MediatR handling completed GetRolesQuery in 11 ms
2026-05-09 11:07:25.706 -08:00 [INF] HTTP GET /api/Roles completed with 200 in 15 ms (0HNLDVO2QO573:0000003B)
2026-05-09 11:07:36.846 -08:00 [INF] Authorization header exists: true
2026-05-09 11:07:36.849 -08:00 [INF] JWT token validated. IsAuthenticated=true
2026-05-09 11:07:36.863 -08:00 [INF] MediatR handling started CreateRoleCommand
2026-05-09 11:07:36.866 -08:00 [INF] Access policy check started for roles:create
2026-05-09 11:07:36.868 -08:00 [INF] Access policy evaluation for roles:create. UserId=790c2c93-d8e6-4b61-8a11-e4190a1c0805, Roles=[Admin], ActiveRules=3, SubjectMatched=1, ResourceActionMatched=1, Allows=1, Denies=0, Decision=Allowed
2026-05-09 11:07:36.888 -08:00 [INF] MediatR handling completed CreateRoleCommand in 25 ms
2026-05-09 11:07:36.910 -08:00 [INF] HTTP POST /api/Roles completed with 201 in 64 ms (0HNLDVO2QO573:0000003F)
2026-05-09 11:07:36.915 -08:00 [INF] Authorization header exists: true
2026-05-09 11:07:36.917 -08:00 [INF] JWT token validated. IsAuthenticated=true
2026-05-09 11:07:36.918 -08:00 [INF] MediatR handling started GetRolesQuery
2026-05-09 11:07:36.918 -08:00 [INF] Access policy check started for roles:read
2026-05-09 11:07:36.920 -08:00 [INF] Access policy evaluation for roles:read. UserId=790c2c93-d8e6-4b61-8a11-e4190a1c0805, Roles=[Admin], ActiveRules=3, SubjectMatched=1, ResourceActionMatched=1, Allows=1, Denies=0, Decision=Allowed
2026-05-09 11:07:36.922 -08:00 [INF] MediatR handling completed GetRolesQuery in 4 ms
2026-05-09 11:07:36.923 -08:00 [INF] HTTP GET /api/Roles completed with 200 in 7 ms (0HNLDVO2QO573:00000041)
2026-05-09 11:07:38.838 -08:00 [INF] Authorization header exists: true
2026-05-09 11:07:38.838 -08:00 [INF] Authorization header exists: true
2026-05-09 11:07:38.840 -08:00 [INF] JWT token validated. IsAuthenticated=true
2026-05-09 11:07:38.841 -08:00 [INF] JWT token validated. IsAuthenticated=true
2026-05-09 11:07:38.842 -08:00 [INF] MediatR handling started GetAccessPolicyOptionsQuery
2026-05-09 11:07:38.843 -08:00 [INF] MediatR handling started ListAccessPoliciesQuery
2026-05-09 11:07:38.844 -08:00 [INF] Access policy check started for accessPolicies:read
2026-05-09 11:07:38.844 -08:00 [INF] Access policy check started for accessPolicies:read
2026-05-09 11:07:38.847 -08:00 [INF] Access policy evaluation for accessPolicies:read. UserId=790c2c93-d8e6-4b61-8a11-e4190a1c0805, Roles=[Admin], ActiveRules=3, SubjectMatched=1, ResourceActionMatched=1, Allows=1, Denies=0, Decision=Allowed
2026-05-09 11:07:38.848 -08:00 [INF] Access policy evaluation for accessPolicies:read. UserId=790c2c93-d8e6-4b61-8a11-e4190a1c0805, Roles=[Admin], ActiveRules=3, SubjectMatched=1, ResourceActionMatched=1, Allows=1, Denies=0, Decision=Allowed
2026-05-09 11:07:38.851 -08:00 [INF] MediatR handling completed GetAccessPolicyOptionsQuery in 8 ms
2026-05-09 11:07:38.855 -08:00 [INF] MediatR handling completed ListAccessPoliciesQuery in 12 ms
2026-05-09 11:07:38.857 -08:00 [INF] HTTP GET /api/AccessPolicies completed with 200 in 18 ms (0HNLDVO2QO573:00000049)
2026-05-09 11:07:38.857 -08:00 [INF] HTTP GET /api/AccessPolicies/options completed with 200 in 18 ms (0HNLDVO2QO573:00000047)
2026-05-09 11:07:43.609 -08:00 [INF] Authorization header exists: true
2026-05-09 11:07:43.611 -08:00 [INF] JWT token validated. IsAuthenticated=true
2026-05-09 11:07:43.622 -08:00 [INF] MediatR handling started GetSessionsQuery
2026-05-09 11:07:43.626 -08:00 [INF] Access policy check started for sessions:read
2026-05-09 11:07:43.628 -08:00 [INF] Access policy evaluation for sessions:read. UserId=790c2c93-d8e6-4b61-8a11-e4190a1c0805, Roles=[Admin], ActiveRules=3, SubjectMatched=1, ResourceActionMatched=1, Allows=1, Denies=0, Decision=Allowed
2026-05-09 11:07:43.696 -08:00 [INF] MediatR handling completed GetSessionsQuery in 73 ms
2026-05-09 11:07:43.704 -08:00 [INF] HTTP GET /api/Sessions completed with 200 in 95 ms (0HNLDVO2QO573:0000004D)
2026-05-09 11:07:43.990 -08:00 [INF] Authorization header exists: true
2026-05-09 11:07:43.992 -08:00 [INF] Authorization header exists: true
2026-05-09 11:07:43.993 -08:00 [INF] JWT token validated. IsAuthenticated=true
2026-05-09 11:07:43.995 -08:00 [INF] JWT token validated. IsAuthenticated=true
2026-05-09 11:07:43.996 -08:00 [INF] MediatR handling started GetSessionsQuery
2026-05-09 11:07:43.997 -08:00 [INF] MediatR handling started GetSessionsQuery
2026-05-09 11:07:43.997 -08:00 [INF] Access policy check started for sessions:read
2026-05-09 11:07:43.999 -08:00 [INF] Access policy check started for sessions:read
2026-05-09 11:07:44.001 -08:00 [INF] Access policy evaluation for sessions:read. UserId=790c2c93-d8e6-4b61-8a11-e4190a1c0805, Roles=[Admin], ActiveRules=3, SubjectMatched=1, ResourceActionMatched=1, Allows=1, Denies=0, Decision=Allowed
2026-05-09 11:07:44.002 -08:00 [INF] Access policy evaluation for sessions:read. UserId=790c2c93-d8e6-4b61-8a11-e4190a1c0805, Roles=[Admin], ActiveRules=3, SubjectMatched=1, ResourceActionMatched=1, Allows=1, Denies=0, Decision=Allowed
2026-05-09 11:07:44.009 -08:00 [INF] MediatR handling completed GetSessionsQuery in 13 ms
2026-05-09 11:07:44.011 -08:00 [INF] HTTP GET /api/Sessions completed with 200 in 21 ms (0HNLDVO2QO573:00000051)
2026-05-09 11:07:44.011 -08:00 [INF] MediatR handling completed GetSessionsQuery in 14 ms
2026-05-09 11:07:44.015 -08:00 [INF] HTTP GET /api/Sessions completed with 200 in 23 ms (0HNLDVO2QO573:00000053)
2026-05-09 11:07:46.279 -08:00 [INF] Authorization header exists: true
2026-05-09 11:07:46.279 -08:00 [INF] Authorization header exists: true
2026-05-09 11:07:46.282 -08:00 [INF] JWT token validated. IsAuthenticated=true
2026-05-09 11:07:46.282 -08:00 [INF] JWT token validated. IsAuthenticated=true
2026-05-09 11:07:46.282 -08:00 [INF] MediatR handling started ListAccessPoliciesQuery
2026-05-09 11:07:46.283 -08:00 [INF] MediatR handling started GetAccessPolicyOptionsQuery
2026-05-09 11:07:46.284 -08:00 [INF] Access policy check started for accessPolicies:read
2026-05-09 11:07:46.284 -08:00 [INF] Access policy check started for accessPolicies:read
2026-05-09 11:07:46.286 -08:00 [INF] Access policy evaluation for accessPolicies:read. UserId=790c2c93-d8e6-4b61-8a11-e4190a1c0805, Roles=[Admin], ActiveRules=3, SubjectMatched=1, ResourceActionMatched=1, Allows=1, Denies=0, Decision=Allowed
2026-05-09 11:07:46.287 -08:00 [INF] Access policy evaluation for accessPolicies:read. UserId=790c2c93-d8e6-4b61-8a11-e4190a1c0805, Roles=[Admin], ActiveRules=3, SubjectMatched=1, ResourceActionMatched=1, Allows=1, Denies=0, Decision=Allowed
2026-05-09 11:07:46.288 -08:00 [INF] MediatR handling completed ListAccessPoliciesQuery in 6 ms
2026-05-09 11:07:46.290 -08:00 [INF] MediatR handling completed GetAccessPolicyOptionsQuery in 6 ms
2026-05-09 11:07:46.290 -08:00 [INF] HTTP GET /api/AccessPolicies completed with 200 in 11 ms (0HNLDVO2QO573:00000059)
2026-05-09 11:07:46.291 -08:00 [INF] HTTP GET /api/AccessPolicies/options completed with 200 in 12 ms (0HNLDVO2QO573:0000005B)
2026-05-09 11:07:48.033 -08:00 [INF] Authorization header exists: true
2026-05-09 11:07:48.036 -08:00 [INF] JWT token validated. IsAuthenticated=true
2026-05-09 11:07:48.036 -08:00 [INF] MediatR handling started GetRolesQuery
2026-05-09 11:07:48.037 -08:00 [INF] Access policy check started for roles:read
2026-05-09 11:07:48.039 -08:00 [INF] Access policy evaluation for roles:read. UserId=790c2c93-d8e6-4b61-8a11-e4190a1c0805, Roles=[Admin], ActiveRules=3, SubjectMatched=1, ResourceActionMatched=1, Allows=1, Denies=0, Decision=Allowed
2026-05-09 11:07:48.041 -08:00 [INF] MediatR handling completed GetRolesQuery in 4 ms
2026-05-09 11:07:48.043 -08:00 [INF] HTTP GET /api/Roles completed with 200 in 9 ms (0HNLDVO2QO573:0000005F)
2026-05-09 11:07:52.789 -08:00 [INF] Authorization header exists: true
2026-05-09 11:07:52.789 -08:00 [INF] Authorization header exists: true
2026-05-09 11:07:52.792 -08:00 [INF] JWT token validated. IsAuthenticated=true
2026-05-09 11:07:52.792 -08:00 [INF] JWT token validated. IsAuthenticated=true
2026-05-09 11:07:52.793 -08:00 [INF] MediatR handling started GetAccessPolicyOptionsQuery
2026-05-09 11:07:52.794 -08:00 [INF] MediatR handling started ListAccessPoliciesQuery
2026-05-09 11:07:52.794 -08:00 [INF] Access policy check started for accessPolicies:read
2026-05-09 11:07:52.795 -08:00 [INF] Access policy check started for accessPolicies:read
2026-05-09 11:07:52.797 -08:00 [INF] Access policy evaluation for accessPolicies:read. UserId=790c2c93-d8e6-4b61-8a11-e4190a1c0805, Roles=[Admin], ActiveRules=3, SubjectMatched=1, ResourceActionMatched=1, Allows=1, Denies=0, Decision=Allowed
2026-05-09 11:07:52.797 -08:00 [INF] Access policy evaluation for accessPolicies:read. UserId=790c2c93-d8e6-4b61-8a11-e4190a1c0805, Roles=[Admin], ActiveRules=3, SubjectMatched=1, ResourceActionMatched=1, Allows=1, Denies=0, Decision=Allowed
2026-05-09 11:07:52.800 -08:00 [INF] MediatR handling completed GetAccessPolicyOptionsQuery in 6 ms
2026-05-09 11:07:52.803 -08:00 [INF] MediatR handling completed ListAccessPoliciesQuery in 8 ms
2026-05-09 11:07:52.803 -08:00 [INF] HTTP GET /api/AccessPolicies/options completed with 200 in 14 ms (0HNLDVO2QO573:00000065)
2026-05-09 11:07:52.804 -08:00 [INF] HTTP GET /api/AccessPolicies completed with 200 in 15 ms (0HNLDVO2QO573:00000067)
2026-05-09 11:07:54.716 -08:00 [INF] Authorization header exists: true
2026-05-09 11:07:54.716 -08:00 [INF] Authorization header exists: true
2026-05-09 11:07:54.718 -08:00 [INF] JWT token validated. IsAuthenticated=true
2026-05-09 11:07:54.719 -08:00 [INF] JWT token validated. IsAuthenticated=true
2026-05-09 11:07:54.720 -08:00 [INF] MediatR handling started GetRolesQuery
2026-05-09 11:07:54.721 -08:00 [INF] Access policy check started for roles:read
2026-05-09 11:07:54.722 -08:00 [INF] MediatR handling started GetUsersQuery
2026-05-09 11:07:54.723 -08:00 [INF] Access policy evaluation for roles:read. UserId=790c2c93-d8e6-4b61-8a11-e4190a1c0805, Roles=[Admin], ActiveRules=3, SubjectMatched=1, ResourceActionMatched=1, Allows=1, Denies=0, Decision=Allowed
2026-05-09 11:07:54.724 -08:00 [INF] Access policy check started for users:read
2026-05-09 11:07:54.724 -08:00 [INF] Authorization header exists: true
2026-05-09 11:07:54.726 -08:00 [INF] MediatR handling completed GetRolesQuery in 6 ms
2026-05-09 11:07:54.727 -08:00 [INF] Access policy evaluation for users:read. UserId=790c2c93-d8e6-4b61-8a11-e4190a1c0805, Roles=[Admin], ActiveRules=3, SubjectMatched=1, ResourceActionMatched=1, Allows=1, Denies=0, Decision=Allowed
2026-05-09 11:07:54.727 -08:00 [INF] HTTP GET /api/Roles completed with 200 in 11 ms (0HNLDVO2QO573:0000006D)
2026-05-09 11:07:54.728 -08:00 [INF] JWT token validated. IsAuthenticated=true
2026-05-09 11:07:54.729 -08:00 [INF] Access policy query filter started for users:read
2026-05-09 11:07:54.731 -08:00 [INF] MediatR handling started GetUsersQuery
2026-05-09 11:07:54.732 -08:00 [INF] Access policy check started for users:read
2026-05-09 11:07:54.733 -08:00 [INF] Access policy query filter for users:read. UserId=790c2c93-d8e6-4b61-8a11-e4190a1c0805, Roles=[Admin], ActiveRules=3, SubjectMatched=1, ResourceActionMatched=1, Allows=1, Denies=0
2026-05-09 11:07:54.734 -08:00 [INF] Access policy evaluation for users:read. UserId=790c2c93-d8e6-4b61-8a11-e4190a1c0805, Roles=[Admin], ActiveRules=3, SubjectMatched=1, ResourceActionMatched=1, Allows=1, Denies=0, Decision=Allowed
2026-05-09 11:07:54.737 -08:00 [INF] Access policy query filter started for users:read
2026-05-09 11:07:54.739 -08:00 [INF] Access policy query filter for users:read. UserId=790c2c93-d8e6-4b61-8a11-e4190a1c0805, Roles=[Admin], ActiveRules=3, SubjectMatched=1, ResourceActionMatched=1, Allows=1, Denies=0
2026-05-09 11:07:54.739 -08:00 [INF] MediatR handling completed GetUsersQuery in 16 ms
2026-05-09 11:07:54.741 -08:00 [INF] HTTP GET /api/Users completed with 200 in 25 ms (0HNLDVO2QO573:0000006F)
2026-05-09 11:07:54.743 -08:00 [INF] MediatR handling completed GetUsersQuery in 11 ms
2026-05-09 11:07:54.744 -08:00 [INF] HTTP GET /api/Users completed with 200 in 19 ms (0HNLDVO2QO573:00000073)
2026-05-09 11:07:59.392 -08:00 [INF] Authorization header exists: true
2026-05-09 11:07:59.394 -08:00 [INF] JWT token validated. IsAuthenticated=true
2026-05-09 11:07:59.411 -08:00 [INF] MediatR handling started AssignRolesCommand
2026-05-09 11:07:59.425 -08:00 [INF] Access policy check started for users:update
2026-05-09 11:07:59.427 -08:00 [INF] Access policy evaluation for users:update. UserId=790c2c93-d8e6-4b61-8a11-e4190a1c0805, Roles=[Admin], ActiveRules=3, SubjectMatched=1, ResourceActionMatched=1, Allows=1, Denies=0, Decision=Allowed
2026-05-09 11:07:59.429 -08:00 [INF] Access policy query filter started for users:update
2026-05-09 11:07:59.431 -08:00 [INF] Access policy query filter for users:update. UserId=790c2c93-d8e6-4b61-8a11-e4190a1c0805, Roles=[Admin], ActiveRules=3, SubjectMatched=1, ResourceActionMatched=1, Allows=1, Denies=0
2026-05-09 11:07:59.490 -08:00 [INF] MediatR handling completed AssignRolesCommand in 78 ms
2026-05-09 11:07:59.492 -08:00 [INF] HTTP POST /api/Users/d1ed8be4-9703-45f0-935f-3c39601b55e1/roles completed with 204 in 100 ms (0HNLDVO2QO573:00000077)
2026-05-09 11:07:59.498 -08:00 [INF] Authorization header exists: true
2026-05-09 11:07:59.500 -08:00 [INF] JWT token validated. IsAuthenticated=true
2026-05-09 11:07:59.502 -08:00 [INF] MediatR handling started GetUsersQuery
2026-05-09 11:07:59.502 -08:00 [INF] Access policy check started for users:read
2026-05-09 11:07:59.504 -08:00 [INF] Access policy evaluation for users:read. UserId=790c2c93-d8e6-4b61-8a11-e4190a1c0805, Roles=[Admin], ActiveRules=3, SubjectMatched=1, ResourceActionMatched=1, Allows=1, Denies=0, Decision=Allowed
2026-05-09 11:07:59.506 -08:00 [INF] Access policy query filter started for users:read
2026-05-09 11:07:59.507 -08:00 [INF] Access policy query filter for users:read. UserId=790c2c93-d8e6-4b61-8a11-e4190a1c0805, Roles=[Admin], ActiveRules=3, SubjectMatched=1, ResourceActionMatched=1, Allows=1, Denies=0
2026-05-09 11:07:59.512 -08:00 [INF] MediatR handling completed GetUsersQuery in 10 ms
2026-05-09 11:07:59.513 -08:00 [INF] HTTP GET /api/Users completed with 200 in 15 ms (0HNLDVO2QO573:00000079)
2026-05-09 11:08:23.946 -08:00 [INF] Authorization header exists: true
2026-05-09 11:08:23.946 -08:00 [INF] Authorization header exists: true
2026-05-09 11:08:23.948 -08:00 [INF] JWT token validated. IsAuthenticated=true
2026-05-09 11:08:23.948 -08:00 [INF] JWT token validated. IsAuthenticated=true
2026-05-09 11:08:23.949 -08:00 [INF] MediatR handling started ListAccessPoliciesQuery
2026-05-09 11:08:23.949 -08:00 [INF] MediatR handling started GetAccessPolicyOptionsQuery
2026-05-09 11:08:23.950 -08:00 [INF] Access policy check started for accessPolicies:read
2026-05-09 11:08:23.950 -08:00 [INF] Access policy check started for accessPolicies:read
2026-05-09 11:08:23.952 -08:00 [INF] Access policy evaluation for accessPolicies:read. UserId=790c2c93-d8e6-4b61-8a11-e4190a1c0805, Roles=[Admin], ActiveRules=3, SubjectMatched=1, ResourceActionMatched=1, Allows=1, Denies=0, Decision=Allowed
2026-05-09 11:08:23.953 -08:00 [INF] Access policy evaluation for accessPolicies:read. UserId=790c2c93-d8e6-4b61-8a11-e4190a1c0805, Roles=[Admin], ActiveRules=3, SubjectMatched=1, ResourceActionMatched=1, Allows=1, Denies=0, Decision=Allowed
2026-05-09 11:08:23.956 -08:00 [INF] MediatR handling completed ListAccessPoliciesQuery in 7 ms
2026-05-09 11:08:23.958 -08:00 [INF] MediatR handling completed GetAccessPolicyOptionsQuery in 8 ms
2026-05-09 11:08:23.959 -08:00 [INF] HTTP GET /api/AccessPolicies completed with 200 in 13 ms (0HNLDVO2QO573:00000081)
2026-05-09 11:08:23.960 -08:00 [INF] HTTP GET /api/AccessPolicies/options completed with 200 in 14 ms (0HNLDVO2QO573:0000007F)
2026-05-09 11:08:25.621 -08:00 [INF] Authorization header exists: true
2026-05-09 11:08:25.623 -08:00 [INF] JWT token validated. IsAuthenticated=true
2026-05-09 11:08:25.625 -08:00 [INF] MediatR handling started GetSessionsQuery
2026-05-09 11:08:25.626 -08:00 [INF] Access policy check started for sessions:read
2026-05-09 11:08:25.628 -08:00 [INF] Access policy evaluation for sessions:read. UserId=790c2c93-d8e6-4b61-8a11-e4190a1c0805, Roles=[Admin], ActiveRules=3, SubjectMatched=1, ResourceActionMatched=1, Allows=1, Denies=0, Decision=Allowed
2026-05-09 11:08:25.632 -08:00 [INF] MediatR handling completed GetSessionsQuery in 7 ms
2026-05-09 11:08:25.634 -08:00 [INF] HTTP GET /api/Sessions completed with 200 in 12 ms (0HNLDVO2QO573:00000085)
2026-05-09 11:08:26.045 -08:00 [INF] Authorization header exists: true
2026-05-09 11:08:26.047 -08:00 [INF] Authorization header exists: true
2026-05-09 11:08:26.047 -08:00 [INF] JWT token validated. IsAuthenticated=true
2026-05-09 11:08:26.049 -08:00 [INF] JWT token validated. IsAuthenticated=true
2026-05-09 11:08:26.050 -08:00 [INF] MediatR handling started GetSessionsQuery
2026-05-09 11:08:26.050 -08:00 [INF] MediatR handling started GetSessionsQuery
2026-05-09 11:08:26.051 -08:00 [INF] Access policy check started for sessions:read
2026-05-09 11:08:26.052 -08:00 [INF] Access policy check started for sessions:read
2026-05-09 11:08:26.053 -08:00 [INF] Access policy evaluation for sessions:read. UserId=790c2c93-d8e6-4b61-8a11-e4190a1c0805, Roles=[Admin], ActiveRules=3, SubjectMatched=1, ResourceActionMatched=1, Allows=1, Denies=0, Decision=Allowed
2026-05-09 11:08:26.054 -08:00 [INF] Access policy evaluation for sessions:read. UserId=790c2c93-d8e6-4b61-8a11-e4190a1c0805, Roles=[Admin], ActiveRules=3, SubjectMatched=1, ResourceActionMatched=1, Allows=1, Denies=0, Decision=Allowed
2026-05-09 11:08:26.058 -08:00 [INF] MediatR handling completed GetSessionsQuery in 8 ms
2026-05-09 11:08:26.060 -08:00 [INF] HTTP GET /api/Sessions completed with 200 in 14 ms (0HNLDVO2QO573:00000089)
2026-05-09 11:08:26.060 -08:00 [INF] MediatR handling completed GetSessionsQuery in 9 ms
2026-05-09 11:08:26.062 -08:00 [INF] HTTP GET /api/Sessions completed with 200 in 15 ms (0HNLDVO2QO573:0000008B)
2026-05-09 11:08:32.302 -08:00 [INF] Authorization header exists: true
2026-05-09 11:08:32.304 -08:00 [INF] JWT token validated. IsAuthenticated=true
2026-05-09 11:08:32.320 -08:00 [INF] MediatR handling started RevokeSessionCommand
2026-05-09 11:08:32.325 -08:00 [INF] Access policy check started for sessions:revoke
2026-05-09 11:08:32.326 -08:00 [INF] Access policy evaluation for sessions:revoke. UserId=790c2c93-d8e6-4b61-8a11-e4190a1c0805, Roles=[Admin], ActiveRules=3, SubjectMatched=1, ResourceActionMatched=1, Allows=1, Denies=0, Decision=Allowed
2026-05-09 11:08:32.344 -08:00 [INF] MediatR handling completed RevokeSessionCommand in 24 ms
2026-05-09 11:08:32.346 -08:00 [INF] HTTP POST /api/Sessions/239f3980-937a-42fb-aca4-470ab4da1b52/revoke completed with 204 in 43 ms (0HNLDVO2QO573:0000008F)
2026-05-09 11:08:32.352 -08:00 [INF] Authorization header exists: true
2026-05-09 11:08:32.360 -08:00 [WRN] JWT challenge. Error=invalid_token, Description=
2026-05-09 11:08:32.365 -08:00 [INF] HTTP GET /api/Sessions completed with 401 in 12 ms (0HNLDVO2QO573:00000093)
2026-05-09 11:08:32.596 -08:00 [INF] Authorization header exists: false
2026-05-09 11:08:32.596 -08:00 [INF] Authorization header exists: false
2026-05-09 11:08:32.597 -08:00 [WRN] JWT challenge. Error=null, Description=null
2026-05-09 11:08:32.598 -08:00 [WRN] JWT challenge. Error=null, Description=null
2026-05-09 11:08:32.599 -08:00 [INF] HTTP GET /api/Sessions completed with 401 in 2 ms (0HNLDVO2QO573:00000095)
2026-05-09 11:08:32.599 -08:00 [INF] HTTP GET /api/Sessions completed with 401 in 3 ms (0HNLDVO2QO573:00000097)
2026-05-09 11:09:01.596 -08:00 [INF] Authorization header exists: false
2026-05-09 11:09:01.597 -08:00 [INF] MediatR handling started LoginCommand
2026-05-09 11:09:01.654 -08:00 [INF] MediatR handling completed LoginCommand in 56 ms
2026-05-09 11:09:01.655 -08:00 [INF] HTTP POST /api/Auth/login completed with 200 in 58 ms (0HNLDVO2QO574:00000003)
2026-05-09 11:09:01.734 -08:00 [INF] Authorization header exists: true
2026-05-09 11:09:01.736 -08:00 [INF] JWT token validated. IsAuthenticated=true
2026-05-09 11:09:01.737 -08:00 [INF] MediatR handling started GetUsersDashboardQuery
2026-05-09 11:09:01.738 -08:00 [INF] Access policy check started for users:read
2026-05-09 11:09:01.740 -08:00 [INF] Access policy evaluation for users:read. UserId=d1ed8be4-9703-45f0-935f-3c39601b55e1, Roles=[inactive], ActiveRules=3, SubjectMatched=1, ResourceActionMatched=1, Allows=1, Denies=0, Decision=Allowed
2026-05-09 11:09:01.742 -08:00 [INF] Access policy query filter started for users:read
2026-05-09 11:09:01.743 -08:00 [INF] Access policy query filter for users:read. UserId=d1ed8be4-9703-45f0-935f-3c39601b55e1, Roles=[inactive], ActiveRules=3, SubjectMatched=1, ResourceActionMatched=1, Allows=1, Denies=0
2026-05-09 11:09:01.786 -08:00 [INF] MediatR handling completed GetUsersDashboardQuery in 49 ms
2026-05-09 11:09:01.788 -08:00 [INF] HTTP GET /api/Users/dashboard completed with 200 in 53 ms (0HNLDVO2QO574:00000009)
2026-05-09 11:09:04.810 -08:00 [INF] Authorization header exists: true
2026-05-09 11:09:04.810 -08:00 [INF] Authorization header exists: true
2026-05-09 11:09:04.812 -08:00 [INF] JWT token validated. IsAuthenticated=true
2026-05-09 11:09:04.812 -08:00 [INF] JWT token validated. IsAuthenticated=true
2026-05-09 11:09:04.813 -08:00 [INF] MediatR handling started GetRolesQuery
2026-05-09 11:09:04.814 -08:00 [INF] MediatR handling started GetUsersQuery
2026-05-09 11:09:04.814 -08:00 [INF] Access policy check started for roles:read
2026-05-09 11:09:04.814 -08:00 [INF] Access policy check started for users:read
2026-05-09 11:09:04.816 -08:00 [INF] Access policy evaluation for roles:read. UserId=d1ed8be4-9703-45f0-935f-3c39601b55e1, Roles=[inactive], ActiveRules=3, SubjectMatched=1, ResourceActionMatched=0, Allows=0, Denies=0, Decision=Denied
2026-05-09 11:09:04.817 -08:00 [INF] Access policy evaluation for users:read. UserId=d1ed8be4-9703-45f0-935f-3c39601b55e1, Roles=[inactive], ActiveRules=3, SubjectMatched=1, ResourceActionMatched=1, Allows=1, Denies=0, Decision=Allowed
2026-05-09 11:09:04.893 -08:00 [INF] Access policy query filter started for users:read
2026-05-09 11:09:04.893 -08:00 [INF] Authorization header exists: true
2026-05-09 11:09:04.931 -08:00 [ERR] MediatR handling failed GetRolesQuery after 117 ms
FluentValidation.ValidationException: Validation failed: 
 -- authorization: Forbidden: roles:read. Severity: Error
   at algo.Application.Common.AccessPolicy.AccessPolicyAuthorizationExtensions.EnsureResourceActionAllowedAsync(IAccessPolicyEvaluator evaluator, IApplicationDbContext db, String resource, String action, CancellationToken cancellationToken) in C:\PrivateProject\algo.bytes\src\algo.Application\Common\AccessPolicy\AccessPolicyAuthorizationExtensions.cs:line 19
   at algo.Application.Features.Roles.Queries.GetRoles.GetRolesQueryHandler.Handle(GetRolesQuery request, CancellationToken cancellationToken) in C:\PrivateProject\algo.bytes\src\algo.Application\Features\Roles\Queries\GetRoles\GetRolesQueryHandler.cs:line 18
   at algo.Application.Behaviors.ValidationBehavior`2.Handle(TRequest request, RequestHandlerDelegate`1 next, CancellationToken cancellationToken) in C:\PrivateProject\algo.bytes\src\algo.Application\Behaviors\ValidationBehavior.cs:line 29
   at algo.Application.Behaviors.LoggingBehavior`2.Handle(TRequest request, RequestHandlerDelegate`1 next, CancellationToken cancellationToken) in C:\PrivateProject\algo.bytes\src\algo.Application\Behaviors\LoggingBehavior.cs:line 31
2026-05-09 11:09:04.933 -08:00 [INF] JWT token validated. IsAuthenticated=true
2026-05-09 11:09:04.932 -08:00 [INF] Access policy query filter for users:read. UserId=d1ed8be4-9703-45f0-935f-3c39601b55e1, Roles=[inactive], ActiveRules=3, SubjectMatched=1, ResourceActionMatched=1, Allows=1, Denies=0
2026-05-09 11:09:04.984 -08:00 [INF] MediatR handling started GetUsersQuery
2026-05-09 11:09:05.071 -08:00 [INF] Access policy check started for users:read
2026-05-09 11:09:05.074 -08:00 [INF] Access policy evaluation for users:read. UserId=d1ed8be4-9703-45f0-935f-3c39601b55e1, Roles=[inactive], ActiveRules=3, SubjectMatched=1, ResourceActionMatched=1, Allows=1, Denies=0, Decision=Allowed
2026-05-09 11:09:05.076 -08:00 [INF] HTTP GET /api/Roles completed with 403 in 265 ms (0HNLDVO2QO574:0000000F)
2026-05-09 11:09:05.079 -08:00 [INF] Access policy query filter started for users:read
2026-05-09 11:09:05.082 -08:00 [INF] Access policy query filter for users:read. UserId=d1ed8be4-9703-45f0-935f-3c39601b55e1, Roles=[inactive], ActiveRules=3, SubjectMatched=1, ResourceActionMatched=1, Allows=1, Denies=0
2026-05-09 11:09:05.088 -08:00 [INF] MediatR handling completed GetUsersQuery in 274 ms
2026-05-09 11:09:05.088 -08:00 [INF] MediatR handling completed GetUsersQuery in 104 ms
2026-05-09 11:09:05.090 -08:00 [INF] HTTP GET /api/Users completed with 200 in 279 ms (0HNLDVO2QO574:00000011)
2026-05-09 11:09:05.091 -08:00 [INF] HTTP GET /api/Users completed with 200 in 197 ms (0HNLDVO2QO574:00000015)
2026-05-09 11:09:12.929 -08:00 [INF] Authorization header exists: true
2026-05-09 11:09:12.930 -08:00 [INF] JWT token validated. IsAuthenticated=true
2026-05-09 11:09:12.932 -08:00 [INF] MediatR handling started GetUsersDashboardQuery
2026-05-09 11:09:12.933 -08:00 [INF] Access policy check started for users:read
2026-05-09 11:09:12.935 -08:00 [INF] Access policy evaluation for users:read. UserId=d1ed8be4-9703-45f0-935f-3c39601b55e1, Roles=[inactive], ActiveRules=3, SubjectMatched=1, ResourceActionMatched=1, Allows=1, Denies=0, Decision=Allowed
2026-05-09 11:09:12.937 -08:00 [INF] Access policy query filter started for users:read
2026-05-09 11:09:12.938 -08:00 [INF] Access policy query filter for users:read. UserId=d1ed8be4-9703-45f0-935f-3c39601b55e1, Roles=[inactive], ActiveRules=3, SubjectMatched=1, ResourceActionMatched=1, Allows=1, Denies=0
2026-05-09 11:09:12.948 -08:00 [INF] MediatR handling completed GetUsersDashboardQuery in 15 ms
2026-05-09 11:09:12.949 -08:00 [INF] HTTP GET /api/Users/dashboard completed with 200 in 20 ms (0HNLDVO2QO574:0000001B)
2026-05-09 11:09:14.353 -08:00 [INF] Authorization header exists: true
2026-05-09 11:09:14.353 -08:00 [INF] Authorization header exists: true
2026-05-09 11:09:14.355 -08:00 [INF] JWT token validated. IsAuthenticated=true
2026-05-09 11:09:14.356 -08:00 [INF] JWT token validated. IsAuthenticated=true
2026-05-09 11:09:14.356 -08:00 [INF] MediatR handling started GetUsersQuery
2026-05-09 11:09:14.357 -08:00 [INF] MediatR handling started GetRolesQuery
2026-05-09 11:09:14.357 -08:00 [INF] Access policy check started for users:read
2026-05-09 11:09:14.358 -08:00 [INF] Access policy check started for roles:read
2026-05-09 11:09:14.360 -08:00 [INF] Access policy evaluation for users:read. UserId=d1ed8be4-9703-45f0-935f-3c39601b55e1, Roles=[inactive], ActiveRules=3, SubjectMatched=1, ResourceActionMatched=1, Allows=1, Denies=0, Decision=Allowed
2026-05-09 11:09:14.360 -08:00 [INF] Access policy evaluation for roles:read. UserId=d1ed8be4-9703-45f0-935f-3c39601b55e1, Roles=[inactive], ActiveRules=3, SubjectMatched=1, ResourceActionMatched=0, Allows=0, Denies=0, Decision=Denied
2026-05-09 11:09:14.363 -08:00 [INF] Access policy query filter started for users:read
2026-05-09 11:09:14.493 -08:00 [INF] Authorization header exists: true
2026-05-09 11:09:14.544 -08:00 [ERR] MediatR handling failed GetRolesQuery after 187 ms
FluentValidation.ValidationException: Validation failed: 
 -- authorization: Forbidden: roles:read. Severity: Error
   at algo.Application.Common.AccessPolicy.AccessPolicyAuthorizationExtensions.EnsureResourceActionAllowedAsync(IAccessPolicyEvaluator evaluator, IApplicationDbContext db, String resource, String action, CancellationToken cancellationToken) in C:\PrivateProject\algo.bytes\src\algo.Application\Common\AccessPolicy\AccessPolicyAuthorizationExtensions.cs:line 19
   at algo.Application.Features.Roles.Queries.GetRoles.GetRolesQueryHandler.Handle(GetRolesQuery request, CancellationToken cancellationToken) in C:\PrivateProject\algo.bytes\src\algo.Application\Features\Roles\Queries\GetRoles\GetRolesQueryHandler.cs:line 18
   at algo.Application.Behaviors.ValidationBehavior`2.Handle(TRequest request, RequestHandlerDelegate`1 next, CancellationToken cancellationToken) in C:\PrivateProject\algo.bytes\src\algo.Application\Behaviors\ValidationBehavior.cs:line 29
   at algo.Application.Behaviors.LoggingBehavior`2.Handle(TRequest request, RequestHandlerDelegate`1 next, CancellationToken cancellationToken) in C:\PrivateProject\algo.bytes\src\algo.Application\Behaviors\LoggingBehavior.cs:line 31
2026-05-09 11:09:14.544 -08:00 [INF] Access policy query filter for users:read. UserId=d1ed8be4-9703-45f0-935f-3c39601b55e1, Roles=[inactive], ActiveRules=3, SubjectMatched=1, ResourceActionMatched=1, Allows=1, Denies=0
2026-05-09 11:09:14.546 -08:00 [INF] JWT token validated. IsAuthenticated=true
2026-05-09 11:09:14.658 -08:00 [INF] HTTP GET /api/Roles completed with 403 in 305 ms (0HNLDVO2QO574:00000021)
2026-05-09 11:09:14.659 -08:00 [INF] MediatR handling started GetUsersQuery
2026-05-09 11:09:14.660 -08:00 [INF] MediatR handling completed GetUsersQuery in 303 ms
2026-05-09 11:09:14.661 -08:00 [INF] Access policy check started for users:read
2026-05-09 11:09:14.662 -08:00 [INF] HTTP GET /api/Users completed with 200 in 309 ms (0HNLDVO2QO574:00000023)
2026-05-09 11:09:14.664 -08:00 [INF] Access policy evaluation for users:read. UserId=d1ed8be4-9703-45f0-935f-3c39601b55e1, Roles=[inactive], ActiveRules=3, SubjectMatched=1, ResourceActionMatched=1, Allows=1, Denies=0, Decision=Allowed
2026-05-09 11:09:14.666 -08:00 [INF] Access policy query filter started for users:read
2026-05-09 11:09:14.668 -08:00 [INF] Access policy query filter for users:read. UserId=d1ed8be4-9703-45f0-935f-3c39601b55e1, Roles=[inactive], ActiveRules=3, SubjectMatched=1, ResourceActionMatched=1, Allows=1, Denies=0
2026-05-09 11:09:14.671 -08:00 [INF] MediatR handling completed GetUsersQuery in 11 ms
2026-05-09 11:09:14.672 -08:00 [INF] HTTP GET /api/Users completed with 200 in 207 ms (0HNLDVO2QO574:00000027)
2026-05-09 11:09:22.446 -08:00 [INF] Authorization header exists: true
2026-05-09 11:09:22.449 -08:00 [INF] JWT token validated. IsAuthenticated=true
2026-05-09 11:09:22.450 -08:00 [INF] MediatR handling started GetUsersDashboardQuery
2026-05-09 11:09:22.451 -08:00 [INF] Access policy check started for users:read
2026-05-09 11:09:22.454 -08:00 [INF] Access policy evaluation for users:read. UserId=d1ed8be4-9703-45f0-935f-3c39601b55e1, Roles=[inactive], ActiveRules=3, SubjectMatched=1, ResourceActionMatched=1, Allows=1, Denies=0, Decision=Allowed
2026-05-09 11:09:22.458 -08:00 [INF] Access policy query filter started for users:read
2026-05-09 11:09:22.461 -08:00 [INF] Access policy query filter for users:read. UserId=d1ed8be4-9703-45f0-935f-3c39601b55e1, Roles=[inactive], ActiveRules=3, SubjectMatched=1, ResourceActionMatched=1, Allows=1, Denies=0
2026-05-09 11:09:22.475 -08:00 [INF] MediatR handling completed GetUsersDashboardQuery in 25 ms
2026-05-09 11:09:22.477 -08:00 [INF] HTTP GET /api/Users/dashboard completed with 200 in 31 ms (0HNLDVO2QO574:0000002D)
2026-05-09 11:09:25.606 -08:00 [INF] Authorization header exists: true
2026-05-09 11:09:25.608 -08:00 [INF] Authorization header exists: true
2026-05-09 11:09:25.609 -08:00 [INF] JWT token validated. IsAuthenticated=true
2026-05-09 11:09:25.610 -08:00 [INF] MediatR handling started GetRolesQuery
2026-05-09 11:09:25.610 -08:00 [INF] JWT token validated. IsAuthenticated=true
2026-05-09 11:09:25.611 -08:00 [INF] Access policy check started for roles:read
2026-05-09 11:09:25.612 -08:00 [INF] MediatR handling started GetUsersQuery
2026-05-09 11:09:25.614 -08:00 [INF] Access policy check started for users:read
2026-05-09 11:09:25.614 -08:00 [INF] Access policy evaluation for roles:read. UserId=d1ed8be4-9703-45f0-935f-3c39601b55e1, Roles=[inactive], ActiveRules=3, SubjectMatched=1, ResourceActionMatched=0, Allows=0, Denies=0, Decision=Denied
2026-05-09 11:09:25.616 -08:00 [INF] Access policy evaluation for users:read. UserId=d1ed8be4-9703-45f0-935f-3c39601b55e1, Roles=[inactive], ActiveRules=3, SubjectMatched=1, ResourceActionMatched=1, Allows=1, Denies=0, Decision=Allowed
2026-05-09 11:09:25.713 -08:00 [INF] Authorization header exists: true
2026-05-09 11:09:25.740 -08:00 [ERR] MediatR handling failed GetRolesQuery after 130 ms
FluentValidation.ValidationException: Validation failed: 
 -- authorization: Forbidden: roles:read. Severity: Error
   at algo.Application.Common.AccessPolicy.AccessPolicyAuthorizationExtensions.EnsureResourceActionAllowedAsync(IAccessPolicyEvaluator evaluator, IApplicationDbContext db, String resource, String action, CancellationToken cancellationToken) in C:\PrivateProject\algo.bytes\src\algo.Application\Common\AccessPolicy\AccessPolicyAuthorizationExtensions.cs:line 19
   at algo.Application.Features.Roles.Queries.GetRoles.GetRolesQueryHandler.Handle(GetRolesQuery request, CancellationToken cancellationToken) in C:\PrivateProject\algo.bytes\src\algo.Application\Features\Roles\Queries\GetRoles\GetRolesQueryHandler.cs:line 18
   at algo.Application.Behaviors.ValidationBehavior`2.Handle(TRequest request, RequestHandlerDelegate`1 next, CancellationToken cancellationToken) in C:\PrivateProject\algo.bytes\src\algo.Application\Behaviors\ValidationBehavior.cs:line 29
   at algo.Application.Behaviors.LoggingBehavior`2.Handle(TRequest request, RequestHandlerDelegate`1 next, CancellationToken cancellationToken) in C:\PrivateProject\algo.bytes\src\algo.Application\Behaviors\LoggingBehavior.cs:line 31
2026-05-09 11:09:25.742 -08:00 [INF] Access policy query filter started for users:read
2026-05-09 11:09:25.744 -08:00 [INF] JWT token validated. IsAuthenticated=true
2026-05-09 11:09:25.828 -08:00 [INF] Access policy query filter for users:read. UserId=d1ed8be4-9703-45f0-935f-3c39601b55e1, Roles=[inactive], ActiveRules=3, SubjectMatched=1, ResourceActionMatched=1, Allows=1, Denies=0
2026-05-09 11:09:25.893 -08:00 [INF] HTTP GET /api/Roles completed with 403 in 287 ms (0HNLDVO2QO574:00000033)
2026-05-09 11:09:25.893 -08:00 [INF] MediatR handling started GetUsersQuery
2026-05-09 11:09:25.897 -08:00 [INF] MediatR handling completed GetUsersQuery in 285 ms
2026-05-09 11:09:25.898 -08:00 [INF] Access policy check started for users:read
2026-05-09 11:09:25.899 -08:00 [INF] HTTP GET /api/Users completed with 200 in 291 ms (0HNLDVO2QO574:00000035)
2026-05-09 11:09:25.901 -08:00 [INF] Access policy evaluation for users:read. UserId=d1ed8be4-9703-45f0-935f-3c39601b55e1, Roles=[inactive], ActiveRules=3, SubjectMatched=1, ResourceActionMatched=1, Allows=1, Denies=0, Decision=Allowed
2026-05-09 11:09:25.903 -08:00 [INF] Access policy query filter started for users:read
2026-05-09 11:09:25.905 -08:00 [INF] Access policy query filter for users:read. UserId=d1ed8be4-9703-45f0-935f-3c39601b55e1, Roles=[inactive], ActiveRules=3, SubjectMatched=1, ResourceActionMatched=1, Allows=1, Denies=0
2026-05-09 11:09:25.908 -08:00 [INF] MediatR handling completed GetUsersQuery in 15 ms
2026-05-09 11:09:25.910 -08:00 [INF] HTTP GET /api/Users completed with 200 in 197 ms (0HNLDVO2QO574:00000039)
2026-05-09 11:09:37.304 -08:00 [INF] Authorization header exists: true
2026-05-09 11:09:37.304 -08:00 [INF] Authorization header exists: true
2026-05-09 11:09:37.307 -08:00 [INF] JWT token validated. IsAuthenticated=true
2026-05-09 11:09:37.307 -08:00 [INF] JWT token validated. IsAuthenticated=true
2026-05-09 11:09:37.308 -08:00 [INF] MediatR handling started GetRolesQuery
2026-05-09 11:09:37.309 -08:00 [INF] MediatR handling started GetUsersQuery
2026-05-09 11:09:37.309 -08:00 [INF] Access policy check started for roles:read
2026-05-09 11:09:37.310 -08:00 [INF] Access policy check started for users:read
2026-05-09 11:09:37.312 -08:00 [INF] Access policy evaluation for roles:read. UserId=d1ed8be4-9703-45f0-935f-3c39601b55e1, Roles=[inactive], ActiveRules=3, SubjectMatched=1, ResourceActionMatched=0, Allows=0, Denies=0, Decision=Denied
2026-05-09 11:09:37.312 -08:00 [INF] Access policy evaluation for users:read. UserId=d1ed8be4-9703-45f0-935f-3c39601b55e1, Roles=[inactive], ActiveRules=3, SubjectMatched=1, ResourceActionMatched=1, Allows=1, Denies=0, Decision=Allowed
2026-05-09 11:09:37.374 -08:00 [INF] Authorization header exists: true
2026-05-09 11:09:37.411 -08:00 [ERR] MediatR handling failed GetRolesQuery after 103 ms
FluentValidation.ValidationException: Validation failed: 
 -- authorization: Forbidden: roles:read. Severity: Error
   at algo.Application.Common.AccessPolicy.AccessPolicyAuthorizationExtensions.EnsureResourceActionAllowedAsync(IAccessPolicyEvaluator evaluator, IApplicationDbContext db, String resource, String action, CancellationToken cancellationToken) in C:\PrivateProject\algo.bytes\src\algo.Application\Common\AccessPolicy\AccessPolicyAuthorizationExtensions.cs:line 19
   at algo.Application.Features.Roles.Queries.GetRoles.GetRolesQueryHandler.Handle(GetRolesQuery request, CancellationToken cancellationToken) in C:\PrivateProject\algo.bytes\src\algo.Application\Features\Roles\Queries\GetRoles\GetRolesQueryHandler.cs:line 18
   at algo.Application.Behaviors.ValidationBehavior`2.Handle(TRequest request, RequestHandlerDelegate`1 next, CancellationToken cancellationToken) in C:\PrivateProject\algo.bytes\src\algo.Application\Behaviors\ValidationBehavior.cs:line 29
   at algo.Application.Behaviors.LoggingBehavior`2.Handle(TRequest request, RequestHandlerDelegate`1 next, CancellationToken cancellationToken) in C:\PrivateProject\algo.bytes\src\algo.Application\Behaviors\LoggingBehavior.cs:line 31
2026-05-09 11:09:37.412 -08:00 [INF] Access policy query filter started for users:read
2026-05-09 11:09:37.414 -08:00 [INF] JWT token validated. IsAuthenticated=true
2026-05-09 11:09:37.563 -08:00 [INF] Access policy query filter for users:read. UserId=d1ed8be4-9703-45f0-935f-3c39601b55e1, Roles=[inactive], ActiveRules=3, SubjectMatched=1, ResourceActionMatched=1, Allows=1, Denies=0
2026-05-09 11:09:37.615 -08:00 [INF] HTTP GET /api/Roles completed with 403 in 311 ms (0HNLDVO2QO574:0000003F)
2026-05-09 11:09:37.615 -08:00 [INF] MediatR handling started GetUsersQuery
2026-05-09 11:09:37.618 -08:00 [INF] MediatR handling completed GetUsersQuery in 309 ms
2026-05-09 11:09:37.619 -08:00 [INF] Access policy check started for users:read
2026-05-09 11:09:37.620 -08:00 [INF] HTTP GET /api/Users completed with 200 in 316 ms (0HNLDVO2QO574:00000041)
2026-05-09 11:09:37.622 -08:00 [INF] Access policy evaluation for users:read. UserId=d1ed8be4-9703-45f0-935f-3c39601b55e1, Roles=[inactive], ActiveRules=3, SubjectMatched=1, ResourceActionMatched=1, Allows=1, Denies=0, Decision=Allowed
2026-05-09 11:09:37.625 -08:00 [INF] Access policy query filter started for users:read
2026-05-09 11:09:37.628 -08:00 [INF] Access policy query filter for users:read. UserId=d1ed8be4-9703-45f0-935f-3c39601b55e1, Roles=[inactive], ActiveRules=3, SubjectMatched=1, ResourceActionMatched=1, Allows=1, Denies=0
2026-05-09 11:09:37.632 -08:00 [INF] MediatR handling completed GetUsersQuery in 16 ms
2026-05-09 11:09:37.633 -08:00 [INF] HTTP GET /api/Users completed with 200 in 288 ms (0HNLDVO2QO574:00000045)
2026-05-09 11:09:52.587 -08:00 [INF] Authorization header exists: true
2026-05-09 11:09:52.589 -08:00 [INF] JWT token validated. IsAuthenticated=true
2026-05-09 11:09:52.590 -08:00 [INF] MediatR handling started GetUsersDashboardQuery
2026-05-09 11:09:52.590 -08:00 [INF] Access policy check started for users:read
2026-05-09 11:09:52.592 -08:00 [INF] Access policy evaluation for users:read. UserId=d1ed8be4-9703-45f0-935f-3c39601b55e1, Roles=[inactive], ActiveRules=3, SubjectMatched=1, ResourceActionMatched=1, Allows=1, Denies=0, Decision=Allowed
2026-05-09 11:09:52.594 -08:00 [INF] Access policy query filter started for users:read
2026-05-09 11:09:52.595 -08:00 [INF] Access policy query filter for users:read. UserId=d1ed8be4-9703-45f0-935f-3c39601b55e1, Roles=[inactive], ActiveRules=3, SubjectMatched=1, ResourceActionMatched=1, Allows=1, Denies=0
2026-05-09 11:09:52.606 -08:00 [INF] MediatR handling completed GetUsersDashboardQuery in 16 ms
2026-05-09 11:09:52.608 -08:00 [INF] HTTP GET /api/Users/dashboard completed with 200 in 20 ms (0HNLDVO2QO574:00000049)
2026-05-09 11:10:09.404 -08:00 [INF] Authorization header exists: false
2026-05-09 11:10:09.408 -08:00 [INF] MediatR handling started LoginCommand
2026-05-09 11:10:09.470 -08:00 [INF] MediatR handling completed LoginCommand in 62 ms
2026-05-09 11:10:09.471 -08:00 [INF] HTTP POST /api/Auth/login completed with 200 in 66 ms (0HNLDVO2QO573:0000009B)
2026-05-09 11:10:09.497 -08:00 [INF] Authorization header exists: true
2026-05-09 11:10:09.497 -08:00 [INF] Authorization header exists: true
2026-05-09 11:10:09.499 -08:00 [INF] Authorization header exists: true
2026-05-09 11:10:09.499 -08:00 [INF] Authorization header exists: true
2026-05-09 11:10:09.499 -08:00 [INF] JWT token validated. IsAuthenticated=true
2026-05-09 11:10:09.501 -08:00 [INF] JWT token validated. IsAuthenticated=true
2026-05-09 11:10:09.504 -08:00 [INF] MediatR handling started GetUsersDashboardQuery
2026-05-09 11:10:09.504 -08:00 [INF] JWT token validated. IsAuthenticated=true
2026-05-09 11:10:09.504 -08:00 [INF] JWT token validated. IsAuthenticated=true
2026-05-09 11:10:09.505 -08:00 [INF] Access policy check started for users:read
2026-05-09 11:10:09.505 -08:00 [INF] MediatR handling started GetLogsQuery
2026-05-09 11:10:09.506 -08:00 [INF] MediatR handling started ListAccessPoliciesQuery
2026-05-09 11:10:09.508 -08:00 [INF] MediatR handling started GetErrorLogsQuery
2026-05-09 11:10:09.509 -08:00 [INF] Access policy evaluation for users:read. UserId=790c2c93-d8e6-4b61-8a11-e4190a1c0805, Roles=[Admin], ActiveRules=3, SubjectMatched=1, ResourceActionMatched=1, Allows=1, Denies=0, Decision=Allowed
2026-05-09 11:10:09.509 -08:00 [INF] Access policy check started for logs:read
2026-05-09 11:10:09.510 -08:00 [INF] Access policy check started for accessPolicies:read
2026-05-09 11:10:09.511 -08:00 [INF] Access policy check started for errorLogs:read
2026-05-09 11:10:09.515 -08:00 [INF] Access policy query filter started for users:read
2026-05-09 11:10:09.520 -08:00 [INF] Access policy evaluation for logs:read. UserId=790c2c93-d8e6-4b61-8a11-e4190a1c0805, Roles=[Admin], ActiveRules=3, SubjectMatched=1, ResourceActionMatched=1, Allows=1, Denies=0, Decision=Allowed
2026-05-09 11:10:09.520 -08:00 [INF] Access policy evaluation for accessPolicies:read. UserId=790c2c93-d8e6-4b61-8a11-e4190a1c0805, Roles=[Admin], ActiveRules=3, SubjectMatched=1, ResourceActionMatched=1, Allows=1, Denies=0, Decision=Allowed
2026-05-09 11:10:09.522 -08:00 [INF] Access policy evaluation for errorLogs:read. UserId=790c2c93-d8e6-4b61-8a11-e4190a1c0805, Roles=[Admin], ActiveRules=3, SubjectMatched=1, ResourceActionMatched=1, Allows=1, Denies=0, Decision=Allowed
2026-05-09 11:10:09.523 -08:00 [INF] Access policy query filter for users:read. UserId=790c2c93-d8e6-4b61-8a11-e4190a1c0805, Roles=[Admin], ActiveRules=3, SubjectMatched=1, ResourceActionMatched=1, Allows=1, Denies=0
2026-05-09 11:10:09.529 -08:00 [INF] MediatR handling completed ListAccessPoliciesQuery in 23 ms
2026-05-09 11:10:09.539 -08:00 [INF] MediatR handling completed GetLogsQuery in 33 ms
2026-05-09 11:10:09.540 -08:00 [INF] HTTP GET /api/AccessPolicies completed with 200 in 41 ms (0HNLDVO2QO573:000000AD)
2026-05-09 11:10:09.578 -08:00 [INF] HTTP GET /api/Logs completed with 200 in 80 ms (0HNLDVO2QO573:000000A9)
2026-05-09 11:10:09.541 -08:00 [INF] MediatR handling completed GetErrorLogsQuery in 33 ms
2026-05-09 11:10:09.582 -08:00 [INF] MediatR handling completed GetUsersDashboardQuery in 78 ms
2026-05-09 11:10:09.583 -08:00 [INF] HTTP GET /api/error-logs completed with 200 in 84 ms (0HNLDVO2QO573:000000AB)
2026-05-09 11:10:09.584 -08:00 [INF] HTTP GET /api/Users/dashboard completed with 200 in 87 ms (0HNLDVO2QO573:000000A7)
2026-05-09 11:10:10.631 -08:00 [INF] Authorization header exists: true
2026-05-09 11:10:10.633 -08:00 [INF] JWT token validated. IsAuthenticated=true
2026-05-09 11:10:10.634 -08:00 [INF] MediatR handling started GetSessionsQuery
2026-05-09 11:10:10.634 -08:00 [INF] Access policy check started for sessions:read
2026-05-09 11:10:10.636 -08:00 [INF] Access policy evaluation for sessions:read. UserId=790c2c93-d8e6-4b61-8a11-e4190a1c0805, Roles=[Admin], ActiveRules=3, SubjectMatched=1, ResourceActionMatched=1, Allows=1, Denies=0, Decision=Allowed
2026-05-09 11:10:10.642 -08:00 [INF] MediatR handling completed GetSessionsQuery in 8 ms
2026-05-09 11:10:10.643 -08:00 [INF] HTTP GET /api/Sessions completed with 200 in 12 ms (0HNLDVO2QO573:000000B1)
2026-05-09 11:10:10.977 -08:00 [INF] Authorization header exists: true
2026-05-09 11:10:10.980 -08:00 [INF] Authorization header exists: true
2026-05-09 11:10:10.980 -08:00 [INF] JWT token validated. IsAuthenticated=true
2026-05-09 11:10:10.982 -08:00 [INF] MediatR handling started GetSessionsQuery
2026-05-09 11:10:10.983 -08:00 [INF] JWT token validated. IsAuthenticated=true
2026-05-09 11:10:10.983 -08:00 [INF] Access policy check started for sessions:read
2026-05-09 11:10:10.984 -08:00 [INF] MediatR handling started GetSessionsQuery
2026-05-09 11:10:10.986 -08:00 [INF] Access policy check started for sessions:read
2026-05-09 11:10:10.986 -08:00 [INF] Access policy evaluation for sessions:read. UserId=790c2c93-d8e6-4b61-8a11-e4190a1c0805, Roles=[Admin], ActiveRules=3, SubjectMatched=1, ResourceActionMatched=1, Allows=1, Denies=0, Decision=Allowed
2026-05-09 11:10:10.989 -08:00 [INF] Access policy evaluation for sessions:read. UserId=790c2c93-d8e6-4b61-8a11-e4190a1c0805, Roles=[Admin], ActiveRules=3, SubjectMatched=1, ResourceActionMatched=1, Allows=1, Denies=0, Decision=Allowed
2026-05-09 11:10:10.994 -08:00 [INF] MediatR handling completed GetSessionsQuery in 12 ms
2026-05-09 11:10:10.997 -08:00 [INF] HTTP GET /api/Sessions completed with 200 in 19 ms (0HNLDVO2QO573:000000B5)
2026-05-09 11:10:10.997 -08:00 [INF] MediatR handling completed GetSessionsQuery in 13 ms
2026-05-09 11:10:11.001 -08:00 [INF] HTTP GET /api/Sessions completed with 200 in 20 ms (0HNLDVO2QO573:000000B7)
2026-05-09 11:10:18.771 -08:00 [INF] Authorization header exists: true
2026-05-09 11:10:18.773 -08:00 [INF] JWT token validated. IsAuthenticated=true
2026-05-09 11:10:18.774 -08:00 [INF] MediatR handling started RevokeSessionCommand
2026-05-09 11:10:18.775 -08:00 [INF] Access policy check started for sessions:revoke
2026-05-09 11:10:18.777 -08:00 [INF] Access policy evaluation for sessions:revoke. UserId=790c2c93-d8e6-4b61-8a11-e4190a1c0805, Roles=[Admin], ActiveRules=3, SubjectMatched=1, ResourceActionMatched=1, Allows=1, Denies=0, Decision=Allowed
2026-05-09 11:10:18.782 -08:00 [INF] MediatR handling completed RevokeSessionCommand in 7 ms
2026-05-09 11:10:18.783 -08:00 [INF] HTTP POST /api/Sessions/59161770-5f35-4720-adb2-e4045b84f866/revoke completed with 204 in 11 ms (0HNLDVO2QO573:000000BB)
2026-05-09 11:10:18.790 -08:00 [INF] Authorization header exists: true
2026-05-09 11:10:18.791 -08:00 [INF] JWT token validated. IsAuthenticated=true
2026-05-09 11:10:18.792 -08:00 [INF] MediatR handling started GetSessionsQuery
2026-05-09 11:10:18.792 -08:00 [INF] Access policy check started for sessions:read
2026-05-09 11:10:18.794 -08:00 [INF] Access policy evaluation for sessions:read. UserId=790c2c93-d8e6-4b61-8a11-e4190a1c0805, Roles=[Admin], ActiveRules=3, SubjectMatched=1, ResourceActionMatched=1, Allows=1, Denies=0, Decision=Allowed
2026-05-09 11:10:18.798 -08:00 [INF] MediatR handling completed GetSessionsQuery in 5 ms
2026-05-09 11:10:18.799 -08:00 [INF] HTTP GET /api/Sessions completed with 200 in 8 ms (0HNLDVO2QO573:000000BF)
2026-05-09 11:10:18.873 -08:00 [INF] Authorization header exists: true
2026-05-09 11:10:18.874 -08:00 [INF] Authorization header exists: true
2026-05-09 11:10:18.875 -08:00 [INF] JWT token validated. IsAuthenticated=true
2026-05-09 11:10:18.876 -08:00 [INF] MediatR handling started GetSessionsQuery
2026-05-09 11:10:18.876 -08:00 [INF] JWT token validated. IsAuthenticated=true
2026-05-09 11:10:18.877 -08:00 [INF] Access policy check started for sessions:read
2026-05-09 11:10:18.878 -08:00 [INF] MediatR handling started GetSessionsQuery
2026-05-09 11:10:18.879 -08:00 [INF] Access policy check started for sessions:read
2026-05-09 11:10:18.879 -08:00 [INF] Access policy evaluation for sessions:read. UserId=790c2c93-d8e6-4b61-8a11-e4190a1c0805, Roles=[Admin], ActiveRules=3, SubjectMatched=1, ResourceActionMatched=1, Allows=1, Denies=0, Decision=Allowed
2026-05-09 11:10:18.880 -08:00 [INF] Access policy evaluation for sessions:read. UserId=790c2c93-d8e6-4b61-8a11-e4190a1c0805, Roles=[Admin], ActiveRules=3, SubjectMatched=1, ResourceActionMatched=1, Allows=1, Denies=0, Decision=Allowed
2026-05-09 11:10:18.883 -08:00 [INF] MediatR handling completed GetSessionsQuery in 7 ms
2026-05-09 11:10:18.885 -08:00 [INF] HTTP GET /api/Sessions completed with 200 in 12 ms (0HNLDVO2QO573:000000C3)
2026-05-09 11:10:18.886 -08:00 [INF] MediatR handling completed GetSessionsQuery in 7 ms
2026-05-09 11:10:18.887 -08:00 [INF] HTTP GET /api/Sessions completed with 200 in 13 ms (0HNLDVO2QO573:000000C5)
2026-05-09 11:10:20.652 -08:00 [INF] Authorization header exists: true
2026-05-09 11:10:20.655 -08:00 [WRN] JWT challenge. Error=invalid_token, Description=
2026-05-09 11:10:20.656 -08:00 [INF] HTTP GET /api/Users/dashboard completed with 401 in 3 ms (0HNLDVO2QO574:0000004F)
2026-05-09 11:10:27.633 -08:00 [INF] Authorization header exists: true
2026-05-09 11:10:27.635 -08:00 [INF] Authorization header exists: true
2026-05-09 11:10:27.636 -08:00 [INF] JWT token validated. IsAuthenticated=true
2026-05-09 11:10:27.636 -08:00 [INF] Authorization header exists: true
2026-05-09 11:10:27.637 -08:00 [INF] JWT token validated. IsAuthenticated=true
2026-05-09 11:10:27.637 -08:00 [INF] Authorization header exists: true
2026-05-09 11:10:27.638 -08:00 [INF] MediatR handling started GetUsersDashboardQuery
2026-05-09 11:10:27.640 -08:00 [INF] JWT token validated. IsAuthenticated=true
2026-05-09 11:10:27.642 -08:00 [INF] JWT token validated. IsAuthenticated=true
2026-05-09 11:10:27.642 -08:00 [INF] Access policy check started for users:read
2026-05-09 11:10:27.643 -08:00 [INF] MediatR handling started GetLogsQuery
2026-05-09 11:10:27.644 -08:00 [INF] MediatR handling started ListAccessPoliciesQuery
2026-05-09 11:10:27.646 -08:00 [INF] MediatR handling started GetErrorLogsQuery
2026-05-09 11:10:27.647 -08:00 [INF] Access policy evaluation for users:read. UserId=790c2c93-d8e6-4b61-8a11-e4190a1c0805, Roles=[Admin], ActiveRules=3, SubjectMatched=1, ResourceActionMatched=1, Allows=1, Denies=0, Decision=Allowed
2026-05-09 11:10:27.648 -08:00 [INF] Access policy check started for logs:read
2026-05-09 11:10:27.648 -08:00 [INF] Access policy check started for accessPolicies:read
2026-05-09 11:10:27.650 -08:00 [INF] Access policy check started for errorLogs:read
2026-05-09 11:10:27.653 -08:00 [INF] Access policy query filter started for users:read
2026-05-09 11:10:27.655 -08:00 [INF] Access policy evaluation for logs:read. UserId=790c2c93-d8e6-4b61-8a11-e4190a1c0805, Roles=[Admin], ActiveRules=3, SubjectMatched=1, ResourceActionMatched=1, Allows=1, Denies=0, Decision=Allowed
2026-05-09 11:10:27.658 -08:00 [INF] Access policy evaluation for accessPolicies:read. UserId=790c2c93-d8e6-4b61-8a11-e4190a1c0805, Roles=[Admin], ActiveRules=3, SubjectMatched=1, ResourceActionMatched=1, Allows=1, Denies=0, Decision=Allowed
2026-05-09 11:10:27.659 -08:00 [INF] Access policy evaluation for errorLogs:read. UserId=790c2c93-d8e6-4b61-8a11-e4190a1c0805, Roles=[Admin], ActiveRules=3, SubjectMatched=1, ResourceActionMatched=1, Allows=1, Denies=0, Decision=Allowed
2026-05-09 11:10:27.660 -08:00 [INF] Access policy query filter for users:read. UserId=790c2c93-d8e6-4b61-8a11-e4190a1c0805, Roles=[Admin], ActiveRules=3, SubjectMatched=1, ResourceActionMatched=1, Allows=1, Denies=0
2026-05-09 11:10:27.668 -08:00 [INF] MediatR handling completed ListAccessPoliciesQuery in 23 ms
2026-05-09 11:10:27.674 -08:00 [INF] MediatR handling completed GetLogsQuery in 31 ms
2026-05-09 11:10:27.678 -08:00 [INF] HTTP GET /api/AccessPolicies completed with 200 in 40 ms (0HNLDVO2QO573:000000D7)
2026-05-09 11:10:27.681 -08:00 [INF] HTTP GET /api/Logs completed with 200 in 46 ms (0HNLDVO2QO573:000000D3)
2026-05-09 11:10:27.680 -08:00 [INF] MediatR handling completed GetErrorLogsQuery in 33 ms
2026-05-09 11:10:27.723 -08:00 [INF] MediatR handling completed GetUsersDashboardQuery in 85 ms
2026-05-09 11:10:27.725 -08:00 [INF] HTTP GET /api/error-logs completed with 200 in 88 ms (0HNLDVO2QO573:000000D5)
2026-05-09 11:10:27.725 -08:00 [INF] HTTP GET /api/Users/dashboard completed with 200 in 92 ms (0HNLDVO2QO573:000000CF)
2026-05-09 11:11:32.433 -08:00 [INF] Authorization header exists: true
2026-05-09 11:11:32.482 -08:00 [INF] JWT token validated. IsAuthenticated=true
2026-05-09 11:11:32.483 -08:00 [INF] MediatR handling started GetRolesQuery
2026-05-09 11:11:32.484 -08:00 [INF] Access policy check started for roles:read
2026-05-09 11:11:32.487 -08:00 [INF] Access policy evaluation for roles:read. UserId=790c2c93-d8e6-4b61-8a11-e4190a1c0805, Roles=[Admin], ActiveRules=3, SubjectMatched=1, ResourceActionMatched=1, Allows=1, Denies=0, Decision=Allowed
2026-05-09 11:11:32.495 -08:00 [INF] MediatR handling completed GetRolesQuery in 11 ms
2026-05-09 11:11:32.497 -08:00 [INF] HTTP GET /api/Roles completed with 200 in 64 ms (0HNLDVO2QO573:000000DB)
2026-05-09 11:11:32.844 -08:00 [INF] Authorization header exists: true
2026-05-09 11:11:32.847 -08:00 [INF] JWT token validated. IsAuthenticated=true
2026-05-09 11:11:32.848 -08:00 [INF] Authorization header exists: true
2026-05-09 11:11:32.848 -08:00 [INF] MediatR handling started GetRolesQuery
2026-05-09 11:11:32.850 -08:00 [INF] JWT token validated. IsAuthenticated=true
2026-05-09 11:11:32.851 -08:00 [INF] Access policy check started for roles:read
2026-05-09 11:11:32.853 -08:00 [INF] MediatR handling started GetUsersQuery
2026-05-09 11:11:32.855 -08:00 [INF] Access policy evaluation for roles:read. UserId=790c2c93-d8e6-4b61-8a11-e4190a1c0805, Roles=[Admin], ActiveRules=3, SubjectMatched=1, ResourceActionMatched=1, Allows=1, Denies=0, Decision=Allowed
2026-05-09 11:11:32.855 -08:00 [INF] Access policy check started for users:read
2026-05-09 11:11:32.860 -08:00 [INF] MediatR handling completed GetRolesQuery in 11 ms
2026-05-09 11:11:32.862 -08:00 [INF] Access policy evaluation for users:read. UserId=790c2c93-d8e6-4b61-8a11-e4190a1c0805, Roles=[Admin], ActiveRules=3, SubjectMatched=1, ResourceActionMatched=1, Allows=1, Denies=0, Decision=Allowed
2026-05-09 11:11:32.862 -08:00 [INF] HTTP GET /api/Roles completed with 200 in 18 ms (0HNLDVO2QO573:000000DD)
2026-05-09 11:11:32.867 -08:00 [INF] Access policy query filter started for users:read
2026-05-09 11:11:32.867 -08:00 [INF] Authorization header exists: true
2026-05-09 11:11:32.872 -08:00 [INF] Access policy query filter for users:read. UserId=790c2c93-d8e6-4b61-8a11-e4190a1c0805, Roles=[Admin], ActiveRules=3, SubjectMatched=1, ResourceActionMatched=1, Allows=1, Denies=0
2026-05-09 11:11:32.873 -08:00 [INF] JWT token validated. IsAuthenticated=true
2026-05-09 11:11:32.877 -08:00 [INF] MediatR handling started GetUsersQuery
2026-05-09 11:11:32.880 -08:00 [INF] Access policy check started for users:read
2026-05-09 11:11:32.882 -08:00 [INF] Access policy evaluation for users:read. UserId=790c2c93-d8e6-4b61-8a11-e4190a1c0805, Roles=[Admin], ActiveRules=3, SubjectMatched=1, ResourceActionMatched=1, Allows=1, Denies=0, Decision=Allowed
2026-05-09 11:11:32.886 -08:00 [INF] Access policy query filter started for users:read
2026-05-09 11:11:32.889 -08:00 [INF] Access policy query filter for users:read. UserId=790c2c93-d8e6-4b61-8a11-e4190a1c0805, Roles=[Admin], ActiveRules=3, SubjectMatched=1, ResourceActionMatched=1, Allows=1, Denies=0
2026-05-09 11:11:32.908 -08:00 [INF] MediatR handling completed GetUsersQuery in 31 ms
2026-05-09 11:11:32.913 -08:00 [INF] HTTP GET /api/Users completed with 200 in 45 ms (0HNLDVO2QO573:000000E5)
2026-05-09 11:11:32.973 -08:00 [INF] MediatR handling completed GetUsersQuery in 120 ms
2026-05-09 11:11:32.975 -08:00 [INF] HTTP GET /api/Users completed with 200 in 127 ms (0HNLDVO2QO573:000000E1)
2026-05-09 11:13:21.471 -08:00 [INF] Authorization header exists: false
2026-05-09 11:13:21.472 -08:00 [INF] MediatR handling started LoginCommand
2026-05-09 11:13:21.528 -08:00 [INF] MediatR handling completed LoginCommand in 56 ms
2026-05-09 11:13:21.529 -08:00 [INF] HTTP POST /api/Auth/login completed with 200 in 58 ms (0HNLDVO2QO574:00000053)
2026-05-09 11:13:21.593 -08:00 [INF] Authorization header exists: true
2026-05-09 11:13:21.595 -08:00 [INF] JWT token validated. IsAuthenticated=true
2026-05-09 11:13:21.596 -08:00 [INF] MediatR handling started GetUsersDashboardQuery
2026-05-09 11:13:21.597 -08:00 [INF] Access policy check started for users:read
2026-05-09 11:13:21.599 -08:00 [INF] Access policy evaluation for users:read. UserId=d1ed8be4-9703-45f0-935f-3c39601b55e1, Roles=[inactive], ActiveRules=3, SubjectMatched=1, ResourceActionMatched=1, Allows=1, Denies=0, Decision=Allowed
2026-05-09 11:13:21.601 -08:00 [INF] Access policy query filter started for users:read
2026-05-09 11:13:21.603 -08:00 [INF] Access policy query filter for users:read. UserId=d1ed8be4-9703-45f0-935f-3c39601b55e1, Roles=[inactive], ActiveRules=3, SubjectMatched=1, ResourceActionMatched=1, Allows=1, Denies=0
2026-05-09 11:13:21.615 -08:00 [INF] MediatR handling completed GetUsersDashboardQuery in 19 ms
2026-05-09 11:13:21.617 -08:00 [INF] HTTP GET /api/Users/dashboard completed with 200 in 23 ms (0HNLDVO2QO574:00000059)
2026-05-09 11:13:26.536 -08:00 [INF] Authorization header exists: true
2026-05-09 11:13:26.538 -08:00 [INF] JWT token validated. IsAuthenticated=true
2026-05-09 11:13:26.540 -08:00 [INF] MediatR handling started GetUsersDashboardQuery
2026-05-09 11:13:26.541 -08:00 [INF] Access policy check started for users:read
2026-05-09 11:13:26.544 -08:00 [INF] Access policy evaluation for users:read. UserId=d1ed8be4-9703-45f0-935f-3c39601b55e1, Roles=[inactive], ActiveRules=3, SubjectMatched=1, ResourceActionMatched=1, Allows=1, Denies=0, Decision=Allowed
2026-05-09 11:13:26.548 -08:00 [INF] Access policy query filter started for users:read
2026-05-09 11:13:26.551 -08:00 [INF] Access policy query filter for users:read. UserId=d1ed8be4-9703-45f0-935f-3c39601b55e1, Roles=[inactive], ActiveRules=3, SubjectMatched=1, ResourceActionMatched=1, Allows=1, Denies=0
2026-05-09 11:13:26.566 -08:00 [INF] MediatR handling completed GetUsersDashboardQuery in 26 ms
2026-05-09 11:13:26.568 -08:00 [INF] HTTP GET /api/Users/dashboard completed with 200 in 32 ms (0HNLDVO2QO574:0000005D)
2026-05-09 11:14:05.139 -08:00 [INF] Authorization header exists: true
2026-05-09 11:14:05.141 -08:00 [INF] JWT token validated. IsAuthenticated=true
2026-05-09 11:14:05.142 -08:00 [INF] MediatR handling started GetUsersDashboardQuery
2026-05-09 11:14:05.143 -08:00 [INF] Access policy check started for users:read
2026-05-09 11:14:05.145 -08:00 [INF] Access policy evaluation for users:read. UserId=d1ed8be4-9703-45f0-935f-3c39601b55e1, Roles=[inactive], ActiveRules=3, SubjectMatched=1, ResourceActionMatched=1, Allows=1, Denies=0, Decision=Allowed
2026-05-09 11:14:05.147 -08:00 [INF] Access policy query filter started for users:read
2026-05-09 11:14:05.148 -08:00 [INF] Access policy query filter for users:read. UserId=d1ed8be4-9703-45f0-935f-3c39601b55e1, Roles=[inactive], ActiveRules=3, SubjectMatched=1, ResourceActionMatched=1, Allows=1, Denies=0
2026-05-09 11:14:05.157 -08:00 [INF] MediatR handling completed GetUsersDashboardQuery in 15 ms
2026-05-09 11:14:05.159 -08:00 [INF] HTTP GET /api/Users/dashboard completed with 200 in 19 ms (0HNLDVO2QO574:00000063)
2026-05-09 11:14:09.464 -08:00 [INF] Authorization header exists: true
2026-05-09 11:14:09.466 -08:00 [INF] JWT token validated. IsAuthenticated=true
2026-05-09 11:14:09.467 -08:00 [INF] MediatR handling started GetUsersDashboardQuery
2026-05-09 11:14:09.468 -08:00 [INF] Access policy check started for users:read
2026-05-09 11:14:09.469 -08:00 [INF] Access policy evaluation for users:read. UserId=d1ed8be4-9703-45f0-935f-3c39601b55e1, Roles=[inactive], ActiveRules=3, SubjectMatched=1, ResourceActionMatched=1, Allows=1, Denies=0, Decision=Allowed
2026-05-09 11:14:09.473 -08:00 [INF] Access policy query filter started for users:read
2026-05-09 11:14:09.475 -08:00 [INF] Access policy query filter for users:read. UserId=d1ed8be4-9703-45f0-935f-3c39601b55e1, Roles=[inactive], ActiveRules=3, SubjectMatched=1, ResourceActionMatched=1, Allows=1, Denies=0
2026-05-09 11:14:09.487 -08:00 [INF] MediatR handling completed GetUsersDashboardQuery in 19 ms
2026-05-09 11:14:09.488 -08:00 [INF] HTTP GET /api/Users/dashboard completed with 200 in 24 ms (0HNLDVO2QO574:00000067)
2026-05-09 11:14:53.118 -08:00 [WRN] Sensitive data logging is enabled. Log entries and exception messages may include sensitive application data; this mode should only be enabled during development.
2026-05-09 11:14:54.048 -08:00 [INF] Admin wildcard access policy already exists
2026-05-09 11:14:54.305 -08:00 [INF] Now listening on: https://localhost:7259
2026-05-09 11:14:54.308 -08:00 [INF] Now listening on: http://localhost:5244
2026-05-09 11:14:54.372 -08:00 [INF] Application started. Press Ctrl+C to shut down.
2026-05-09 11:14:54.374 -08:00 [INF] Hosting environment: Development
2026-05-09 11:14:54.375 -08:00 [INF] Content root path: C:\PrivateProject\algo.bytes\src\algo.API
2026-05-09 11:15:00.998 -08:00 [INF] Authorization header exists: true
2026-05-09 11:15:01.003 -08:00 [INF] Authorization header exists: true
2026-05-09 11:15:01.157 -08:00 [INF] Authorization header exists: true
2026-05-09 11:15:01.258 -08:00 [INF] Authorization header exists: true
2026-05-09 11:15:01.261 -08:00 [INF] Authorization header exists: true
2026-05-09 11:15:01.261 -08:00 [INF] Authorization header exists: true
2026-05-09 11:15:01.353 -08:00 [INF] Authorization header exists: true
2026-05-09 11:15:01.522 -08:00 [INF] JWT token validated. IsAuthenticated=true
2026-05-09 11:15:01.523 -08:00 [INF] JWT token validated. IsAuthenticated=true
2026-05-09 11:15:01.523 -08:00 [INF] JWT token validated. IsAuthenticated=true
2026-05-09 11:15:01.534 -08:00 [INF] JWT token validated. IsAuthenticated=true
2026-05-09 11:15:01.535 -08:00 [INF] JWT token validated. IsAuthenticated=true
2026-05-09 11:15:01.544 -08:00 [INF] JWT token validated. IsAuthenticated=true
2026-05-09 11:15:01.555 -08:00 [INF] HTTP POST /hubs/sessions/negotiate completed with 200 in 400 ms (0HNLDVT23JF9T:00000001)
2026-05-09 11:15:01.555 -08:00 [INF] HTTP POST /hubs/sessions/negotiate completed with 200 in 663 ms (0HNLDVT23JF9R:00000001)
2026-05-09 11:15:01.577 -08:00 [INF] Authorization header exists: false
2026-05-09 11:15:01.580 -08:00 [INF] Authorization header exists: false
2026-05-09 11:15:01.582 -08:00 [INF] JWT token validated. IsAuthenticated=true
2026-05-09 11:15:01.585 -08:00 [INF] JWT token validated. IsAuthenticated=true
2026-05-09 11:15:01.641 -08:00 [INF] MediatR handling started ListAccessPoliciesQuery
2026-05-09 11:15:01.641 -08:00 [INF] MediatR handling started GetUsersDashboardQuery
2026-05-09 11:15:01.642 -08:00 [INF] MediatR handling started GetUsersDashboardQuery
2026-05-09 11:15:01.645 -08:00 [INF] JWT token validated. IsAuthenticated=true
2026-05-09 11:15:01.661 -08:00 [INF] Access policy check started for accessPolicies:read
2026-05-09 11:15:01.663 -08:00 [INF] Access policy check started for users:read
2026-05-09 11:15:01.663 -08:00 [INF] Access policy check started for users:read
2026-05-09 11:15:01.733 -08:00 [INF] MediatR handling started GetErrorLogsQuery
2026-05-09 11:15:01.733 -08:00 [INF] MediatR handling started GetLogsQuery
2026-05-09 11:15:01.766 -08:00 [INF] Access policy evaluation for users:read. UserId=790c2c93-d8e6-4b61-8a11-e4190a1c0805, Roles=[Admin], ActiveRules=3, SubjectMatched=1, ResourceActionMatched=1, Allows=1, Denies=0, Decision=Allowed
2026-05-09 11:15:01.766 -08:00 [INF] Access policy evaluation for users:read. UserId=d1ed8be4-9703-45f0-935f-3c39601b55e1, Roles=[inactive], ActiveRules=3, SubjectMatched=1, ResourceActionMatched=1, Allows=1, Denies=0, Decision=Allowed
2026-05-09 11:15:01.766 -08:00 [INF] Access policy evaluation for accessPolicies:read. UserId=790c2c93-d8e6-4b61-8a11-e4190a1c0805, Roles=[Admin], ActiveRules=3, SubjectMatched=1, ResourceActionMatched=1, Allows=1, Denies=0, Decision=Allowed
2026-05-09 11:15:01.777 -08:00 [INF] Access policy check started for logs:read
2026-05-09 11:15:01.778 -08:00 [INF] Access policy check started for errorLogs:read
2026-05-09 11:15:01.781 -08:00 [INF] Access policy query filter started for users:read
2026-05-09 11:15:01.781 -08:00 [INF] Access policy query filter started for users:read
2026-05-09 11:15:01.784 -08:00 [INF] Access policy evaluation for errorLogs:read. UserId=790c2c93-d8e6-4b61-8a11-e4190a1c0805, Roles=[Admin], ActiveRules=3, SubjectMatched=1, ResourceActionMatched=1, Allows=1, Denies=0, Decision=Allowed
2026-05-09 11:15:01.785 -08:00 [INF] Access policy evaluation for logs:read. UserId=790c2c93-d8e6-4b61-8a11-e4190a1c0805, Roles=[Admin], ActiveRules=3, SubjectMatched=1, ResourceActionMatched=1, Allows=1, Denies=0, Decision=Allowed
2026-05-09 11:15:01.790 -08:00 [INF] Access policy query filter for users:read. UserId=d1ed8be4-9703-45f0-935f-3c39601b55e1, Roles=[inactive], ActiveRules=3, SubjectMatched=1, ResourceActionMatched=1, Allows=1, Denies=0
2026-05-09 11:15:01.789 -08:00 [INF] Access policy query filter for users:read. UserId=790c2c93-d8e6-4b61-8a11-e4190a1c0805, Roles=[Admin], ActiveRules=3, SubjectMatched=1, ResourceActionMatched=1, Allows=1, Denies=0
2026-05-09 11:15:01.792 -08:00 [INF] MediatR handling completed ListAccessPoliciesQuery in 151 ms
2026-05-09 11:15:01.842 -08:00 [INF] HTTP GET /api/AccessPolicies completed with 200 in 580 ms (0HNLDVT23JF9S:0000000F)
2026-05-09 11:15:01.978 -08:00 [INF] MediatR handling completed GetLogsQuery in 245 ms
2026-05-09 11:15:01.979 -08:00 [INF] MediatR handling completed GetErrorLogsQuery in 245 ms
2026-05-09 11:15:01.985 -08:00 [INF] MediatR handling completed GetUsersDashboardQuery in 343 ms
2026-05-09 11:15:01.985 -08:00 [INF] MediatR handling completed GetUsersDashboardQuery in 343 ms
2026-05-09 11:15:01.996 -08:00 [INF] HTTP GET /api/Users/dashboard completed with 200 in 1105 ms (0HNLDVT23JF9Q:00000005)
2026-05-09 11:15:01.998 -08:00 [INF] HTTP GET /api/Users/dashboard completed with 200 in 739 ms (0HNLDVT23JF9S:00000005)
2026-05-09 11:15:02.009 -08:00 [INF] HTTP GET /api/error-logs completed with 200 in 656 ms (0HNLDVT23JF9S:00000011)
2026-05-09 11:15:02.009 -08:00 [INF] HTTP GET /api/Logs completed with 200 in 748 ms (0HNLDVT23JF9S:0000000D)
2026-05-09 11:15:07.412 -08:00 [INF] Authorization header exists: true
2026-05-09 11:15:07.418 -08:00 [INF] JWT token validated. IsAuthenticated=true
2026-05-09 11:15:07.438 -08:00 [INF] MediatR handling started GetSessionsQuery
2026-05-09 11:15:07.443 -08:00 [INF] Access policy check started for sessions:read
2026-05-09 11:15:07.447 -08:00 [INF] Access policy evaluation for sessions:read. UserId=790c2c93-d8e6-4b61-8a11-e4190a1c0805, Roles=[Admin], ActiveRules=3, SubjectMatched=1, ResourceActionMatched=1, Allows=1, Denies=0, Decision=Allowed
2026-05-09 11:15:07.647 -08:00 [INF] MediatR handling completed GetSessionsQuery in 209 ms
2026-05-09 11:15:07.657 -08:00 [INF] HTTP GET /api/Sessions completed with 200 in 245 ms (0HNLDVT23JF9S:00000015)
2026-05-09 11:15:07.959 -08:00 [INF] Authorization header exists: true
2026-05-09 11:15:07.961 -08:00 [INF] Authorization header exists: true
2026-05-09 11:15:07.962 -08:00 [INF] JWT token validated. IsAuthenticated=true
2026-05-09 11:15:07.964 -08:00 [INF] JWT token validated. IsAuthenticated=true
2026-05-09 11:15:07.964 -08:00 [INF] MediatR handling started GetSessionsQuery
2026-05-09 11:15:07.965 -08:00 [INF] MediatR handling started GetSessionsQuery
2026-05-09 11:15:07.966 -08:00 [INF] Access policy check started for sessions:read
2026-05-09 11:15:07.969 -08:00 [INF] Access policy evaluation for sessions:read. UserId=790c2c93-d8e6-4b61-8a11-e4190a1c0805, Roles=[Admin], ActiveRules=3, SubjectMatched=1, ResourceActionMatched=1, Allows=1, Denies=0, Decision=Allowed
2026-05-09 11:15:07.974 -08:00 [INF] Access policy check started for sessions:read
2026-05-09 11:15:07.976 -08:00 [INF] Access policy evaluation for sessions:read. UserId=790c2c93-d8e6-4b61-8a11-e4190a1c0805, Roles=[Admin], ActiveRules=3, SubjectMatched=1, ResourceActionMatched=1, Allows=1, Denies=0, Decision=Allowed
2026-05-09 11:15:07.981 -08:00 [INF] MediatR handling completed GetSessionsQuery in 16 ms
2026-05-09 11:15:07.982 -08:00 [INF] HTTP GET /api/Sessions completed with 200 in 23 ms (0HNLDVT23JF9S:00000019)
2026-05-09 11:15:07.990 -08:00 [INF] MediatR handling completed GetSessionsQuery in 24 ms
2026-05-09 11:15:07.992 -08:00 [INF] HTTP GET /api/Sessions completed with 200 in 31 ms (0HNLDVT23JF9S:0000001B)
2026-05-09 11:15:10.651 -08:00 [INF] Authorization header exists: true
2026-05-09 11:15:10.651 -08:00 [INF] Authorization header exists: true
2026-05-09 11:15:10.654 -08:00 [INF] JWT token validated. IsAuthenticated=true
2026-05-09 11:15:10.654 -08:00 [INF] JWT token validated. IsAuthenticated=true
2026-05-09 11:15:10.665 -08:00 [INF] Authorization header exists: true
2026-05-09 11:15:10.665 -08:00 [INF] MediatR handling started GetRolesQuery
2026-05-09 11:15:10.667 -08:00 [INF] JWT token validated. IsAuthenticated=true
2026-05-09 11:15:10.668 -08:00 [INF] Access policy check started for roles:read
2026-05-09 11:15:10.671 -08:00 [INF] Access policy evaluation for roles:read. UserId=790c2c93-d8e6-4b61-8a11-e4190a1c0805, Roles=[Admin], ActiveRules=3, SubjectMatched=1, ResourceActionMatched=1, Allows=1, Denies=0, Decision=Allowed
2026-05-09 11:15:10.676 -08:00 [INF] MediatR handling started GetUsersQuery
2026-05-09 11:15:10.676 -08:00 [INF] MediatR handling started GetUsersQuery
2026-05-09 11:15:10.680 -08:00 [INF] MediatR handling completed GetRolesQuery in 15 ms
2026-05-09 11:15:10.683 -08:00 [INF] HTTP GET /api/Roles completed with 200 in 32 ms (0HNLDVT23JF9S:00000021)
2026-05-09 11:15:10.685 -08:00 [INF] Access policy check started for users:read
2026-05-09 11:15:10.685 -08:00 [INF] Access policy check started for users:read
2026-05-09 11:15:10.688 -08:00 [INF] Access policy evaluation for users:read. UserId=790c2c93-d8e6-4b61-8a11-e4190a1c0805, Roles=[Admin], ActiveRules=3, SubjectMatched=1, ResourceActionMatched=1, Allows=1, Denies=0, Decision=Allowed
2026-05-09 11:15:10.688 -08:00 [INF] Access policy evaluation for users:read. UserId=790c2c93-d8e6-4b61-8a11-e4190a1c0805, Roles=[Admin], ActiveRules=3, SubjectMatched=1, ResourceActionMatched=1, Allows=1, Denies=0, Decision=Allowed
2026-05-09 11:15:10.689 -08:00 [INF] Access policy query filter started for users:read
2026-05-09 11:15:10.691 -08:00 [INF] Access policy query filter started for users:read
2026-05-09 11:15:10.693 -08:00 [INF] Access policy query filter for users:read. UserId=790c2c93-d8e6-4b61-8a11-e4190a1c0805, Roles=[Admin], ActiveRules=3, SubjectMatched=1, ResourceActionMatched=1, Allows=1, Denies=0
2026-05-09 11:15:10.694 -08:00 [INF] Access policy query filter for users:read. UserId=790c2c93-d8e6-4b61-8a11-e4190a1c0805, Roles=[Admin], ActiveRules=3, SubjectMatched=1, ResourceActionMatched=1, Allows=1, Denies=0
2026-05-09 11:15:10.734 -08:00 [INF] MediatR handling completed GetUsersQuery in 58 ms
2026-05-09 11:15:10.734 -08:00 [INF] MediatR handling completed GetUsersQuery in 58 ms
2026-05-09 11:15:10.740 -08:00 [INF] HTTP GET /api/Users completed with 200 in 75 ms (0HNLDVT23JF9S:00000027)
2026-05-09 11:15:10.740 -08:00 [INF] HTTP GET /api/Users completed with 200 in 88 ms (0HNLDVT23JF9S:00000023)
2026-05-09 11:15:14.683 -08:00 [INF] HTTP CONNECT /hubs/sessions completed with 200 in 13106 ms (0HNLDVT23JF9R:00000003)
2026-05-09 11:15:22.188 -08:00 [INF] HTTP CONNECT /hubs/sessions completed with 200 in 20607 ms (0HNLDVT23JF9T:00000003)
2026-05-09 11:15:22.505 -08:00 [INF] Authorization header exists: true
2026-05-09 11:15:22.511 -08:00 [INF] JWT token validated. IsAuthenticated=true
2026-05-09 11:15:22.515 -08:00 [INF] HTTP POST /hubs/sessions/negotiate completed with 200 in 9 ms (0HNLDVT23JF9T:00000005)
2026-05-09 11:15:22.548 -08:00 [INF] Authorization header exists: true
2026-05-09 11:15:22.550 -08:00 [INF] JWT token validated. IsAuthenticated=true
2026-05-09 11:15:22.553 -08:00 [INF] MediatR handling started GetUsersDashboardQuery
2026-05-09 11:15:22.555 -08:00 [INF] Access policy check started for users:read
2026-05-09 11:15:22.559 -08:00 [INF] Access policy evaluation for users:read. UserId=790c2c93-d8e6-4b61-8a11-e4190a1c0805, Roles=[Admin], ActiveRules=3, SubjectMatched=1, ResourceActionMatched=1, Allows=1, Denies=0, Decision=Allowed
2026-05-09 11:15:22.559 -08:00 [INF] Authorization header exists: true
2026-05-09 11:15:22.561 -08:00 [INF] Authorization header exists: true
2026-05-09 11:15:22.561 -08:00 [INF] Authorization header exists: true
2026-05-09 11:15:22.564 -08:00 [INF] Access policy query filter started for users:read
2026-05-09 11:15:22.570 -08:00 [INF] JWT token validated. IsAuthenticated=true
2026-05-09 11:15:22.571 -08:00 [INF] JWT token validated. IsAuthenticated=true
2026-05-09 11:15:22.579 -08:00 [INF] JWT token validated. IsAuthenticated=true
2026-05-09 11:15:22.584 -08:00 [INF] Access policy query filter for users:read. UserId=790c2c93-d8e6-4b61-8a11-e4190a1c0805, Roles=[Admin], ActiveRules=3, SubjectMatched=1, ResourceActionMatched=1, Allows=1, Denies=0
2026-05-09 11:15:22.588 -08:00 [INF] MediatR handling started GetLogsQuery
2026-05-09 11:15:22.591 -08:00 [INF] MediatR handling started GetErrorLogsQuery
2026-05-09 11:15:22.593 -08:00 [INF] MediatR handling started ListAccessPoliciesQuery
2026-05-09 11:15:22.599 -08:00 [INF] Access policy check started for logs:read
2026-05-09 11:15:22.603 -08:00 [INF] Access policy check started for errorLogs:read
2026-05-09 11:15:22.605 -08:00 [INF] Access policy check started for accessPolicies:read
2026-05-09 11:15:22.608 -08:00 [INF] Access policy evaluation for logs:read. UserId=790c2c93-d8e6-4b61-8a11-e4190a1c0805, Roles=[Admin], ActiveRules=3, SubjectMatched=1, ResourceActionMatched=1, Allows=1, Denies=0, Decision=Allowed
2026-05-09 11:15:22.609 -08:00 [INF] Access policy evaluation for errorLogs:read. UserId=790c2c93-d8e6-4b61-8a11-e4190a1c0805, Roles=[Admin], ActiveRules=3, SubjectMatched=1, ResourceActionMatched=1, Allows=1, Denies=0, Decision=Allowed
2026-05-09 11:15:22.611 -08:00 [INF] Access policy evaluation for accessPolicies:read. UserId=790c2c93-d8e6-4b61-8a11-e4190a1c0805, Roles=[Admin], ActiveRules=3, SubjectMatched=1, ResourceActionMatched=1, Allows=1, Denies=0, Decision=Allowed
2026-05-09 11:15:22.612 -08:00 [INF] MediatR handling completed GetUsersDashboardQuery in 58 ms
2026-05-09 11:15:22.625 -08:00 [INF] MediatR handling completed ListAccessPoliciesQuery in 31 ms
2026-05-09 11:15:22.626 -08:00 [INF] HTTP GET /api/Users/dashboard completed with 200 in 78 ms (0HNLDVT23JF9S:00000033)
2026-05-09 11:15:22.627 -08:00 [INF] HTTP GET /api/AccessPolicies completed with 200 in 66 ms (0HNLDVT23JF9S:00000039)
2026-05-09 11:15:22.631 -08:00 [INF] MediatR handling completed GetErrorLogsQuery in 39 ms
2026-05-09 11:15:22.631 -08:00 [INF] MediatR handling completed GetLogsQuery in 43 ms
2026-05-09 11:15:22.635 -08:00 [INF] HTTP GET /api/error-logs completed with 200 in 74 ms (0HNLDVT23JF9S:00000037)
2026-05-09 11:15:22.636 -08:00 [INF] HTTP GET /api/Logs completed with 200 in 76 ms (0HNLDVT23JF9S:00000035)
2026-05-09 11:15:22.739 -08:00 [INF] Authorization header exists: false
2026-05-09 11:15:22.742 -08:00 [INF] JWT token validated. IsAuthenticated=true
2026-05-09 11:15:24.560 -08:00 [INF] Authorization header exists: true
2026-05-09 11:15:24.561 -08:00 [INF] Authorization header exists: true
2026-05-09 11:15:24.562 -08:00 [INF] JWT token validated. IsAuthenticated=true
2026-05-09 11:15:24.563 -08:00 [INF] JWT token validated. IsAuthenticated=true
2026-05-09 11:15:24.564 -08:00 [INF] MediatR handling started GetRolesQuery
2026-05-09 11:15:24.565 -08:00 [INF] Access policy check started for roles:read
2026-05-09 11:15:24.566 -08:00 [INF] MediatR handling started GetUsersQuery
2026-05-09 11:15:24.567 -08:00 [INF] Access policy evaluation for roles:read. UserId=790c2c93-d8e6-4b61-8a11-e4190a1c0805, Roles=[Admin], ActiveRules=3, SubjectMatched=1, ResourceActionMatched=1, Allows=1, Denies=0, Decision=Allowed
2026-05-09 11:15:24.571 -08:00 [INF] MediatR handling completed GetRolesQuery in 7 ms
2026-05-09 11:15:24.572 -08:00 [INF] Access policy check started for users:read
2026-05-09 11:15:24.573 -08:00 [INF] HTTP GET /api/Roles completed with 200 in 13 ms (0HNLDVT23JF9S:0000003F)
2026-05-09 11:15:24.575 -08:00 [INF] Access policy evaluation for users:read. UserId=790c2c93-d8e6-4b61-8a11-e4190a1c0805, Roles=[Admin], ActiveRules=3, SubjectMatched=1, ResourceActionMatched=1, Allows=1, Denies=0, Decision=Allowed
2026-05-09 11:15:24.576 -08:00 [INF] Authorization header exists: true
2026-05-09 11:15:24.578 -08:00 [INF] Access policy query filter started for users:read
2026-05-09 11:15:24.580 -08:00 [INF] JWT token validated. IsAuthenticated=true
2026-05-09 11:15:24.580 -08:00 [INF] Access policy query filter for users:read. UserId=790c2c93-d8e6-4b61-8a11-e4190a1c0805, Roles=[Admin], ActiveRules=3, SubjectMatched=1, ResourceActionMatched=1, Allows=1, Denies=0
2026-05-09 11:15:24.581 -08:00 [INF] MediatR handling started GetUsersQuery
2026-05-09 11:15:24.583 -08:00 [INF] Access policy check started for users:read
2026-05-09 11:15:24.586 -08:00 [INF] Access policy evaluation for users:read. UserId=790c2c93-d8e6-4b61-8a11-e4190a1c0805, Roles=[Admin], ActiveRules=3, SubjectMatched=1, ResourceActionMatched=1, Allows=1, Denies=0, Decision=Allowed
2026-05-09 11:15:24.587 -08:00 [INF] MediatR handling completed GetUsersQuery in 20 ms
2026-05-09 11:15:24.589 -08:00 [INF] Access policy query filter started for users:read
2026-05-09 11:15:24.590 -08:00 [INF] HTTP GET /api/Users completed with 200 in 29 ms (0HNLDVT23JF9S:00000041)
2026-05-09 11:15:24.591 -08:00 [INF] Access policy query filter for users:read. UserId=790c2c93-d8e6-4b61-8a11-e4190a1c0805, Roles=[Admin], ActiveRules=3, SubjectMatched=1, ResourceActionMatched=1, Allows=1, Denies=0
2026-05-09 11:15:24.598 -08:00 [INF] MediatR handling completed GetUsersQuery in 17 ms
2026-05-09 11:15:24.600 -08:00 [INF] HTTP GET /api/Users completed with 200 in 23 ms (0HNLDVT23JF9S:00000045)
2026-05-09 11:16:23.964 -08:00 [INF] HTTP CONNECT /hubs/sessions completed with 200 in 61225 ms (0HNLDVT23JF9T:00000007)
2026-05-09 11:16:24.619 -08:00 [INF] Authorization header exists: true
2026-05-09 11:16:24.623 -08:00 [INF] JWT token validated. IsAuthenticated=true
2026-05-09 11:16:24.626 -08:00 [INF] HTTP POST /hubs/sessions/negotiate completed with 200 in 6 ms (0HNLDVT23JF9T:00000009)
2026-05-09 11:16:24.689 -08:00 [INF] Authorization header exists: true
2026-05-09 11:16:24.693 -08:00 [INF] Authorization header exists: true
2026-05-09 11:16:24.694 -08:00 [INF] JWT token validated. IsAuthenticated=true
2026-05-09 11:16:24.699 -08:00 [INF] JWT token validated. IsAuthenticated=true
2026-05-09 11:16:24.699 -08:00 [INF] MediatR handling started GetUsersDashboardQuery
2026-05-09 11:16:24.704 -08:00 [INF] Authorization header exists: true
2026-05-09 11:16:24.705 -08:00 [INF] MediatR handling started GetLogsQuery
2026-05-09 11:16:24.705 -08:00 [INF] Access policy check started for users:read
2026-05-09 11:16:24.711 -08:00 [INF] Authorization header exists: true
2026-05-09 11:16:24.713 -08:00 [INF] JWT token validated. IsAuthenticated=true
2026-05-09 11:16:24.713 -08:00 [INF] Access policy check started for logs:read
2026-05-09 11:16:24.715 -08:00 [INF] Access policy evaluation for users:read. UserId=790c2c93-d8e6-4b61-8a11-e4190a1c0805, Roles=[Admin], ActiveRules=3, SubjectMatched=1, ResourceActionMatched=1, Allows=1, Denies=0, Decision=Allowed
2026-05-09 11:16:24.718 -08:00 [INF] JWT token validated. IsAuthenticated=true
2026-05-09 11:16:24.720 -08:00 [INF] Access policy evaluation for logs:read. UserId=790c2c93-d8e6-4b61-8a11-e4190a1c0805, Roles=[Admin], ActiveRules=3, SubjectMatched=1, ResourceActionMatched=1, Allows=1, Denies=0, Decision=Allowed
2026-05-09 11:16:24.720 -08:00 [INF] MediatR handling started GetErrorLogsQuery
2026-05-09 11:16:24.725 -08:00 [INF] Access policy query filter started for users:read
2026-05-09 11:16:24.726 -08:00 [INF] MediatR handling started ListAccessPoliciesQuery
2026-05-09 11:16:24.731 -08:00 [INF] Access policy check started for errorLogs:read
2026-05-09 11:16:24.733 -08:00 [INF] Access policy query filter for users:read. UserId=790c2c93-d8e6-4b61-8a11-e4190a1c0805, Roles=[Admin], ActiveRules=3, SubjectMatched=1, ResourceActionMatched=1, Allows=1, Denies=0
2026-05-09 11:16:24.733 -08:00 [INF] Access policy check started for accessPolicies:read
2026-05-09 11:16:24.735 -08:00 [INF] Access policy evaluation for errorLogs:read. UserId=790c2c93-d8e6-4b61-8a11-e4190a1c0805, Roles=[Admin], ActiveRules=3, SubjectMatched=1, ResourceActionMatched=1, Allows=1, Denies=0, Decision=Allowed
2026-05-09 11:16:24.737 -08:00 [INF] MediatR handling completed GetLogsQuery in 31 ms
2026-05-09 11:16:24.739 -08:00 [INF] Access policy evaluation for accessPolicies:read. UserId=790c2c93-d8e6-4b61-8a11-e4190a1c0805, Roles=[Admin], ActiveRules=3, SubjectMatched=1, ResourceActionMatched=1, Allows=1, Denies=0, Decision=Allowed
2026-05-09 11:16:24.748 -08:00 [INF] MediatR handling completed GetUsersDashboardQuery in 48 ms
2026-05-09 11:16:24.748 -08:00 [INF] HTTP GET /api/Logs completed with 200 in 55 ms (0HNLDVT23JF9S:0000004F)
2026-05-09 11:16:24.754 -08:00 [INF] MediatR handling completed GetErrorLogsQuery in 33 ms
2026-05-09 11:16:24.754 -08:00 [INF] MediatR handling completed ListAccessPoliciesQuery in 27 ms
2026-05-09 11:16:24.755 -08:00 [INF] HTTP GET /api/Users/dashboard completed with 200 in 65 ms (0HNLDVT23JF9S:0000004B)
2026-05-09 11:16:24.763 -08:00 [INF] HTTP GET /api/error-logs completed with 200 in 59 ms (0HNLDVT23JF9S:00000055)
2026-05-09 11:16:24.765 -08:00 [INF] HTTP GET /api/AccessPolicies completed with 200 in 54 ms (0HNLDVT23JF9S:00000057)
2026-05-09 11:16:25.006 -08:00 [INF] Authorization header exists: false
2026-05-09 11:16:25.011 -08:00 [INF] JWT token validated. IsAuthenticated=true
2026-05-09 11:16:38.494 -08:00 [INF] HTTP CONNECT /hubs/sessions completed with 200 in 13487 ms (0HNLDVT23JF9T:0000000B)
2026-05-09 11:16:39.270 -08:00 [INF] Authorization header exists: true
2026-05-09 11:16:39.277 -08:00 [INF] JWT token validated. IsAuthenticated=true
2026-05-09 11:16:39.280 -08:00 [INF] HTTP POST /hubs/sessions/negotiate completed with 200 in 10 ms (0HNLDVT23JF9T:0000000D)
2026-05-09 11:16:39.362 -08:00 [INF] Authorization header exists: true
2026-05-09 11:16:39.368 -08:00 [INF] Authorization header exists: true
2026-05-09 11:16:39.374 -08:00 [INF] JWT token validated. IsAuthenticated=true
2026-05-09 11:16:39.380 -08:00 [INF] Authorization header exists: true
2026-05-09 11:16:39.380 -08:00 [INF] Authorization header exists: true
2026-05-09 11:16:39.382 -08:00 [INF] JWT token validated. IsAuthenticated=true
2026-05-09 11:16:39.384 -08:00 [INF] MediatR handling started GetUsersDashboardQuery
2026-05-09 11:16:39.386 -08:00 [INF] JWT token validated. IsAuthenticated=true
2026-05-09 11:16:39.389 -08:00 [INF] JWT token validated. IsAuthenticated=true
2026-05-09 11:16:39.389 -08:00 [INF] MediatR handling started GetLogsQuery
2026-05-09 11:16:39.390 -08:00 [INF] Access policy check started for users:read
2026-05-09 11:16:39.392 -08:00 [INF] MediatR handling started GetErrorLogsQuery
2026-05-09 11:16:39.393 -08:00 [INF] MediatR handling started ListAccessPoliciesQuery
2026-05-09 11:16:39.394 -08:00 [INF] Access policy check started for logs:read
2026-05-09 11:16:39.396 -08:00 [INF] Access policy check started for errorLogs:read
2026-05-09 11:16:39.397 -08:00 [INF] Access policy evaluation for users:read. UserId=790c2c93-d8e6-4b61-8a11-e4190a1c0805, Roles=[Admin], ActiveRules=3, SubjectMatched=1, ResourceActionMatched=1, Allows=1, Denies=0, Decision=Allowed
2026-05-09 11:16:39.397 -08:00 [INF] Access policy check started for accessPolicies:read
2026-05-09 11:16:39.400 -08:00 [INF] Access policy evaluation for logs:read. UserId=790c2c93-d8e6-4b61-8a11-e4190a1c0805, Roles=[Admin], ActiveRules=3, SubjectMatched=1, ResourceActionMatched=1, Allows=1, Denies=0, Decision=Allowed
2026-05-09 11:16:39.401 -08:00 [INF] Access policy evaluation for errorLogs:read. UserId=790c2c93-d8e6-4b61-8a11-e4190a1c0805, Roles=[Admin], ActiveRules=3, SubjectMatched=1, ResourceActionMatched=1, Allows=1, Denies=0, Decision=Allowed
2026-05-09 11:16:39.405 -08:00 [INF] Access policy query filter started for users:read
2026-05-09 11:16:39.409 -08:00 [INF] Access policy evaluation for accessPolicies:read. UserId=790c2c93-d8e6-4b61-8a11-e4190a1c0805, Roles=[Admin], ActiveRules=3, SubjectMatched=1, ResourceActionMatched=1, Allows=1, Denies=0, Decision=Allowed
2026-05-09 11:16:39.419 -08:00 [INF] Access policy query filter for users:read. UserId=790c2c93-d8e6-4b61-8a11-e4190a1c0805, Roles=[Admin], ActiveRules=3, SubjectMatched=1, ResourceActionMatched=1, Allows=1, Denies=0
2026-05-09 11:16:39.421 -08:00 [INF] MediatR handling completed GetLogsQuery in 31 ms
2026-05-09 11:16:39.427 -08:00 [INF] MediatR handling completed ListAccessPoliciesQuery in 34 ms
2026-05-09 11:16:39.428 -08:00 [INF] MediatR handling completed GetErrorLogsQuery in 36 ms
2026-05-09 11:16:39.440 -08:00 [INF] HTTP GET /api/Logs completed with 200 in 72 ms (0HNLDVT23JF9S:00000061)
2026-05-09 11:16:39.442 -08:00 [INF] HTTP GET /api/AccessPolicies completed with 200 in 62 ms (0HNLDVT23JF9S:00000069)
2026-05-09 11:16:39.443 -08:00 [INF] HTTP GET /api/error-logs completed with 200 in 63 ms (0HNLDVT23JF9S:00000067)
2026-05-09 11:16:39.448 -08:00 [INF] MediatR handling completed GetUsersDashboardQuery in 64 ms
2026-05-09 11:16:39.462 -08:00 [INF] HTTP GET /api/Users/dashboard completed with 200 in 99 ms (0HNLDVT23JF9S:0000005F)
2026-05-09 11:16:39.759 -08:00 [INF] Authorization header exists: false
2026-05-09 11:16:39.763 -08:00 [INF] JWT token validated. IsAuthenticated=true
2026-05-09 11:17:29.596 -08:00 [WRN] Sensitive data logging is enabled. Log entries and exception messages may include sensitive application data; this mode should only be enabled during development.
2026-05-09 11:17:30.363 -08:00 [INF] Admin wildcard access policy already exists
2026-05-09 11:17:30.593 -08:00 [INF] Now listening on: https://localhost:7259
2026-05-09 11:17:30.596 -08:00 [INF] Now listening on: http://localhost:5244
2026-05-09 11:17:30.644 -08:00 [INF] Application started. Press Ctrl+C to shut down.
2026-05-09 11:17:30.645 -08:00 [INF] Hosting environment: Development
2026-05-09 11:17:30.646 -08:00 [INF] Content root path: C:\PrivateProject\algo.bytes\src\algo.API
2026-05-09 11:17:31.361 -08:00 [INF] Authorization header exists: true
2026-05-09 11:17:31.487 -08:00 [INF] JWT token validated. IsAuthenticated=true
2026-05-09 11:17:31.499 -08:00 [INF] HTTP POST /hubs/sessions/negotiate completed with 200 in 181 ms (0HNLDVUEVTSJN:00000001)
2026-05-09 11:17:31.512 -08:00 [INF] Authorization header exists: false
2026-05-09 11:17:31.528 -08:00 [INF] JWT token validated. IsAuthenticated=true
2026-05-09 11:17:48.284 -08:00 [INF] Authorization header exists: true
2026-05-09 11:17:48.285 -08:00 [INF] Authorization header exists: true
2026-05-09 11:17:48.290 -08:00 [INF] JWT token validated. IsAuthenticated=true
2026-05-09 11:17:48.376 -08:00 [INF] Authorization header exists: true
2026-05-09 11:17:48.380 -08:00 [INF] JWT token validated. IsAuthenticated=true
2026-05-09 11:17:48.385 -08:00 [INF] JWT token validated. IsAuthenticated=true
2026-05-09 11:17:48.431 -08:00 [INF] MediatR handling started GetRolesQuery
2026-05-09 11:17:48.445 -08:00 [INF] Access policy check started for roles:read
2026-05-09 11:17:48.474 -08:00 [INF] MediatR handling started GetUsersQuery
2026-05-09 11:17:48.474 -08:00 [INF] MediatR handling started GetUsersQuery
2026-05-09 11:17:48.504 -08:00 [INF] Access policy evaluation for roles:read. UserId=790c2c93-d8e6-4b61-8a11-e4190a1c0805, Roles=[Admin], ActiveRules=3, SubjectMatched=1, ResourceActionMatched=1, Allows=1, Denies=0, Decision=Allowed
2026-05-09 11:17:48.513 -08:00 [INF] Access policy check started for users:read
2026-05-09 11:17:48.513 -08:00 [INF] Access policy check started for users:read
2026-05-09 11:17:48.517 -08:00 [INF] Access policy evaluation for users:read. UserId=790c2c93-d8e6-4b61-8a11-e4190a1c0805, Roles=[Admin], ActiveRules=3, SubjectMatched=1, ResourceActionMatched=1, Allows=1, Denies=0, Decision=Allowed
2026-05-09 11:17:48.519 -08:00 [INF] MediatR handling completed GetRolesQuery in 87 ms
2026-05-09 11:17:48.536 -08:00 [INF] Access policy query filter started for users:read
2026-05-09 11:17:48.541 -08:00 [INF] Access policy query filter for users:read. UserId=790c2c93-d8e6-4b61-8a11-e4190a1c0805, Roles=[Admin], ActiveRules=3, SubjectMatched=1, ResourceActionMatched=1, Allows=1, Denies=0
2026-05-09 11:17:48.553 -08:00 [INF] HTTP GET /api/Roles completed with 200 in 273 ms (0HNLDVUEVTSJM:00000007)
2026-05-09 11:17:48.580 -08:00 [INF] Access policy evaluation for users:read. UserId=790c2c93-d8e6-4b61-8a11-e4190a1c0805, Roles=[Admin], ActiveRules=3, SubjectMatched=1, ResourceActionMatched=1, Allows=1, Denies=0, Decision=Allowed
2026-05-09 11:17:48.584 -08:00 [INF] Access policy query filter started for users:read
2026-05-09 11:17:48.588 -08:00 [INF] Access policy query filter for users:read. UserId=790c2c93-d8e6-4b61-8a11-e4190a1c0805, Roles=[Admin], ActiveRules=3, SubjectMatched=1, ResourceActionMatched=1, Allows=1, Denies=0
2026-05-09 11:17:48.790 -08:00 [INF] MediatR handling completed GetUsersQuery in 316 ms
2026-05-09 11:17:48.790 -08:00 [INF] MediatR handling completed GetUsersQuery in 316 ms
2026-05-09 11:17:48.802 -08:00 [INF] HTTP GET /api/Users completed with 200 in 426 ms (0HNLDVUEVTSJM:0000000D)
2026-05-09 11:17:48.802 -08:00 [INF] HTTP GET /api/Users completed with 200 in 522 ms (0HNLDVUEVTSJM:00000009)
2026-05-09 11:17:50.488 -08:00 [INF] HTTP CONNECT /hubs/sessions completed with 200 in 18976 ms (0HNLDVUEVTSJN:00000003)
2026-05-09 11:17:50.917 -08:00 [INF] Authorization header exists: true
2026-05-09 11:17:50.921 -08:00 [INF] JWT token validated. IsAuthenticated=true
2026-05-09 11:17:50.922 -08:00 [INF] HTTP POST /hubs/sessions/negotiate completed with 200 in 5 ms (0HNLDVUEVTSJN:00000005)
2026-05-09 11:17:50.944 -08:00 [INF] Authorization header exists: true
2026-05-09 11:17:50.946 -08:00 [INF] Authorization header exists: true
2026-05-09 11:17:50.947 -08:00 [INF] JWT token validated. IsAuthenticated=true
2026-05-09 11:17:50.948 -08:00 [INF] Authorization header exists: true
2026-05-09 11:17:50.948 -08:00 [INF] Authorization header exists: true
2026-05-09 11:17:50.950 -08:00 [INF] JWT token validated. IsAuthenticated=true
2026-05-09 11:17:50.951 -08:00 [INF] JWT token validated. IsAuthenticated=true
2026-05-09 11:17:50.951 -08:00 [INF] JWT token validated. IsAuthenticated=true
2026-05-09 11:17:50.957 -08:00 [INF] MediatR handling started GetUsersDashboardQuery
2026-05-09 11:17:50.960 -08:00 [INF] MediatR handling started ListAccessPoliciesQuery
2026-05-09 11:17:50.963 -08:00 [INF] Access policy check started for users:read
2026-05-09 11:17:50.963 -08:00 [INF] Access policy check started for accessPolicies:read
2026-05-09 11:17:50.966 -08:00 [INF] Access policy evaluation for users:read. UserId=790c2c93-d8e6-4b61-8a11-e4190a1c0805, Roles=[Admin], ActiveRules=3, SubjectMatched=1, ResourceActionMatched=1, Allows=1, Denies=0, Decision=Allowed
2026-05-09 11:17:50.970 -08:00 [INF] Access policy evaluation for accessPolicies:read. UserId=790c2c93-d8e6-4b61-8a11-e4190a1c0805, Roles=[Admin], ActiveRules=3, SubjectMatched=1, ResourceActionMatched=1, Allows=1, Denies=0, Decision=Allowed
2026-05-09 11:17:50.971 -08:00 [INF] Access policy query filter started for users:read
2026-05-09 11:17:50.976 -08:00 [INF] Access policy query filter for users:read. UserId=790c2c93-d8e6-4b61-8a11-e4190a1c0805, Roles=[Admin], ActiveRules=3, SubjectMatched=1, ResourceActionMatched=1, Allows=1, Denies=0
2026-05-09 11:17:50.981 -08:00 [INF] MediatR handling started GetErrorLogsQuery
2026-05-09 11:17:50.981 -08:00 [INF] MediatR handling started GetLogsQuery
2026-05-09 11:17:50.987 -08:00 [INF] MediatR handling completed ListAccessPoliciesQuery in 27 ms
2026-05-09 11:17:50.998 -08:00 [INF] Access policy check started for logs:read
2026-05-09 11:17:50.998 -08:00 [INF] Access policy check started for errorLogs:read
2026-05-09 11:17:51.001 -08:00 [INF] Access policy evaluation for logs:read. UserId=790c2c93-d8e6-4b61-8a11-e4190a1c0805, Roles=[Admin], ActiveRules=3, SubjectMatched=1, ResourceActionMatched=1, Allows=1, Denies=0, Decision=Allowed
2026-05-09 11:17:51.002 -08:00 [INF] Access policy evaluation for errorLogs:read. UserId=790c2c93-d8e6-4b61-8a11-e4190a1c0805, Roles=[Admin], ActiveRules=3, SubjectMatched=1, ResourceActionMatched=1, Allows=1, Denies=0, Decision=Allowed
2026-05-09 11:17:51.004 -08:00 [INF] HTTP GET /api/AccessPolicies completed with 200 in 56 ms (0HNLDVUEVTSJM:0000001F)
2026-05-09 11:17:51.087 -08:00 [INF] MediatR handling completed GetUsersDashboardQuery in 130 ms
2026-05-09 11:17:51.100 -08:00 [INF] HTTP GET /api/Users/dashboard completed with 200 in 156 ms (0HNLDVUEVTSJM:00000015)
2026-05-09 11:17:51.186 -08:00 [INF] Authorization header exists: false
2026-05-09 11:17:51.190 -08:00 [INF] JWT token validated. IsAuthenticated=true
2026-05-09 11:17:51.199 -08:00 [INF] MediatR handling completed GetLogsQuery in 218 ms
2026-05-09 11:17:51.199 -08:00 [INF] MediatR handling completed GetErrorLogsQuery in 218 ms
2026-05-09 11:17:51.228 -08:00 [INF] HTTP GET /api/error-logs completed with 200 in 280 ms (0HNLDVUEVTSJM:0000001D)
2026-05-09 11:17:51.228 -08:00 [INF] HTTP GET /api/Logs completed with 200 in 282 ms (0HNLDVUEVTSJM:0000001B)
2026-05-09 11:17:52.436 -08:00 [INF] Authorization header exists: true
2026-05-09 11:17:52.440 -08:00 [INF] JWT token validated. IsAuthenticated=true
2026-05-09 11:17:52.442 -08:00 [INF] MediatR handling started GetRolesQuery
2026-05-09 11:17:52.444 -08:00 [INF] Access policy check started for roles:read
2026-05-09 11:17:52.447 -08:00 [INF] Access policy evaluation for roles:read. UserId=790c2c93-d8e6-4b61-8a11-e4190a1c0805, Roles=[Admin], ActiveRules=3, SubjectMatched=1, ResourceActionMatched=1, Allows=1, Denies=0, Decision=Allowed
2026-05-09 11:17:52.453 -08:00 [INF] MediatR handling completed GetRolesQuery in 10 ms
2026-05-09 11:17:52.455 -08:00 [INF] HTTP GET /api/Roles completed with 200 in 19 ms (0HNLDVUEVTSJM:00000021)
2026-05-09 11:17:52.793 -08:00 [INF] Authorization header exists: true
2026-05-09 11:17:52.796 -08:00 [INF] JWT token validated. IsAuthenticated=true
2026-05-09 11:17:52.796 -08:00 [INF] Authorization header exists: true
2026-05-09 11:17:52.798 -08:00 [INF] MediatR handling started GetRolesQuery
2026-05-09 11:17:52.800 -08:00 [INF] JWT token validated. IsAuthenticated=true
2026-05-09 11:17:52.804 -08:00 [INF] MediatR handling started GetUsersQuery
2026-05-09 11:17:52.806 -08:00 [INF] Authorization header exists: true
2026-05-09 11:17:52.810 -08:00 [INF] JWT token validated. IsAuthenticated=true
2026-05-09 11:17:52.812 -08:00 [INF] Access policy check started for roles:read
2026-05-09 11:17:52.812 -08:00 [INF] Access policy check started for users:read
2026-05-09 11:17:52.813 -08:00 [INF] MediatR handling started GetUsersQuery
2026-05-09 11:17:52.815 -08:00 [INF] Access policy evaluation for roles:read. UserId=790c2c93-d8e6-4b61-8a11-e4190a1c0805, Roles=[Admin], ActiveRules=3, SubjectMatched=1, ResourceActionMatched=1, Allows=1, Denies=0, Decision=Allowed
2026-05-09 11:17:52.816 -08:00 [INF] Access policy evaluation for users:read. UserId=790c2c93-d8e6-4b61-8a11-e4190a1c0805, Roles=[Admin], ActiveRules=3, SubjectMatched=1, ResourceActionMatched=1, Allows=1, Denies=0, Decision=Allowed
2026-05-09 11:17:52.816 -08:00 [INF] Access policy check started for users:read
2026-05-09 11:17:52.821 -08:00 [INF] MediatR handling completed GetRolesQuery in 23 ms
2026-05-09 11:17:52.823 -08:00 [INF] Access policy query filter started for users:read
2026-05-09 11:17:52.826 -08:00 [INF] HTTP GET /api/Roles completed with 200 in 33 ms (0HNLDVUEVTSJM:00000023)
2026-05-09 11:17:52.826 -08:00 [INF] Access policy evaluation for users:read. UserId=790c2c93-d8e6-4b61-8a11-e4190a1c0805, Roles=[Admin], ActiveRules=3, SubjectMatched=1, ResourceActionMatched=1, Allows=1, Denies=0, Decision=Allowed
2026-05-09 11:17:52.832 -08:00 [INF] Access policy query filter for users:read. UserId=790c2c93-d8e6-4b61-8a11-e4190a1c0805, Roles=[Admin], ActiveRules=3, SubjectMatched=1, ResourceActionMatched=1, Allows=1, Denies=0
2026-05-09 11:17:52.836 -08:00 [INF] Access policy query filter started for users:read
2026-05-09 11:17:52.842 -08:00 [INF] Access policy query filter for users:read. UserId=790c2c93-d8e6-4b61-8a11-e4190a1c0805, Roles=[Admin], ActiveRules=3, SubjectMatched=1, ResourceActionMatched=1, Allows=1, Denies=0
2026-05-09 11:17:52.845 -08:00 [INF] MediatR handling completed GetUsersQuery in 40 ms
2026-05-09 11:17:52.847 -08:00 [INF] HTTP GET /api/Users completed with 200 in 51 ms (0HNLDVUEVTSJM:00000025)
2026-05-09 11:17:52.850 -08:00 [INF] MediatR handling completed GetUsersQuery in 36 ms
2026-05-09 11:17:52.852 -08:00 [INF] HTTP GET /api/Users completed with 200 in 45 ms (0HNLDVUEVTSJM:00000027)
2026-05-09 11:18:11.790 -08:00 [INF] HTTP CONNECT /hubs/sessions completed with 200 in 20603 ms (0HNLDVUEVTSJN:00000007)
2026-05-09 11:18:28.040 -08:00 [INF] Authorization header exists: true
2026-05-09 11:18:28.045 -08:00 [INF] JWT token validated. IsAuthenticated=true
2026-05-09 11:18:28.047 -08:00 [INF] HTTP POST /hubs/sessions/negotiate completed with 200 in 6 ms (0HNLDVUEVTSJP:00000001)
2026-05-09 11:18:28.088 -08:00 [INF] Authorization header exists: true
2026-05-09 11:18:28.123 -08:00 [INF] Authorization header exists: true
2026-05-09 11:18:28.131 -08:00 [INF] JWT token validated. IsAuthenticated=true
2026-05-09 11:18:28.133 -08:00 [INF] JWT token validated. IsAuthenticated=true
2026-05-09 11:18:28.138 -08:00 [INF] MediatR handling started GetUsersDashboardQuery
2026-05-09 11:18:28.140 -08:00 [INF] MediatR handling started GetLogsQuery
2026-05-09 11:18:28.143 -08:00 [INF] Access policy check started for users:read
2026-05-09 11:18:28.144 -08:00 [INF] Authorization header exists: true
2026-05-09 11:18:28.144 -08:00 [INF] Authorization header exists: true
2026-05-09 11:18:28.148 -08:00 [INF] Access policy check started for logs:read
2026-05-09 11:18:28.153 -08:00 [INF] Access policy evaluation for users:read. UserId=790c2c93-d8e6-4b61-8a11-e4190a1c0805, Roles=[Admin], ActiveRules=3, SubjectMatched=1, ResourceActionMatched=1, Allows=1, Denies=0, Decision=Allowed
2026-05-09 11:18:28.154 -08:00 [INF] JWT token validated. IsAuthenticated=true
2026-05-09 11:18:28.156 -08:00 [INF] JWT token validated. IsAuthenticated=true
2026-05-09 11:18:28.158 -08:00 [INF] Access policy evaluation for logs:read. UserId=790c2c93-d8e6-4b61-8a11-e4190a1c0805, Roles=[Admin], ActiveRules=3, SubjectMatched=1, ResourceActionMatched=1, Allows=1, Denies=0, Decision=Allowed
2026-05-09 11:18:28.166 -08:00 [INF] Access policy query filter started for users:read
2026-05-09 11:18:28.170 -08:00 [INF] MediatR handling started ListAccessPoliciesQuery
2026-05-09 11:18:28.183 -08:00 [INF] MediatR handling started GetErrorLogsQuery
2026-05-09 11:18:28.202 -08:00 [INF] Access policy check started for accessPolicies:read
2026-05-09 11:18:28.203 -08:00 [INF] Access policy query filter for users:read. UserId=790c2c93-d8e6-4b61-8a11-e4190a1c0805, Roles=[Admin], ActiveRules=3, SubjectMatched=1, ResourceActionMatched=1, Allows=1, Denies=0
2026-05-09 11:18:28.213 -08:00 [INF] Access policy check started for errorLogs:read
2026-05-09 11:18:28.220 -08:00 [INF] MediatR handling completed GetLogsQuery in 79 ms
2026-05-09 11:18:28.225 -08:00 [INF] Access policy evaluation for accessPolicies:read. UserId=790c2c93-d8e6-4b61-8a11-e4190a1c0805, Roles=[Admin], ActiveRules=3, SubjectMatched=1, ResourceActionMatched=1, Allows=1, Denies=0, Decision=Allowed
2026-05-09 11:18:28.242 -08:00 [INF] HTTP GET /api/Logs completed with 200 in 119 ms (0HNLDVUEVTSJO:0000000D)
2026-05-09 11:18:28.235 -08:00 [INF] Access policy evaluation for errorLogs:read. UserId=790c2c93-d8e6-4b61-8a11-e4190a1c0805, Roles=[Admin], ActiveRules=3, SubjectMatched=1, ResourceActionMatched=1, Allows=1, Denies=0, Decision=Allowed
2026-05-09 11:18:28.252 -08:00 [INF] MediatR handling completed GetUsersDashboardQuery in 114 ms
2026-05-09 11:18:28.252 -08:00 [INF] MediatR handling completed ListAccessPoliciesQuery in 82 ms
2026-05-09 11:18:28.261 -08:00 [INF] HTTP GET /api/Users/dashboard completed with 200 in 173 ms (0HNLDVUEVTSJO:00000007)
2026-05-09 11:18:28.263 -08:00 [INF] HTTP GET /api/AccessPolicies completed with 200 in 119 ms (0HNLDVUEVTSJO:00000011)
2026-05-09 11:18:28.269 -08:00 [INF] MediatR handling completed GetErrorLogsQuery in 85 ms
2026-05-09 11:18:28.274 -08:00 [INF] HTTP GET /api/error-logs completed with 200 in 129 ms (0HNLDVUEVTSJO:0000000F)
2026-05-09 11:18:28.457 -08:00 [INF] Authorization header exists: false
2026-05-09 11:18:28.460 -08:00 [INF] JWT token validated. IsAuthenticated=true
2026-05-09 11:18:30.674 -08:00 [INF] Authorization header exists: true
2026-05-09 11:18:30.675 -08:00 [INF] Authorization header exists: true
2026-05-09 11:18:30.678 -08:00 [INF] JWT token validated. IsAuthenticated=true
2026-05-09 11:18:30.678 -08:00 [INF] JWT token validated. IsAuthenticated=true
2026-05-09 11:18:30.680 -08:00 [INF] MediatR handling started GetRolesQuery
2026-05-09 11:18:30.681 -08:00 [INF] MediatR handling started GetUsersQuery
2026-05-09 11:18:30.682 -08:00 [INF] Access policy check started for roles:read
2026-05-09 11:18:30.683 -08:00 [INF] Access policy check started for users:read
2026-05-09 11:18:30.685 -08:00 [INF] Access policy evaluation for roles:read. UserId=790c2c93-d8e6-4b61-8a11-e4190a1c0805, Roles=[Admin], ActiveRules=3, SubjectMatched=1, ResourceActionMatched=1, Allows=1, Denies=0, Decision=Allowed
2026-05-09 11:18:30.686 -08:00 [INF] Authorization header exists: true
2026-05-09 11:18:30.686 -08:00 [INF] Access policy evaluation for users:read. UserId=790c2c93-d8e6-4b61-8a11-e4190a1c0805, Roles=[Admin], ActiveRules=3, SubjectMatched=1, ResourceActionMatched=1, Allows=1, Denies=0, Decision=Allowed
2026-05-09 11:18:30.689 -08:00 [INF] MediatR handling completed GetRolesQuery in 9 ms
2026-05-09 11:18:30.690 -08:00 [INF] JWT token validated. IsAuthenticated=true
2026-05-09 11:18:30.691 -08:00 [INF] Access policy query filter started for users:read
2026-05-09 11:18:30.693 -08:00 [INF] HTTP GET /api/Roles completed with 200 in 18 ms (0HNLDVUEVTSJO:00000017)
2026-05-09 11:18:30.693 -08:00 [INF] MediatR handling started GetUsersQuery
2026-05-09 11:18:30.695 -08:00 [INF] Access policy query filter for users:read. UserId=790c2c93-d8e6-4b61-8a11-e4190a1c0805, Roles=[Admin], ActiveRules=3, SubjectMatched=1, ResourceActionMatched=1, Allows=1, Denies=0
2026-05-09 11:18:30.697 -08:00 [INF] Access policy check started for users:read
2026-05-09 11:18:30.702 -08:00 [INF] Access policy evaluation for users:read. UserId=790c2c93-d8e6-4b61-8a11-e4190a1c0805, Roles=[Admin], ActiveRules=3, SubjectMatched=1, ResourceActionMatched=1, Allows=1, Denies=0, Decision=Allowed
2026-05-09 11:18:30.705 -08:00 [INF] MediatR handling completed GetUsersQuery in 24 ms
2026-05-09 11:18:30.706 -08:00 [INF] Access policy query filter started for users:read
2026-05-09 11:18:30.707 -08:00 [INF] HTTP GET /api/Users completed with 200 in 32 ms (0HNLDVUEVTSJO:00000019)
2026-05-09 11:18:30.709 -08:00 [INF] Access policy query filter for users:read. UserId=790c2c93-d8e6-4b61-8a11-e4190a1c0805, Roles=[Admin], ActiveRules=3, SubjectMatched=1, ResourceActionMatched=1, Allows=1, Denies=0
2026-05-09 11:18:30.718 -08:00 [INF] MediatR handling completed GetUsersQuery in 24 ms
2026-05-09 11:18:30.720 -08:00 [INF] HTTP GET /api/Users completed with 200 in 33 ms (0HNLDVUEVTSJO:0000001D)
2026-05-09 14:53:17.432 -08:00 [WRN] Sensitive data logging is enabled. Log entries and exception messages may include sensitive application data; this mode should only be enabled during development.
2026-05-09 14:53:18.466 -08:00 [INF] Admin wildcard access policy already exists
2026-05-09 14:53:18.876 -08:00 [INF] Now listening on: https://localhost:7259
2026-05-09 14:53:18.878 -08:00 [INF] Now listening on: http://localhost:5244
2026-05-09 14:53:18.933 -08:00 [INF] Application started. Press Ctrl+C to shut down.
2026-05-09 14:53:18.934 -08:00 [INF] Hosting environment: Development
2026-05-09 14:53:18.935 -08:00 [INF] Content root path: C:\PrivateProject\algo.bytes\src\algo.API
2026-05-09 14:53:33.042 -08:00 [INF] Authorization header exists: true
2026-05-09 14:53:33.144 -08:00 [ERR] JWT authentication failed
Microsoft.IdentityModel.Tokens.SecurityTokenExpiredException: IDX10223: Lifetime validation failed. The token is expired. ValidTo (UTC): '09-05-2026 20:10:09', Current time (UTC): '09-05-2026 22:53:33'.
   at Microsoft.IdentityModel.Tokens.ValidatorUtilities.ValidateLifetime(Nullable`1 notBefore, Nullable`1 expires, SecurityToken securityToken, TokenValidationParameters validationParameters)
   at Microsoft.IdentityModel.Tokens.Validators.ValidateLifetime(Nullable`1 notBefore, Nullable`1 expires, SecurityToken securityToken, TokenValidationParameters validationParameters)
   at Microsoft.IdentityModel.JsonWebTokens.JsonWebTokenHandler.ValidateTokenPayloadAsync(JsonWebToken jsonWebToken, TokenValidationParameters validationParameters, BaseConfiguration configuration)
   at Microsoft.IdentityModel.JsonWebTokens.JsonWebTokenHandler.ValidateJWSAsync(JsonWebToken jsonWebToken, TokenValidationParameters validationParameters, BaseConfiguration configuration)
2026-05-09 14:53:33.220 -08:00 [WRN] JWT challenge. Error=invalid_token, Description=The token expired at '05/09/2026 20:10:09'
2026-05-09 14:53:33.229 -08:00 [INF] HTTP GET /api/Roles completed with 401 in 245 ms (0HNLE3N5RMFH8:00000003)
2026-05-09 14:54:03.428 -08:00 [INF] Authorization header exists: false
2026-05-09 14:54:03.494 -08:00 [INF] MediatR handling started LoginCommand
2026-05-09 14:54:03.983 -08:00 [INF] MediatR handling completed LoginCommand in 488 ms
2026-05-09 14:54:03.999 -08:00 [INF] HTTP POST /api/Auth/login completed with 200 in 573 ms (0HNLE3N5RMFH9:00000003)
2026-05-09 14:54:04.090 -08:00 [INF] Authorization header exists: true
2026-05-09 14:54:04.099 -08:00 [INF] Authorization header exists: true
2026-05-09 14:54:04.158 -08:00 [INF] JWT token validated. IsAuthenticated=true
2026-05-09 14:54:04.162 -08:00 [INF] JWT token validated. IsAuthenticated=true
2026-05-09 14:54:04.168 -08:00 [INF] MediatR handling started GetUsersDashboardQuery
2026-05-09 14:54:04.169 -08:00 [INF] HTTP POST /hubs/sessions/negotiate completed with 200 in 87 ms (0HNLE3N5RMFHA:00000001)
2026-05-09 14:54:04.177 -08:00 [INF] Access policy check started for users:read
2026-05-09 14:54:04.199 -08:00 [INF] Access policy evaluation for users:read. UserId=d1ed8be4-9703-45f0-935f-3c39601b55e1, Roles=[inactive], ActiveRules=3, SubjectMatched=1, ResourceActionMatched=1, Allows=1, Denies=0, Decision=Allowed
2026-05-09 14:54:04.208 -08:00 [INF] Access policy query filter started for users:read
2026-05-09 14:54:04.215 -08:00 [INF] Access policy query filter for users:read. UserId=d1ed8be4-9703-45f0-935f-3c39601b55e1, Roles=[inactive], ActiveRules=3, SubjectMatched=1, ResourceActionMatched=1, Allows=1, Denies=0
2026-05-09 14:54:04.232 -08:00 [INF] Authorization header exists: false
2026-05-09 14:54:04.235 -08:00 [INF] JWT token validated. IsAuthenticated=true
2026-05-09 14:54:04.326 -08:00 [INF] MediatR handling completed GetUsersDashboardQuery in 157 ms
2026-05-09 14:54:04.333 -08:00 [INF] HTTP GET /api/Users/dashboard completed with 200 in 234 ms (0HNLE3N5RMFH9:00000009)
2026-05-09 14:55:07.224 -08:00 [INF] Authorization header exists: false
2026-05-09 14:55:07.227 -08:00 [INF] MediatR handling started LoginCommand
2026-05-09 14:55:07.287 -08:00 [INF] MediatR handling completed LoginCommand in 60 ms
2026-05-09 14:55:07.289 -08:00 [INF] HTTP POST /api/Auth/login completed with 200 in 64 ms (0HNLE3N5RMFH8:00000007)
2026-05-09 14:55:07.314 -08:00 [INF] Authorization header exists: true
2026-05-09 14:55:07.314 -08:00 [INF] Authorization header exists: true
2026-05-09 14:55:07.314 -08:00 [INF] Authorization header exists: true
2026-05-09 14:55:07.314 -08:00 [INF] Authorization header exists: true
2026-05-09 14:55:07.317 -08:00 [INF] Authorization header exists: true
2026-05-09 14:55:07.353 -08:00 [INF] JWT token validated. IsAuthenticated=true
2026-05-09 14:55:07.353 -08:00 [INF] JWT token validated. IsAuthenticated=true
2026-05-09 14:55:07.354 -08:00 [INF] JWT token validated. IsAuthenticated=true
2026-05-09 14:55:07.354 -08:00 [INF] JWT token validated. IsAuthenticated=true
2026-05-09 14:55:07.354 -08:00 [INF] JWT token validated. IsAuthenticated=true
2026-05-09 14:55:07.355 -08:00 [INF] MediatR handling started GetUsersDashboardQuery
2026-05-09 14:55:07.357 -08:00 [INF] HTTP POST /hubs/sessions/negotiate completed with 200 in 40 ms (0HNLE3N5RMFHB:00000001)
2026-05-09 14:55:07.358 -08:00 [INF] Access policy check started for users:read
2026-05-09 14:55:07.362 -08:00 [INF] Access policy evaluation for users:read. UserId=790c2c93-d8e6-4b61-8a11-e4190a1c0805, Roles=[Admin], ActiveRules=3, SubjectMatched=1, ResourceActionMatched=1, Allows=1, Denies=0, Decision=Allowed
2026-05-09 14:55:07.365 -08:00 [INF] Access policy query filter started for users:read
2026-05-09 14:55:07.365 -08:00 [INF] MediatR handling started ListAccessPoliciesQuery
2026-05-09 14:55:07.366 -08:00 [INF] Access policy query filter for users:read. UserId=790c2c93-d8e6-4b61-8a11-e4190a1c0805, Roles=[Admin], ActiveRules=3, SubjectMatched=1, ResourceActionMatched=1, Allows=1, Denies=0
2026-05-09 14:55:07.367 -08:00 [INF] Access policy check started for accessPolicies:read
2026-05-09 14:55:07.370 -08:00 [INF] Access policy evaluation for accessPolicies:read. UserId=790c2c93-d8e6-4b61-8a11-e4190a1c0805, Roles=[Admin], ActiveRules=3, SubjectMatched=1, ResourceActionMatched=1, Allows=1, Denies=0, Decision=Allowed
2026-05-09 14:55:07.380 -08:00 [INF] MediatR handling completed ListAccessPoliciesQuery in 15 ms
2026-05-09 14:55:07.392 -08:00 [INF] MediatR handling started GetErrorLogsQuery
2026-05-09 14:55:07.392 -08:00 [INF] MediatR handling started GetLogsQuery
2026-05-09 14:55:07.395 -08:00 [INF] HTTP GET /api/AccessPolicies completed with 200 in 80 ms (0HNLE3N5RMFH8:00000019)
2026-05-09 14:55:07.408 -08:00 [INF] Access policy check started for logs:read
2026-05-09 14:55:07.408 -08:00 [INF] Access policy check started for errorLogs:read
2026-05-09 14:55:07.410 -08:00 [INF] MediatR handling completed GetUsersDashboardQuery in 55 ms
2026-05-09 14:55:07.410 -08:00 [INF] Access policy evaluation for logs:read. UserId=790c2c93-d8e6-4b61-8a11-e4190a1c0805, Roles=[Admin], ActiveRules=3, SubjectMatched=1, ResourceActionMatched=1, Allows=1, Denies=0, Decision=Allowed
2026-05-09 14:55:07.411 -08:00 [INF] Access policy evaluation for errorLogs:read. UserId=790c2c93-d8e6-4b61-8a11-e4190a1c0805, Roles=[Admin], ActiveRules=3, SubjectMatched=1, ResourceActionMatched=1, Allows=1, Denies=0, Decision=Allowed
2026-05-09 14:55:07.413 -08:00 [INF] HTTP GET /api/Users/dashboard completed with 200 in 99 ms (0HNLE3N5RMFH8:00000013)
2026-05-09 14:55:07.422 -08:00 [INF] Authorization header exists: false
2026-05-09 14:55:07.454 -08:00 [INF] JWT token validated. IsAuthenticated=true
2026-05-09 14:55:07.530 -08:00 [INF] MediatR handling completed GetLogsQuery in 137 ms
2026-05-09 14:55:07.530 -08:00 [INF] MediatR handling completed GetErrorLogsQuery in 138 ms
2026-05-09 14:55:07.549 -08:00 [INF] HTTP GET /api/error-logs completed with 200 in 234 ms (0HNLE3N5RMFH8:00000017)
2026-05-09 14:55:07.549 -08:00 [INF] HTTP GET /api/Logs completed with 200 in 234 ms (0HNLE3N5RMFH8:00000015)
2026-05-09 14:55:21.179 -08:00 [INF] Authorization header exists: true
2026-05-09 14:55:21.182 -08:00 [INF] JWT token validated. IsAuthenticated=true
2026-05-09 14:55:21.194 -08:00 [INF] MediatR handling started GetSessionsQuery
2026-05-09 14:55:21.198 -08:00 [INF] Access policy check started for sessions:read
2026-05-09 14:55:21.200 -08:00 [INF] Access policy evaluation for sessions:read. UserId=790c2c93-d8e6-4b61-8a11-e4190a1c0805, Roles=[Admin], ActiveRules=3, SubjectMatched=1, ResourceActionMatched=1, Allows=1, Denies=0, Decision=Allowed
2026-05-09 14:55:21.272 -08:00 [INF] MediatR handling completed GetSessionsQuery in 78 ms
2026-05-09 14:55:21.283 -08:00 [INF] HTTP GET /api/Sessions completed with 200 in 103 ms (0HNLE3N5RMFH8:0000001D)
2026-05-09 14:55:21.509 -08:00 [INF] Authorization header exists: true
2026-05-09 14:55:21.510 -08:00 [INF] Authorization header exists: true
2026-05-09 14:55:21.512 -08:00 [INF] JWT token validated. IsAuthenticated=true
2026-05-09 14:55:21.513 -08:00 [INF] JWT token validated. IsAuthenticated=true
2026-05-09 14:55:21.513 -08:00 [INF] MediatR handling started GetSessionsQuery
2026-05-09 14:55:21.514 -08:00 [INF] MediatR handling started GetSessionsQuery
2026-05-09 14:55:21.514 -08:00 [INF] Access policy check started for sessions:read
2026-05-09 14:55:21.517 -08:00 [INF] Access policy evaluation for sessions:read. UserId=790c2c93-d8e6-4b61-8a11-e4190a1c0805, Roles=[Admin], ActiveRules=3, SubjectMatched=1, ResourceActionMatched=1, Allows=1, Denies=0, Decision=Allowed
2026-05-09 14:55:21.519 -08:00 [INF] Access policy check started for sessions:read
2026-05-09 14:55:21.523 -08:00 [INF] MediatR handling completed GetSessionsQuery in 10 ms
2026-05-09 14:55:21.525 -08:00 [INF] Access policy evaluation for sessions:read. UserId=790c2c93-d8e6-4b61-8a11-e4190a1c0805, Roles=[Admin], ActiveRules=3, SubjectMatched=1, ResourceActionMatched=1, Allows=1, Denies=0, Decision=Allowed
2026-05-09 14:55:21.525 -08:00 [INF] HTTP GET /api/Sessions completed with 200 in 16 ms (0HNLE3N5RMFH8:00000021)
2026-05-09 14:55:21.530 -08:00 [INF] MediatR handling completed GetSessionsQuery in 15 ms
2026-05-09 14:55:21.531 -08:00 [INF] HTTP GET /api/Sessions completed with 200 in 20 ms (0HNLE3N5RMFH8:00000023)
2026-05-09 14:55:22.665 -08:00 [INF] Authorization header exists: true
2026-05-09 14:55:22.665 -08:00 [INF] Authorization header exists: true
2026-05-09 14:55:22.666 -08:00 [INF] JWT token validated. IsAuthenticated=true
2026-05-09 14:55:22.666 -08:00 [INF] JWT token validated. IsAuthenticated=true
2026-05-09 14:55:22.667 -08:00 [INF] MediatR handling started ListAccessPoliciesQuery
2026-05-09 14:55:22.669 -08:00 [INF] Access policy check started for accessPolicies:read
2026-05-09 14:55:22.671 -08:00 [INF] Access policy evaluation for accessPolicies:read. UserId=790c2c93-d8e6-4b61-8a11-e4190a1c0805, Roles=[Admin], ActiveRules=3, SubjectMatched=1, ResourceActionMatched=1, Allows=1, Denies=0, Decision=Allowed
2026-05-09 14:55:22.674 -08:00 [INF] MediatR handling completed ListAccessPoliciesQuery in 6 ms
2026-05-09 14:55:22.674 -08:00 [INF] MediatR handling started GetAccessPolicyOptionsQuery
2026-05-09 14:55:22.675 -08:00 [INF] HTTP GET /api/AccessPolicies completed with 200 in 10 ms (0HNLE3N5RMFH8:00000029)
2026-05-09 14:55:22.677 -08:00 [INF] Access policy check started for accessPolicies:read
2026-05-09 14:55:22.679 -08:00 [INF] Access policy evaluation for accessPolicies:read. UserId=790c2c93-d8e6-4b61-8a11-e4190a1c0805, Roles=[Admin], ActiveRules=3, SubjectMatched=1, ResourceActionMatched=1, Allows=1, Denies=0, Decision=Allowed
2026-05-09 14:55:22.691 -08:00 [INF] MediatR handling completed GetAccessPolicyOptionsQuery in 16 ms
2026-05-09 14:55:22.702 -08:00 [INF] HTTP GET /api/AccessPolicies/options completed with 200 in 36 ms (0HNLE3N5RMFH8:0000002B)
2026-05-09 14:55:23.386 -08:00 [INF] Authorization header exists: true
2026-05-09 14:55:23.386 -08:00 [INF] Authorization header exists: true
2026-05-09 14:55:23.389 -08:00 [INF] JWT token validated. IsAuthenticated=true
2026-05-09 14:55:23.389 -08:00 [INF] JWT token validated. IsAuthenticated=true
2026-05-09 14:55:23.395 -08:00 [INF] Authorization header exists: true
2026-05-09 14:55:23.397 -08:00 [INF] MediatR handling started GetRolesQuery
2026-05-09 14:55:23.397 -08:00 [INF] JWT token validated. IsAuthenticated=true
2026-05-09 14:55:23.399 -08:00 [INF] Access policy check started for roles:read
2026-05-09 14:55:23.401 -08:00 [INF] Access policy evaluation for roles:read. UserId=790c2c93-d8e6-4b61-8a11-e4190a1c0805, Roles=[Admin], ActiveRules=3, SubjectMatched=1, ResourceActionMatched=1, Allows=1, Denies=0, Decision=Allowed
2026-05-09 14:55:23.406 -08:00 [INF] MediatR handling started GetUsersQuery
2026-05-09 14:55:23.406 -08:00 [INF] MediatR handling started GetUsersQuery
2026-05-09 14:55:23.408 -08:00 [INF] MediatR handling completed GetRolesQuery in 11 ms
2026-05-09 14:55:23.410 -08:00 [INF] HTTP GET /api/Roles completed with 200 in 24 ms (0HNLE3N5RMFH8:00000031)
2026-05-09 14:55:23.414 -08:00 [INF] Access policy check started for users:read
2026-05-09 14:55:23.414 -08:00 [INF] Access policy check started for users:read
2026-05-09 14:55:23.416 -08:00 [INF] Access policy evaluation for users:read. UserId=790c2c93-d8e6-4b61-8a11-e4190a1c0805, Roles=[Admin], ActiveRules=3, SubjectMatched=1, ResourceActionMatched=1, Allows=1, Denies=0, Decision=Allowed
2026-05-09 14:55:23.416 -08:00 [INF] Access policy evaluation for users:read. UserId=790c2c93-d8e6-4b61-8a11-e4190a1c0805, Roles=[Admin], ActiveRules=3, SubjectMatched=1, ResourceActionMatched=1, Allows=1, Denies=0, Decision=Allowed
2026-05-09 14:55:23.417 -08:00 [INF] Access policy query filter started for users:read
2026-05-09 14:55:23.419 -08:00 [INF] Access policy query filter started for users:read
2026-05-09 14:55:23.420 -08:00 [INF] Access policy query filter for users:read. UserId=790c2c93-d8e6-4b61-8a11-e4190a1c0805, Roles=[Admin], ActiveRules=3, SubjectMatched=1, ResourceActionMatched=1, Allows=1, Denies=0
2026-05-09 14:55:23.421 -08:00 [INF] Access policy query filter for users:read. UserId=790c2c93-d8e6-4b61-8a11-e4190a1c0805, Roles=[Admin], ActiveRules=3, SubjectMatched=1, ResourceActionMatched=1, Allows=1, Denies=0
2026-05-09 14:55:23.454 -08:00 [INF] MediatR handling completed GetUsersQuery in 47 ms
2026-05-09 14:55:23.454 -08:00 [INF] MediatR handling completed GetUsersQuery in 47 ms
2026-05-09 14:55:23.459 -08:00 [INF] HTTP GET /api/Users completed with 200 in 63 ms (0HNLE3N5RMFH8:00000037)
2026-05-09 14:55:23.459 -08:00 [INF] HTTP GET /api/Users completed with 200 in 72 ms (0HNLE3N5RMFH8:00000033)
2026-05-09 14:55:26.701 -08:00 [INF] Authorization header exists: true
2026-05-09 14:55:26.703 -08:00 [INF] JWT token validated. IsAuthenticated=true
2026-05-09 14:55:26.713 -08:00 [INF] MediatR handling started GetUserByIdQuery
2026-05-09 14:55:26.716 -08:00 [INF] Access policy check started for users:read
2026-05-09 14:55:26.718 -08:00 [INF] Access policy evaluation for users:read. UserId=790c2c93-d8e6-4b61-8a11-e4190a1c0805, Roles=[Admin], ActiveRules=3, SubjectMatched=1, ResourceActionMatched=1, Allows=1, Denies=0, Decision=Allowed
2026-05-09 14:55:26.720 -08:00 [INF] Access policy query filter started for users:read
2026-05-09 14:55:26.722 -08:00 [INF] Access policy query filter for users:read. UserId=790c2c93-d8e6-4b61-8a11-e4190a1c0805, Roles=[Admin], ActiveRules=3, SubjectMatched=1, ResourceActionMatched=1, Allows=1, Denies=0
2026-05-09 14:55:26.770 -08:00 [INF] MediatR handling completed GetUserByIdQuery in 56 ms
2026-05-09 14:55:26.774 -08:00 [INF] HTTP GET /api/Users/d1ed8be4-9703-45f0-935f-3c39601b55e1 completed with 200 in 72 ms (0HNLE3N5RMFH8:0000003B)
2026-05-09 14:55:33.895 -08:00 [INF] HTTP CONNECT /hubs/sessions completed with 200 in 89663 ms (0HNLE3N5RMFHA:00000003)
2026-05-09 14:55:33.923 -08:00 [INF] Authorization header exists: true
2026-05-09 14:55:33.926 -08:00 [INF] JWT token validated. IsAuthenticated=true
2026-05-09 14:55:33.927 -08:00 [INF] HTTP POST /hubs/sessions/negotiate completed with 200 in 3 ms (0HNLE3N5RMFHA:00000005)
2026-05-09 14:55:33.937 -08:00 [INF] Authorization header exists: true
2026-05-09 14:55:33.940 -08:00 [INF] JWT token validated. IsAuthenticated=true
2026-05-09 14:55:33.941 -08:00 [INF] MediatR handling started GetUsersDashboardQuery
2026-05-09 14:55:33.942 -08:00 [INF] Access policy check started for users:read
2026-05-09 14:55:33.944 -08:00 [INF] Access policy evaluation for users:read. UserId=d1ed8be4-9703-45f0-935f-3c39601b55e1, Roles=[inactive], ActiveRules=3, SubjectMatched=1, ResourceActionMatched=1, Allows=1, Denies=0, Decision=Allowed
2026-05-09 14:55:33.946 -08:00 [INF] Access policy query filter started for users:read
2026-05-09 14:55:33.948 -08:00 [INF] Access policy query filter for users:read. UserId=d1ed8be4-9703-45f0-935f-3c39601b55e1, Roles=[inactive], ActiveRules=3, SubjectMatched=1, ResourceActionMatched=1, Allows=1, Denies=0
2026-05-09 14:55:33.957 -08:00 [INF] MediatR handling completed GetUsersDashboardQuery in 15 ms
2026-05-09 14:55:33.958 -08:00 [INF] HTTP GET /api/Users/dashboard completed with 200 in 20 ms (0HNLE3N5RMFH9:0000000F)
2026-05-09 14:55:34.015 -08:00 [INF] Authorization header exists: false
2026-05-09 14:55:34.017 -08:00 [INF] JWT token validated. IsAuthenticated=true
2026-05-09 14:55:48.600 -08:00 [WRN] Sensitive data logging is enabled. Log entries and exception messages may include sensitive application data; this mode should only be enabled during development.
2026-05-09 14:55:49.300 -08:00 [INF] Admin wildcard access policy already exists
2026-05-09 14:55:49.568 -08:00 [INF] Now listening on: https://localhost:7259
2026-05-09 14:55:49.570 -08:00 [INF] Now listening on: http://localhost:5244
2026-05-09 14:55:49.653 -08:00 [INF] Application started. Press Ctrl+C to shut down.
2026-05-09 14:55:49.654 -08:00 [INF] Hosting environment: Development
2026-05-09 14:55:49.655 -08:00 [INF] Content root path: C:\PrivateProject\algo.bytes\src\algo.API
2026-05-09 14:55:49.792 -08:00 [INF] Authorization header exists: true
2026-05-09 14:55:49.792 -08:00 [INF] Authorization header exists: true
2026-05-09 14:55:49.963 -08:00 [INF] JWT token validated. IsAuthenticated=true
2026-05-09 14:55:49.964 -08:00 [INF] JWT token validated. IsAuthenticated=true
2026-05-09 14:55:49.976 -08:00 [INF] HTTP POST /hubs/sessions/negotiate completed with 200 in 261 ms (0HNLE3OEJHUA3:00000001)
2026-05-09 14:55:49.976 -08:00 [INF] HTTP POST /hubs/sessions/negotiate completed with 200 in 261 ms (0HNLE3OEJHUA2:00000001)
2026-05-09 14:55:49.986 -08:00 [INF] Authorization header exists: false
2026-05-09 14:55:49.986 -08:00 [INF] Authorization header exists: false
2026-05-09 14:55:49.999 -08:00 [INF] JWT token validated. IsAuthenticated=true
2026-05-09 14:55:49.999 -08:00 [INF] JWT token validated. IsAuthenticated=true
2026-05-09 14:56:03.268 -08:00 [INF] HTTP CONNECT /hubs/sessions completed with 200 in 13283 ms (0HNLE3OEJHUA2:00000003)
2026-05-09 14:56:03.457 -08:00 [INF] Authorization header exists: true
2026-05-09 14:56:03.460 -08:00 [INF] JWT token validated. IsAuthenticated=true
2026-05-09 14:56:03.462 -08:00 [INF] HTTP POST /hubs/sessions/negotiate completed with 200 in 6 ms (0HNLE3OEJHUA2:00000005)
2026-05-09 14:56:03.482 -08:00 [INF] Authorization header exists: true
2026-05-09 14:56:03.485 -08:00 [INF] JWT token validated. IsAuthenticated=true
2026-05-09 14:56:03.521 -08:00 [INF] MediatR handling started GetUsersDashboardQuery
2026-05-09 14:56:03.533 -08:00 [INF] Access policy check started for users:read
2026-05-09 14:56:03.571 -08:00 [INF] Access policy evaluation for users:read. UserId=d1ed8be4-9703-45f0-935f-3c39601b55e1, Roles=[inactive], ActiveRules=3, SubjectMatched=1, ResourceActionMatched=1, Allows=1, Denies=0, Decision=Allowed
2026-05-09 14:56:03.580 -08:00 [INF] Access policy query filter started for users:read
2026-05-09 14:56:03.589 -08:00 [INF] Access policy query filter for users:read. UserId=d1ed8be4-9703-45f0-935f-3c39601b55e1, Roles=[inactive], ActiveRules=3, SubjectMatched=1, ResourceActionMatched=1, Allows=1, Denies=0
2026-05-09 14:56:03.589 -08:00 [INF] Authorization header exists: false
2026-05-09 14:56:03.596 -08:00 [INF] JWT token validated. IsAuthenticated=true
2026-05-09 14:56:03.784 -08:00 [INF] MediatR handling completed GetUsersDashboardQuery in 262 ms
2026-05-09 14:56:03.808 -08:00 [INF] HTTP GET /api/Users/dashboard completed with 200 in 325 ms (0HNLE3OEJHUA1:00000007)
2026-05-09 14:56:05.593 -08:00 [INF] HTTP CONNECT /hubs/sessions completed with 200 in 15608 ms (0HNLE3OEJHUA3:00000003)
2026-05-09 14:56:05.818 -08:00 [INF] Authorization header exists: true
2026-05-09 14:56:05.823 -08:00 [INF] JWT token validated. IsAuthenticated=true
2026-05-09 14:56:05.825 -08:00 [INF] HTTP POST /hubs/sessions/negotiate completed with 200 in 7 ms (0HNLE3OEJHUA3:00000005)
2026-05-09 14:56:05.847 -08:00 [INF] Authorization header exists: true
2026-05-09 14:56:05.847 -08:00 [INF] Authorization header exists: true
2026-05-09 14:56:05.847 -08:00 [INF] Authorization header exists: true
2026-05-09 14:56:05.847 -08:00 [INF] Authorization header exists: true
2026-05-09 14:56:05.850 -08:00 [INF] JWT token validated. IsAuthenticated=true
2026-05-09 14:56:05.851 -08:00 [INF] JWT token validated. IsAuthenticated=true
2026-05-09 14:56:05.852 -08:00 [INF] JWT token validated. IsAuthenticated=true
2026-05-09 14:56:05.853 -08:00 [INF] JWT token validated. IsAuthenticated=true
2026-05-09 14:56:05.853 -08:00 [INF] MediatR handling started GetUsersDashboardQuery
2026-05-09 14:56:05.856 -08:00 [INF] Access policy check started for users:read
2026-05-09 14:56:05.860 -08:00 [INF] Access policy evaluation for users:read. UserId=790c2c93-d8e6-4b61-8a11-e4190a1c0805, Roles=[Admin], ActiveRules=3, SubjectMatched=1, ResourceActionMatched=1, Allows=1, Denies=0, Decision=Allowed
2026-05-09 14:56:05.865 -08:00 [INF] Access policy query filter started for users:read
2026-05-09 14:56:05.866 -08:00 [INF] MediatR handling started ListAccessPoliciesQuery
2026-05-09 14:56:05.868 -08:00 [INF] Access policy query filter for users:read. UserId=790c2c93-d8e6-4b61-8a11-e4190a1c0805, Roles=[Admin], ActiveRules=3, SubjectMatched=1, ResourceActionMatched=1, Allows=1, Denies=0
2026-05-09 14:56:05.870 -08:00 [INF] Access policy check started for accessPolicies:read
2026-05-09 14:56:05.875 -08:00 [INF] Access policy evaluation for accessPolicies:read. UserId=790c2c93-d8e6-4b61-8a11-e4190a1c0805, Roles=[Admin], ActiveRules=3, SubjectMatched=1, ResourceActionMatched=1, Allows=1, Denies=0, Decision=Allowed
2026-05-09 14:56:05.891 -08:00 [INF] MediatR handling completed ListAccessPoliciesQuery in 25 ms
2026-05-09 14:56:05.912 -08:00 [INF] HTTP GET /api/AccessPolicies completed with 200 in 65 ms (0HNLE3OEJHUA0:00000013)
2026-05-09 14:56:05.933 -08:00 [INF] MediatR handling started GetErrorLogsQuery
2026-05-09 14:56:05.934 -08:00 [INF] MediatR handling started GetLogsQuery
2026-05-09 14:56:05.935 -08:00 [INF] MediatR handling completed GetUsersDashboardQuery in 82 ms
2026-05-09 14:56:05.940 -08:00 [INF] HTTP GET /api/Users/dashboard completed with 200 in 93 ms (0HNLE3OEJHUA0:0000000D)
2026-05-09 14:56:05.973 -08:00 [INF] Access policy check started for logs:read
2026-05-09 14:56:05.973 -08:00 [INF] Access policy check started for errorLogs:read
2026-05-09 14:56:05.977 -08:00 [INF] Authorization header exists: false
2026-05-09 14:56:05.977 -08:00 [INF] Access policy evaluation for logs:read. UserId=790c2c93-d8e6-4b61-8a11-e4190a1c0805, Roles=[Admin], ActiveRules=3, SubjectMatched=1, ResourceActionMatched=1, Allows=1, Denies=0, Decision=Allowed
2026-05-09 14:56:05.978 -08:00 [INF] Access policy evaluation for errorLogs:read. UserId=790c2c93-d8e6-4b61-8a11-e4190a1c0805, Roles=[Admin], ActiveRules=3, SubjectMatched=1, ResourceActionMatched=1, Allows=1, Denies=0, Decision=Allowed
2026-05-09 14:56:05.979 -08:00 [INF] JWT token validated. IsAuthenticated=true
2026-05-09 14:56:06.110 -08:00 [INF] MediatR handling completed GetLogsQuery in 176 ms
2026-05-09 14:56:06.110 -08:00 [INF] MediatR handling completed GetErrorLogsQuery in 177 ms
2026-05-09 14:56:06.131 -08:00 [INF] HTTP GET /api/Logs completed with 200 in 284 ms (0HNLE3OEJHUA0:0000000F)
2026-05-09 14:56:06.131 -08:00 [INF] HTTP GET /api/error-logs completed with 200 in 284 ms (0HNLE3OEJHUA0:00000011)
2026-05-09 14:56:08.189 -08:00 [INF] Authorization header exists: true
2026-05-09 14:56:08.193 -08:00 [INF] JWT token validated. IsAuthenticated=true
2026-05-09 14:56:08.195 -08:00 [INF] Authorization header exists: true
2026-05-09 14:56:08.195 -08:00 [INF] MediatR handling started ListAccessPoliciesQuery
2026-05-09 14:56:08.196 -08:00 [INF] Access policy check started for accessPolicies:read
2026-05-09 14:56:08.197 -08:00 [INF] JWT token validated. IsAuthenticated=true
2026-05-09 14:56:08.199 -08:00 [INF] Access policy evaluation for accessPolicies:read. UserId=790c2c93-d8e6-4b61-8a11-e4190a1c0805, Roles=[Admin], ActiveRules=3, SubjectMatched=1, ResourceActionMatched=1, Allows=1, Denies=0, Decision=Allowed
2026-05-09 14:56:08.202 -08:00 [INF] MediatR handling completed ListAccessPoliciesQuery in 7 ms
2026-05-09 14:56:08.203 -08:00 [INF] HTTP GET /api/AccessPolicies completed with 200 in 14 ms (0HNLE3OEJHUA0:00000017)
2026-05-09 14:56:08.206 -08:00 [INF] MediatR handling started GetAccessPolicyOptionsQuery
2026-05-09 14:56:08.208 -08:00 [INF] Access policy check started for accessPolicies:read
2026-05-09 14:56:08.210 -08:00 [INF] Access policy evaluation for accessPolicies:read. UserId=790c2c93-d8e6-4b61-8a11-e4190a1c0805, Roles=[Admin], ActiveRules=3, SubjectMatched=1, ResourceActionMatched=1, Allows=1, Denies=0, Decision=Allowed
2026-05-09 14:56:08.223 -08:00 [INF] MediatR handling completed GetAccessPolicyOptionsQuery in 17 ms
2026-05-09 14:56:08.235 -08:00 [INF] HTTP GET /api/AccessPolicies/options completed with 200 in 40 ms (0HNLE3OEJHUA0:00000019)
2026-05-09 14:56:08.838 -08:00 [INF] Authorization header exists: true
2026-05-09 14:56:08.840 -08:00 [INF] JWT token validated. IsAuthenticated=true
2026-05-09 14:56:08.853 -08:00 [INF] MediatR handling started GetSessionsQuery
2026-05-09 14:56:08.857 -08:00 [INF] Access policy check started for sessions:read
2026-05-09 14:56:08.859 -08:00 [INF] Access policy evaluation for sessions:read. UserId=790c2c93-d8e6-4b61-8a11-e4190a1c0805, Roles=[Admin], ActiveRules=3, SubjectMatched=1, ResourceActionMatched=1, Allows=1, Denies=0, Decision=Allowed
2026-05-09 14:56:09.015 -08:00 [INF] MediatR handling completed GetSessionsQuery in 162 ms
2026-05-09 14:56:09.025 -08:00 [INF] HTTP GET /api/Sessions completed with 200 in 187 ms (0HNLE3OEJHUA0:0000001D)
2026-05-09 14:56:09.185 -08:00 [INF] Authorization header exists: true
2026-05-09 14:56:09.188 -08:00 [INF] Authorization header exists: true
2026-05-09 14:56:09.188 -08:00 [INF] JWT token validated. IsAuthenticated=true
2026-05-09 14:56:09.191 -08:00 [INF] MediatR handling started GetSessionsQuery
2026-05-09 14:56:09.191 -08:00 [INF] JWT token validated. IsAuthenticated=true
2026-05-09 14:56:09.192 -08:00 [INF] Access policy check started for sessions:read
2026-05-09 14:56:09.193 -08:00 [INF] MediatR handling started GetSessionsQuery
2026-05-09 14:56:09.195 -08:00 [INF] Access policy evaluation for sessions:read. UserId=790c2c93-d8e6-4b61-8a11-e4190a1c0805, Roles=[Admin], ActiveRules=3, SubjectMatched=1, ResourceActionMatched=1, Allows=1, Denies=0, Decision=Allowed
2026-05-09 14:56:09.199 -08:00 [INF] Access policy check started for sessions:read
2026-05-09 14:56:09.202 -08:00 [INF] Access policy evaluation for sessions:read. UserId=790c2c93-d8e6-4b61-8a11-e4190a1c0805, Roles=[Admin], ActiveRules=3, SubjectMatched=1, ResourceActionMatched=1, Allows=1, Denies=0, Decision=Allowed
2026-05-09 14:56:09.202 -08:00 [INF] MediatR handling completed GetSessionsQuery in 11 ms
2026-05-09 14:56:09.207 -08:00 [INF] HTTP GET /api/Sessions completed with 200 in 22 ms (0HNLE3OEJHUA0:00000021)
2026-05-09 14:56:09.209 -08:00 [INF] MediatR handling completed GetSessionsQuery in 15 ms
2026-05-09 14:56:09.212 -08:00 [INF] HTTP GET /api/Sessions completed with 200 in 23 ms (0HNLE3OEJHUA0:00000023)
2026-05-09 14:56:13.498 -08:00 [INF] Authorization header exists: true
2026-05-09 14:56:13.500 -08:00 [INF] JWT token validated. IsAuthenticated=true
2026-05-09 14:56:13.526 -08:00 [INF] MediatR handling started RevokeSessionCommand
2026-05-09 14:56:13.530 -08:00 [INF] Access policy check started for sessions:revoke
2026-05-09 14:56:13.532 -08:00 [INF] Access policy evaluation for sessions:revoke. UserId=790c2c93-d8e6-4b61-8a11-e4190a1c0805, Roles=[Admin], ActiveRules=3, SubjectMatched=1, ResourceActionMatched=1, Allows=1, Denies=0, Decision=Allowed
2026-05-09 14:56:13.656 -08:00 [INF] MediatR handling completed RevokeSessionCommand in 130 ms
2026-05-09 14:56:13.659 -08:00 [INF] HTTP POST /api/Sessions/838c4e49-414d-41d6-b342-46af7fb80516/revoke completed with 204 in 161 ms (0HNLE3OEJHUA0:00000027)
2026-05-09 14:56:13.660 -08:00 [INF] HTTP CONNECT /hubs/sessions completed with 200 in 10070 ms (0HNLE3OEJHUA2:00000007)
2026-05-09 14:56:13.663 -08:00 [INF] Authorization header exists: true
2026-05-09 14:56:13.665 -08:00 [INF] JWT token validated. IsAuthenticated=true
2026-05-09 14:56:13.666 -08:00 [INF] MediatR handling started GetSessionsQuery
2026-05-09 14:56:13.667 -08:00 [INF] Access policy check started for sessions:read
2026-05-09 14:56:13.668 -08:00 [INF] Access policy evaluation for sessions:read. UserId=790c2c93-d8e6-4b61-8a11-e4190a1c0805, Roles=[Admin], ActiveRules=3, SubjectMatched=1, ResourceActionMatched=1, Allows=1, Denies=0, Decision=Allowed
2026-05-09 14:56:13.673 -08:00 [INF] MediatR handling completed GetSessionsQuery in 6 ms
2026-05-09 14:56:13.674 -08:00 [INF] HTTP GET /api/Sessions completed with 200 in 10 ms (0HNLE3OEJHUA0:00000029)
2026-05-09 14:56:13.758 -08:00 [INF] Authorization header exists: true
2026-05-09 14:56:13.758 -08:00 [INF] Authorization header exists: true
2026-05-09 14:56:13.761 -08:00 [INF] JWT token validated. IsAuthenticated=true
2026-05-09 14:56:13.761 -08:00 [INF] JWT token validated. IsAuthenticated=true
2026-05-09 14:56:13.762 -08:00 [INF] MediatR handling started GetSessionsQuery
2026-05-09 14:56:13.762 -08:00 [INF] MediatR handling started GetSessionsQuery
2026-05-09 14:56:13.763 -08:00 [INF] Access policy check started for sessions:read
2026-05-09 14:56:13.764 -08:00 [INF] Access policy check started for sessions:read
2026-05-09 14:56:13.765 -08:00 [INF] Access policy evaluation for sessions:read. UserId=790c2c93-d8e6-4b61-8a11-e4190a1c0805, Roles=[Admin], ActiveRules=3, SubjectMatched=1, ResourceActionMatched=1, Allows=1, Denies=0, Decision=Allowed
2026-05-09 14:56:13.766 -08:00 [INF] Access policy evaluation for sessions:read. UserId=790c2c93-d8e6-4b61-8a11-e4190a1c0805, Roles=[Admin], ActiveRules=3, SubjectMatched=1, ResourceActionMatched=1, Allows=1, Denies=0, Decision=Allowed
2026-05-09 14:56:13.770 -08:00 [INF] MediatR handling completed GetSessionsQuery in 7 ms
2026-05-09 14:56:13.771 -08:00 [INF] HTTP GET /api/Sessions completed with 200 in 13 ms (0HNLE3OEJHUA0:0000002D)
2026-05-09 14:56:13.771 -08:00 [INF] MediatR handling completed GetSessionsQuery in 8 ms
2026-05-09 14:56:13.774 -08:00 [INF] HTTP GET /api/Sessions completed with 200 in 15 ms (0HNLE3OEJHUA0:0000002B)
2026-05-09 14:56:18.601 -08:00 [INF] Authorization header exists: false
2026-05-09 14:56:18.612 -08:00 [INF] MediatR handling started LoginCommand
2026-05-09 14:56:18.796 -08:00 [INF] MediatR handling completed LoginCommand in 184 ms
2026-05-09 14:56:18.800 -08:00 [INF] HTTP POST /api/Auth/login completed with 200 in 199 ms (0HNLE3OEJHUA1:0000000B)
2026-05-09 14:56:18.815 -08:00 [INF] Authorization header exists: true
2026-05-09 14:56:18.817 -08:00 [INF] JWT token validated. IsAuthenticated=true
2026-05-09 14:56:18.819 -08:00 [INF] HTTP POST /hubs/sessions/negotiate completed with 200 in 3 ms (0HNLE3OEJHUA2:00000009)
2026-05-09 14:56:18.821 -08:00 [INF] Authorization header exists: true
2026-05-09 14:56:18.823 -08:00 [INF] JWT token validated. IsAuthenticated=true
2026-05-09 14:56:18.824 -08:00 [INF] MediatR handling started GetUsersDashboardQuery
2026-05-09 14:56:18.825 -08:00 [INF] Access policy check started for users:read
2026-05-09 14:56:18.827 -08:00 [INF] Access policy evaluation for users:read. UserId=d1ed8be4-9703-45f0-935f-3c39601b55e1, Roles=[inactive], ActiveRules=3, SubjectMatched=1, ResourceActionMatched=1, Allows=1, Denies=0, Decision=Allowed
2026-05-09 14:56:18.829 -08:00 [INF] Access policy query filter started for users:read
2026-05-09 14:56:18.831 -08:00 [INF] Access policy query filter for users:read. UserId=d1ed8be4-9703-45f0-935f-3c39601b55e1, Roles=[inactive], ActiveRules=3, SubjectMatched=1, ResourceActionMatched=1, Allows=1, Denies=0
2026-05-09 14:56:18.838 -08:00 [INF] MediatR handling completed GetUsersDashboardQuery in 13 ms
2026-05-09 14:56:18.839 -08:00 [INF] HTTP GET /api/Users/dashboard completed with 200 in 18 ms (0HNLE3OEJHUA1:00000011)
2026-05-09 14:56:18.960 -08:00 [INF] Authorization header exists: false
2026-05-09 14:56:18.962 -08:00 [INF] JWT token validated. IsAuthenticated=true
2026-05-09 14:56:24.894 -08:00 [INF] HTTP CONNECT /hubs/sessions completed with 200 in 5934 ms (0HNLE3OEJHUA2:0000000B)
2026-05-09 14:56:25.160 -08:00 [INF] Authorization header exists: true
2026-05-09 14:56:25.163 -08:00 [INF] JWT token validated. IsAuthenticated=true
2026-05-09 14:56:25.164 -08:00 [INF] HTTP POST /hubs/sessions/negotiate completed with 200 in 4 ms (0HNLE3OEJHUA2:0000000D)
2026-05-09 14:56:25.185 -08:00 [INF] Authorization header exists: true
2026-05-09 14:56:25.187 -08:00 [INF] JWT token validated. IsAuthenticated=true
2026-05-09 14:56:25.188 -08:00 [INF] MediatR handling started GetUsersDashboardQuery
2026-05-09 14:56:25.189 -08:00 [INF] Access policy check started for users:read
2026-05-09 14:56:25.191 -08:00 [INF] Access policy evaluation for users:read. UserId=d1ed8be4-9703-45f0-935f-3c39601b55e1, Roles=[inactive], ActiveRules=3, SubjectMatched=1, ResourceActionMatched=1, Allows=1, Denies=0, Decision=Allowed
2026-05-09 14:56:25.193 -08:00 [INF] Access policy query filter started for users:read
2026-05-09 14:56:25.195 -08:00 [INF] Access policy query filter for users:read. UserId=d1ed8be4-9703-45f0-935f-3c39601b55e1, Roles=[inactive], ActiveRules=3, SubjectMatched=1, ResourceActionMatched=1, Allows=1, Denies=0
2026-05-09 14:56:25.204 -08:00 [INF] MediatR handling completed GetUsersDashboardQuery in 15 ms
2026-05-09 14:56:25.206 -08:00 [INF] HTTP GET /api/Users/dashboard completed with 200 in 21 ms (0HNLE3OEJHUA1:00000017)
2026-05-09 14:56:25.298 -08:00 [INF] Authorization header exists: false
2026-05-09 14:56:25.301 -08:00 [INF] JWT token validated. IsAuthenticated=true
2026-05-09 14:56:25.670 -08:00 [INF] Authorization header exists: true
2026-05-09 14:56:25.673 -08:00 [INF] Authorization header exists: true
2026-05-09 14:56:25.676 -08:00 [INF] JWT token validated. IsAuthenticated=true
2026-05-09 14:56:25.679 -08:00 [INF] JWT token validated. IsAuthenticated=true
2026-05-09 14:56:25.693 -08:00 [INF] MediatR handling started GetRolesQuery
2026-05-09 14:56:25.698 -08:00 [INF] Access policy check started for roles:read
2026-05-09 14:56:25.702 -08:00 [INF] Access policy evaluation for roles:read. UserId=d1ed8be4-9703-45f0-935f-3c39601b55e1, Roles=[inactive], ActiveRules=3, SubjectMatched=1, ResourceActionMatched=0, Allows=0, Denies=0, Decision=Denied
2026-05-09 14:56:25.759 -08:00 [INF] MediatR handling started GetUsersQuery
2026-05-09 14:56:25.774 -08:00 [INF] Authorization header exists: true
2026-05-09 14:56:25.885 -08:00 [ERR] MediatR handling failed GetRolesQuery after 191 ms
FluentValidation.ValidationException: Validation failed: 
 -- authorization: Forbidden: roles:read. Severity: Error
   at algo.Application.Common.AccessPolicy.AccessPolicyAuthorizationExtensions.EnsureResourceActionAllowedAsync(IAccessPolicyEvaluator evaluator, IApplicationDbContext db, String resource, String action, CancellationToken cancellationToken) in C:\PrivateProject\algo.bytes\src\algo.Application\Common\AccessPolicy\AccessPolicyAuthorizationExtensions.cs:line 19
   at algo.Application.Features.Roles.Queries.GetRoles.GetRolesQueryHandler.Handle(GetRolesQuery request, CancellationToken cancellationToken) in C:\PrivateProject\algo.bytes\src\algo.Application\Features\Roles\Queries\GetRoles\GetRolesQueryHandler.cs:line 18
   at algo.Application.Behaviors.ValidationBehavior`2.Handle(TRequest request, RequestHandlerDelegate`1 next, CancellationToken cancellationToken) in C:\PrivateProject\algo.bytes\src\algo.Application\Behaviors\ValidationBehavior.cs:line 29
   at algo.Application.Behaviors.LoggingBehavior`2.Handle(TRequest request, RequestHandlerDelegate`1 next, CancellationToken cancellationToken) in C:\PrivateProject\algo.bytes\src\algo.Application\Behaviors\LoggingBehavior.cs:line 31
2026-05-09 14:56:25.887 -08:00 [INF] JWT token validated. IsAuthenticated=true
2026-05-09 14:56:25.898 -08:00 [INF] Access policy check started for users:read
2026-05-09 14:56:25.992 -08:00 [INF] MediatR handling started GetUsersQuery
2026-05-09 14:56:26.002 -08:00 [INF] Access policy evaluation for users:read. UserId=d1ed8be4-9703-45f0-935f-3c39601b55e1, Roles=[inactive], ActiveRules=3, SubjectMatched=1, ResourceActionMatched=1, Allows=1, Denies=0, Decision=Allowed
2026-05-09 14:56:26.084 -08:00 [INF] Access policy check started for users:read
2026-05-09 14:56:26.087 -08:00 [INF] Access policy query filter started for users:read
2026-05-09 14:56:26.090 -08:00 [INF] Access policy evaluation for users:read. UserId=d1ed8be4-9703-45f0-935f-3c39601b55e1, Roles=[inactive], ActiveRules=3, SubjectMatched=1, ResourceActionMatched=1, Allows=1, Denies=0, Decision=Allowed
2026-05-09 14:56:26.091 -08:00 [INF] Access policy query filter for users:read. UserId=d1ed8be4-9703-45f0-935f-3c39601b55e1, Roles=[inactive], ActiveRules=3, SubjectMatched=1, ResourceActionMatched=1, Allows=1, Denies=0
2026-05-09 14:56:26.092 -08:00 [INF] HTTP GET /api/Roles completed with 403 in 422 ms (0HNLE3OEJHUA1:0000001D)
2026-05-09 14:56:26.094 -08:00 [INF] Access policy query filter started for users:read
2026-05-09 14:56:26.104 -08:00 [INF] Access policy query filter for users:read. UserId=d1ed8be4-9703-45f0-935f-3c39601b55e1, Roles=[inactive], ActiveRules=3, SubjectMatched=1, ResourceActionMatched=1, Allows=1, Denies=0
2026-05-09 14:56:26.136 -08:00 [INF] MediatR handling completed GetUsersQuery in 385 ms
2026-05-09 14:56:26.136 -08:00 [INF] MediatR handling completed GetUsersQuery in 144 ms
2026-05-09 14:56:26.141 -08:00 [INF] HTTP GET /api/Users completed with 200 in 368 ms (0HNLE3OEJHUA1:00000023)
2026-05-09 14:56:26.141 -08:00 [INF] HTTP GET /api/Users completed with 200 in 467 ms (0HNLE3OEJHUA1:0000001F)
2026-05-09 14:56:32.915 -08:00 [INF] Authorization header exists: true
2026-05-09 14:56:32.918 -08:00 [INF] JWT token validated. IsAuthenticated=true
2026-05-09 14:56:32.920 -08:00 [INF] MediatR handling started GetUsersDashboardQuery
2026-05-09 14:56:32.921 -08:00 [INF] Access policy check started for users:read
2026-05-09 14:56:32.924 -08:00 [INF] Access policy evaluation for users:read. UserId=d1ed8be4-9703-45f0-935f-3c39601b55e1, Roles=[inactive], ActiveRules=3, SubjectMatched=1, ResourceActionMatched=1, Allows=1, Denies=0, Decision=Allowed
2026-05-09 14:56:32.927 -08:00 [INF] Access policy query filter started for users:read
2026-05-09 14:56:32.930 -08:00 [INF] Access policy query filter for users:read. UserId=d1ed8be4-9703-45f0-935f-3c39601b55e1, Roles=[inactive], ActiveRules=3, SubjectMatched=1, ResourceActionMatched=1, Allows=1, Denies=0
2026-05-09 14:56:32.946 -08:00 [INF] MediatR handling completed GetUsersDashboardQuery in 25 ms
2026-05-09 14:56:32.948 -08:00 [INF] HTTP GET /api/Users/dashboard completed with 200 in 32 ms (0HNLE3OEJHUA1:00000027)
2026-05-09 14:56:33.906 -08:00 [INF] Authorization header exists: true
2026-05-09 14:56:33.907 -08:00 [INF] Authorization header exists: true
2026-05-09 14:56:33.909 -08:00 [INF] JWT token validated. IsAuthenticated=true
2026-05-09 14:56:33.909 -08:00 [INF] JWT token validated. IsAuthenticated=true
2026-05-09 14:56:33.910 -08:00 [INF] MediatR handling started GetRolesQuery
2026-05-09 14:56:33.911 -08:00 [INF] Access policy check started for roles:read
2026-05-09 14:56:33.912 -08:00 [INF] MediatR handling started GetUsersQuery
2026-05-09 14:56:33.913 -08:00 [INF] Access policy evaluation for roles:read. UserId=d1ed8be4-9703-45f0-935f-3c39601b55e1, Roles=[inactive], ActiveRules=3, SubjectMatched=1, ResourceActionMatched=0, Allows=0, Denies=0, Decision=Denied
2026-05-09 14:56:34.004 -08:00 [INF] Authorization header exists: true
2026-05-09 14:56:34.024 -08:00 [ERR] MediatR handling failed GetRolesQuery after 114 ms
FluentValidation.ValidationException: Validation failed: 
 -- authorization: Forbidden: roles:read. Severity: Error
   at algo.Application.Common.AccessPolicy.AccessPolicyAuthorizationExtensions.EnsureResourceActionAllowedAsync(IAccessPolicyEvaluator evaluator, IApplicationDbContext db, String resource, String action, CancellationToken cancellationToken) in C:\PrivateProject\algo.bytes\src\algo.Application\Common\AccessPolicy\AccessPolicyAuthorizationExtensions.cs:line 19
   at algo.Application.Features.Roles.Queries.GetRoles.GetRolesQueryHandler.Handle(GetRolesQuery request, CancellationToken cancellationToken) in C:\PrivateProject\algo.bytes\src\algo.Application\Features\Roles\Queries\GetRoles\GetRolesQueryHandler.cs:line 18
   at algo.Application.Behaviors.ValidationBehavior`2.Handle(TRequest request, RequestHandlerDelegate`1 next, CancellationToken cancellationToken) in C:\PrivateProject\algo.bytes\src\algo.Application\Behaviors\ValidationBehavior.cs:line 29
   at algo.Application.Behaviors.LoggingBehavior`2.Handle(TRequest request, RequestHandlerDelegate`1 next, CancellationToken cancellationToken) in C:\PrivateProject\algo.bytes\src\algo.Application\Behaviors\LoggingBehavior.cs:line 31
2026-05-09 14:56:34.025 -08:00 [INF] Access policy check started for users:read
2026-05-09 14:56:34.027 -08:00 [INF] JWT token validated. IsAuthenticated=true
2026-05-09 14:56:34.117 -08:00 [INF] Access policy evaluation for users:read. UserId=d1ed8be4-9703-45f0-935f-3c39601b55e1, Roles=[inactive], ActiveRules=3, SubjectMatched=1, ResourceActionMatched=1, Allows=1, Denies=0, Decision=Allowed
2026-05-09 14:56:34.164 -08:00 [INF] MediatR handling started GetUsersQuery
2026-05-09 14:56:34.164 -08:00 [INF] HTTP GET /api/Roles completed with 403 in 257 ms (0HNLE3OEJHUA1:0000002D)
2026-05-09 14:56:34.166 -08:00 [INF] Access policy query filter started for users:read
2026-05-09 14:56:34.167 -08:00 [INF] Access policy check started for users:read
2026-05-09 14:56:34.171 -08:00 [INF] Access policy query filter for users:read. UserId=d1ed8be4-9703-45f0-935f-3c39601b55e1, Roles=[inactive], ActiveRules=3, SubjectMatched=1, ResourceActionMatched=1, Allows=1, Denies=0
2026-05-09 14:56:34.172 -08:00 [INF] Access policy evaluation for users:read. UserId=d1ed8be4-9703-45f0-935f-3c39601b55e1, Roles=[inactive], ActiveRules=3, SubjectMatched=1, ResourceActionMatched=1, Allows=1, Denies=0, Decision=Allowed
2026-05-09 14:56:34.176 -08:00 [INF] MediatR handling completed GetUsersQuery in 263 ms
2026-05-09 14:56:34.177 -08:00 [INF] Access policy query filter started for users:read
2026-05-09 14:56:34.178 -08:00 [INF] HTTP GET /api/Users completed with 200 in 270 ms (0HNLE3OEJHUA1:0000002F)
2026-05-09 14:56:34.180 -08:00 [INF] Access policy query filter for users:read. UserId=d1ed8be4-9703-45f0-935f-3c39601b55e1, Roles=[inactive], ActiveRules=3, SubjectMatched=1, ResourceActionMatched=1, Allows=1, Denies=0
2026-05-09 14:56:34.183 -08:00 [INF] MediatR handling completed GetUsersQuery in 19 ms
2026-05-09 14:56:34.185 -08:00 [INF] HTTP GET /api/Users completed with 200 in 187 ms (0HNLE3OEJHUA1:00000033)
2026-05-09 14:56:38.533 -08:00 [INF] Authorization header exists: true
2026-05-09 14:56:38.535 -08:00 [INF] JWT token validated. IsAuthenticated=true
2026-05-09 14:56:38.536 -08:00 [INF] MediatR handling started GetUsersDashboardQuery
2026-05-09 14:56:38.536 -08:00 [INF] Access policy check started for users:read
2026-05-09 14:56:38.538 -08:00 [INF] Access policy evaluation for users:read. UserId=d1ed8be4-9703-45f0-935f-3c39601b55e1, Roles=[inactive], ActiveRules=3, SubjectMatched=1, ResourceActionMatched=1, Allows=1, Denies=0, Decision=Allowed
2026-05-09 14:56:38.540 -08:00 [INF] Access policy query filter started for users:read
2026-05-09 14:56:38.542 -08:00 [INF] Access policy query filter for users:read. UserId=d1ed8be4-9703-45f0-935f-3c39601b55e1, Roles=[inactive], ActiveRules=3, SubjectMatched=1, ResourceActionMatched=1, Allows=1, Denies=0
2026-05-09 14:56:38.549 -08:00 [INF] MediatR handling completed GetUsersDashboardQuery in 12 ms
2026-05-09 14:56:38.550 -08:00 [INF] HTTP GET /api/Users/dashboard completed with 200 in 17 ms (0HNLE3OEJHUA1:00000037)
2026-05-09 14:56:45.804 -08:00 [INF] Authorization header exists: true
2026-05-09 14:56:45.805 -08:00 [INF] JWT token validated. IsAuthenticated=true
2026-05-09 14:56:45.806 -08:00 [INF] MediatR handling started GetSessionsQuery
2026-05-09 14:56:45.807 -08:00 [INF] Access policy check started for sessions:read
2026-05-09 14:56:45.808 -08:00 [INF] Access policy evaluation for sessions:read. UserId=790c2c93-d8e6-4b61-8a11-e4190a1c0805, Roles=[Admin], ActiveRules=3, SubjectMatched=1, ResourceActionMatched=1, Allows=1, Denies=0, Decision=Allowed
2026-05-09 14:56:45.812 -08:00 [INF] MediatR handling completed GetSessionsQuery in 5 ms
2026-05-09 14:56:45.813 -08:00 [INF] HTTP GET /api/Sessions completed with 200 in 9 ms (0HNLE3OEJHUA0:00000031)
2026-05-09 14:56:45.875 -08:00 [INF] Authorization header exists: true
2026-05-09 14:56:45.877 -08:00 [INF] Authorization header exists: true
2026-05-09 14:56:45.878 -08:00 [INF] JWT token validated. IsAuthenticated=true
2026-05-09 14:56:45.880 -08:00 [INF] JWT token validated. IsAuthenticated=true
2026-05-09 14:56:45.880 -08:00 [INF] MediatR handling started GetSessionsQuery
2026-05-09 14:56:45.882 -08:00 [INF] MediatR handling started GetSessionsQuery
2026-05-09 14:56:45.882 -08:00 [INF] Access policy check started for sessions:read
2026-05-09 14:56:45.883 -08:00 [INF] Access policy check started for sessions:read
2026-05-09 14:56:45.886 -08:00 [INF] Access policy evaluation for sessions:read. UserId=790c2c93-d8e6-4b61-8a11-e4190a1c0805, Roles=[Admin], ActiveRules=3, SubjectMatched=1, ResourceActionMatched=1, Allows=1, Denies=0, Decision=Allowed
2026-05-09 14:56:45.887 -08:00 [INF] Access policy evaluation for sessions:read. UserId=790c2c93-d8e6-4b61-8a11-e4190a1c0805, Roles=[Admin], ActiveRules=3, SubjectMatched=1, ResourceActionMatched=1, Allows=1, Denies=0, Decision=Allowed
2026-05-09 14:56:45.891 -08:00 [INF] MediatR handling completed GetSessionsQuery in 10 ms
2026-05-09 14:56:45.893 -08:00 [INF] HTTP GET /api/Sessions completed with 200 in 17 ms (0HNLE3OEJHUA0:00000035)
2026-05-09 14:56:45.893 -08:00 [INF] MediatR handling completed GetSessionsQuery in 10 ms
2026-05-09 14:56:45.895 -08:00 [INF] HTTP GET /api/Sessions completed with 200 in 18 ms (0HNLE3OEJHUA0:00000037)
2026-05-09 14:56:48.446 -08:00 [INF] Authorization header exists: true
2026-05-09 14:56:48.447 -08:00 [INF] Authorization header exists: true
2026-05-09 14:56:48.449 -08:00 [INF] JWT token validated. IsAuthenticated=true
2026-05-09 14:56:48.449 -08:00 [INF] JWT token validated. IsAuthenticated=true
2026-05-09 14:56:48.449 -08:00 [INF] Authorization header exists: true
2026-05-09 14:56:48.450 -08:00 [INF] MediatR handling started GetRolesQuery
2026-05-09 14:56:48.451 -08:00 [INF] MediatR handling started GetUsersQuery
2026-05-09 14:56:48.452 -08:00 [INF] Access policy check started for roles:read
2026-05-09 14:56:48.452 -08:00 [INF] JWT token validated. IsAuthenticated=true
2026-05-09 14:56:48.452 -08:00 [INF] Access policy check started for users:read
2026-05-09 14:56:48.454 -08:00 [INF] Access policy evaluation for roles:read. UserId=790c2c93-d8e6-4b61-8a11-e4190a1c0805, Roles=[Admin], ActiveRules=3, SubjectMatched=1, ResourceActionMatched=1, Allows=1, Denies=0, Decision=Allowed
2026-05-09 14:56:48.454 -08:00 [INF] MediatR handling started GetUsersQuery
2026-05-09 14:56:48.455 -08:00 [INF] Access policy evaluation for users:read. UserId=790c2c93-d8e6-4b61-8a11-e4190a1c0805, Roles=[Admin], ActiveRules=3, SubjectMatched=1, ResourceActionMatched=1, Allows=1, Denies=0, Decision=Allowed
2026-05-09 14:56:48.457 -08:00 [INF] Access policy check started for users:read
2026-05-09 14:56:48.458 -08:00 [INF] Access policy query filter started for users:read
2026-05-09 14:56:48.460 -08:00 [INF] Access policy evaluation for users:read. UserId=790c2c93-d8e6-4b61-8a11-e4190a1c0805, Roles=[Admin], ActiveRules=3, SubjectMatched=1, ResourceActionMatched=1, Allows=1, Denies=0, Decision=Allowed
2026-05-09 14:56:48.461 -08:00 [INF] Access policy query filter for users:read. UserId=790c2c93-d8e6-4b61-8a11-e4190a1c0805, Roles=[Admin], ActiveRules=3, SubjectMatched=1, ResourceActionMatched=1, Allows=1, Denies=0
2026-05-09 14:56:48.462 -08:00 [INF] MediatR handling completed GetRolesQuery in 11 ms
2026-05-09 14:56:48.462 -08:00 [INF] Access policy query filter started for users:read
2026-05-09 14:56:48.466 -08:00 [INF] Access policy query filter for users:read. UserId=790c2c93-d8e6-4b61-8a11-e4190a1c0805, Roles=[Admin], ActiveRules=3, SubjectMatched=1, ResourceActionMatched=1, Allows=1, Denies=0
2026-05-09 14:56:48.466 -08:00 [INF] HTTP GET /api/Roles completed with 200 in 20 ms (0HNLE3OEJHUA0:0000003F)
2026-05-09 14:56:48.492 -08:00 [INF] MediatR handling completed GetUsersQuery in 38 ms
2026-05-09 14:56:48.492 -08:00 [INF] MediatR handling completed GetUsersQuery in 41 ms
2026-05-09 14:56:48.496 -08:00 [INF] HTTP GET /api/Users completed with 200 in 48 ms (0HNLE3OEJHUA0:00000041)
2026-05-09 14:56:48.496 -08:00 [INF] HTTP GET /api/Users completed with 200 in 46 ms (0HNLE3OEJHUA0:00000043)
2026-05-09 14:57:17.995 -08:00 [INF] Authorization header exists: true
2026-05-09 14:57:17.997 -08:00 [INF] JWT token validated. IsAuthenticated=true
2026-05-09 14:57:18.018 -08:00 [INF] MediatR handling started CreateUserCommand
2026-05-09 14:57:18.028 -08:00 [INF] Access policy check started for users:create
2026-05-09 14:57:18.029 -08:00 [INF] Access policy evaluation for users:create. UserId=790c2c93-d8e6-4b61-8a11-e4190a1c0805, Roles=[Admin], ActiveRules=3, SubjectMatched=1, ResourceActionMatched=1, Allows=1, Denies=0, Decision=Allowed
2026-05-09 14:57:18.121 -08:00 [INF] MediatR handling completed CreateUserCommand in 103 ms
2026-05-09 14:57:18.147 -08:00 [INF] HTTP POST /api/Users completed with 201 in 151 ms (0HNLE3OEJHUA0:00000047)
2026-05-09 14:57:18.152 -08:00 [INF] Authorization header exists: true
2026-05-09 14:57:18.154 -08:00 [INF] JWT token validated. IsAuthenticated=true
2026-05-09 14:57:18.155 -08:00 [INF] MediatR handling started GetUsersQuery
2026-05-09 14:57:18.155 -08:00 [INF] Access policy check started for users:read
2026-05-09 14:57:18.157 -08:00 [INF] Access policy evaluation for users:read. UserId=790c2c93-d8e6-4b61-8a11-e4190a1c0805, Roles=[Admin], ActiveRules=3, SubjectMatched=1, ResourceActionMatched=1, Allows=1, Denies=0, Decision=Allowed
2026-05-09 14:57:18.159 -08:00 [INF] Access policy query filter started for users:read
2026-05-09 14:57:18.160 -08:00 [INF] Access policy query filter for users:read. UserId=790c2c93-d8e6-4b61-8a11-e4190a1c0805, Roles=[Admin], ActiveRules=3, SubjectMatched=1, ResourceActionMatched=1, Allows=1, Denies=0
2026-05-09 14:57:18.164 -08:00 [INF] MediatR handling completed GetUsersQuery in 9 ms
2026-05-09 14:57:18.165 -08:00 [INF] HTTP GET /api/Users completed with 200 in 12 ms (0HNLE3OEJHUA0:0000004B)
2026-05-09 14:57:25.265 -08:00 [INF] Authorization header exists: true
2026-05-09 14:57:25.266 -08:00 [INF] Authorization header exists: true
2026-05-09 14:57:25.267 -08:00 [INF] JWT token validated. IsAuthenticated=true
2026-05-09 14:57:25.268 -08:00 [INF] JWT token validated. IsAuthenticated=true
2026-05-09 14:57:25.268 -08:00 [INF] MediatR handling started GetRolesQuery
2026-05-09 14:57:25.269 -08:00 [INF] MediatR handling started GetUsersQuery
2026-05-09 14:57:25.270 -08:00 [INF] Access policy check started for roles:read
2026-05-09 14:57:25.270 -08:00 [INF] Access policy check started for users:read
2026-05-09 14:57:25.271 -08:00 [INF] Access policy evaluation for roles:read. UserId=d1ed8be4-9703-45f0-935f-3c39601b55e1, Roles=[inactive], ActiveRules=3, SubjectMatched=1, ResourceActionMatched=0, Allows=0, Denies=0, Decision=Denied
2026-05-09 14:57:25.272 -08:00 [INF] Access policy evaluation for users:read. UserId=d1ed8be4-9703-45f0-935f-3c39601b55e1, Roles=[inactive], ActiveRules=3, SubjectMatched=1, ResourceActionMatched=1, Allows=1, Denies=0, Decision=Allowed
2026-05-09 14:57:25.377 -08:00 [INF] Authorization header exists: true
2026-05-09 14:57:25.436 -08:00 [ERR] MediatR handling failed GetRolesQuery after 167 ms
FluentValidation.ValidationException: Validation failed: 
 -- authorization: Forbidden: roles:read. Severity: Error
   at algo.Application.Common.AccessPolicy.AccessPolicyAuthorizationExtensions.EnsureResourceActionAllowedAsync(IAccessPolicyEvaluator evaluator, IApplicationDbContext db, String resource, String action, CancellationToken cancellationToken) in C:\PrivateProject\algo.bytes\src\algo.Application\Common\AccessPolicy\AccessPolicyAuthorizationExtensions.cs:line 19
   at algo.Application.Features.Roles.Queries.GetRoles.GetRolesQueryHandler.Handle(GetRolesQuery request, CancellationToken cancellationToken) in C:\PrivateProject\algo.bytes\src\algo.Application\Features\Roles\Queries\GetRoles\GetRolesQueryHandler.cs:line 18
   at algo.Application.Behaviors.ValidationBehavior`2.Handle(TRequest request, RequestHandlerDelegate`1 next, CancellationToken cancellationToken) in C:\PrivateProject\algo.bytes\src\algo.Application\Behaviors\ValidationBehavior.cs:line 29
   at algo.Application.Behaviors.LoggingBehavior`2.Handle(TRequest request, RequestHandlerDelegate`1 next, CancellationToken cancellationToken) in C:\PrivateProject\algo.bytes\src\algo.Application\Behaviors\LoggingBehavior.cs:line 31
2026-05-09 14:57:25.437 -08:00 [INF] Access policy query filter started for users:read
2026-05-09 14:57:25.438 -08:00 [INF] JWT token validated. IsAuthenticated=true
2026-05-09 14:57:25.544 -08:00 [INF] Access policy query filter for users:read. UserId=d1ed8be4-9703-45f0-935f-3c39601b55e1, Roles=[inactive], ActiveRules=3, SubjectMatched=1, ResourceActionMatched=1, Allows=1, Denies=0
2026-05-09 14:57:25.565 -08:00 [INF] MediatR handling started GetUsersQuery
2026-05-09 14:57:25.565 -08:00 [INF] HTTP GET /api/Roles completed with 403 in 300 ms (0HNLE3OEJHUA1:0000003D)
2026-05-09 14:57:25.569 -08:00 [INF] Access policy check started for users:read
2026-05-09 14:57:25.572 -08:00 [INF] MediatR handling completed GetUsersQuery in 302 ms
2026-05-09 14:57:25.572 -08:00 [INF] Access policy evaluation for users:read. UserId=d1ed8be4-9703-45f0-935f-3c39601b55e1, Roles=[inactive], ActiveRules=3, SubjectMatched=1, ResourceActionMatched=1, Allows=1, Denies=0, Decision=Allowed
2026-05-09 14:57:25.573 -08:00 [INF] HTTP GET /api/Users completed with 200 in 307 ms (0HNLE3OEJHUA1:0000003F)
2026-05-09 14:57:25.577 -08:00 [INF] Access policy query filter started for users:read
2026-05-09 14:57:25.582 -08:00 [INF] Access policy query filter for users:read. UserId=d1ed8be4-9703-45f0-935f-3c39601b55e1, Roles=[inactive], ActiveRules=3, SubjectMatched=1, ResourceActionMatched=1, Allows=1, Denies=0
2026-05-09 14:57:25.587 -08:00 [INF] MediatR handling completed GetUsersQuery in 21 ms
2026-05-09 14:57:25.589 -08:00 [INF] HTTP GET /api/Users completed with 200 in 246 ms (0HNLE3OEJHUA1:00000043)
2026-05-09 14:57:31.965 -08:00 [INF] HTTP CONNECT /hubs/sessions completed with 200 in 66666 ms (0HNLE3OEJHUA2:0000000F)
2026-05-09 14:57:32.186 -08:00 [INF] Authorization header exists: true
2026-05-09 14:57:32.189 -08:00 [INF] JWT token validated. IsAuthenticated=true
2026-05-09 14:57:32.191 -08:00 [INF] HTTP POST /hubs/sessions/negotiate completed with 200 in 4 ms (0HNLE3OEJHUA2:00000011)
2026-05-09 14:57:32.209 -08:00 [INF] Authorization header exists: true
2026-05-09 14:57:32.211 -08:00 [INF] JWT token validated. IsAuthenticated=true
2026-05-09 14:57:32.212 -08:00 [INF] MediatR handling started GetUsersDashboardQuery
2026-05-09 14:57:32.213 -08:00 [INF] Access policy check started for users:read
2026-05-09 14:57:32.215 -08:00 [INF] Access policy evaluation for users:read. UserId=d1ed8be4-9703-45f0-935f-3c39601b55e1, Roles=[inactive], ActiveRules=3, SubjectMatched=1, ResourceActionMatched=1, Allows=1, Denies=0, Decision=Allowed
2026-05-09 14:57:32.217 -08:00 [INF] Access policy query filter started for users:read
2026-05-09 14:57:32.219 -08:00 [INF] Access policy query filter for users:read. UserId=d1ed8be4-9703-45f0-935f-3c39601b55e1, Roles=[inactive], ActiveRules=3, SubjectMatched=1, ResourceActionMatched=1, Allows=1, Denies=0
2026-05-09 14:57:32.228 -08:00 [INF] MediatR handling completed GetUsersDashboardQuery in 15 ms
2026-05-09 14:57:32.230 -08:00 [INF] HTTP GET /api/Users/dashboard completed with 200 in 20 ms (0HNLE3OEJHUA1:00000049)
2026-05-09 14:57:32.395 -08:00 [INF] Authorization header exists: false
2026-05-09 14:57:32.398 -08:00 [INF] JWT token validated. IsAuthenticated=true
2026-05-09 14:57:36.332 -08:00 [INF] Authorization header exists: true
2026-05-09 14:57:36.333 -08:00 [INF] Authorization header exists: true
2026-05-09 14:57:36.334 -08:00 [INF] JWT token validated. IsAuthenticated=true
2026-05-09 14:57:36.335 -08:00 [INF] MediatR handling started GetRolesQuery
2026-05-09 14:57:36.336 -08:00 [INF] JWT token validated. IsAuthenticated=true
2026-05-09 14:57:36.336 -08:00 [INF] Access policy check started for roles:read
2026-05-09 14:57:36.337 -08:00 [INF] MediatR handling started GetUsersQuery
2026-05-09 14:57:36.339 -08:00 [INF] Access policy check started for users:read
2026-05-09 14:57:36.339 -08:00 [INF] Access policy evaluation for roles:read. UserId=d1ed8be4-9703-45f0-935f-3c39601b55e1, Roles=[inactive], ActiveRules=3, SubjectMatched=1, ResourceActionMatched=0, Allows=0, Denies=0, Decision=Denied
2026-05-09 14:57:36.342 -08:00 [INF] Access policy evaluation for users:read. UserId=d1ed8be4-9703-45f0-935f-3c39601b55e1, Roles=[inactive], ActiveRules=3, SubjectMatched=1, ResourceActionMatched=1, Allows=1, Denies=0, Decision=Allowed
2026-05-09 14:57:36.413 -08:00 [INF] Authorization header exists: true
2026-05-09 14:57:36.437 -08:00 [ERR] MediatR handling failed GetRolesQuery after 101 ms
FluentValidation.ValidationException: Validation failed: 
 -- authorization: Forbidden: roles:read. Severity: Error
   at algo.Application.Common.AccessPolicy.AccessPolicyAuthorizationExtensions.EnsureResourceActionAllowedAsync(IAccessPolicyEvaluator evaluator, IApplicationDbContext db, String resource, String action, CancellationToken cancellationToken) in C:\PrivateProject\algo.bytes\src\algo.Application\Common\AccessPolicy\AccessPolicyAuthorizationExtensions.cs:line 19
   at algo.Application.Features.Roles.Queries.GetRoles.GetRolesQueryHandler.Handle(GetRolesQuery request, CancellationToken cancellationToken) in C:\PrivateProject\algo.bytes\src\algo.Application\Features\Roles\Queries\GetRoles\GetRolesQueryHandler.cs:line 18
   at algo.Application.Behaviors.ValidationBehavior`2.Handle(TRequest request, RequestHandlerDelegate`1 next, CancellationToken cancellationToken) in C:\PrivateProject\algo.bytes\src\algo.Application\Behaviors\ValidationBehavior.cs:line 29
   at algo.Application.Behaviors.LoggingBehavior`2.Handle(TRequest request, RequestHandlerDelegate`1 next, CancellationToken cancellationToken) in C:\PrivateProject\algo.bytes\src\algo.Application\Behaviors\LoggingBehavior.cs:line 31
2026-05-09 14:57:36.438 -08:00 [INF] Access policy query filter started for users:read
2026-05-09 14:57:36.441 -08:00 [INF] JWT token validated. IsAuthenticated=true
2026-05-09 14:57:36.643 -08:00 [INF] Access policy query filter for users:read. UserId=d1ed8be4-9703-45f0-935f-3c39601b55e1, Roles=[inactive], ActiveRules=3, SubjectMatched=1, ResourceActionMatched=1, Allows=1, Denies=0
2026-05-09 14:57:36.687 -08:00 [INF] HTTP GET /api/Roles completed with 403 in 355 ms (0HNLE3OEJHUA1:0000004F)
2026-05-09 14:57:36.687 -08:00 [INF] MediatR handling started GetUsersQuery
2026-05-09 14:57:36.692 -08:00 [INF] Access policy check started for users:read
2026-05-09 14:57:36.693 -08:00 [INF] MediatR handling completed GetUsersQuery in 355 ms
2026-05-09 14:57:36.694 -08:00 [INF] Access policy evaluation for users:read. UserId=d1ed8be4-9703-45f0-935f-3c39601b55e1, Roles=[inactive], ActiveRules=3, SubjectMatched=1, ResourceActionMatched=1, Allows=1, Denies=0, Decision=Allowed
2026-05-09 14:57:36.695 -08:00 [INF] HTTP GET /api/Users completed with 200 in 361 ms (0HNLE3OEJHUA1:00000051)
2026-05-09 14:57:36.697 -08:00 [INF] Access policy query filter started for users:read
2026-05-09 14:57:36.701 -08:00 [INF] Access policy query filter for users:read. UserId=d1ed8be4-9703-45f0-935f-3c39601b55e1, Roles=[inactive], ActiveRules=3, SubjectMatched=1, ResourceActionMatched=1, Allows=1, Denies=0
2026-05-09 14:57:36.708 -08:00 [INF] MediatR handling completed GetUsersQuery in 20 ms
2026-05-09 14:57:36.709 -08:00 [INF] HTTP GET /api/Users completed with 200 in 296 ms (0HNLE3OEJHUA1:00000055)
2026-05-09 14:59:13.631 -08:00 [INF] HTTP CONNECT /hubs/sessions completed with 200 in 101235 ms (0HNLE3OEJHUA2:00000013)
2026-05-09 14:59:13.830 -08:00 [INF] Authorization header exists: true
2026-05-09 14:59:13.833 -08:00 [INF] JWT token validated. IsAuthenticated=true
2026-05-09 14:59:13.835 -08:00 [INF] HTTP POST /hubs/sessions/negotiate completed with 200 in 4 ms (0HNLE3OEJHUA2:00000015)
2026-05-09 14:59:13.861 -08:00 [INF] Authorization header exists: true
2026-05-09 14:59:13.864 -08:00 [INF] JWT token validated. IsAuthenticated=true
2026-05-09 14:59:13.865 -08:00 [INF] MediatR handling started GetUsersDashboardQuery
2026-05-09 14:59:13.867 -08:00 [INF] Access policy check started for users:read
2026-05-09 14:59:13.870 -08:00 [INF] Access policy evaluation for users:read. UserId=d1ed8be4-9703-45f0-935f-3c39601b55e1, Roles=[inactive], ActiveRules=3, SubjectMatched=1, ResourceActionMatched=1, Allows=1, Denies=0, Decision=Allowed
2026-05-09 14:59:13.874 -08:00 [INF] Access policy query filter started for users:read
2026-05-09 14:59:13.876 -08:00 [INF] Access policy query filter for users:read. UserId=d1ed8be4-9703-45f0-935f-3c39601b55e1, Roles=[inactive], ActiveRules=3, SubjectMatched=1, ResourceActionMatched=1, Allows=1, Denies=0
2026-05-09 14:59:13.888 -08:00 [INF] MediatR handling completed GetUsersDashboardQuery in 22 ms
2026-05-09 14:59:13.890 -08:00 [INF] HTTP GET /api/Users/dashboard completed with 200 in 28 ms (0HNLE3OEJHUA1:0000005B)
2026-05-09 14:59:14.106 -08:00 [INF] Authorization header exists: false
2026-05-09 14:59:14.108 -08:00 [INF] JWT token validated. IsAuthenticated=true
2026-05-09 15:00:40.525 -08:00 [WRN] Sensitive data logging is enabled. Log entries and exception messages may include sensitive application data; this mode should only be enabled during development.
2026-05-09 15:00:41.578 -08:00 [INF] Admin wildcard access policy already exists
2026-05-09 15:00:41.882 -08:00 [INF] Now listening on: https://localhost:7259
2026-05-09 15:00:41.884 -08:00 [INF] Now listening on: http://localhost:5244
2026-05-09 15:00:41.951 -08:00 [INF] Application started. Press Ctrl+C to shut down.
2026-05-09 15:00:41.953 -08:00 [INF] Hosting environment: Development
2026-05-09 15:00:41.954 -08:00 [INF] Content root path: C:\PrivateProject\algo.bytes\src\algo.API
2026-05-09 15:00:42.157 -08:00 [INF] Authorization header exists: true
2026-05-09 15:00:42.157 -08:00 [INF] Authorization header exists: true
2026-05-09 15:00:42.161 -08:00 [INF] Authorization header exists: true
2026-05-09 15:00:42.161 -08:00 [INF] Authorization header exists: true
2026-05-09 15:00:42.161 -08:00 [INF] Authorization header exists: true
2026-05-09 15:00:42.459 -08:00 [INF] JWT token validated. IsAuthenticated=true
2026-05-09 15:00:42.462 -08:00 [INF] JWT token validated. IsAuthenticated=true
2026-05-09 15:00:42.462 -08:00 [INF] JWT token validated. IsAuthenticated=true
2026-05-09 15:00:42.462 -08:00 [INF] JWT token validated. IsAuthenticated=true
2026-05-09 15:00:42.472 -08:00 [INF] JWT token validated. IsAuthenticated=true
2026-05-09 15:00:42.485 -08:00 [INF] HTTP POST /hubs/sessions/negotiate completed with 200 in 385 ms (0HNLE3R5NAEKI:00000001)
2026-05-09 15:00:42.497 -08:00 [INF] Authorization header exists: false
2026-05-09 15:00:42.515 -08:00 [INF] JWT token validated. IsAuthenticated=true
2026-05-09 15:00:42.525 -08:00 [INF] MediatR handling started GetUsersDashboardQuery
2026-05-09 15:00:42.525 -08:00 [INF] MediatR handling started ListAccessPoliciesQuery
2026-05-09 15:00:42.538 -08:00 [INF] Access policy check started for accessPolicies:read
2026-05-09 15:00:42.539 -08:00 [INF] Access policy check started for users:read
2026-05-09 15:00:42.583 -08:00 [INF] MediatR handling started GetErrorLogsQuery
2026-05-09 15:00:42.583 -08:00 [INF] MediatR handling started GetLogsQuery
2026-05-09 15:00:42.704 -08:00 [INF] Access policy evaluation for users:read. UserId=790c2c93-d8e6-4b61-8a11-e4190a1c0805, Roles=[Admin], ActiveRules=3, SubjectMatched=1, ResourceActionMatched=1, Allows=1, Denies=0, Decision=Allowed
2026-05-09 15:00:42.704 -08:00 [INF] Access policy evaluation for accessPolicies:read. UserId=790c2c93-d8e6-4b61-8a11-e4190a1c0805, Roles=[Admin], ActiveRules=3, SubjectMatched=1, ResourceActionMatched=1, Allows=1, Denies=0, Decision=Allowed
2026-05-09 15:00:42.716 -08:00 [INF] Access policy query filter started for users:read
2026-05-09 15:00:42.723 -08:00 [INF] MediatR handling completed ListAccessPoliciesQuery in 198 ms
2026-05-09 15:00:42.723 -08:00 [INF] Access policy query filter for users:read. UserId=790c2c93-d8e6-4b61-8a11-e4190a1c0805, Roles=[Admin], ActiveRules=3, SubjectMatched=1, ResourceActionMatched=1, Allows=1, Denies=0
2026-05-09 15:00:42.725 -08:00 [INF] Access policy check started for errorLogs:read
2026-05-09 15:00:42.725 -08:00 [INF] Access policy check started for logs:read
2026-05-09 15:00:42.732 -08:00 [INF] Access policy evaluation for errorLogs:read. UserId=790c2c93-d8e6-4b61-8a11-e4190a1c0805, Roles=[Admin], ActiveRules=3, SubjectMatched=1, ResourceActionMatched=1, Allows=1, Denies=0, Decision=Allowed
2026-05-09 15:00:42.732 -08:00 [INF] Access policy evaluation for logs:read. UserId=790c2c93-d8e6-4b61-8a11-e4190a1c0805, Roles=[Admin], ActiveRules=3, SubjectMatched=1, ResourceActionMatched=1, Allows=1, Denies=0, Decision=Allowed
2026-05-09 15:00:42.773 -08:00 [INF] HTTP GET /api/AccessPolicies completed with 200 in 673 ms (0HNLE3R5NAEKG:00000011)
2026-05-09 15:00:42.927 -08:00 [INF] MediatR handling completed GetLogsQuery in 343 ms
2026-05-09 15:00:42.927 -08:00 [INF] MediatR handling completed GetErrorLogsQuery in 344 ms
2026-05-09 15:00:42.941 -08:00 [INF] MediatR handling completed GetUsersDashboardQuery in 416 ms
2026-05-09 15:00:42.949 -08:00 [INF] HTTP GET /api/Logs completed with 200 in 849 ms (0HNLE3R5NAEKG:0000000F)
2026-05-09 15:00:42.949 -08:00 [INF] HTTP GET /api/error-logs completed with 200 in 849 ms (0HNLE3R5NAEKG:0000000D)
2026-05-09 15:00:42.950 -08:00 [INF] HTTP GET /api/Users/dashboard completed with 200 in 850 ms (0HNLE3R5NAEKG:0000000B)
2026-05-09 15:00:45.336 -08:00 [INF] HTTP CONNECT /hubs/sessions completed with 200 in 2841 ms (0HNLE3R5NAEKI:00000003)
2026-05-09 15:00:45.475 -08:00 [INF] Authorization header exists: true
2026-05-09 15:00:45.481 -08:00 [INF] JWT token validated. IsAuthenticated=true
2026-05-09 15:00:45.484 -08:00 [INF] HTTP POST /hubs/sessions/negotiate completed with 200 in 8 ms (0HNLE3R5NAEKI:00000005)
2026-05-09 15:00:45.540 -08:00 [INF] Authorization header exists: true
2026-05-09 15:00:45.540 -08:00 [INF] Authorization header exists: true
2026-05-09 15:00:45.541 -08:00 [INF] Authorization header exists: true
2026-05-09 15:00:45.541 -08:00 [INF] Authorization header exists: true
2026-05-09 15:00:45.546 -08:00 [INF] JWT token validated. IsAuthenticated=true
2026-05-09 15:00:45.546 -08:00 [INF] JWT token validated. IsAuthenticated=true
2026-05-09 15:00:45.548 -08:00 [INF] JWT token validated. IsAuthenticated=true
2026-05-09 15:00:45.550 -08:00 [INF] JWT token validated. IsAuthenticated=true
2026-05-09 15:00:45.555 -08:00 [INF] MediatR handling started GetErrorLogsQuery
2026-05-09 15:00:45.554 -08:00 [INF] MediatR handling started GetLogsQuery
2026-05-09 15:00:45.552 -08:00 [INF] MediatR handling started GetUsersDashboardQuery
2026-05-09 15:00:45.555 -08:00 [INF] MediatR handling started ListAccessPoliciesQuery
2026-05-09 15:00:45.558 -08:00 [INF] Access policy check started for errorLogs:read
2026-05-09 15:00:45.559 -08:00 [INF] Access policy check started for logs:read
2026-05-09 15:00:45.560 -08:00 [INF] Access policy check started for users:read
2026-05-09 15:00:45.570 -08:00 [INF] Access policy evaluation for logs:read. UserId=790c2c93-d8e6-4b61-8a11-e4190a1c0805, Roles=[Admin], ActiveRules=3, SubjectMatched=1, ResourceActionMatched=1, Allows=1, Denies=0, Decision=Allowed
2026-05-09 15:00:45.562 -08:00 [INF] Access policy check started for accessPolicies:read
2026-05-09 15:00:45.568 -08:00 [INF] Access policy evaluation for errorLogs:read. UserId=790c2c93-d8e6-4b61-8a11-e4190a1c0805, Roles=[Admin], ActiveRules=3, SubjectMatched=1, ResourceActionMatched=1, Allows=1, Denies=0, Decision=Allowed
2026-05-09 15:00:45.572 -08:00 [INF] Access policy evaluation for users:read. UserId=790c2c93-d8e6-4b61-8a11-e4190a1c0805, Roles=[Admin], ActiveRules=3, SubjectMatched=1, ResourceActionMatched=1, Allows=1, Denies=0, Decision=Allowed
2026-05-09 15:00:45.586 -08:00 [INF] Access policy evaluation for accessPolicies:read. UserId=790c2c93-d8e6-4b61-8a11-e4190a1c0805, Roles=[Admin], ActiveRules=3, SubjectMatched=1, ResourceActionMatched=1, Allows=1, Denies=0, Decision=Allowed
2026-05-09 15:00:45.607 -08:00 [INF] Access policy query filter started for users:read
2026-05-09 15:00:45.609 -08:00 [INF] MediatR handling completed GetLogsQuery in 54 ms
2026-05-09 15:00:45.615 -08:00 [INF] MediatR handling completed ListAccessPoliciesQuery in 59 ms
2026-05-09 15:00:45.616 -08:00 [INF] Access policy query filter for users:read. UserId=790c2c93-d8e6-4b61-8a11-e4190a1c0805, Roles=[Admin], ActiveRules=3, SubjectMatched=1, ResourceActionMatched=1, Allows=1, Denies=0
2026-05-09 15:00:45.616 -08:00 [INF] MediatR handling completed GetErrorLogsQuery in 61 ms
2026-05-09 15:00:45.619 -08:00 [INF] HTTP GET /api/Logs completed with 200 in 79 ms (0HNLE3R5NAEKG:00000017)
2026-05-09 15:00:45.620 -08:00 [INF] HTTP GET /api/AccessPolicies completed with 200 in 79 ms (0HNLE3R5NAEKG:0000001B)
2026-05-09 15:00:45.630 -08:00 [INF] HTTP GET /api/error-logs completed with 200 in 88 ms (0HNLE3R5NAEKG:00000019)
2026-05-09 15:00:45.657 -08:00 [INF] MediatR handling completed GetUsersDashboardQuery in 105 ms
2026-05-09 15:00:45.661 -08:00 [INF] HTTP GET /api/Users/dashboard completed with 200 in 121 ms (0HNLE3R5NAEKG:00000015)
2026-05-09 15:00:45.895 -08:00 [INF] Authorization header exists: false
2026-05-09 15:00:45.900 -08:00 [INF] JWT token validated. IsAuthenticated=true
2026-05-09 15:01:13.174 -08:00 [WRN] Sensitive data logging is enabled. Log entries and exception messages may include sensitive application data; this mode should only be enabled during development.
2026-05-09 15:01:14.146 -08:00 [INF] Admin wildcard access policy already exists
2026-05-09 15:01:14.431 -08:00 [INF] Now listening on: https://localhost:7259
2026-05-09 15:01:14.434 -08:00 [INF] Now listening on: http://localhost:5244
2026-05-09 15:01:14.494 -08:00 [INF] Application started. Press Ctrl+C to shut down.
2026-05-09 15:01:14.495 -08:00 [INF] Hosting environment: Development
2026-05-09 15:01:14.496 -08:00 [INF] Content root path: C:\PrivateProject\algo.bytes\src\algo.API
2026-05-09 15:01:33.864 -08:00 [INF] Authorization header exists: true
2026-05-09 15:01:33.864 -08:00 [INF] Authorization header exists: true
2026-05-09 15:01:33.860 -08:00 [INF] Authorization header exists: true
2026-05-09 15:01:33.860 -08:00 [INF] Authorization header exists: true
2026-05-09 15:01:33.864 -08:00 [INF] Authorization header exists: true
2026-05-09 15:01:34.106 -08:00 [INF] JWT token validated. IsAuthenticated=true
2026-05-09 15:01:34.108 -08:00 [INF] JWT token validated. IsAuthenticated=true
2026-05-09 15:01:34.108 -08:00 [INF] JWT token validated. IsAuthenticated=true
2026-05-09 15:01:34.116 -08:00 [INF] JWT token validated. IsAuthenticated=true
2026-05-09 15:01:34.122 -08:00 [INF] HTTP POST /hubs/sessions/negotiate completed with 200 in 313 ms (0HNLE3RL4NKK0:00000001)
2026-05-09 15:01:34.132 -08:00 [INF] Authorization header exists: false
2026-05-09 15:01:34.147 -08:00 [INF] JWT token validated. IsAuthenticated=true
2026-05-09 15:01:34.148 -08:00 [INF] JWT token validated. IsAuthenticated=true
2026-05-09 15:01:34.154 -08:00 [INF] MediatR handling started GetUsersDashboardQuery
2026-05-09 15:01:34.154 -08:00 [INF] MediatR handling started ListAccessPoliciesQuery
2026-05-09 15:01:34.165 -08:00 [INF] Access policy check started for accessPolicies:read
2026-05-09 15:01:34.165 -08:00 [INF] Access policy check started for users:read
2026-05-09 15:01:34.199 -08:00 [INF] MediatR handling started GetErrorLogsQuery
2026-05-09 15:01:34.199 -08:00 [INF] MediatR handling started GetLogsQuery
2026-05-09 15:01:34.334 -08:00 [INF] Access policy evaluation for users:read. UserId=790c2c93-d8e6-4b61-8a11-e4190a1c0805, Roles=[Admin], ActiveRules=3, SubjectMatched=1, ResourceActionMatched=1, Allows=1, Denies=0, Decision=Allowed
2026-05-09 15:01:34.334 -08:00 [INF] Access policy evaluation for accessPolicies:read. UserId=790c2c93-d8e6-4b61-8a11-e4190a1c0805, Roles=[Admin], ActiveRules=3, SubjectMatched=1, ResourceActionMatched=1, Allows=1, Denies=0, Decision=Allowed
2026-05-09 15:01:34.344 -08:00 [INF] Access policy query filter started for users:read
2026-05-09 15:01:34.350 -08:00 [INF] Access policy check started for errorLogs:read
2026-05-09 15:01:34.350 -08:00 [INF] Access policy check started for logs:read
2026-05-09 15:01:34.351 -08:00 [INF] Access policy query filter for users:read. UserId=790c2c93-d8e6-4b61-8a11-e4190a1c0805, Roles=[Admin], ActiveRules=3, SubjectMatched=1, ResourceActionMatched=1, Allows=1, Denies=0
2026-05-09 15:01:34.352 -08:00 [INF] MediatR handling completed ListAccessPoliciesQuery in 197 ms
2026-05-09 15:01:34.353 -08:00 [INF] Access policy evaluation for errorLogs:read. UserId=790c2c93-d8e6-4b61-8a11-e4190a1c0805, Roles=[Admin], ActiveRules=3, SubjectMatched=1, ResourceActionMatched=1, Allows=1, Denies=0, Decision=Allowed
2026-05-09 15:01:34.353 -08:00 [INF] Access policy evaluation for logs:read. UserId=790c2c93-d8e6-4b61-8a11-e4190a1c0805, Roles=[Admin], ActiveRules=3, SubjectMatched=1, ResourceActionMatched=1, Allows=1, Denies=0, Decision=Allowed
2026-05-09 15:01:34.436 -08:00 [INF] HTTP GET /api/AccessPolicies completed with 200 in 627 ms (0HNLE3RL4NKJV:00000011)
2026-05-09 15:01:34.546 -08:00 [INF] MediatR handling completed GetLogsQuery in 346 ms
2026-05-09 15:01:34.546 -08:00 [INF] MediatR handling completed GetErrorLogsQuery in 346 ms
2026-05-09 15:01:34.559 -08:00 [INF] MediatR handling completed GetUsersDashboardQuery in 404 ms
2026-05-09 15:01:34.564 -08:00 [INF] HTTP GET /api/error-logs completed with 200 in 755 ms (0HNLE3RL4NKJV:0000000B)
2026-05-09 15:01:34.564 -08:00 [INF] HTTP GET /api/Logs completed with 200 in 755 ms (0HNLE3RL4NKJV:0000000F)
2026-05-09 15:01:34.566 -08:00 [INF] HTTP GET /api/Users/dashboard completed with 200 in 757 ms (0HNLE3RL4NKJV:0000000D)
2026-05-09 15:01:34.685 -08:00 [INF] Authorization header exists: true
2026-05-09 15:01:34.685 -08:00 [INF] Authorization header exists: true
2026-05-09 15:01:34.689 -08:00 [INF] JWT token validated. IsAuthenticated=true
2026-05-09 15:01:34.689 -08:00 [INF] JWT token validated. IsAuthenticated=true
2026-05-09 15:01:34.690 -08:00 [INF] Authorization header exists: true
2026-05-09 15:01:34.693 -08:00 [INF] JWT token validated. IsAuthenticated=true
2026-05-09 15:01:34.698 -08:00 [INF] MediatR handling started GetRolesQuery
2026-05-09 15:01:34.702 -08:00 [INF] Access policy check started for roles:read
2026-05-09 15:01:34.705 -08:00 [INF] Access policy evaluation for roles:read. UserId=790c2c93-d8e6-4b61-8a11-e4190a1c0805, Roles=[Admin], ActiveRules=3, SubjectMatched=1, ResourceActionMatched=1, Allows=1, Denies=0, Decision=Allowed
2026-05-09 15:01:34.711 -08:00 [INF] MediatR handling started GetUsersQuery
2026-05-09 15:01:34.711 -08:00 [INF] MediatR handling started GetUsersQuery
2026-05-09 15:01:34.717 -08:00 [INF] MediatR handling completed GetRolesQuery in 18 ms
2026-05-09 15:01:34.719 -08:00 [INF] Access policy check started for users:read
2026-05-09 15:01:34.719 -08:00 [INF] Access policy check started for users:read
2026-05-09 15:01:34.720 -08:00 [INF] HTTP GET /api/Roles completed with 200 in 34 ms (0HNLE3RL4NKJV:00000017)
2026-05-09 15:01:34.754 -08:00 [INF] Access policy evaluation for users:read. UserId=790c2c93-d8e6-4b61-8a11-e4190a1c0805, Roles=[Admin], ActiveRules=3, SubjectMatched=1, ResourceActionMatched=1, Allows=1, Denies=0, Decision=Allowed
2026-05-09 15:01:34.753 -08:00 [INF] Access policy evaluation for users:read. UserId=790c2c93-d8e6-4b61-8a11-e4190a1c0805, Roles=[Admin], ActiveRules=3, SubjectMatched=1, ResourceActionMatched=1, Allows=1, Denies=0, Decision=Allowed
2026-05-09 15:01:34.756 -08:00 [INF] Access policy query filter started for users:read
2026-05-09 15:01:34.758 -08:00 [INF] Access policy query filter started for users:read
2026-05-09 15:01:34.760 -08:00 [INF] Access policy query filter for users:read. UserId=790c2c93-d8e6-4b61-8a11-e4190a1c0805, Roles=[Admin], ActiveRules=3, SubjectMatched=1, ResourceActionMatched=1, Allows=1, Denies=0
2026-05-09 15:01:34.761 -08:00 [INF] Access policy query filter for users:read. UserId=790c2c93-d8e6-4b61-8a11-e4190a1c0805, Roles=[Admin], ActiveRules=3, SubjectMatched=1, ResourceActionMatched=1, Allows=1, Denies=0
2026-05-09 15:01:34.893 -08:00 [INF] MediatR handling completed GetUsersQuery in 182 ms
2026-05-09 15:01:34.893 -08:00 [INF] MediatR handling completed GetUsersQuery in 182 ms
2026-05-09 15:01:34.901 -08:00 [INF] HTTP GET /api/Users completed with 200 in 215 ms (0HNLE3RL4NKJV:00000019)
2026-05-09 15:01:34.901 -08:00 [INF] HTTP GET /api/Users completed with 200 in 210 ms (0HNLE3RL4NKJV:0000001D)
2026-05-09 15:01:47.682 -08:00 [INF] Authorization header exists: true
2026-05-09 15:01:47.683 -08:00 [INF] Authorization header exists: true
2026-05-09 15:01:47.687 -08:00 [INF] JWT token validated. IsAuthenticated=true
2026-05-09 15:01:47.687 -08:00 [INF] JWT token validated. IsAuthenticated=true
2026-05-09 15:01:47.689 -08:00 [INF] MediatR handling started ListAccessPoliciesQuery
2026-05-09 15:01:47.689 -08:00 [INF] Access policy check started for accessPolicies:read
2026-05-09 15:01:47.691 -08:00 [INF] Access policy evaluation for accessPolicies:read. UserId=790c2c93-d8e6-4b61-8a11-e4190a1c0805, Roles=[Admin], ActiveRules=3, SubjectMatched=1, ResourceActionMatched=1, Allows=1, Denies=0, Decision=Allowed
2026-05-09 15:01:47.695 -08:00 [INF] MediatR handling completed ListAccessPoliciesQuery in 6 ms
2026-05-09 15:01:47.696 -08:00 [INF] MediatR handling started GetAccessPolicyOptionsQuery
2026-05-09 15:01:47.696 -08:00 [INF] HTTP GET /api/AccessPolicies completed with 200 in 14 ms (0HNLE3RL4NKJV:00000025)
2026-05-09 15:01:47.699 -08:00 [INF] Access policy check started for accessPolicies:read
2026-05-09 15:01:47.701 -08:00 [INF] Access policy evaluation for accessPolicies:read. UserId=790c2c93-d8e6-4b61-8a11-e4190a1c0805, Roles=[Admin], ActiveRules=3, SubjectMatched=1, ResourceActionMatched=1, Allows=1, Denies=0, Decision=Allowed
2026-05-09 15:01:47.713 -08:00 [INF] MediatR handling completed GetAccessPolicyOptionsQuery in 17 ms
2026-05-09 15:01:47.725 -08:00 [INF] HTTP GET /api/AccessPolicies/options completed with 200 in 42 ms (0HNLE3RL4NKJV:00000023)
2026-05-09 15:01:48.224 -08:00 [INF] Authorization header exists: true
2026-05-09 15:01:48.226 -08:00 [INF] JWT token validated. IsAuthenticated=true
2026-05-09 15:01:48.240 -08:00 [INF] MediatR handling started GetSessionsQuery
2026-05-09 15:01:48.245 -08:00 [INF] Access policy check started for sessions:read
2026-05-09 15:01:48.247 -08:00 [INF] Access policy evaluation for sessions:read. UserId=790c2c93-d8e6-4b61-8a11-e4190a1c0805, Roles=[Admin], ActiveRules=3, SubjectMatched=1, ResourceActionMatched=1, Allows=1, Denies=0, Decision=Allowed
2026-05-09 15:01:48.328 -08:00 [INF] MediatR handling completed GetSessionsQuery in 88 ms
2026-05-09 15:01:48.336 -08:00 [INF] HTTP GET /api/Sessions completed with 200 in 111 ms (0HNLE3RL4NKJV:00000029)
2026-05-09 15:01:48.544 -08:00 [INF] Authorization header exists: true
2026-05-09 15:01:48.547 -08:00 [INF] Authorization header exists: true
2026-05-09 15:01:48.548 -08:00 [INF] JWT token validated. IsAuthenticated=true
2026-05-09 15:01:48.549 -08:00 [INF] MediatR handling started GetSessionsQuery
2026-05-09 15:01:48.549 -08:00 [INF] JWT token validated. IsAuthenticated=true
2026-05-09 15:01:48.550 -08:00 [INF] Access policy check started for sessions:read
2026-05-09 15:01:48.551 -08:00 [INF] MediatR handling started GetSessionsQuery
2026-05-09 15:01:48.553 -08:00 [INF] Access policy evaluation for sessions:read. UserId=790c2c93-d8e6-4b61-8a11-e4190a1c0805, Roles=[Admin], ActiveRules=3, SubjectMatched=1, ResourceActionMatched=1, Allows=1, Denies=0, Decision=Allowed
2026-05-09 15:01:48.559 -08:00 [INF] Access policy check started for sessions:read
2026-05-09 15:01:48.560 -08:00 [INF] MediatR handling completed GetSessionsQuery in 10 ms
2026-05-09 15:01:48.561 -08:00 [INF] Access policy evaluation for sessions:read. UserId=790c2c93-d8e6-4b61-8a11-e4190a1c0805, Roles=[Admin], ActiveRules=3, SubjectMatched=1, ResourceActionMatched=1, Allows=1, Denies=0, Decision=Allowed
2026-05-09 15:01:48.562 -08:00 [INF] HTTP GET /api/Sessions completed with 200 in 17 ms (0HNLE3RL4NKJV:0000002D)
2026-05-09 15:01:48.567 -08:00 [INF] MediatR handling completed GetSessionsQuery in 15 ms
2026-05-09 15:01:48.569 -08:00 [INF] HTTP GET /api/Sessions completed with 200 in 22 ms (0HNLE3RL4NKJV:0000002F)
2026-05-09 15:01:54.755 -08:00 [INF] Authorization header exists: true
2026-05-09 15:01:54.759 -08:00 [INF] JWT token validated. IsAuthenticated=true
2026-05-09 15:01:54.782 -08:00 [INF] MediatR handling started RevokeSessionCommand
2026-05-09 15:01:54.787 -08:00 [INF] Access policy check started for sessions:revoke
2026-05-09 15:01:54.789 -08:00 [INF] Access policy evaluation for sessions:revoke. UserId=790c2c93-d8e6-4b61-8a11-e4190a1c0805, Roles=[Admin], ActiveRules=3, SubjectMatched=1, ResourceActionMatched=1, Allows=1, Denies=0, Decision=Allowed
2026-05-09 15:01:54.910 -08:00 [INF] MediatR handling completed RevokeSessionCommand in 127 ms
2026-05-09 15:01:54.912 -08:00 [INF] HTTP POST /api/Sessions/43380158-3518-4368-a86b-16320b1ffcbf/revoke completed with 204 in 156 ms (0HNLE3RL4NKJV:00000033)
2026-05-09 15:01:54.919 -08:00 [INF] Authorization header exists: true
2026-05-09 15:01:54.920 -08:00 [INF] JWT token validated. IsAuthenticated=true
2026-05-09 15:01:54.921 -08:00 [INF] MediatR handling started GetSessionsQuery
2026-05-09 15:01:54.922 -08:00 [INF] Access policy check started for sessions:read
2026-05-09 15:01:54.923 -08:00 [INF] Access policy evaluation for sessions:read. UserId=790c2c93-d8e6-4b61-8a11-e4190a1c0805, Roles=[Admin], ActiveRules=3, SubjectMatched=1, ResourceActionMatched=1, Allows=1, Denies=0, Decision=Allowed
2026-05-09 15:01:54.927 -08:00 [INF] MediatR handling completed GetSessionsQuery in 6 ms
2026-05-09 15:01:54.929 -08:00 [INF] HTTP GET /api/Sessions completed with 200 in 9 ms (0HNLE3RL4NKJV:00000037)
2026-05-09 15:01:54.993 -08:00 [INF] Authorization header exists: true
2026-05-09 15:01:54.995 -08:00 [INF] Authorization header exists: true
2026-05-09 15:01:54.995 -08:00 [INF] JWT token validated. IsAuthenticated=true
2026-05-09 15:01:54.996 -08:00 [INF] MediatR handling started GetSessionsQuery
2026-05-09 15:01:54.997 -08:00 [INF] JWT token validated. IsAuthenticated=true
2026-05-09 15:01:54.997 -08:00 [INF] Access policy check started for sessions:read
2026-05-09 15:01:54.998 -08:00 [INF] MediatR handling started GetSessionsQuery
2026-05-09 15:01:54.999 -08:00 [INF] Access policy check started for sessions:read
2026-05-09 15:01:54.999 -08:00 [INF] Access policy evaluation for sessions:read. UserId=790c2c93-d8e6-4b61-8a11-e4190a1c0805, Roles=[Admin], ActiveRules=3, SubjectMatched=1, ResourceActionMatched=1, Allows=1, Denies=0, Decision=Allowed
2026-05-09 15:01:55.000 -08:00 [INF] Access policy evaluation for sessions:read. UserId=790c2c93-d8e6-4b61-8a11-e4190a1c0805, Roles=[Admin], ActiveRules=3, SubjectMatched=1, ResourceActionMatched=1, Allows=1, Denies=0, Decision=Allowed
2026-05-09 15:01:55.004 -08:00 [INF] MediatR handling completed GetSessionsQuery in 7 ms
2026-05-09 15:01:55.005 -08:00 [INF] HTTP GET /api/Sessions completed with 200 in 12 ms (0HNLE3RL4NKJV:0000003B)
2026-05-09 15:01:55.007 -08:00 [INF] MediatR handling completed GetSessionsQuery in 8 ms
2026-05-09 15:01:55.009 -08:00 [INF] HTTP GET /api/Sessions completed with 200 in 14 ms (0HNLE3RL4NKJV:0000003D)
2026-05-09 15:02:21.122 -08:00 [INF] Authorization header exists: false
2026-05-09 15:02:21.136 -08:00 [INF] MediatR handling started LoginCommand
2026-05-09 15:02:21.334 -08:00 [INF] MediatR handling completed LoginCommand in 198 ms
2026-05-09 15:02:21.338 -08:00 [INF] HTTP POST /api/Auth/login completed with 200 in 215 ms (0HNLE3RL4NKK1:00000003)
2026-05-09 15:02:59.215 -08:00 [INF] Authorization header exists: false
2026-05-09 15:03:11.711 -08:00 [INF] MediatR handling started LoginCommand
2026-05-09 15:03:11.769 -08:00 [INF] MediatR handling completed LoginCommand in 57 ms
2026-05-09 15:03:11.770 -08:00 [INF] HTTP POST /api/Auth/login completed with 200 in 12555 ms (0HNLE3RL4NKK1:00000007)
2026-05-09 15:03:24.201 -08:00 [WRN] Sensitive data logging is enabled. Log entries and exception messages may include sensitive application data; this mode should only be enabled during development.
2026-05-09 15:03:25.076 -08:00 [INF] Admin wildcard access policy already exists
2026-05-09 15:03:25.324 -08:00 [INF] Now listening on: https://localhost:7259
2026-05-09 15:03:25.327 -08:00 [INF] Now listening on: http://localhost:5244
2026-05-09 15:03:25.392 -08:00 [INF] Application started. Press Ctrl+C to shut down.
2026-05-09 15:03:25.393 -08:00 [INF] Hosting environment: Development
2026-05-09 15:03:25.394 -08:00 [INF] Content root path: C:\PrivateProject\algo.bytes\src\algo.API
2026-05-09 15:03:31.261 -08:00 [INF] Authorization header exists: false
2026-05-09 15:03:34.457 -08:00 [INF] MediatR handling started LoginCommand
2026-05-09 15:03:47.964 -08:00 [INF] Authorization header exists: true
2026-05-09 15:03:48.067 -08:00 [INF] JWT token validated. IsAuthenticated=true
2026-05-09 15:03:48.077 -08:00 [INF] HTTP POST /hubs/sessions/negotiate completed with 200 in 116 ms (0HNLE3SO55MIO:00000001)
2026-05-09 15:03:48.083 -08:00 [INF] Authorization header exists: false
2026-05-09 15:03:48.123 -08:00 [INF] JWT token validated. IsAuthenticated=true
2026-05-09 15:05:26.714 -08:00 [INF] MediatR handling completed LoginCommand in 110708 ms
2026-05-09 15:05:32.469 -08:00 [INF] Authorization header exists: true
2026-05-09 15:05:32.488 -08:00 [INF] JWT token validated. IsAuthenticated=true
2026-05-09 15:05:32.490 -08:00 [INF] HTTP POST /hubs/sessions/negotiate completed with 200 in 21 ms (0HNLE3SO55MIQ:00000001)
2026-05-09 15:05:32.494 -08:00 [INF] Authorization header exists: false
2026-05-09 15:05:32.496 -08:00 [INF] HTTP CONNECT /hubs/sessions completed with 200 in 104414 ms (0HNLE3SO55MIO:00000003)
2026-05-09 15:05:32.497 -08:00 [INF] JWT token validated. IsAuthenticated=true
2026-05-09 15:05:32.552 -08:00 [INF] HTTP POST /api/Auth/login completed with 200 in 121329 ms (0HNLE3SO55MIM:00000003)
2026-05-09 15:05:55.469 -08:00 [INF] Authorization header exists: false
2026-05-09 15:05:55.473 -08:00 [INF] MediatR handling started LoginCommand
2026-05-09 15:05:59.892 -08:00 [INF] MediatR handling completed LoginCommand in 4419 ms
2026-05-09 15:05:59.894 -08:00 [INF] HTTP POST /api/Auth/login completed with 200 in 4425 ms (0HNLE3SO55MIR:00000003)
2026-05-09 15:06:14.871 -08:00 [INF] Authorization header exists: true
2026-05-09 15:06:14.873 -08:00 [INF] JWT token validated. IsAuthenticated=true
2026-05-09 15:06:14.889 -08:00 [INF] MediatR handling started LogoutCommand
2026-05-09 15:06:14.915 -08:00 [INF] MediatR handling completed LogoutCommand in 26 ms
2026-05-09 15:06:14.917 -08:00 [INF] HTTP POST /api/Auth/logout completed with 204 in 46 ms (0HNLE3SO55MIP:00000005)
2026-05-09 15:06:14.921 -08:00 [INF] HTTP CONNECT /hubs/sessions completed with 200 in 42427 ms (0HNLE3SO55MIQ:00000003)
2026-05-09 15:06:25.771 -08:00 [INF] Authorization header exists: false
2026-05-09 15:06:25.777 -08:00 [INF] MediatR handling started LoginCommand
2026-05-09 15:06:25.846 -08:00 [INF] MediatR handling completed LoginCommand in 68 ms
2026-05-09 15:06:25.847 -08:00 [INF] HTTP POST /api/Auth/login completed with 200 in 75 ms (0HNLE3SO55MIP:00000009)
2026-05-09 15:08:47.531 -08:00 [WRN] Sensitive data logging is enabled. Log entries and exception messages may include sensitive application data; this mode should only be enabled during development.
2026-05-09 15:08:48.300 -08:00 [INF] Admin wildcard access policy already exists
2026-05-09 15:08:48.538 -08:00 [INF] Now listening on: https://localhost:7259
2026-05-09 15:08:48.540 -08:00 [INF] Now listening on: http://localhost:5244
2026-05-09 15:08:48.591 -08:00 [INF] Application started. Press Ctrl+C to shut down.
2026-05-09 15:08:48.592 -08:00 [INF] Hosting environment: Development
2026-05-09 15:08:48.593 -08:00 [INF] Content root path: C:\PrivateProject\algo.bytes\src\algo.API
2026-05-09 15:09:17.800 -08:00 [INF] Authorization header exists: false
2026-05-09 15:09:17.865 -08:00 [INF] MediatR handling started LoginCommand
2026-05-09 15:09:18.398 -08:00 [INF] MediatR handling completed LoginCommand in 533 ms
2026-05-09 15:09:18.420 -08:00 [INF] HTTP POST /api/Auth/login completed with 200 in 669 ms (0HNLE3VVDJ4A6:00000003)
2026-05-09 15:09:18.647 -08:00 [INF] Authorization header exists: true
2026-05-09 15:09:18.647 -08:00 [INF] Authorization header exists: true
2026-05-09 15:09:18.649 -08:00 [INF] Authorization header exists: true
2026-05-09 15:09:18.672 -08:00 [INF] Authorization header exists: true
2026-05-09 15:09:18.872 -08:00 [INF] JWT token validated. IsAuthenticated=true
2026-05-09 15:09:18.880 -08:00 [INF] JWT token validated. IsAuthenticated=true
2026-05-09 15:09:18.880 -08:00 [INF] JWT token validated. IsAuthenticated=true
2026-05-09 15:09:18.892 -08:00 [INF] HTTP POST /hubs/sessions/negotiate completed with 200 in 251 ms (0HNLE3VVDJ4A7:00000001)
2026-05-09 15:09:18.898 -08:00 [INF] MediatR handling started GetRolesQuery
2026-05-09 15:09:18.911 -08:00 [INF] Access policy check started for roles:read
2026-05-09 15:09:18.924 -08:00 [INF] JWT token validated. IsAuthenticated=true
2026-05-09 15:09:18.942 -08:00 [INF] MediatR handling started GetUsersQuery
2026-05-09 15:09:18.942 -08:00 [INF] MediatR handling started GetUsersQuery
2026-05-09 15:09:18.950 -08:00 [INF] Access policy evaluation for roles:read. UserId=d1ed8be4-9703-45f0-935f-3c39601b55e1, Roles=[inactive], ActiveRules=3, SubjectMatched=1, ResourceActionMatched=0, Allows=0, Denies=0, Decision=Denied
2026-05-09 15:09:19.112 -08:00 [ERR] MediatR handling failed GetRolesQuery after 214 ms
FluentValidation.ValidationException: Validation failed: 
 -- authorization: Forbidden: roles:read. Severity: Error
   at algo.Application.Common.AccessPolicy.AccessPolicyAuthorizationExtensions.EnsureResourceActionAllowedAsync(IAccessPolicyEvaluator evaluator, IApplicationDbContext db, String resource, String action, CancellationToken cancellationToken) in C:\PrivateProject\algo.bytes\src\algo.Application\Common\AccessPolicy\AccessPolicyAuthorizationExtensions.cs:line 19
   at algo.Application.Features.Roles.Queries.GetRoles.GetRolesQueryHandler.Handle(GetRolesQuery request, CancellationToken cancellationToken) in C:\PrivateProject\algo.bytes\src\algo.Application\Features\Roles\Queries\GetRoles\GetRolesQueryHandler.cs:line 18
   at algo.Application.Behaviors.ValidationBehavior`2.Handle(TRequest request, RequestHandlerDelegate`1 next, CancellationToken cancellationToken) in C:\PrivateProject\algo.bytes\src\algo.Application\Behaviors\ValidationBehavior.cs:line 29
   at algo.Application.Behaviors.LoggingBehavior`2.Handle(TRequest request, RequestHandlerDelegate`1 next, CancellationToken cancellationToken) in C:\PrivateProject\algo.bytes\src\algo.Application\Behaviors\LoggingBehavior.cs:line 31
2026-05-09 15:09:19.114 -08:00 [INF] Access policy check started for users:read
2026-05-09 15:09:19.114 -08:00 [INF] Access policy check started for users:read
2026-05-09 15:09:19.120 -08:00 [INF] Authorization header exists: false
2026-05-09 15:09:19.321 -08:00 [INF] JWT token validated. IsAuthenticated=true
2026-05-09 15:09:19.322 -08:00 [INF] Access policy evaluation for users:read. UserId=d1ed8be4-9703-45f0-935f-3c39601b55e1, Roles=[inactive], ActiveRules=3, SubjectMatched=1, ResourceActionMatched=1, Allows=1, Denies=0, Decision=Allowed
2026-05-09 15:09:19.322 -08:00 [INF] Access policy evaluation for users:read. UserId=d1ed8be4-9703-45f0-935f-3c39601b55e1, Roles=[inactive], ActiveRules=3, SubjectMatched=1, ResourceActionMatched=1, Allows=1, Denies=0, Decision=Allowed
2026-05-09 15:09:19.328 -08:00 [INF] HTTP GET /api/Roles completed with 403 in 684 ms (0HNLE3VVDJ4A6:0000000B)
2026-05-09 15:09:19.340 -08:00 [INF] Access policy query filter started for users:read
2026-05-09 15:09:19.340 -08:00 [INF] Access policy query filter started for users:read
2026-05-09 15:09:19.372 -08:00 [INF] Access policy query filter for users:read. UserId=d1ed8be4-9703-45f0-935f-3c39601b55e1, Roles=[inactive], ActiveRules=3, SubjectMatched=1, ResourceActionMatched=1, Allows=1, Denies=0
2026-05-09 15:09:19.382 -08:00 [INF] Access policy query filter for users:read. UserId=d1ed8be4-9703-45f0-935f-3c39601b55e1, Roles=[inactive], ActiveRules=3, SubjectMatched=1, ResourceActionMatched=1, Allows=1, Denies=0
2026-05-09 15:09:19.609 -08:00 [INF] MediatR handling completed GetUsersQuery in 667 ms
2026-05-09 15:09:19.609 -08:00 [INF] MediatR handling completed GetUsersQuery in 667 ms
2026-05-09 15:09:19.622 -08:00 [INF] HTTP GET /api/Users completed with 200 in 973 ms (0HNLE3VVDJ4A6:0000000D)
2026-05-09 15:09:19.622 -08:00 [INF] HTTP GET /api/Users completed with 200 in 950 ms (0HNLE3VVDJ4A6:00000011)
2026-05-09 15:09:34.907 -08:00 [INF] HTTP CONNECT /hubs/sessions completed with 200 in 15787 ms (0HNLE3VVDJ4A7:00000003)
2026-05-09 15:13:35.809 -08:00 [INF] Authorization header exists: true
2026-05-09 15:13:35.821 -08:00 [INF] JWT token validated. IsAuthenticated=true
2026-05-09 15:13:35.824 -08:00 [INF] HTTP POST /hubs/sessions/negotiate completed with 200 in 16 ms (0HNLE3VVDJ4A7:00000005)
2026-05-09 15:13:35.849 -08:00 [INF] Authorization header exists: true
2026-05-09 15:13:35.851 -08:00 [INF] Authorization header exists: true
2026-05-09 15:13:35.853 -08:00 [INF] JWT token validated. IsAuthenticated=true
2026-05-09 15:13:35.855 -08:00 [INF] JWT token validated. IsAuthenticated=true
2026-05-09 15:13:35.855 -08:00 [INF] MediatR handling started GetRolesQuery
2026-05-09 15:13:35.858 -08:00 [INF] Access policy check started for roles:read
2026-05-09 15:13:35.861 -08:00 [INF] MediatR handling started GetUsersQuery
2026-05-09 15:13:35.866 -08:00 [INF] Access policy evaluation for roles:read. UserId=d1ed8be4-9703-45f0-935f-3c39601b55e1, Roles=[inactive], ActiveRules=3, SubjectMatched=1, ResourceActionMatched=0, Allows=0, Denies=0, Decision=Denied
2026-05-09 15:13:36.111 -08:00 [ERR] MediatR handling failed GetRolesQuery after 256 ms
FluentValidation.ValidationException: Validation failed: 
 -- authorization: Forbidden: roles:read. Severity: Error
   at algo.Application.Common.AccessPolicy.AccessPolicyAuthorizationExtensions.EnsureResourceActionAllowedAsync(IAccessPolicyEvaluator evaluator, IApplicationDbContext db, String resource, String action, CancellationToken cancellationToken) in C:\PrivateProject\algo.bytes\src\algo.Application\Common\AccessPolicy\AccessPolicyAuthorizationExtensions.cs:line 19
   at algo.Application.Features.Roles.Queries.GetRoles.GetRolesQueryHandler.Handle(GetRolesQuery request, CancellationToken cancellationToken) in C:\PrivateProject\algo.bytes\src\algo.Application\Features\Roles\Queries\GetRoles\GetRolesQueryHandler.cs:line 18
   at algo.Application.Behaviors.ValidationBehavior`2.Handle(TRequest request, RequestHandlerDelegate`1 next, CancellationToken cancellationToken) in C:\PrivateProject\algo.bytes\src\algo.Application\Behaviors\ValidationBehavior.cs:line 29
   at algo.Application.Behaviors.LoggingBehavior`2.Handle(TRequest request, RequestHandlerDelegate`1 next, CancellationToken cancellationToken) in C:\PrivateProject\algo.bytes\src\algo.Application\Behaviors\LoggingBehavior.cs:line 31
2026-05-09 15:13:36.112 -08:00 [INF] Authorization header exists: true
2026-05-09 15:13:36.161 -08:00 [INF] Access policy check started for users:read
2026-05-09 15:13:36.375 -08:00 [INF] HTTP GET /api/Roles completed with 403 in 526 ms (0HNLE3VVDJ4A6:00000019)
2026-05-09 15:13:36.376 -08:00 [INF] JWT token validated. IsAuthenticated=true
2026-05-09 15:13:36.413 -08:00 [INF] Access policy evaluation for users:read. UserId=d1ed8be4-9703-45f0-935f-3c39601b55e1, Roles=[inactive], ActiveRules=3, SubjectMatched=1, ResourceActionMatched=1, Allows=1, Denies=0, Decision=Allowed
2026-05-09 15:13:36.417 -08:00 [INF] Authorization header exists: false
2026-05-09 15:13:36.419 -08:00 [INF] MediatR handling started GetUsersQuery
2026-05-09 15:13:36.422 -08:00 [INF] Access policy query filter started for users:read
2026-05-09 15:13:36.423 -08:00 [INF] Access policy check started for users:read
2026-05-09 15:13:36.424 -08:00 [INF] JWT token validated. IsAuthenticated=true
2026-05-09 15:13:36.426 -08:00 [INF] Access policy query filter for users:read. UserId=d1ed8be4-9703-45f0-935f-3c39601b55e1, Roles=[inactive], ActiveRules=3, SubjectMatched=1, ResourceActionMatched=1, Allows=1, Denies=0
2026-05-09 15:13:36.428 -08:00 [INF] Access policy evaluation for users:read. UserId=d1ed8be4-9703-45f0-935f-3c39601b55e1, Roles=[inactive], ActiveRules=3, SubjectMatched=1, ResourceActionMatched=1, Allows=1, Denies=0, Decision=Allowed
2026-05-09 15:13:36.434 -08:00 [INF] Access policy query filter started for users:read
2026-05-09 15:13:36.437 -08:00 [INF] Access policy query filter for users:read. UserId=d1ed8be4-9703-45f0-935f-3c39601b55e1, Roles=[inactive], ActiveRules=3, SubjectMatched=1, ResourceActionMatched=1, Allows=1, Denies=0
2026-05-09 15:13:36.441 -08:00 [INF] MediatR handling completed GetUsersQuery in 580 ms
2026-05-09 15:13:36.444 -08:00 [INF] HTTP GET /api/Users completed with 200 in 593 ms (0HNLE3VVDJ4A6:0000001B)
2026-05-09 15:13:36.447 -08:00 [INF] MediatR handling completed GetUsersQuery in 27 ms
2026-05-09 15:13:36.449 -08:00 [INF] HTTP GET /api/Users completed with 200 in 336 ms (0HNLE3VVDJ4A6:0000001F)
2026-05-09 15:13:55.732 -08:00 [INF] HTTP CONNECT /hubs/sessions completed with 200 in 19314 ms (0HNLE3VVDJ4A7:00000007)
2026-05-09 15:13:56.174 -08:00 [INF] Authorization header exists: true
2026-05-09 15:13:56.210 -08:00 [INF] Authorization header exists: true
2026-05-09 15:13:56.210 -08:00 [INF] Authorization header exists: true
2026-05-09 15:13:56.315 -08:00 [INF] Authorization header exists: true
2026-05-09 15:13:56.332 -08:00 [INF] JWT token validated. IsAuthenticated=true
2026-05-09 15:13:56.332 -08:00 [INF] JWT token validated. IsAuthenticated=true
2026-05-09 15:13:56.342 -08:00 [INF] JWT token validated. IsAuthenticated=true
2026-05-09 15:13:56.344 -08:00 [INF] HTTP POST /hubs/sessions/negotiate completed with 200 in 170 ms (0HNLE3VVDJ4A7:00000009)
2026-05-09 15:13:56.345 -08:00 [INF] MediatR handling started GetUsersQuery
2026-05-09 15:13:56.346 -08:00 [INF] MediatR handling started GetRolesQuery
2026-05-09 15:13:56.349 -08:00 [INF] Access policy check started for users:read
2026-05-09 15:13:56.351 -08:00 [INF] Access policy check started for roles:read
2026-05-09 15:13:56.356 -08:00 [INF] Access policy evaluation for roles:read. UserId=d1ed8be4-9703-45f0-935f-3c39601b55e1, Roles=[inactive], ActiveRules=3, SubjectMatched=1, ResourceActionMatched=0, Allows=0, Denies=0, Decision=Denied
2026-05-09 15:13:56.356 -08:00 [INF] Access policy evaluation for users:read. UserId=d1ed8be4-9703-45f0-935f-3c39601b55e1, Roles=[inactive], ActiveRules=3, SubjectMatched=1, ResourceActionMatched=1, Allows=1, Denies=0, Decision=Allowed
2026-05-09 15:13:56.405 -08:00 [INF] JWT token validated. IsAuthenticated=true
2026-05-09 15:13:56.481 -08:00 [ERR] MediatR handling failed GetRolesQuery after 135 ms
FluentValidation.ValidationException: Validation failed: 
 -- authorization: Forbidden: roles:read. Severity: Error
   at algo.Application.Common.AccessPolicy.AccessPolicyAuthorizationExtensions.EnsureResourceActionAllowedAsync(IAccessPolicyEvaluator evaluator, IApplicationDbContext db, String resource, String action, CancellationToken cancellationToken) in C:\PrivateProject\algo.bytes\src\algo.Application\Common\AccessPolicy\AccessPolicyAuthorizationExtensions.cs:line 19
   at algo.Application.Features.Roles.Queries.GetRoles.GetRolesQueryHandler.Handle(GetRolesQuery request, CancellationToken cancellationToken) in C:\PrivateProject\algo.bytes\src\algo.Application\Features\Roles\Queries\GetRoles\GetRolesQueryHandler.cs:line 18
   at algo.Application.Behaviors.ValidationBehavior`2.Handle(TRequest request, RequestHandlerDelegate`1 next, CancellationToken cancellationToken) in C:\PrivateProject\algo.bytes\src\algo.Application\Behaviors\ValidationBehavior.cs:line 29
   at algo.Application.Behaviors.LoggingBehavior`2.Handle(TRequest request, RequestHandlerDelegate`1 next, CancellationToken cancellationToken) in C:\PrivateProject\algo.bytes\src\algo.Application\Behaviors\LoggingBehavior.cs:line 31
2026-05-09 15:13:56.483 -08:00 [INF] Access policy query filter started for users:read
2026-05-09 15:13:56.484 -08:00 [INF] MediatR handling started GetUsersQuery
2026-05-09 15:13:56.642 -08:00 [INF] Access policy check started for users:read
2026-05-09 15:13:56.687 -08:00 [INF] Access policy query filter for users:read. UserId=d1ed8be4-9703-45f0-935f-3c39601b55e1, Roles=[inactive], ActiveRules=3, SubjectMatched=1, ResourceActionMatched=1, Allows=1, Denies=0
2026-05-09 15:13:56.698 -08:00 [INF] HTTP GET /api/Roles completed with 403 in 488 ms (0HNLE3VVDJ4A6:00000027)
2026-05-09 15:13:56.700 -08:00 [INF] Access policy evaluation for users:read. UserId=d1ed8be4-9703-45f0-935f-3c39601b55e1, Roles=[inactive], ActiveRules=3, SubjectMatched=1, ResourceActionMatched=1, Allows=1, Denies=0, Decision=Allowed
2026-05-09 15:13:56.707 -08:00 [INF] Access policy query filter started for users:read
2026-05-09 15:13:56.710 -08:00 [INF] Access policy query filter for users:read. UserId=d1ed8be4-9703-45f0-935f-3c39601b55e1, Roles=[inactive], ActiveRules=3, SubjectMatched=1, ResourceActionMatched=1, Allows=1, Denies=0
2026-05-09 15:13:56.719 -08:00 [INF] MediatR handling completed GetUsersQuery in 373 ms
2026-05-09 15:13:56.720 -08:00 [INF] HTTP GET /api/Users completed with 200 in 509 ms (0HNLE3VVDJ4A6:00000029)
2026-05-09 15:13:56.724 -08:00 [INF] MediatR handling completed GetUsersQuery in 240 ms
2026-05-09 15:13:56.726 -08:00 [INF] HTTP GET /api/Users completed with 200 in 411 ms (0HNLE3VVDJ4A6:0000002D)
2026-05-09 15:13:56.781 -08:00 [INF] Authorization header exists: false
2026-05-09 15:13:56.784 -08:00 [INF] JWT token validated. IsAuthenticated=true
2026-05-09 15:15:09.182 -08:00 [INF] HTTP CONNECT /hubs/sessions completed with 200 in 72400 ms (0HNLE3VVDJ4A7:0000000B)
2026-05-09 15:15:09.724 -08:00 [INF] Authorization header exists: true
2026-05-09 15:15:09.730 -08:00 [INF] JWT token validated. IsAuthenticated=true
2026-05-09 15:15:09.732 -08:00 [INF] HTTP POST /hubs/sessions/negotiate completed with 200 in 7 ms (0HNLE3VVDJ4A7:0000000D)
2026-05-09 15:15:09.885 -08:00 [INF] Authorization header exists: true
2026-05-09 15:15:09.889 -08:00 [INF] JWT token validated. IsAuthenticated=true
2026-05-09 15:15:09.892 -08:00 [INF] MediatR handling started GetUsersQuery
2026-05-09 15:15:09.894 -08:00 [INF] Access policy check started for users:read
2026-05-09 15:15:09.898 -08:00 [INF] Access policy evaluation for users:read. UserId=d1ed8be4-9703-45f0-935f-3c39601b55e1, Roles=[inactive], ActiveRules=3, SubjectMatched=1, ResourceActionMatched=1, Allows=1, Denies=0, Decision=Allowed
2026-05-09 15:15:09.902 -08:00 [INF] Access policy query filter started for users:read
2026-05-09 15:15:09.910 -08:00 [INF] Access policy query filter for users:read. UserId=d1ed8be4-9703-45f0-935f-3c39601b55e1, Roles=[inactive], ActiveRules=3, SubjectMatched=1, ResourceActionMatched=1, Allows=1, Denies=0
2026-05-09 15:15:09.930 -08:00 [INF] MediatR handling completed GetUsersQuery in 38 ms
2026-05-09 15:15:09.933 -08:00 [INF] HTTP GET /api/Users completed with 200 in 47 ms (0HNLE3VVDJ4A6:00000033)
2026-05-09 15:15:10.532 -08:00 [INF] Authorization header exists: false
2026-05-09 15:15:10.535 -08:00 [INF] JWT token validated. IsAuthenticated=true
2026-05-09 15:16:04.332 -08:00 [INF] HTTP CONNECT /hubs/sessions completed with 200 in 53800 ms (0HNLE3VVDJ4A7:0000000F)
2026-05-09 15:16:04.715 -08:00 [INF] Authorization header exists: true
2026-05-09 15:16:04.717 -08:00 [INF] JWT token validated. IsAuthenticated=true
2026-05-09 15:16:04.718 -08:00 [INF] HTTP POST /hubs/sessions/negotiate completed with 200 in 3 ms (0HNLE3VVDJ4A9:00000001)
2026-05-09 15:16:04.753 -08:00 [INF] Authorization header exists: true
2026-05-09 15:16:04.756 -08:00 [INF] JWT token validated. IsAuthenticated=true
2026-05-09 15:16:04.757 -08:00 [INF] MediatR handling started GetUsersQuery
2026-05-09 15:16:04.758 -08:00 [INF] Access policy check started for users:read
2026-05-09 15:16:04.761 -08:00 [INF] Access policy evaluation for users:read. UserId=d1ed8be4-9703-45f0-935f-3c39601b55e1, Roles=[inactive], ActiveRules=3, SubjectMatched=1, ResourceActionMatched=1, Allows=1, Denies=0, Decision=Allowed
2026-05-09 15:16:04.764 -08:00 [INF] Access policy query filter started for users:read
2026-05-09 15:16:04.766 -08:00 [INF] Access policy query filter for users:read. UserId=d1ed8be4-9703-45f0-935f-3c39601b55e1, Roles=[inactive], ActiveRules=3, SubjectMatched=1, ResourceActionMatched=1, Allows=1, Denies=0
2026-05-09 15:16:04.773 -08:00 [INF] MediatR handling completed GetUsersQuery in 16 ms
2026-05-09 15:16:04.775 -08:00 [INF] HTTP GET /api/Users completed with 200 in 22 ms (0HNLE3VVDJ4A8:00000005)
2026-05-09 15:16:05.214 -08:00 [INF] Authorization header exists: false
2026-05-09 15:16:05.218 -08:00 [INF] JWT token validated. IsAuthenticated=true
2026-05-09 15:16:18.716 -08:00 [INF] Authorization header exists: true
2026-05-09 15:16:18.718 -08:00 [INF] JWT token validated. IsAuthenticated=true
2026-05-09 15:16:18.736 -08:00 [INF] MediatR handling started LogoutCommand
2026-05-09 15:16:18.763 -08:00 [INF] MediatR handling completed LogoutCommand in 27 ms
2026-05-09 15:16:18.765 -08:00 [INF] HTTP POST /api/Auth/logout completed with 204 in 49 ms (0HNLE3VVDJ4A8:00000009)
2026-05-09 15:16:18.772 -08:00 [INF] HTTP CONNECT /hubs/sessions completed with 200 in 13557 ms (0HNLE3VVDJ4A9:00000003)
2026-05-09 15:25:59.704 -08:00 [WRN] Sensitive data logging is enabled. Log entries and exception messages may include sensitive application data; this mode should only be enabled during development.
2026-05-09 15:26:00.645 -08:00 [INF] Admin wildcard access policy already exists
2026-05-09 15:26:00.920 -08:00 [INF] Now listening on: https://localhost:7259
2026-05-09 15:26:00.926 -08:00 [INF] Now listening on: http://localhost:5244
2026-05-09 15:26:01.020 -08:00 [INF] Application started. Press Ctrl+C to shut down.
2026-05-09 15:26:01.021 -08:00 [INF] Hosting environment: Development
2026-05-09 15:26:01.022 -08:00 [INF] Content root path: C:\PrivateProject\algo.bytes\src\algo.API
2026-05-09 15:26:12.064 -08:00 [INF] Authorization header exists: false
2026-05-09 15:26:12.149 -08:00 [INF] MediatR handling started LoginCommand
2026-05-09 15:26:12.713 -08:00 [INF] MediatR handling completed LoginCommand in 564 ms
2026-05-09 15:26:12.728 -08:00 [INF] HTTP POST /api/Auth/login completed with 200 in 719 ms (0HNLE49DM8LO4:00000003)
2026-05-09 15:26:12.889 -08:00 [INF] Authorization header exists: true
2026-05-09 15:26:12.928 -08:00 [INF] Authorization header exists: true
2026-05-09 15:26:13.002 -08:00 [INF] JWT token validated. IsAuthenticated=true
2026-05-09 15:26:13.012 -08:00 [INF] JWT token validated. IsAuthenticated=true
2026-05-09 15:26:13.021 -08:00 [INF] HTTP POST /hubs/sessions/negotiate completed with 200 in 138 ms (0HNLE49DM8LO5:00000001)
2026-05-09 15:26:13.059 -08:00 [INF] MediatR handling started GetUsersQuery
2026-05-09 15:26:13.079 -08:00 [INF] Access policy check started for users:read
2026-05-09 15:26:13.108 -08:00 [INF] Access policy evaluation for users:read. UserId=790c2c93-d8e6-4b61-8a11-e4190a1c0805, Roles=[Admin], ActiveRules=3, SubjectMatched=1, ResourceActionMatched=1, Allows=1, Denies=0, Decision=Allowed
2026-05-09 15:26:13.121 -08:00 [INF] Access policy query filter started for users:read
2026-05-09 15:26:13.130 -08:00 [INF] Access policy query filter for users:read. UserId=790c2c93-d8e6-4b61-8a11-e4190a1c0805, Roles=[Admin], ActiveRules=3, SubjectMatched=1, ResourceActionMatched=1, Allows=1, Denies=0
2026-05-09 15:26:13.238 -08:00 [INF] MediatR handling completed GetUsersQuery in 179 ms
2026-05-09 15:26:13.251 -08:00 [INF] HTTP GET /api/Users completed with 200 in 325 ms (0HNLE49DM8LO4:00000009)
2026-05-09 15:26:13.491 -08:00 [INF] Authorization header exists: false
2026-05-09 15:26:13.496 -08:00 [INF] JWT token validated. IsAuthenticated=true
2026-05-09 15:26:20.365 -08:00 [INF] Authorization header exists: true
2026-05-09 15:26:20.369 -08:00 [INF] JWT token validated. IsAuthenticated=true
2026-05-09 15:26:20.385 -08:00 [INF] MediatR handling started SetUserTotpPolicyCommand
2026-05-09 15:26:20.389 -08:00 [INF] Access policy check started for users:update
2026-05-09 15:26:20.392 -08:00 [INF] Access policy evaluation for users:update. UserId=790c2c93-d8e6-4b61-8a11-e4190a1c0805, Roles=[Admin], ActiveRules=3, SubjectMatched=1, ResourceActionMatched=1, Allows=1, Denies=0, Decision=Allowed
2026-05-09 15:26:20.395 -08:00 [INF] Access policy query filter started for users:update
2026-05-09 15:26:20.397 -08:00 [INF] Access policy query filter for users:update. UserId=790c2c93-d8e6-4b61-8a11-e4190a1c0805, Roles=[Admin], ActiveRules=3, SubjectMatched=1, ResourceActionMatched=1, Allows=1, Denies=0
2026-05-09 15:26:20.423 -08:00 [INF] MediatR handling completed SetUserTotpPolicyCommand in 37 ms
2026-05-09 15:26:20.425 -08:00 [INF] HTTP PATCH /api/Users/d1ed8be4-9703-45f0-935f-3c39601b55e1/totp-policy completed with 204 in 60 ms (0HNLE49DM8LO4:0000000D)
2026-05-09 15:26:20.433 -08:00 [INF] Authorization header exists: true
2026-05-09 15:26:20.436 -08:00 [INF] JWT token validated. IsAuthenticated=true
2026-05-09 15:26:20.438 -08:00 [INF] MediatR handling started GetUsersQuery
2026-05-09 15:26:20.440 -08:00 [INF] Access policy check started for users:read
2026-05-09 15:26:20.442 -08:00 [INF] Access policy evaluation for users:read. UserId=790c2c93-d8e6-4b61-8a11-e4190a1c0805, Roles=[Admin], ActiveRules=3, SubjectMatched=1, ResourceActionMatched=1, Allows=1, Denies=0, Decision=Allowed
2026-05-09 15:26:20.444 -08:00 [INF] Access policy query filter started for users:read
2026-05-09 15:26:20.446 -08:00 [INF] Access policy query filter for users:read. UserId=790c2c93-d8e6-4b61-8a11-e4190a1c0805, Roles=[Admin], ActiveRules=3, SubjectMatched=1, ResourceActionMatched=1, Allows=1, Denies=0
2026-05-09 15:26:20.455 -08:00 [INF] MediatR handling completed GetUsersQuery in 16 ms
2026-05-09 15:26:20.457 -08:00 [INF] HTTP GET /api/Users completed with 200 in 23 ms (0HNLE49DM8LO4:00000011)
2026-05-09 15:26:57.566 -08:00 [INF] Authorization header exists: false
2026-05-09 15:26:57.568 -08:00 [INF] MediatR handling started LoginCommand
2026-05-09 15:26:57.673 -08:00 [INF] MediatR handling completed LoginCommand in 105 ms
2026-05-09 15:26:57.675 -08:00 [INF] HTTP POST /api/Auth/login completed with 200 in 109 ms (0HNLE49DM8LO6:00000003)
2026-05-09 15:27:40.047 -08:00 [INF] Authorization header exists: false
2026-05-09 15:27:40.050 -08:00 [INF] MediatR handling started LoginCommand
2026-05-09 15:27:40.147 -08:00 [INF] MediatR handling completed LoginCommand in 97 ms
2026-05-09 15:27:40.149 -08:00 [INF] HTTP POST /api/Auth/login completed with 200 in 102 ms (0HNLE49DM8LO6:00000007)
2026-05-09 15:27:40.293 -08:00 [INF] Authorization header exists: true
2026-05-09 15:27:40.295 -08:00 [INF] JWT token validated. IsAuthenticated=true
2026-05-09 15:27:40.297 -08:00 [INF] HTTP POST /hubs/sessions/negotiate completed with 200 in 4 ms (0HNLE49DM8LO7:00000001)
2026-05-09 15:27:40.305 -08:00 [INF] Authorization header exists: true
2026-05-09 15:27:40.307 -08:00 [INF] JWT token validated. IsAuthenticated=true
2026-05-09 15:27:40.311 -08:00 [INF] MediatR handling started GetUsersQuery
2026-05-09 15:27:40.318 -08:00 [INF] Access policy check started for users:read
2026-05-09 15:27:40.320 -08:00 [INF] Access policy evaluation for users:read. UserId=d1ed8be4-9703-45f0-935f-3c39601b55e1, Roles=[inactive], ActiveRules=3, SubjectMatched=1, ResourceActionMatched=1, Allows=1, Denies=0, Decision=Allowed
2026-05-09 15:27:40.322 -08:00 [INF] Access policy query filter started for users:read
2026-05-09 15:27:40.324 -08:00 [INF] Access policy query filter for users:read. UserId=d1ed8be4-9703-45f0-935f-3c39601b55e1, Roles=[inactive], ActiveRules=3, SubjectMatched=1, ResourceActionMatched=1, Allows=1, Denies=0
2026-05-09 15:27:40.355 -08:00 [INF] MediatR handling completed GetUsersQuery in 43 ms
2026-05-09 15:27:40.356 -08:00 [INF] HTTP GET /api/Users completed with 200 in 51 ms (0HNLE49DM8LO6:0000000D)
2026-05-09 15:27:40.554 -08:00 [INF] Authorization header exists: false
2026-05-09 15:27:40.556 -08:00 [INF] JWT token validated. IsAuthenticated=true
2026-05-09 15:27:47.210 -08:00 [INF] Authorization header exists: true
2026-05-09 15:27:47.213 -08:00 [INF] JWT token validated. IsAuthenticated=true
2026-05-09 15:27:47.225 -08:00 [INF] MediatR handling started LogoutCommand
2026-05-09 15:27:47.278 -08:00 [INF] MediatR handling completed LogoutCommand in 53 ms
2026-05-09 15:27:47.279 -08:00 [INF] HTTP POST /api/Auth/logout completed with 204 in 69 ms (0HNLE49DM8LO6:00000011)
2026-05-09 15:27:47.292 -08:00 [INF] HTTP CONNECT /hubs/sessions completed with 200 in 6738 ms (0HNLE49DM8LO7:00000003)
2026-05-09 15:27:48.258 -08:00 [INF] Authorization header exists: false
2026-05-09 15:27:48.259 -08:00 [INF] MediatR handling started LoginCommand
2026-05-09 15:27:48.306 -08:00 [INF] MediatR handling completed LoginCommand in 47 ms
2026-05-09 15:27:48.308 -08:00 [INF] HTTP POST /api/Auth/login completed with 200 in 49 ms (0HNLE49DM8LO6:00000015)
2026-05-09 15:28:08.072 -08:00 [INF] Authorization header exists: false
2026-05-09 15:28:08.074 -08:00 [INF] MediatR handling started LoginCommand
2026-05-09 15:28:08.129 -08:00 [INF] MediatR handling completed LoginCommand in 54 ms
2026-05-09 15:28:08.130 -08:00 [INF] HTTP POST /api/Auth/login completed with 200 in 57 ms (0HNLE49DM8LO6:00000019)
2026-05-09 15:28:08.142 -08:00 [INF] Authorization header exists: true
2026-05-09 15:28:08.144 -08:00 [INF] JWT token validated. IsAuthenticated=true
2026-05-09 15:28:08.145 -08:00 [INF] HTTP POST /hubs/sessions/negotiate completed with 200 in 3 ms (0HNLE49DM8LO7:00000005)
2026-05-09 15:28:08.151 -08:00 [INF] Authorization header exists: true
2026-05-09 15:28:08.153 -08:00 [INF] JWT token validated. IsAuthenticated=true
2026-05-09 15:28:08.154 -08:00 [INF] MediatR handling started GetUsersQuery
2026-05-09 15:28:08.154 -08:00 [INF] Access policy check started for users:read
2026-05-09 15:28:08.156 -08:00 [INF] Access policy evaluation for users:read. UserId=d1ed8be4-9703-45f0-935f-3c39601b55e1, Roles=[inactive], ActiveRules=3, SubjectMatched=1, ResourceActionMatched=1, Allows=1, Denies=0, Decision=Allowed
2026-05-09 15:28:08.158 -08:00 [INF] Access policy query filter started for users:read
2026-05-09 15:28:08.159 -08:00 [INF] Access policy query filter for users:read. UserId=d1ed8be4-9703-45f0-935f-3c39601b55e1, Roles=[inactive], ActiveRules=3, SubjectMatched=1, ResourceActionMatched=1, Allows=1, Denies=0
2026-05-09 15:28:08.164 -08:00 [INF] MediatR handling completed GetUsersQuery in 9 ms
2026-05-09 15:28:08.165 -08:00 [INF] HTTP GET /api/Users completed with 200 in 13 ms (0HNLE49DM8LO6:0000001F)
2026-05-09 15:28:08.350 -08:00 [INF] Authorization header exists: false
2026-05-09 15:28:08.353 -08:00 [INF] JWT token validated. IsAuthenticated=true
2026-05-09 15:28:10.445 -08:00 [INF] HTTP CONNECT /hubs/sessions completed with 200 in 2094 ms (0HNLE49DM8LO7:00000007)
2026-05-09 15:28:13.951 -08:00 [INF] HTTP CONNECT /hubs/sessions completed with 200 in 120460 ms (0HNLE49DM8LO5:00000003)
