2026-05-10 11:21:38.870 -08:00 [WRN] Sensitive data logging is enabled. Log entries and exception messages may include sensitive application data; this mode should only be enabled during development.
2026-05-10 11:21:39.771 -08:00 [INF] Admin wildcard access policy already exists
2026-05-10 11:21:40.230 -08:00 [INF] Now listening on: https://localhost:7259
2026-05-10 11:21:40.233 -08:00 [INF] Now listening on: http://localhost:5244
2026-05-10 11:21:40.295 -08:00 [INF] Application started. Press Ctrl+C to shut down.
2026-05-10 11:21:40.296 -08:00 [INF] Hosting environment: Development
2026-05-10 11:21:40.297 -08:00 [INF] Content root path: C:\PrivateProject\algo.bytes\src\algo.API
2026-05-10 11:21:51.343 -08:00 [INF] Authorization header exists: true
2026-05-10 11:21:51.343 -08:00 [INF] Authorization header exists: true
2026-05-10 11:21:51.487 -08:00 [ERR] JWT authentication failed
Microsoft.IdentityModel.Tokens.SecurityTokenExpiredException: IDX10223: Lifetime validation failed. The token is expired. ValidTo (UTC): '10-05-2026 0:26:12', Current time (UTC): '10-05-2026 19:21:51'.
   at Microsoft.IdentityModel.Tokens.ValidatorUtilities.ValidateLifetime(Nullable`1 notBefore, Nullable`1 expires, SecurityToken securityToken, TokenValidationParameters validationParameters)
   at Microsoft.IdentityModel.Tokens.Validators.ValidateLifetime(Nullable`1 notBefore, Nullable`1 expires, SecurityToken securityToken, TokenValidationParameters validationParameters)
   at Microsoft.IdentityModel.JsonWebTokens.JsonWebTokenHandler.ValidateTokenPayloadAsync(JsonWebToken jsonWebToken, TokenValidationParameters validationParameters, BaseConfiguration configuration)
   at Microsoft.IdentityModel.JsonWebTokens.JsonWebTokenHandler.ValidateJWSAsync(JsonWebToken jsonWebToken, TokenValidationParameters validationParameters, BaseConfiguration configuration)
2026-05-10 11:21:51.487 -08:00 [ERR] JWT authentication failed
Microsoft.IdentityModel.Tokens.SecurityTokenExpiredException: IDX10223: Lifetime validation failed. The token is expired. ValidTo (UTC): '10-05-2026 0:26:12', Current time (UTC): '10-05-2026 19:21:51'.
   at Microsoft.IdentityModel.Tokens.ValidatorUtilities.ValidateLifetime(Nullable`1 notBefore, Nullable`1 expires, SecurityToken securityToken, TokenValidationParameters validationParameters)
   at Microsoft.IdentityModel.Tokens.Validators.ValidateLifetime(Nullable`1 notBefore, Nullable`1 expires, SecurityToken securityToken, TokenValidationParameters validationParameters)
   at Microsoft.IdentityModel.JsonWebTokens.JsonWebTokenHandler.ValidateTokenPayloadAsync(JsonWebToken jsonWebToken, TokenValidationParameters validationParameters, BaseConfiguration configuration)
   at Microsoft.IdentityModel.JsonWebTokens.JsonWebTokenHandler.ValidateJWSAsync(JsonWebToken jsonWebToken, TokenValidationParameters validationParameters, BaseConfiguration configuration)
2026-05-10 11:21:51.523 -08:00 [WRN] JWT challenge. Error=invalid_token, Description=The token expired at '05/10/2026 00:26:12'
2026-05-10 11:21:51.523 -08:00 [WRN] JWT challenge. Error=invalid_token, Description=The token expired at '05/10/2026 00:26:12'
2026-05-10 11:21:51.533 -08:00 [INF] HTTP GET /api/Users completed with 401 in 264 ms (0HNLEP5HK8N8I:00000005)
2026-05-10 11:21:51.533 -08:00 [INF] HTTP POST /hubs/sessions/negotiate completed with 401 in 264 ms (0HNLEP5HK8N8J:00000001)
2026-05-10 11:21:56.937 -08:00 [INF] Authorization header exists: false
2026-05-10 11:21:57.031 -08:00 [INF] MediatR handling started LoginCommand
2026-05-10 11:21:57.604 -08:00 [INF] MediatR handling completed LoginCommand in 572 ms
2026-05-10 11:21:57.622 -08:00 [INF] HTTP POST /api/Auth/login completed with 200 in 688 ms (0HNLEP5HK8N8I:00000009)
2026-05-10 11:21:57.648 -08:00 [INF] Authorization header exists: true
2026-05-10 11:21:57.657 -08:00 [INF] Authorization header exists: true
2026-05-10 11:21:57.728 -08:00 [INF] JWT token validated. IsAuthenticated=true
2026-05-10 11:21:57.737 -08:00 [INF] JWT token validated. IsAuthenticated=true
2026-05-10 11:21:57.747 -08:00 [INF] HTTP POST /hubs/sessions/negotiate completed with 200 in 98 ms (0HNLEP5HK8N8J:00000003)
2026-05-10 11:21:57.776 -08:00 [INF] MediatR handling started GetUsersQuery
2026-05-10 11:21:57.793 -08:00 [INF] Access policy check started for users:read
2026-05-10 11:21:57.818 -08:00 [INF] Access policy evaluation for users:read. UserId=790c2c93-d8e6-4b61-8a11-e4190a1c0805, Roles=[Admin], ActiveRules=3, SubjectMatched=1, ResourceActionMatched=1, Allows=1, Denies=0, Decision=Allowed
2026-05-10 11:21:57.828 -08:00 [INF] Access policy query filter started for users:read
2026-05-10 11:21:57.835 -08:00 [INF] Access policy query filter for users:read. UserId=790c2c93-d8e6-4b61-8a11-e4190a1c0805, Roles=[Admin], ActiveRules=3, SubjectMatched=1, ResourceActionMatched=1, Allows=1, Denies=0
2026-05-10 11:21:57.916 -08:00 [INF] MediatR handling completed GetUsersQuery in 140 ms
2026-05-10 11:21:57.924 -08:00 [INF] HTTP GET /api/Users completed with 200 in 267 ms (0HNLEP5HK8N8I:0000000F)
2026-05-10 11:21:58.060 -08:00 [INF] Authorization header exists: false
2026-05-10 11:21:58.065 -08:00 [INF] JWT token validated. IsAuthenticated=true
2026-05-10 11:22:00.965 -08:00 [INF] Authorization header exists: true
2026-05-10 11:22:00.965 -08:00 [INF] Authorization header exists: true
2026-05-10 11:22:00.965 -08:00 [INF] Authorization header exists: true
2026-05-10 11:22:00.965 -08:00 [INF] Authorization header exists: true
2026-05-10 11:22:00.969 -08:00 [INF] JWT token validated. IsAuthenticated=true
2026-05-10 11:22:00.969 -08:00 [INF] JWT token validated. IsAuthenticated=true
2026-05-10 11:22:00.987 -08:00 [INF] JWT token validated. IsAuthenticated=true
2026-05-10 11:22:00.996 -08:00 [INF] MediatR handling started ListAccessPoliciesQuery
2026-05-10 11:22:00.996 -08:00 [INF] MediatR handling started GetUsersDashboardQuery
2026-05-10 11:22:01.000 -08:00 [INF] Access policy check started for accessPolicies:read
2026-05-10 11:22:01.002 -08:00 [INF] Access policy evaluation for accessPolicies:read. UserId=790c2c93-d8e6-4b61-8a11-e4190a1c0805, Roles=[Admin], ActiveRules=3, SubjectMatched=1, ResourceActionMatched=1, Allows=1, Denies=0, Decision=Allowed
2026-05-10 11:22:01.003 -08:00 [INF] Access policy check started for users:read
2026-05-10 11:22:01.005 -08:00 [INF] JWT token validated. IsAuthenticated=true
2026-05-10 11:22:01.008 -08:00 [INF] Access policy evaluation for users:read. UserId=790c2c93-d8e6-4b61-8a11-e4190a1c0805, Roles=[Admin], ActiveRules=3, SubjectMatched=1, ResourceActionMatched=1, Allows=1, Denies=0, Decision=Allowed
2026-05-10 11:22:01.012 -08:00 [INF] Access policy query filter started for users:read
2026-05-10 11:22:01.014 -08:00 [INF] MediatR handling started GetErrorLogsQuery
2026-05-10 11:22:01.015 -08:00 [INF] Access policy query filter for users:read. UserId=790c2c93-d8e6-4b61-8a11-e4190a1c0805, Roles=[Admin], ActiveRules=3, SubjectMatched=1, ResourceActionMatched=1, Allows=1, Denies=0
2026-05-10 11:22:01.021 -08:00 [INF] MediatR handling completed ListAccessPoliciesQuery in 25 ms
2026-05-10 11:22:01.025 -08:00 [INF] MediatR handling started GetLogsQuery
2026-05-10 11:22:01.026 -08:00 [INF] Access policy check started for errorLogs:read
2026-05-10 11:22:01.029 -08:00 [INF] Access policy evaluation for errorLogs:read. UserId=790c2c93-d8e6-4b61-8a11-e4190a1c0805, Roles=[Admin], ActiveRules=3, SubjectMatched=1, ResourceActionMatched=1, Allows=1, Denies=0, Decision=Allowed
2026-05-10 11:22:01.032 -08:00 [INF] Access policy check started for logs:read
2026-05-10 11:22:01.034 -08:00 [INF] Access policy evaluation for logs:read. UserId=790c2c93-d8e6-4b61-8a11-e4190a1c0805, Roles=[Admin], ActiveRules=3, SubjectMatched=1, ResourceActionMatched=1, Allows=1, Denies=0, Decision=Allowed
2026-05-10 11:22:01.037 -08:00 [INF] HTTP GET /api/AccessPolicies completed with 200 in 71 ms (0HNLEP5HK8N8I:0000001F)
2026-05-10 11:22:01.108 -08:00 [INF] MediatR handling completed GetUsersDashboardQuery in 111 ms
2026-05-10 11:22:01.119 -08:00 [INF] HTTP GET /api/Users/dashboard completed with 200 in 155 ms (0HNLEP5HK8N8I:0000001D)
2026-05-10 11:22:01.180 -08:00 [INF] MediatR handling completed GetLogsQuery in 154 ms
2026-05-10 11:22:01.180 -08:00 [INF] MediatR handling completed GetErrorLogsQuery in 166 ms
2026-05-10 11:22:01.240 -08:00 [INF] HTTP GET /api/Logs completed with 200 in 275 ms (0HNLEP5HK8N8I:00000019)
2026-05-10 11:22:01.240 -08:00 [INF] HTTP GET /api/error-logs completed with 200 in 275 ms (0HNLEP5HK8N8I:0000001B)
2026-05-10 11:24:26.124 -08:00 [INF] Authorization header exists: true
2026-05-10 11:24:26.128 -08:00 [INF] JWT token validated. IsAuthenticated=true
2026-05-10 11:24:26.130 -08:00 [INF] MediatR handling started GetUsersQuery
2026-05-10 11:24:26.131 -08:00 [INF] Access policy check started for users:read
2026-05-10 11:24:26.134 -08:00 [INF] Access policy evaluation for users:read. UserId=790c2c93-d8e6-4b61-8a11-e4190a1c0805, Roles=[Admin], ActiveRules=3, SubjectMatched=1, ResourceActionMatched=1, Allows=1, Denies=0, Decision=Allowed
2026-05-10 11:24:26.136 -08:00 [INF] Access policy query filter started for users:read
2026-05-10 11:24:26.138 -08:00 [INF] Access policy query filter for users:read. UserId=790c2c93-d8e6-4b61-8a11-e4190a1c0805, Roles=[Admin], ActiveRules=3, SubjectMatched=1, ResourceActionMatched=1, Allows=1, Denies=0
2026-05-10 11:24:26.142 -08:00 [INF] MediatR handling completed GetUsersQuery in 12 ms
2026-05-10 11:24:26.144 -08:00 [INF] HTTP GET /api/Users completed with 200 in 19 ms (0HNLEP5HK8N8I:00000023)
2026-05-10 11:40:12.597 -08:00 [WRN] Sensitive data logging is enabled. Log entries and exception messages may include sensitive application data; this mode should only be enabled during development.
2026-05-10 11:40:13.455 -08:00 [INF] Admin wildcard access policy already exists
2026-05-10 11:40:13.685 -08:00 [INF] Now listening on: https://localhost:7259
2026-05-10 11:40:13.688 -08:00 [INF] Now listening on: http://localhost:5244
2026-05-10 11:40:13.771 -08:00 [INF] Application started. Press Ctrl+C to shut down.
2026-05-10 11:40:13.772 -08:00 [INF] Hosting environment: Development
2026-05-10 11:40:13.774 -08:00 [INF] Content root path: C:\PrivateProject\algo.bytes\src\algo.API
2026-05-10 11:40:23.143 -08:00 [INF] Authorization header exists: true
2026-05-10 11:40:23.260 -08:00 [INF] JWT token validated. IsAuthenticated=true
2026-05-10 11:40:23.271 -08:00 [INF] HTTP POST /hubs/sessions/negotiate completed with 200 in 172 ms (0HNLEPFT0RIHI:00000001)
2026-05-10 11:40:23.279 -08:00 [INF] Authorization header exists: false
2026-05-10 11:40:23.291 -08:00 [INF] JWT token validated. IsAuthenticated=true
2026-05-10 11:41:12.315 -08:00 [INF] HTTP CONNECT /hubs/sessions completed with 200 in 49036 ms (0HNLEPFT0RIHI:00000003)
2026-05-10 11:41:12.696 -08:00 [INF] Authorization header exists: true
2026-05-10 11:41:12.704 -08:00 [INF] JWT token validated. IsAuthenticated=true
2026-05-10 11:41:12.710 -08:00 [INF] HTTP POST /hubs/sessions/negotiate completed with 200 in 20 ms (0HNLEPFT0RIHI:00000005)
2026-05-10 11:41:12.781 -08:00 [INF] Authorization header exists: true
2026-05-10 11:41:12.789 -08:00 [INF] JWT token validated. IsAuthenticated=true
2026-05-10 11:41:12.933 -08:00 [INF] MediatR handling started GetUsersQuery
2026-05-10 11:41:12.976 -08:00 [INF] Access policy check started for users:read
2026-05-10 11:41:13.023 -08:00 [INF] Access policy evaluation for users:read. UserId=790c2c93-d8e6-4b61-8a11-e4190a1c0805, Roles=[Admin], ActiveRules=3, SubjectMatched=1, ResourceActionMatched=1, Allows=1, Denies=0, Decision=Allowed
2026-05-10 11:41:13.037 -08:00 [INF] Access policy query filter started for users:read
2026-05-10 11:41:13.042 -08:00 [INF] Access policy query filter for users:read. UserId=790c2c93-d8e6-4b61-8a11-e4190a1c0805, Roles=[Admin], ActiveRules=3, SubjectMatched=1, ResourceActionMatched=1, Allows=1, Denies=0
2026-05-10 11:41:13.281 -08:00 [INF] MediatR handling completed GetUsersQuery in 348 ms
2026-05-10 11:41:13.310 -08:00 [INF] HTTP GET /api/Users completed with 200 in 529 ms (0HNLEPFT0RIHH:00000007)
2026-05-10 11:41:13.356 -08:00 [INF] Authorization header exists: false
2026-05-10 11:41:13.360 -08:00 [INF] JWT token validated. IsAuthenticated=true
2026-05-10 11:41:15.027 -08:00 [INF] Authorization header exists: true
2026-05-10 11:41:15.031 -08:00 [INF] JWT token validated. IsAuthenticated=true
2026-05-10 11:41:15.034 -08:00 [INF] MediatR handling started GetUsersQuery
2026-05-10 11:41:15.109 -08:00 [ERR] MediatR handling failed GetUsersQuery after 74 ms
FluentValidation.ValidationException: Validation failed: 
 -- Sort.Field: Invalid sort field. Severity: Error
   at algo.Application.Behaviors.ValidationBehavior`2.Handle(TRequest request, RequestHandlerDelegate`1 next, CancellationToken cancellationToken) in C:\PrivateProject\algo.bytes\src\algo.Application\Behaviors\ValidationBehavior.cs:line 25
   at algo.Application.Behaviors.LoggingBehavior`2.Handle(TRequest request, RequestHandlerDelegate`1 next, CancellationToken cancellationToken) in C:\PrivateProject\algo.bytes\src\algo.Application\Behaviors\LoggingBehavior.cs:line 31
2026-05-10 11:41:15.331 -08:00 [INF] HTTP GET /api/Users completed with 400 in 303 ms (0HNLEPFT0RIHH:0000000B)
2026-05-10 11:41:15.900 -08:00 [INF] Authorization header exists: true
2026-05-10 11:41:15.904 -08:00 [INF] JWT token validated. IsAuthenticated=true
2026-05-10 11:41:15.909 -08:00 [INF] MediatR handling started GetUsersQuery
2026-05-10 11:41:15.947 -08:00 [ERR] MediatR handling failed GetUsersQuery after 37 ms
FluentValidation.ValidationException: Validation failed: 
 -- Sort.Field: Invalid sort field. Severity: Error
   at algo.Application.Behaviors.ValidationBehavior`2.Handle(TRequest request, RequestHandlerDelegate`1 next, CancellationToken cancellationToken) in C:\PrivateProject\algo.bytes\src\algo.Application\Behaviors\ValidationBehavior.cs:line 25
   at algo.Application.Behaviors.LoggingBehavior`2.Handle(TRequest request, RequestHandlerDelegate`1 next, CancellationToken cancellationToken) in C:\PrivateProject\algo.bytes\src\algo.Application\Behaviors\LoggingBehavior.cs:line 31
2026-05-10 11:41:16.037 -08:00 [INF] HTTP GET /api/Users completed with 400 in 137 ms (0HNLEPFT0RIHH:0000000F)
2026-05-10 11:41:26.834 -08:00 [INF] Authorization header exists: true
2026-05-10 11:41:26.837 -08:00 [INF] JWT token validated. IsAuthenticated=true
2026-05-10 11:41:26.838 -08:00 [INF] MediatR handling started GetUsersQuery
2026-05-10 11:41:26.838 -08:00 [INF] Access policy check started for users:read
2026-05-10 11:41:26.840 -08:00 [INF] Access policy evaluation for users:read. UserId=790c2c93-d8e6-4b61-8a11-e4190a1c0805, Roles=[Admin], ActiveRules=3, SubjectMatched=1, ResourceActionMatched=1, Allows=1, Denies=0, Decision=Allowed
2026-05-10 11:41:26.842 -08:00 [INF] Access policy query filter started for users:read
2026-05-10 11:41:26.844 -08:00 [INF] Access policy query filter for users:read. UserId=790c2c93-d8e6-4b61-8a11-e4190a1c0805, Roles=[Admin], ActiveRules=3, SubjectMatched=1, ResourceActionMatched=1, Allows=1, Denies=0
2026-05-10 11:41:26.864 -08:00 [INF] MediatR handling completed GetUsersQuery in 26 ms
2026-05-10 11:41:26.865 -08:00 [INF] HTTP GET /api/Users completed with 200 in 31 ms (0HNLEPFT0RIHH:00000013)
2026-05-10 11:41:27.495 -08:00 [INF] Authorization header exists: true
2026-05-10 11:41:27.498 -08:00 [INF] JWT token validated. IsAuthenticated=true
2026-05-10 11:41:27.499 -08:00 [INF] MediatR handling started GetUsersQuery
2026-05-10 11:41:27.506 -08:00 [INF] Access policy check started for users:read
2026-05-10 11:41:27.508 -08:00 [INF] Access policy evaluation for users:read. UserId=790c2c93-d8e6-4b61-8a11-e4190a1c0805, Roles=[Admin], ActiveRules=3, SubjectMatched=1, ResourceActionMatched=1, Allows=1, Denies=0, Decision=Allowed
2026-05-10 11:41:27.510 -08:00 [INF] Access policy query filter started for users:read
2026-05-10 11:41:27.511 -08:00 [INF] Access policy query filter for users:read. UserId=790c2c93-d8e6-4b61-8a11-e4190a1c0805, Roles=[Admin], ActiveRules=3, SubjectMatched=1, ResourceActionMatched=1, Allows=1, Denies=0
2026-05-10 11:41:27.529 -08:00 [INF] MediatR handling completed GetUsersQuery in 30 ms
2026-05-10 11:41:27.530 -08:00 [INF] HTTP GET /api/Users completed with 200 in 35 ms (0HNLEPFT0RIHH:00000017)
2026-05-10 11:41:30.000 -08:00 [INF] Authorization header exists: true
2026-05-10 11:41:30.002 -08:00 [INF] JWT token validated. IsAuthenticated=true
2026-05-10 11:41:30.003 -08:00 [INF] MediatR handling started GetUsersQuery
2026-05-10 11:41:30.040 -08:00 [ERR] MediatR handling failed GetUsersQuery after 36 ms
FluentValidation.ValidationException: Validation failed: 
 -- Sort.Field: Invalid sort field. Severity: Error
   at algo.Application.Behaviors.ValidationBehavior`2.Handle(TRequest request, RequestHandlerDelegate`1 next, CancellationToken cancellationToken) in C:\PrivateProject\algo.bytes\src\algo.Application\Behaviors\ValidationBehavior.cs:line 25
   at algo.Application.Behaviors.LoggingBehavior`2.Handle(TRequest request, RequestHandlerDelegate`1 next, CancellationToken cancellationToken) in C:\PrivateProject\algo.bytes\src\algo.Application\Behaviors\LoggingBehavior.cs:line 31
2026-05-10 11:41:30.118 -08:00 [INF] HTTP GET /api/Users completed with 400 in 118 ms (0HNLEPFT0RIHH:0000001B)
2026-05-10 11:41:30.684 -08:00 [INF] Authorization header exists: true
2026-05-10 11:41:30.686 -08:00 [INF] JWT token validated. IsAuthenticated=true
2026-05-10 11:41:30.687 -08:00 [INF] MediatR handling started GetUsersQuery
2026-05-10 11:41:30.722 -08:00 [ERR] MediatR handling failed GetUsersQuery after 34 ms
FluentValidation.ValidationException: Validation failed: 
 -- Sort.Field: Invalid sort field. Severity: Error
   at algo.Application.Behaviors.ValidationBehavior`2.Handle(TRequest request, RequestHandlerDelegate`1 next, CancellationToken cancellationToken) in C:\PrivateProject\algo.bytes\src\algo.Application\Behaviors\ValidationBehavior.cs:line 25
   at algo.Application.Behaviors.LoggingBehavior`2.Handle(TRequest request, RequestHandlerDelegate`1 next, CancellationToken cancellationToken) in C:\PrivateProject\algo.bytes\src\algo.Application\Behaviors\LoggingBehavior.cs:line 31
2026-05-10 11:41:30.805 -08:00 [INF] HTTP GET /api/Users completed with 400 in 121 ms (0HNLEPFT0RIHH:0000001F)
2026-05-10 11:41:34.998 -08:00 [INF] Authorization header exists: true
2026-05-10 11:41:35.000 -08:00 [INF] JWT token validated. IsAuthenticated=true
2026-05-10 11:41:35.001 -08:00 [INF] MediatR handling started GetUsersQuery
2026-05-10 11:41:35.002 -08:00 [INF] Access policy check started for users:read
2026-05-10 11:41:35.004 -08:00 [INF] Access policy evaluation for users:read. UserId=790c2c93-d8e6-4b61-8a11-e4190a1c0805, Roles=[Admin], ActiveRules=3, SubjectMatched=1, ResourceActionMatched=1, Allows=1, Denies=0, Decision=Allowed
2026-05-10 11:41:35.005 -08:00 [INF] Access policy query filter started for users:read
2026-05-10 11:41:35.007 -08:00 [INF] Access policy query filter for users:read. UserId=790c2c93-d8e6-4b61-8a11-e4190a1c0805, Roles=[Admin], ActiveRules=3, SubjectMatched=1, ResourceActionMatched=1, Allows=1, Denies=0
2026-05-10 11:41:35.010 -08:00 [INF] MediatR handling completed GetUsersQuery in 9 ms
2026-05-10 11:41:35.012 -08:00 [INF] HTTP GET /api/Users completed with 200 in 13 ms (0HNLEPFT0RIHH:00000023)
2026-05-10 11:41:35.645 -08:00 [INF] Authorization header exists: true
2026-05-10 11:41:35.648 -08:00 [INF] JWT token validated. IsAuthenticated=true
2026-05-10 11:41:35.649 -08:00 [INF] MediatR handling started GetUsersQuery
2026-05-10 11:41:35.649 -08:00 [INF] Access policy check started for users:read
2026-05-10 11:41:35.651 -08:00 [INF] Access policy evaluation for users:read. UserId=790c2c93-d8e6-4b61-8a11-e4190a1c0805, Roles=[Admin], ActiveRules=3, SubjectMatched=1, ResourceActionMatched=1, Allows=1, Denies=0, Decision=Allowed
2026-05-10 11:41:35.652 -08:00 [INF] Access policy query filter started for users:read
2026-05-10 11:41:35.653 -08:00 [INF] Access policy query filter for users:read. UserId=790c2c93-d8e6-4b61-8a11-e4190a1c0805, Roles=[Admin], ActiveRules=3, SubjectMatched=1, ResourceActionMatched=1, Allows=1, Denies=0
2026-05-10 11:41:35.657 -08:00 [INF] MediatR handling completed GetUsersQuery in 8 ms
2026-05-10 11:41:35.658 -08:00 [INF] HTTP GET /api/Users completed with 200 in 12 ms (0HNLEPFT0RIHH:00000027)
2026-05-10 11:41:36.533 -08:00 [INF] Authorization header exists: true
2026-05-10 11:41:36.535 -08:00 [INF] JWT token validated. IsAuthenticated=true
2026-05-10 11:41:36.536 -08:00 [INF] MediatR handling started GetUsersQuery
2026-05-10 11:41:36.536 -08:00 [INF] Access policy check started for users:read
2026-05-10 11:41:36.538 -08:00 [INF] Access policy evaluation for users:read. UserId=790c2c93-d8e6-4b61-8a11-e4190a1c0805, Roles=[Admin], ActiveRules=3, SubjectMatched=1, ResourceActionMatched=1, Allows=1, Denies=0, Decision=Allowed
2026-05-10 11:41:36.540 -08:00 [INF] Access policy query filter started for users:read
2026-05-10 11:41:36.541 -08:00 [INF] Access policy query filter for users:read. UserId=790c2c93-d8e6-4b61-8a11-e4190a1c0805, Roles=[Admin], ActiveRules=3, SubjectMatched=1, ResourceActionMatched=1, Allows=1, Denies=0
2026-05-10 11:41:36.557 -08:00 [INF] MediatR handling completed GetUsersQuery in 20 ms
2026-05-10 11:41:36.558 -08:00 [INF] HTTP GET /api/Users completed with 200 in 24 ms (0HNLEPFT0RIHH:0000002B)
2026-05-10 11:41:37.147 -08:00 [INF] Authorization header exists: true
2026-05-10 11:41:37.149 -08:00 [INF] JWT token validated. IsAuthenticated=true
2026-05-10 11:41:37.149 -08:00 [INF] MediatR handling started GetUsersQuery
2026-05-10 11:41:37.150 -08:00 [INF] Access policy check started for users:read
2026-05-10 11:41:37.151 -08:00 [INF] Access policy evaluation for users:read. UserId=790c2c93-d8e6-4b61-8a11-e4190a1c0805, Roles=[Admin], ActiveRules=3, SubjectMatched=1, ResourceActionMatched=1, Allows=1, Denies=0, Decision=Allowed
2026-05-10 11:41:37.152 -08:00 [INF] Access policy query filter started for users:read
2026-05-10 11:41:37.153 -08:00 [INF] Access policy query filter for users:read. UserId=790c2c93-d8e6-4b61-8a11-e4190a1c0805, Roles=[Admin], ActiveRules=3, SubjectMatched=1, ResourceActionMatched=1, Allows=1, Denies=0
2026-05-10 11:41:37.169 -08:00 [INF] MediatR handling completed GetUsersQuery in 19 ms
2026-05-10 11:41:37.171 -08:00 [INF] HTTP GET /api/Users completed with 200 in 23 ms (0HNLEPFT0RIHH:0000002F)
2026-05-10 11:41:37.681 -08:00 [INF] Authorization header exists: true
2026-05-10 11:41:37.683 -08:00 [INF] JWT token validated. IsAuthenticated=true
2026-05-10 11:41:37.684 -08:00 [INF] MediatR handling started GetUsersQuery
2026-05-10 11:41:37.685 -08:00 [INF] Access policy check started for users:read
2026-05-10 11:41:37.720 -08:00 [INF] Access policy evaluation for users:read. UserId=790c2c93-d8e6-4b61-8a11-e4190a1c0805, Roles=[Admin], ActiveRules=3, SubjectMatched=1, ResourceActionMatched=1, Allows=1, Denies=0, Decision=Allowed
2026-05-10 11:41:37.722 -08:00 [INF] Access policy query filter started for users:read
2026-05-10 11:41:37.724 -08:00 [INF] Access policy query filter for users:read. UserId=790c2c93-d8e6-4b61-8a11-e4190a1c0805, Roles=[Admin], ActiveRules=3, SubjectMatched=1, ResourceActionMatched=1, Allows=1, Denies=0
2026-05-10 11:41:37.728 -08:00 [INF] MediatR handling completed GetUsersQuery in 43 ms
2026-05-10 11:41:37.729 -08:00 [INF] HTTP GET /api/Users completed with 200 in 48 ms (0HNLEPFT0RIHH:00000031)
2026-05-10 11:41:38.236 -08:00 [INF] Authorization header exists: true
2026-05-10 11:41:38.237 -08:00 [INF] JWT token validated. IsAuthenticated=true
2026-05-10 11:41:38.238 -08:00 [INF] MediatR handling started GetUsersQuery
2026-05-10 11:41:38.239 -08:00 [INF] Access policy check started for users:read
2026-05-10 11:41:38.241 -08:00 [INF] Access policy evaluation for users:read. UserId=790c2c93-d8e6-4b61-8a11-e4190a1c0805, Roles=[Admin], ActiveRules=3, SubjectMatched=1, ResourceActionMatched=1, Allows=1, Denies=0, Decision=Allowed
2026-05-10 11:41:38.242 -08:00 [INF] Access policy query filter started for users:read
2026-05-10 11:41:38.244 -08:00 [INF] Access policy query filter for users:read. UserId=790c2c93-d8e6-4b61-8a11-e4190a1c0805, Roles=[Admin], ActiveRules=3, SubjectMatched=1, ResourceActionMatched=1, Allows=1, Denies=0
2026-05-10 11:41:38.248 -08:00 [INF] MediatR handling completed GetUsersQuery in 9 ms
2026-05-10 11:41:38.249 -08:00 [INF] HTTP GET /api/Users completed with 200 in 13 ms (0HNLEPFT0RIHH:00000033)
2026-05-10 11:41:38.785 -08:00 [INF] Authorization header exists: true
2026-05-10 11:41:38.787 -08:00 [INF] JWT token validated. IsAuthenticated=true
2026-05-10 11:41:38.788 -08:00 [INF] MediatR handling started GetUsersQuery
2026-05-10 11:41:38.788 -08:00 [INF] Access policy check started for users:read
2026-05-10 11:41:38.790 -08:00 [INF] Access policy evaluation for users:read. UserId=790c2c93-d8e6-4b61-8a11-e4190a1c0805, Roles=[Admin], ActiveRules=3, SubjectMatched=1, ResourceActionMatched=1, Allows=1, Denies=0, Decision=Allowed
2026-05-10 11:41:38.791 -08:00 [INF] Access policy query filter started for users:read
2026-05-10 11:41:38.793 -08:00 [INF] Access policy query filter for users:read. UserId=790c2c93-d8e6-4b61-8a11-e4190a1c0805, Roles=[Admin], ActiveRules=3, SubjectMatched=1, ResourceActionMatched=1, Allows=1, Denies=0
2026-05-10 11:41:38.796 -08:00 [INF] MediatR handling completed GetUsersQuery in 8 ms
2026-05-10 11:41:38.797 -08:00 [INF] HTTP GET /api/Users completed with 200 in 12 ms (0HNLEPFT0RIHH:00000035)
2026-05-10 11:42:10.821 -08:00 [INF] Authorization header exists: true
2026-05-10 11:42:10.823 -08:00 [INF] JWT token validated. IsAuthenticated=true
2026-05-10 11:42:10.824 -08:00 [INF] MediatR handling started GetUsersQuery
2026-05-10 11:42:10.825 -08:00 [INF] Access policy check started for users:read
2026-05-10 11:42:10.826 -08:00 [INF] Access policy evaluation for users:read. UserId=790c2c93-d8e6-4b61-8a11-e4190a1c0805, Roles=[Admin], ActiveRules=3, SubjectMatched=1, ResourceActionMatched=1, Allows=1, Denies=0, Decision=Allowed
2026-05-10 11:42:10.828 -08:00 [INF] Access policy query filter started for users:read
2026-05-10 11:42:10.830 -08:00 [INF] Access policy query filter for users:read. UserId=790c2c93-d8e6-4b61-8a11-e4190a1c0805, Roles=[Admin], ActiveRules=3, SubjectMatched=1, ResourceActionMatched=1, Allows=1, Denies=0
2026-05-10 11:42:10.856 -08:00 [INF] MediatR handling completed GetUsersQuery in 31 ms
2026-05-10 11:42:10.857 -08:00 [INF] HTTP GET /api/Users completed with 200 in 35 ms (0HNLEPFT0RIHH:00000039)
2026-05-10 11:42:11.299 -08:00 [INF] Authorization header exists: true
2026-05-10 11:42:11.301 -08:00 [INF] JWT token validated. IsAuthenticated=true
2026-05-10 11:42:11.302 -08:00 [INF] MediatR handling started GetUsersQuery
2026-05-10 11:42:11.302 -08:00 [INF] Access policy check started for users:read
2026-05-10 11:42:11.303 -08:00 [INF] Access policy evaluation for users:read. UserId=790c2c93-d8e6-4b61-8a11-e4190a1c0805, Roles=[Admin], ActiveRules=3, SubjectMatched=1, ResourceActionMatched=1, Allows=1, Denies=0, Decision=Allowed
2026-05-10 11:42:11.305 -08:00 [INF] Access policy query filter started for users:read
2026-05-10 11:42:11.306 -08:00 [INF] Access policy query filter for users:read. UserId=790c2c93-d8e6-4b61-8a11-e4190a1c0805, Roles=[Admin], ActiveRules=3, SubjectMatched=1, ResourceActionMatched=1, Allows=1, Denies=0
2026-05-10 11:42:11.310 -08:00 [INF] MediatR handling completed GetUsersQuery in 8 ms
2026-05-10 11:42:11.311 -08:00 [INF] HTTP GET /api/Users completed with 200 in 12 ms (0HNLEPFT0RIHH:0000003D)
2026-05-10 11:42:13.624 -08:00 [INF] Authorization header exists: true
2026-05-10 11:42:13.625 -08:00 [INF] JWT token validated. IsAuthenticated=true
2026-05-10 11:42:13.626 -08:00 [INF] MediatR handling started GetUsersQuery
2026-05-10 11:42:13.627 -08:00 [INF] Access policy check started for users:read
2026-05-10 11:42:13.629 -08:00 [INF] Access policy evaluation for users:read. UserId=790c2c93-d8e6-4b61-8a11-e4190a1c0805, Roles=[Admin], ActiveRules=3, SubjectMatched=1, ResourceActionMatched=1, Allows=1, Denies=0, Decision=Allowed
2026-05-10 11:42:13.630 -08:00 [INF] Access policy query filter started for users:read
2026-05-10 11:42:13.631 -08:00 [INF] Access policy query filter for users:read. UserId=790c2c93-d8e6-4b61-8a11-e4190a1c0805, Roles=[Admin], ActiveRules=3, SubjectMatched=1, ResourceActionMatched=1, Allows=1, Denies=0
2026-05-10 11:42:13.635 -08:00 [INF] MediatR handling completed GetUsersQuery in 8 ms
2026-05-10 11:42:13.636 -08:00 [INF] HTTP GET /api/Users completed with 200 in 12 ms (0HNLEPFT0RIHH:00000041)
2026-05-10 11:42:14.903 -08:00 [INF] Authorization header exists: true
2026-05-10 11:42:14.907 -08:00 [INF] JWT token validated. IsAuthenticated=true
2026-05-10 11:42:14.919 -08:00 [INF] MediatR handling started GetRolesQuery
2026-05-10 11:42:14.921 -08:00 [INF] Access policy check started for roles:read
2026-05-10 11:42:14.923 -08:00 [INF] Access policy evaluation for roles:read. UserId=790c2c93-d8e6-4b61-8a11-e4190a1c0805, Roles=[Admin], ActiveRules=3, SubjectMatched=1, ResourceActionMatched=1, Allows=1, Denies=0, Decision=Allowed
2026-05-10 11:42:14.933 -08:00 [INF] MediatR handling completed GetRolesQuery in 14 ms
2026-05-10 11:42:14.937 -08:00 [INF] HTTP GET /api/Roles completed with 200 in 34 ms (0HNLEPFT0RIHH:00000045)
2026-05-10 11:42:20.356 -08:00 [INF] Authorization header exists: true
2026-05-10 11:42:20.356 -08:00 [INF] Authorization header exists: true
2026-05-10 11:42:20.359 -08:00 [INF] JWT token validated. IsAuthenticated=true
2026-05-10 11:42:20.448 -08:00 [INF] JWT token validated. IsAuthenticated=true
2026-05-10 11:42:20.464 -08:00 [INF] MediatR handling started GetErrorLogsQuery
2026-05-10 11:42:20.464 -08:00 [INF] MediatR handling started GetErrorLogsQuery
2026-05-10 11:42:20.473 -08:00 [INF] Access policy check started for errorLogs:read
2026-05-10 11:42:20.473 -08:00 [INF] Access policy check started for errorLogs:read
2026-05-10 11:42:20.475 -08:00 [INF] Access policy evaluation for errorLogs:read. UserId=790c2c93-d8e6-4b61-8a11-e4190a1c0805, Roles=[Admin], ActiveRules=3, SubjectMatched=1, ResourceActionMatched=1, Allows=1, Denies=0, Decision=Allowed
2026-05-10 11:42:20.479 -08:00 [INF] Access policy evaluation for errorLogs:read. UserId=790c2c93-d8e6-4b61-8a11-e4190a1c0805, Roles=[Admin], ActiveRules=3, SubjectMatched=1, ResourceActionMatched=1, Allows=1, Denies=0, Decision=Allowed
2026-05-10 11:42:20.677 -08:00 [INF] MediatR handling completed GetErrorLogsQuery in 213 ms
2026-05-10 11:42:20.677 -08:00 [INF] MediatR handling completed GetErrorLogsQuery in 213 ms
2026-05-10 11:42:20.753 -08:00 [INF] HTTP GET /api/error-logs completed with 200 in 396 ms (0HNLEPFT0RIHH:0000004D)
2026-05-10 11:42:20.753 -08:00 [INF] HTTP GET /api/error-logs completed with 200 in 396 ms (0HNLEPFT0RIHH:0000004B)
2026-05-10 11:42:23.430 -08:00 [INF] Authorization header exists: true
2026-05-10 11:42:23.431 -08:00 [INF] JWT token validated. IsAuthenticated=true
2026-05-10 11:42:23.435 -08:00 [INF] MediatR handling started GetErrorLogsQuery
2026-05-10 11:42:23.436 -08:00 [INF] Access policy check started for errorLogs:read
2026-05-10 11:42:23.437 -08:00 [INF] Access policy evaluation for errorLogs:read. UserId=790c2c93-d8e6-4b61-8a11-e4190a1c0805, Roles=[Admin], ActiveRules=3, SubjectMatched=1, ResourceActionMatched=1, Allows=1, Denies=0, Decision=Allowed
2026-05-10 11:42:23.440 -08:00 [INF] MediatR handling completed GetErrorLogsQuery in 5 ms
2026-05-10 11:42:23.442 -08:00 [INF] HTTP GET /api/error-logs completed with 200 in 12 ms (0HNLEPFT0RIHH:00000051)
2026-05-10 11:42:23.938 -08:00 [INF] Authorization header exists: true
2026-05-10 11:42:23.939 -08:00 [INF] JWT token validated. IsAuthenticated=true
2026-05-10 11:42:23.940 -08:00 [INF] MediatR handling started GetErrorLogsQuery
2026-05-10 11:42:23.941 -08:00 [INF] Access policy check started for errorLogs:read
2026-05-10 11:42:23.942 -08:00 [INF] Access policy evaluation for errorLogs:read. UserId=790c2c93-d8e6-4b61-8a11-e4190a1c0805, Roles=[Admin], ActiveRules=3, SubjectMatched=1, ResourceActionMatched=1, Allows=1, Denies=0, Decision=Allowed
2026-05-10 11:42:23.945 -08:00 [INF] MediatR handling completed GetErrorLogsQuery in 4 ms
2026-05-10 11:42:23.946 -08:00 [INF] HTTP GET /api/error-logs completed with 200 in 8 ms (0HNLEPFT0RIHH:00000055)
2026-05-10 11:42:24.761 -08:00 [INF] Authorization header exists: true
2026-05-10 11:42:24.763 -08:00 [INF] JWT token validated. IsAuthenticated=true
2026-05-10 11:42:24.764 -08:00 [INF] MediatR handling started GetErrorLogsQuery
2026-05-10 11:42:24.798 -08:00 [ERR] MediatR handling failed GetErrorLogsQuery after 34 ms
FluentValidation.ValidationException: Validation failed: 
 -- Sort.Field: Sort field must be 'timestamp'. Severity: Error
   at algo.Application.Behaviors.ValidationBehavior`2.Handle(TRequest request, RequestHandlerDelegate`1 next, CancellationToken cancellationToken) in C:\PrivateProject\algo.bytes\src\algo.Application\Behaviors\ValidationBehavior.cs:line 25
   at algo.Application.Behaviors.LoggingBehavior`2.Handle(TRequest request, RequestHandlerDelegate`1 next, CancellationToken cancellationToken) in C:\PrivateProject\algo.bytes\src\algo.Application\Behaviors\LoggingBehavior.cs:line 31
2026-05-10 11:42:24.874 -08:00 [INF] HTTP GET /api/error-logs completed with 400 in 112 ms (0HNLEPFT0RIHH:00000059)
2026-05-10 11:42:25.320 -08:00 [INF] Authorization header exists: true
2026-05-10 11:42:25.322 -08:00 [INF] JWT token validated. IsAuthenticated=true
2026-05-10 11:42:25.323 -08:00 [INF] MediatR handling started GetErrorLogsQuery
2026-05-10 11:42:25.354 -08:00 [ERR] MediatR handling failed GetErrorLogsQuery after 31 ms
FluentValidation.ValidationException: Validation failed: 
 -- Sort.Field: Sort field must be 'timestamp'. Severity: Error
   at algo.Application.Behaviors.ValidationBehavior`2.Handle(TRequest request, RequestHandlerDelegate`1 next, CancellationToken cancellationToken) in C:\PrivateProject\algo.bytes\src\algo.Application\Behaviors\ValidationBehavior.cs:line 25
   at algo.Application.Behaviors.LoggingBehavior`2.Handle(TRequest request, RequestHandlerDelegate`1 next, CancellationToken cancellationToken) in C:\PrivateProject\algo.bytes\src\algo.Application\Behaviors\LoggingBehavior.cs:line 31
2026-05-10 11:42:25.429 -08:00 [INF] HTTP GET /api/error-logs completed with 400 in 108 ms (0HNLEPFT0RIHH:0000005D)
2026-05-10 11:42:39.206 -08:00 [INF] Authorization header exists: true
2026-05-10 11:42:39.207 -08:00 [INF] JWT token validated. IsAuthenticated=true
2026-05-10 11:42:39.208 -08:00 [INF] MediatR handling started GetErrorLogsQuery
2026-05-10 11:42:39.243 -08:00 [ERR] MediatR handling failed GetErrorLogsQuery after 35 ms
FluentValidation.ValidationException: Validation failed: 
 -- Sort.Field: Sort field must be 'timestamp'. Severity: Error
   at algo.Application.Behaviors.ValidationBehavior`2.Handle(TRequest request, RequestHandlerDelegate`1 next, CancellationToken cancellationToken) in C:\PrivateProject\algo.bytes\src\algo.Application\Behaviors\ValidationBehavior.cs:line 25
   at algo.Application.Behaviors.LoggingBehavior`2.Handle(TRequest request, RequestHandlerDelegate`1 next, CancellationToken cancellationToken) in C:\PrivateProject\algo.bytes\src\algo.Application\Behaviors\LoggingBehavior.cs:line 31
2026-05-10 11:42:39.326 -08:00 [INF] HTTP GET /api/error-logs completed with 400 in 120 ms (0HNLEPFT0RIHH:00000061)
2026-05-10 11:42:47.459 -08:00 [INF] Authorization header exists: true
2026-05-10 11:42:47.461 -08:00 [INF] JWT token validated. IsAuthenticated=true
2026-05-10 11:42:47.461 -08:00 [INF] MediatR handling started GetErrorLogsQuery
2026-05-10 11:42:47.493 -08:00 [ERR] MediatR handling failed GetErrorLogsQuery after 31 ms
FluentValidation.ValidationException: Validation failed: 
 -- Sort.Field: Sort field must be 'timestamp'. Severity: Error
   at algo.Application.Behaviors.ValidationBehavior`2.Handle(TRequest request, RequestHandlerDelegate`1 next, CancellationToken cancellationToken) in C:\PrivateProject\algo.bytes\src\algo.Application\Behaviors\ValidationBehavior.cs:line 25
   at algo.Application.Behaviors.LoggingBehavior`2.Handle(TRequest request, RequestHandlerDelegate`1 next, CancellationToken cancellationToken) in C:\PrivateProject\algo.bytes\src\algo.Application\Behaviors\LoggingBehavior.cs:line 31
2026-05-10 11:42:47.566 -08:00 [INF] HTTP GET /api/error-logs completed with 400 in 107 ms (0HNLEPFT0RIHH:00000065)
2026-05-10 11:42:51.625 -08:00 [INF] Authorization header exists: true
2026-05-10 11:42:51.629 -08:00 [INF] JWT token validated. IsAuthenticated=true
2026-05-10 11:42:51.642 -08:00 [INF] MediatR handling started GetSessionsQuery
2026-05-10 11:42:51.645 -08:00 [INF] Access policy check started for sessions:read
2026-05-10 11:42:51.647 -08:00 [INF] Access policy evaluation for sessions:read. UserId=790c2c93-d8e6-4b61-8a11-e4190a1c0805, Roles=[Admin], ActiveRules=3, SubjectMatched=1, ResourceActionMatched=1, Allows=1, Denies=0, Decision=Allowed
2026-05-10 11:42:51.731 -08:00 [INF] MediatR handling completed GetSessionsQuery in 89 ms
2026-05-10 11:42:51.740 -08:00 [INF] HTTP GET /api/Sessions completed with 200 in 114 ms (0HNLEPFT0RIHH:00000069)
2026-05-10 11:42:51.927 -08:00 [INF] Authorization header exists: true
2026-05-10 11:42:51.930 -08:00 [INF] JWT token validated. IsAuthenticated=true
2026-05-10 11:42:51.931 -08:00 [INF] Authorization header exists: true
2026-05-10 11:42:51.932 -08:00 [INF] MediatR handling started GetSessionsQuery
2026-05-10 11:42:51.933 -08:00 [INF] Access policy check started for sessions:read
2026-05-10 11:42:51.934 -08:00 [INF] JWT token validated. IsAuthenticated=true
2026-05-10 11:42:51.936 -08:00 [INF] Access policy evaluation for sessions:read. UserId=790c2c93-d8e6-4b61-8a11-e4190a1c0805, Roles=[Admin], ActiveRules=3, SubjectMatched=1, ResourceActionMatched=1, Allows=1, Denies=0, Decision=Allowed
2026-05-10 11:42:51.936 -08:00 [INF] MediatR handling started GetSessionsQuery
2026-05-10 11:42:51.940 -08:00 [INF] Access policy check started for sessions:read
2026-05-10 11:42:51.943 -08:00 [INF] Access policy evaluation for sessions:read. UserId=790c2c93-d8e6-4b61-8a11-e4190a1c0805, Roles=[Admin], ActiveRules=3, SubjectMatched=1, ResourceActionMatched=1, Allows=1, Denies=0, Decision=Allowed
2026-05-10 11:42:51.944 -08:00 [INF] MediatR handling completed GetSessionsQuery in 12 ms
2026-05-10 11:42:51.947 -08:00 [INF] HTTP GET /api/Sessions completed with 200 in 19 ms (0HNLEPFT0RIHH:0000006D)
2026-05-10 11:42:51.949 -08:00 [INF] MediatR handling completed GetSessionsQuery in 12 ms
2026-05-10 11:42:51.950 -08:00 [INF] HTTP GET /api/Sessions completed with 200 in 19 ms (0HNLEPFT0RIHH:0000006F)
2026-05-10 11:43:05.304 -08:00 [INF] Authorization header exists: true
2026-05-10 11:43:05.306 -08:00 [INF] JWT token validated. IsAuthenticated=true
2026-05-10 11:43:05.307 -08:00 [INF] MediatR handling started GetSessionsQuery
2026-05-10 11:43:05.307 -08:00 [INF] Access policy check started for sessions:read
2026-05-10 11:43:05.309 -08:00 [INF] Access policy evaluation for sessions:read. UserId=790c2c93-d8e6-4b61-8a11-e4190a1c0805, Roles=[Admin], ActiveRules=3, SubjectMatched=1, ResourceActionMatched=1, Allows=1, Denies=0, Decision=Allowed
2026-05-10 11:43:05.313 -08:00 [INF] MediatR handling completed GetSessionsQuery in 6 ms
2026-05-10 11:43:05.314 -08:00 [INF] HTTP GET /api/Sessions completed with 200 in 10 ms (0HNLEPFT0RIHH:00000073)
2026-05-10 11:43:05.377 -08:00 [INF] Authorization header exists: true
2026-05-10 11:43:05.379 -08:00 [INF] Authorization header exists: true
2026-05-10 11:43:05.379 -08:00 [INF] JWT token validated. IsAuthenticated=true
2026-05-10 11:43:05.381 -08:00 [INF] JWT token validated. IsAuthenticated=true
2026-05-10 11:43:05.381 -08:00 [INF] MediatR handling started GetSessionsQuery
2026-05-10 11:43:05.382 -08:00 [INF] MediatR handling started GetSessionsQuery
2026-05-10 11:43:05.382 -08:00 [INF] Access policy check started for sessions:read
2026-05-10 11:43:05.382 -08:00 [INF] Access policy check started for sessions:read
2026-05-10 11:43:05.384 -08:00 [INF] Access policy evaluation for sessions:read. UserId=790c2c93-d8e6-4b61-8a11-e4190a1c0805, Roles=[Admin], ActiveRules=3, SubjectMatched=1, ResourceActionMatched=1, Allows=1, Denies=0, Decision=Allowed
2026-05-10 11:43:05.385 -08:00 [INF] Access policy evaluation for sessions:read. UserId=790c2c93-d8e6-4b61-8a11-e4190a1c0805, Roles=[Admin], ActiveRules=3, SubjectMatched=1, ResourceActionMatched=1, Allows=1, Denies=0, Decision=Allowed
2026-05-10 11:43:05.388 -08:00 [INF] MediatR handling completed GetSessionsQuery in 7 ms
2026-05-10 11:43:05.389 -08:00 [INF] HTTP GET /api/Sessions completed with 200 in 11 ms (0HNLEPFT0RIHH:00000077)
2026-05-10 11:43:05.389 -08:00 [INF] MediatR handling completed GetSessionsQuery in 7 ms
2026-05-10 11:43:05.391 -08:00 [INF] HTTP GET /api/Sessions completed with 200 in 12 ms (0HNLEPFT0RIHH:00000079)
2026-05-10 11:43:12.421 -08:00 [INF] HTTP CONNECT /hubs/sessions completed with 200 in 121136 ms (0HNLEPFT0RIHI:00000007)
2026-05-10 11:43:12.629 -08:00 [INF] Authorization header exists: true
2026-05-10 11:43:12.632 -08:00 [INF] JWT token validated. IsAuthenticated=true
2026-05-10 11:43:12.632 -08:00 [INF] HTTP POST /hubs/sessions/negotiate completed with 200 in 3 ms (0HNLEPFT0RIHI:00000009)
2026-05-10 11:43:12.675 -08:00 [INF] Authorization header exists: true
2026-05-10 11:43:12.678 -08:00 [INF] JWT token validated. IsAuthenticated=true
2026-05-10 11:43:12.679 -08:00 [INF] MediatR handling started GetUsersQuery
2026-05-10 11:43:12.680 -08:00 [INF] Access policy check started for users:read
2026-05-10 11:43:12.682 -08:00 [INF] Access policy evaluation for users:read. UserId=790c2c93-d8e6-4b61-8a11-e4190a1c0805, Roles=[Admin], ActiveRules=3, SubjectMatched=1, ResourceActionMatched=1, Allows=1, Denies=0, Decision=Allowed
2026-05-10 11:43:12.684 -08:00 [INF] Access policy query filter started for users:read
2026-05-10 11:43:12.686 -08:00 [INF] Access policy query filter for users:read. UserId=790c2c93-d8e6-4b61-8a11-e4190a1c0805, Roles=[Admin], ActiveRules=3, SubjectMatched=1, ResourceActionMatched=1, Allows=1, Denies=0
2026-05-10 11:43:12.689 -08:00 [INF] MediatR handling completed GetUsersQuery in 10 ms
2026-05-10 11:43:12.691 -08:00 [INF] HTTP GET /api/Users completed with 200 in 15 ms (0HNLEPFT0RIHH:0000007F)
2026-05-10 11:43:13.111 -08:00 [INF] Authorization header exists: false
2026-05-10 11:43:13.114 -08:00 [INF] JWT token validated. IsAuthenticated=true
2026-05-10 11:43:14.860 -08:00 [INF] Authorization header exists: true
2026-05-10 11:43:14.861 -08:00 [INF] JWT token validated. IsAuthenticated=true
2026-05-10 11:43:14.862 -08:00 [INF] MediatR handling started GetSessionsQuery
2026-05-10 11:43:14.863 -08:00 [INF] Access policy check started for sessions:read
2026-05-10 11:43:14.866 -08:00 [INF] Access policy evaluation for sessions:read. UserId=790c2c93-d8e6-4b61-8a11-e4190a1c0805, Roles=[Admin], ActiveRules=3, SubjectMatched=1, ResourceActionMatched=1, Allows=1, Denies=0, Decision=Allowed
2026-05-10 11:43:14.872 -08:00 [INF] MediatR handling completed GetSessionsQuery in 9 ms
2026-05-10 11:43:14.873 -08:00 [INF] HTTP GET /api/Sessions completed with 200 in 13 ms (0HNLEPFT0RIHH:00000083)
2026-05-10 11:43:15.186 -08:00 [INF] Authorization header exists: true
2026-05-10 11:43:15.188 -08:00 [INF] Authorization header exists: true
2026-05-10 11:43:15.189 -08:00 [INF] JWT token validated. IsAuthenticated=true
2026-05-10 11:43:15.191 -08:00 [INF] MediatR handling started GetSessionsQuery
2026-05-10 11:43:15.191 -08:00 [INF] JWT token validated. IsAuthenticated=true
2026-05-10 11:43:15.191 -08:00 [INF] Access policy check started for sessions:read
2026-05-10 11:43:15.192 -08:00 [INF] MediatR handling started GetSessionsQuery
2026-05-10 11:43:15.194 -08:00 [INF] Access policy check started for sessions:read
2026-05-10 11:43:15.194 -08:00 [INF] Access policy evaluation for sessions:read. UserId=790c2c93-d8e6-4b61-8a11-e4190a1c0805, Roles=[Admin], ActiveRules=3, SubjectMatched=1, ResourceActionMatched=1, Allows=1, Denies=0, Decision=Allowed
2026-05-10 11:43:15.196 -08:00 [INF] Access policy evaluation for sessions:read. UserId=790c2c93-d8e6-4b61-8a11-e4190a1c0805, Roles=[Admin], ActiveRules=3, SubjectMatched=1, ResourceActionMatched=1, Allows=1, Denies=0, Decision=Allowed
2026-05-10 11:43:15.200 -08:00 [INF] MediatR handling completed GetSessionsQuery in 9 ms
2026-05-10 11:43:15.201 -08:00 [INF] HTTP GET /api/Sessions completed with 200 in 16 ms (0HNLEPFT0RIHH:00000087)
2026-05-10 11:43:15.202 -08:00 [INF] MediatR handling completed GetSessionsQuery in 9 ms
2026-05-10 11:43:15.205 -08:00 [INF] HTTP GET /api/Sessions completed with 200 in 17 ms (0HNLEPFT0RIHH:00000089)
2026-05-10 11:43:17.358 -08:00 [INF] Authorization header exists: true
2026-05-10 11:43:17.360 -08:00 [INF] JWT token validated. IsAuthenticated=true
2026-05-10 11:43:17.370 -08:00 [INF] MediatR handling started GetSessionByIdQuery
2026-05-10 11:43:17.375 -08:00 [INF] Access policy check started for sessions:read
2026-05-10 11:43:17.377 -08:00 [INF] Access policy evaluation for sessions:read. UserId=790c2c93-d8e6-4b61-8a11-e4190a1c0805, Roles=[Admin], ActiveRules=3, SubjectMatched=1, ResourceActionMatched=1, Allows=1, Denies=0, Decision=Allowed
2026-05-10 11:43:17.403 -08:00 [INF] MediatR handling completed GetSessionByIdQuery in 33 ms
2026-05-10 11:43:17.405 -08:00 [INF] HTTP GET /api/Sessions/d5ccf59c-290d-46aa-8713-c52fdde8e51b completed with 200 in 47 ms (0HNLEPFT0RIHH:0000008D)
2026-05-10 11:43:28.984 -08:00 [INF] Authorization header exists: true
2026-05-10 11:43:28.985 -08:00 [INF] JWT token validated. IsAuthenticated=true
2026-05-10 11:43:28.986 -08:00 [INF] MediatR handling started GetSessionsQuery
2026-05-10 11:43:28.987 -08:00 [INF] Access policy check started for sessions:read
2026-05-10 11:43:28.988 -08:00 [INF] Access policy evaluation for sessions:read. UserId=790c2c93-d8e6-4b61-8a11-e4190a1c0805, Roles=[Admin], ActiveRules=3, SubjectMatched=1, ResourceActionMatched=1, Allows=1, Denies=0, Decision=Allowed
2026-05-10 11:43:28.991 -08:00 [INF] MediatR handling completed GetSessionsQuery in 5 ms
2026-05-10 11:43:28.992 -08:00 [INF] HTTP GET /api/Sessions completed with 200 in 8 ms (0HNLEPFT0RIHH:00000091)
2026-05-10 11:43:29.055 -08:00 [INF] Authorization header exists: true
2026-05-10 11:43:29.056 -08:00 [INF] Authorization header exists: true
2026-05-10 11:43:29.057 -08:00 [INF] JWT token validated. IsAuthenticated=true
2026-05-10 11:43:29.060 -08:00 [INF] MediatR handling started GetSessionsQuery
2026-05-10 11:43:29.060 -08:00 [INF] JWT token validated. IsAuthenticated=true
2026-05-10 11:43:29.061 -08:00 [INF] Access policy check started for sessions:read
2026-05-10 11:43:29.062 -08:00 [INF] MediatR handling started GetSessionsQuery
2026-05-10 11:43:29.063 -08:00 [INF] Access policy check started for sessions:read
2026-05-10 11:43:29.063 -08:00 [INF] Access policy evaluation for sessions:read. UserId=790c2c93-d8e6-4b61-8a11-e4190a1c0805, Roles=[Admin], ActiveRules=3, SubjectMatched=1, ResourceActionMatched=1, Allows=1, Denies=0, Decision=Allowed
2026-05-10 11:43:29.066 -08:00 [INF] Access policy evaluation for sessions:read. UserId=790c2c93-d8e6-4b61-8a11-e4190a1c0805, Roles=[Admin], ActiveRules=3, SubjectMatched=1, ResourceActionMatched=1, Allows=1, Denies=0, Decision=Allowed
2026-05-10 11:43:29.070 -08:00 [INF] MediatR handling completed GetSessionsQuery in 10 ms
2026-05-10 11:43:29.071 -08:00 [INF] HTTP GET /api/Sessions completed with 200 in 15 ms (0HNLEPFT0RIHH:00000095)
2026-05-10 11:43:29.071 -08:00 [INF] MediatR handling completed GetSessionsQuery in 9 ms
2026-05-10 11:43:29.074 -08:00 [INF] HTTP GET /api/Sessions completed with 200 in 17 ms (0HNLEPFT0RIHH:00000097)
2026-05-10 11:43:31.428 -08:00 [INF] Authorization header exists: true
2026-05-10 11:43:31.428 -08:00 [INF] Authorization header exists: true
2026-05-10 11:43:31.428 -08:00 [INF] Authorization header exists: true
2026-05-10 11:43:31.428 -08:00 [INF] Authorization header exists: true
2026-05-10 11:43:31.432 -08:00 [INF] JWT token validated. IsAuthenticated=true
2026-05-10 11:43:31.432 -08:00 [INF] JWT token validated. IsAuthenticated=true
2026-05-10 11:43:31.433 -08:00 [INF] JWT token validated. IsAuthenticated=true
2026-05-10 11:43:31.434 -08:00 [INF] JWT token validated. IsAuthenticated=true
2026-05-10 11:43:31.436 -08:00 [INF] MediatR handling started GetErrorLogsQuery
2026-05-10 11:43:31.439 -08:00 [INF] Access policy check started for errorLogs:read
2026-05-10 11:43:31.441 -08:00 [INF] MediatR handling started GetUsersDashboardQuery
2026-05-10 11:43:31.441 -08:00 [INF] MediatR handling started ListAccessPoliciesQuery
2026-05-10 11:43:31.441 -08:00 [INF] Access policy evaluation for errorLogs:read. UserId=790c2c93-d8e6-4b61-8a11-e4190a1c0805, Roles=[Admin], ActiveRules=3, SubjectMatched=1, ResourceActionMatched=1, Allows=1, Denies=0, Decision=Allowed
2026-05-10 11:43:31.444 -08:00 [INF] Access policy check started for accessPolicies:read
2026-05-10 11:43:31.446 -08:00 [INF] Access policy check started for users:read
2026-05-10 11:43:31.447 -08:00 [INF] Access policy evaluation for accessPolicies:read. UserId=790c2c93-d8e6-4b61-8a11-e4190a1c0805, Roles=[Admin], ActiveRules=3, SubjectMatched=1, ResourceActionMatched=1, Allows=1, Denies=0, Decision=Allowed
2026-05-10 11:43:31.448 -08:00 [INF] Access policy evaluation for users:read. UserId=790c2c93-d8e6-4b61-8a11-e4190a1c0805, Roles=[Admin], ActiveRules=3, SubjectMatched=1, ResourceActionMatched=1, Allows=1, Denies=0, Decision=Allowed
2026-05-10 11:43:31.450 -08:00 [INF] MediatR handling started GetLogsQuery
2026-05-10 11:43:31.451 -08:00 [INF] Access policy query filter started for users:read
2026-05-10 11:43:31.453 -08:00 [INF] Access policy query filter for users:read. UserId=790c2c93-d8e6-4b61-8a11-e4190a1c0805, Roles=[Admin], ActiveRules=3, SubjectMatched=1, ResourceActionMatched=1, Allows=1, Denies=0
2026-05-10 11:43:31.456 -08:00 [INF] MediatR handling completed ListAccessPoliciesQuery in 14 ms
2026-05-10 11:43:31.456 -08:00 [INF] Access policy check started for logs:read
2026-05-10 11:43:31.458 -08:00 [INF] MediatR handling completed GetErrorLogsQuery in 22 ms
2026-05-10 11:43:31.462 -08:00 [INF] HTTP GET /api/error-logs completed with 200 in 34 ms (0HNLEPFT0RIHH:000000A5)
2026-05-10 11:43:31.477 -08:00 [INF] HTTP GET /api/AccessPolicies completed with 200 in 48 ms (0HNLEPFT0RIHH:000000A7)
2026-05-10 11:43:31.523 -08:00 [INF] Access policy evaluation for logs:read. UserId=790c2c93-d8e6-4b61-8a11-e4190a1c0805, Roles=[Admin], ActiveRules=3, SubjectMatched=1, ResourceActionMatched=1, Allows=1, Denies=0, Decision=Allowed
2026-05-10 11:43:31.524 -08:00 [INF] MediatR handling completed GetUsersDashboardQuery in 83 ms
2026-05-10 11:43:31.535 -08:00 [INF] HTTP GET /api/Users/dashboard completed with 200 in 106 ms (0HNLEPFT0RIHH:000000A1)
2026-05-10 11:43:31.561 -08:00 [INF] MediatR handling completed GetLogsQuery in 111 ms
2026-05-10 11:43:31.571 -08:00 [INF] HTTP GET /api/Logs completed with 200 in 143 ms (0HNLEPFT0RIHH:000000A3)
2026-05-10 11:43:47.396 -08:00 [WRN] Sensitive data logging is enabled. Log entries and exception messages may include sensitive application data; this mode should only be enabled during development.
2026-05-10 11:43:48.411 -08:00 [INF] Admin wildcard access policy already exists
2026-05-10 11:43:48.734 -08:00 [INF] Now listening on: https://localhost:7259
2026-05-10 11:43:48.736 -08:00 [INF] Now listening on: http://localhost:5244
2026-05-10 11:43:48.816 -08:00 [INF] Application started. Press Ctrl+C to shut down.
2026-05-10 11:43:48.818 -08:00 [INF] Hosting environment: Development
2026-05-10 11:43:48.819 -08:00 [INF] Content root path: C:\PrivateProject\algo.bytes\src\algo.API
2026-05-10 11:43:49.008 -08:00 [INF] Authorization header exists: true
2026-05-10 11:43:49.008 -08:00 [INF] Authorization header exists: true
2026-05-10 11:43:49.243 -08:00 [INF] JWT token validated. IsAuthenticated=true
2026-05-10 11:43:49.248 -08:00 [INF] JWT token validated. IsAuthenticated=true
2026-05-10 11:43:49.264 -08:00 [INF] HTTP POST /hubs/sessions/negotiate completed with 200 in 353 ms (0HNLEPHQATPUJ:00000001)
2026-05-10 11:43:49.300 -08:00 [INF] Authorization header exists: false
2026-05-10 11:43:49.325 -08:00 [INF] JWT token validated. IsAuthenticated=true
2026-05-10 11:43:49.398 -08:00 [INF] MediatR handling started GetUsersQuery
2026-05-10 11:43:49.550 -08:00 [INF] Access policy check started for users:read
2026-05-10 11:43:49.668 -08:00 [INF] Access policy evaluation for users:read. UserId=790c2c93-d8e6-4b61-8a11-e4190a1c0805, Roles=[Admin], ActiveRules=3, SubjectMatched=1, ResourceActionMatched=1, Allows=1, Denies=0, Decision=Allowed
2026-05-10 11:43:49.686 -08:00 [INF] Access policy query filter started for users:read
2026-05-10 11:43:49.695 -08:00 [INF] Access policy query filter for users:read. UserId=790c2c93-d8e6-4b61-8a11-e4190a1c0805, Roles=[Admin], ActiveRules=3, SubjectMatched=1, ResourceActionMatched=1, Allows=1, Denies=0
2026-05-10 11:43:50.051 -08:00 [INF] MediatR handling completed GetUsersQuery in 653 ms
2026-05-10 11:43:50.090 -08:00 [INF] HTTP GET /api/Users completed with 200 in 1178 ms (0HNLEPHQATPUH:00000005)
2026-05-10 11:44:04.667 -08:00 [INF] Authorization header exists: true
2026-05-10 11:44:04.673 -08:00 [INF] JWT token validated. IsAuthenticated=true
2026-05-10 11:44:04.686 -08:00 [INF] MediatR handling started GetUserByIdQuery
2026-05-10 11:44:04.691 -08:00 [INF] Access policy check started for users:read
2026-05-10 11:44:04.694 -08:00 [INF] Access policy evaluation for users:read. UserId=790c2c93-d8e6-4b61-8a11-e4190a1c0805, Roles=[Admin], ActiveRules=3, SubjectMatched=1, ResourceActionMatched=1, Allows=1, Denies=0, Decision=Allowed
2026-05-10 11:44:04.697 -08:00 [INF] Access policy query filter started for users:read
2026-05-10 11:44:04.700 -08:00 [INF] Access policy query filter for users:read. UserId=790c2c93-d8e6-4b61-8a11-e4190a1c0805, Roles=[Admin], ActiveRules=3, SubjectMatched=1, ResourceActionMatched=1, Allows=1, Denies=0
2026-05-10 11:44:04.816 -08:00 [INF] MediatR handling completed GetUserByIdQuery in 129 ms
2026-05-10 11:44:04.822 -08:00 [INF] HTTP GET /api/Users/d1ed8be4-9703-45f0-935f-3c39601b55e1 completed with 200 in 155 ms (0HNLEPHQATPUH:00000009)
2026-05-10 11:44:50.927 -08:00 [INF] Authorization header exists: true
2026-05-10 11:44:50.933 -08:00 [INF] JWT token validated. IsAuthenticated=true
2026-05-10 11:44:50.945 -08:00 [INF] MediatR handling started GetRolesQuery
2026-05-10 11:44:50.947 -08:00 [INF] Access policy check started for roles:read
2026-05-10 11:44:50.950 -08:00 [INF] Access policy evaluation for roles:read. UserId=790c2c93-d8e6-4b61-8a11-e4190a1c0805, Roles=[Admin], ActiveRules=3, SubjectMatched=1, ResourceActionMatched=1, Allows=1, Denies=0, Decision=Allowed
2026-05-10 11:44:50.962 -08:00 [INF] MediatR handling completed GetRolesQuery in 16 ms
2026-05-10 11:44:50.968 -08:00 [INF] HTTP GET /api/Roles completed with 200 in 41 ms (0HNLEPHQATPUH:0000000D)
2026-05-10 11:44:54.054 -08:00 [INF] Authorization header exists: true
2026-05-10 11:44:54.058 -08:00 [INF] JWT token validated. IsAuthenticated=true
2026-05-10 11:44:54.067 -08:00 [INF] MediatR handling started GetRoleByIdQuery
2026-05-10 11:44:54.069 -08:00 [INF] Access policy check started for roles:read
2026-05-10 11:44:54.072 -08:00 [INF] Access policy evaluation for roles:read. UserId=790c2c93-d8e6-4b61-8a11-e4190a1c0805, Roles=[Admin], ActiveRules=3, SubjectMatched=1, ResourceActionMatched=1, Allows=1, Denies=0, Decision=Allowed
2026-05-10 11:44:54.089 -08:00 [INF] MediatR handling completed GetRoleByIdQuery in 22 ms
2026-05-10 11:44:54.092 -08:00 [INF] HTTP GET /api/Roles/14395f3e-a904-410d-9f6d-5516cc021680 completed with 200 in 37 ms (0HNLEPHQATPUH:00000011)
2026-05-10 11:44:56.458 -08:00 [INF] Authorization header exists: true
2026-05-10 11:44:56.461 -08:00 [INF] JWT token validated. IsAuthenticated=true
2026-05-10 11:44:56.473 -08:00 [INF] MediatR handling started GetSessionsQuery
2026-05-10 11:44:56.477 -08:00 [INF] Access policy check started for sessions:read
2026-05-10 11:44:56.480 -08:00 [INF] Access policy evaluation for sessions:read. UserId=790c2c93-d8e6-4b61-8a11-e4190a1c0805, Roles=[Admin], ActiveRules=3, SubjectMatched=1, ResourceActionMatched=1, Allows=1, Denies=0, Decision=Allowed
2026-05-10 11:44:56.561 -08:00 [INF] MediatR handling completed GetSessionsQuery in 88 ms
2026-05-10 11:44:56.569 -08:00 [INF] HTTP GET /api/Sessions completed with 200 in 111 ms (0HNLEPHQATPUH:00000015)
2026-05-10 11:44:56.764 -08:00 [INF] Authorization header exists: true
2026-05-10 11:44:56.766 -08:00 [INF] Authorization header exists: true
2026-05-10 11:44:56.768 -08:00 [INF] JWT token validated. IsAuthenticated=true
2026-05-10 11:44:56.769 -08:00 [INF] JWT token validated. IsAuthenticated=true
2026-05-10 11:44:56.770 -08:00 [INF] MediatR handling started GetSessionsQuery
2026-05-10 11:44:56.770 -08:00 [INF] MediatR handling started GetSessionsQuery
2026-05-10 11:44:56.771 -08:00 [INF] Access policy check started for sessions:read
2026-05-10 11:44:56.774 -08:00 [INF] Access policy evaluation for sessions:read. UserId=790c2c93-d8e6-4b61-8a11-e4190a1c0805, Roles=[Admin], ActiveRules=3, SubjectMatched=1, ResourceActionMatched=1, Allows=1, Denies=0, Decision=Allowed
2026-05-10 11:44:56.776 -08:00 [INF] Access policy check started for sessions:read
2026-05-10 11:44:56.777 -08:00 [INF] Access policy evaluation for sessions:read. UserId=790c2c93-d8e6-4b61-8a11-e4190a1c0805, Roles=[Admin], ActiveRules=3, SubjectMatched=1, ResourceActionMatched=1, Allows=1, Denies=0, Decision=Allowed
2026-05-10 11:44:56.779 -08:00 [INF] MediatR handling completed GetSessionsQuery in 8 ms
2026-05-10 11:44:56.780 -08:00 [INF] HTTP GET /api/Sessions completed with 200 in 15 ms (0HNLEPHQATPUH:00000019)
2026-05-10 11:44:56.782 -08:00 [INF] MediatR handling completed GetSessionsQuery in 11 ms
2026-05-10 11:44:56.783 -08:00 [INF] HTTP GET /api/Sessions completed with 200 in 16 ms (0HNLEPHQATPUH:0000001B)
2026-05-10 11:44:57.164 -08:00 [INF] Authorization header exists: true
2026-05-10 11:44:57.199 -08:00 [INF] Authorization header exists: true
2026-05-10 11:44:57.200 -08:00 [INF] JWT token validated. IsAuthenticated=true
2026-05-10 11:44:57.200 -08:00 [INF] JWT token validated. IsAuthenticated=true
2026-05-10 11:44:57.208 -08:00 [INF] MediatR handling started ListAccessPoliciesQuery
2026-05-10 11:44:57.208 -08:00 [INF] MediatR handling started GetAccessPolicyOptionsQuery
2026-05-10 11:44:57.211 -08:00 [INF] Access policy check started for accessPolicies:read
2026-05-10 11:44:57.211 -08:00 [INF] Access policy check started for accessPolicies:read
2026-05-10 11:44:57.213 -08:00 [INF] Access policy evaluation for accessPolicies:read. UserId=790c2c93-d8e6-4b61-8a11-e4190a1c0805, Roles=[Admin], ActiveRules=3, SubjectMatched=1, ResourceActionMatched=1, Allows=1, Denies=0, Decision=Allowed
2026-05-10 11:44:57.213 -08:00 [INF] Access policy evaluation for accessPolicies:read. UserId=790c2c93-d8e6-4b61-8a11-e4190a1c0805, Roles=[Admin], ActiveRules=3, SubjectMatched=1, ResourceActionMatched=1, Allows=1, Denies=0, Decision=Allowed
2026-05-10 11:44:57.222 -08:00 [INF] MediatR handling completed ListAccessPoliciesQuery in 13 ms
2026-05-10 11:44:57.228 -08:00 [INF] MediatR handling completed GetAccessPolicyOptionsQuery in 19 ms
2026-05-10 11:44:57.233 -08:00 [INF] HTTP GET /api/AccessPolicies completed with 200 in 69 ms (0HNLEPHQATPUH:00000021)
2026-05-10 11:44:57.245 -08:00 [INF] HTTP GET /api/AccessPolicies/options completed with 200 in 45 ms (0HNLEPHQATPUH:00000023)
2026-05-10 11:45:08.049 -08:00 [INF] Authorization header exists: true
2026-05-10 11:45:08.052 -08:00 [INF] JWT token validated. IsAuthenticated=true
2026-05-10 11:45:08.054 -08:00 [INF] MediatR handling started GetUsersQuery
2026-05-10 11:45:08.055 -08:00 [INF] Access policy check started for users:read
2026-05-10 11:45:08.057 -08:00 [INF] Access policy evaluation for users:read. UserId=790c2c93-d8e6-4b61-8a11-e4190a1c0805, Roles=[Admin], ActiveRules=3, SubjectMatched=1, ResourceActionMatched=1, Allows=1, Denies=0, Decision=Allowed
2026-05-10 11:45:08.060 -08:00 [INF] Access policy query filter started for users:read
2026-05-10 11:45:08.062 -08:00 [INF] Access policy query filter for users:read. UserId=790c2c93-d8e6-4b61-8a11-e4190a1c0805, Roles=[Admin], ActiveRules=3, SubjectMatched=1, ResourceActionMatched=1, Allows=1, Denies=0
2026-05-10 11:45:08.068 -08:00 [INF] MediatR handling completed GetUsersQuery in 13 ms
2026-05-10 11:45:08.069 -08:00 [INF] HTTP GET /api/Users completed with 200 in 20 ms (0HNLEPHQATPUH:00000027)
2026-05-10 11:45:12.041 -08:00 [INF] HTTP CONNECT /hubs/sessions completed with 200 in 82743 ms (0HNLEPHQATPUJ:00000003)
2026-05-10 11:45:12.254 -08:00 [INF] Authorization header exists: true
2026-05-10 11:45:12.258 -08:00 [INF] JWT token validated. IsAuthenticated=true
2026-05-10 11:45:12.260 -08:00 [INF] HTTP POST /hubs/sessions/negotiate completed with 200 in 5 ms (0HNLEPHQATPUJ:00000005)
2026-05-10 11:45:12.294 -08:00 [INF] Authorization header exists: true
2026-05-10 11:45:12.297 -08:00 [INF] JWT token validated. IsAuthenticated=true
2026-05-10 11:45:12.301 -08:00 [INF] MediatR handling started GetUsersQuery
2026-05-10 11:45:12.306 -08:00 [INF] Access policy check started for users:read
2026-05-10 11:45:12.308 -08:00 [INF] Access policy evaluation for users:read. UserId=790c2c93-d8e6-4b61-8a11-e4190a1c0805, Roles=[Admin], ActiveRules=3, SubjectMatched=1, ResourceActionMatched=1, Allows=1, Denies=0, Decision=Allowed
2026-05-10 11:45:12.311 -08:00 [INF] Access policy query filter started for users:read
2026-05-10 11:45:12.314 -08:00 [INF] Access policy query filter for users:read. UserId=790c2c93-d8e6-4b61-8a11-e4190a1c0805, Roles=[Admin], ActiveRules=3, SubjectMatched=1, ResourceActionMatched=1, Allows=1, Denies=0
2026-05-10 11:45:12.321 -08:00 [INF] MediatR handling completed GetUsersQuery in 20 ms
2026-05-10 11:45:12.324 -08:00 [INF] HTTP GET /api/Users completed with 200 in 29 ms (0HNLEPHQATPUH:0000002B)
2026-05-10 11:45:12.670 -08:00 [INF] Authorization header exists: false
2026-05-10 11:45:12.673 -08:00 [INF] JWT token validated. IsAuthenticated=true
2026-05-10 11:45:20.507 -08:00 [INF] Authorization header exists: true
2026-05-10 11:45:20.509 -08:00 [INF] JWT token validated. IsAuthenticated=true
2026-05-10 11:45:20.511 -08:00 [INF] MediatR handling started GetUserByIdQuery
2026-05-10 11:45:20.513 -08:00 [INF] Access policy check started for users:read
2026-05-10 11:45:20.516 -08:00 [INF] Access policy evaluation for users:read. UserId=790c2c93-d8e6-4b61-8a11-e4190a1c0805, Roles=[Admin], ActiveRules=3, SubjectMatched=1, ResourceActionMatched=1, Allows=1, Denies=0, Decision=Allowed
2026-05-10 11:45:20.519 -08:00 [INF] Access policy query filter started for users:read
2026-05-10 11:45:20.520 -08:00 [INF] Access policy query filter for users:read. UserId=790c2c93-d8e6-4b61-8a11-e4190a1c0805, Roles=[Admin], ActiveRules=3, SubjectMatched=1, ResourceActionMatched=1, Allows=1, Denies=0
2026-05-10 11:45:20.524 -08:00 [INF] MediatR handling completed GetUserByIdQuery in 13 ms
2026-05-10 11:45:20.526 -08:00 [INF] HTTP GET /api/Users/d1ed8be4-9703-45f0-935f-3c39601b55e1 completed with 200 in 18 ms (0HNLEPHQATPUH:0000002F)
2026-05-10 11:45:27.069 -08:00 [INF] Authorization header exists: true
2026-05-10 11:45:27.071 -08:00 [INF] JWT token validated. IsAuthenticated=true
2026-05-10 11:45:27.072 -08:00 [INF] MediatR handling started GetRolesQuery
2026-05-10 11:45:27.073 -08:00 [INF] Access policy check started for roles:read
2026-05-10 11:45:27.075 -08:00 [INF] Access policy evaluation for roles:read. UserId=790c2c93-d8e6-4b61-8a11-e4190a1c0805, Roles=[Admin], ActiveRules=3, SubjectMatched=1, ResourceActionMatched=1, Allows=1, Denies=0, Decision=Allowed
2026-05-10 11:45:27.078 -08:00 [INF] MediatR handling completed GetRolesQuery in 6 ms
2026-05-10 11:45:27.079 -08:00 [INF] HTTP GET /api/Roles completed with 200 in 10 ms (0HNLEPHQATPUH:00000033)
2026-05-10 11:45:45.092 -08:00 [INF] Authorization header exists: true
2026-05-10 11:45:45.095 -08:00 [INF] JWT token validated. IsAuthenticated=true
2026-05-10 11:45:45.096 -08:00 [INF] MediatR handling started GetUsersQuery
2026-05-10 11:45:45.098 -08:00 [INF] Access policy check started for users:read
2026-05-10 11:45:45.100 -08:00 [INF] Access policy evaluation for users:read. UserId=790c2c93-d8e6-4b61-8a11-e4190a1c0805, Roles=[Admin], ActiveRules=3, SubjectMatched=1, ResourceActionMatched=1, Allows=1, Denies=0, Decision=Allowed
2026-05-10 11:45:45.102 -08:00 [INF] Access policy query filter started for users:read
2026-05-10 11:45:45.103 -08:00 [INF] Access policy query filter for users:read. UserId=790c2c93-d8e6-4b61-8a11-e4190a1c0805, Roles=[Admin], ActiveRules=3, SubjectMatched=1, ResourceActionMatched=1, Allows=1, Denies=0
2026-05-10 11:45:45.120 -08:00 [INF] MediatR handling completed GetUsersQuery in 23 ms
2026-05-10 11:45:45.121 -08:00 [INF] HTTP GET /api/Users completed with 200 in 28 ms (0HNLEPHQATPUH:00000037)
2026-05-10 11:45:45.595 -08:00 [INF] Authorization header exists: true
2026-05-10 11:45:45.596 -08:00 [INF] JWT token validated. IsAuthenticated=true
2026-05-10 11:45:45.597 -08:00 [INF] MediatR handling started GetUsersQuery
2026-05-10 11:45:45.598 -08:00 [INF] Access policy check started for users:read
2026-05-10 11:45:45.599 -08:00 [INF] Access policy evaluation for users:read. UserId=790c2c93-d8e6-4b61-8a11-e4190a1c0805, Roles=[Admin], ActiveRules=3, SubjectMatched=1, ResourceActionMatched=1, Allows=1, Denies=0, Decision=Allowed
2026-05-10 11:45:45.601 -08:00 [INF] Access policy query filter started for users:read
2026-05-10 11:45:45.602 -08:00 [INF] Access policy query filter for users:read. UserId=790c2c93-d8e6-4b61-8a11-e4190a1c0805, Roles=[Admin], ActiveRules=3, SubjectMatched=1, ResourceActionMatched=1, Allows=1, Denies=0
2026-05-10 11:45:45.618 -08:00 [INF] MediatR handling completed GetUsersQuery in 20 ms
2026-05-10 11:45:45.619 -08:00 [INF] HTTP GET /api/Users completed with 200 in 24 ms (0HNLEPHQATPUH:0000003B)
2026-05-10 11:45:50.277 -08:00 [INF] Authorization header exists: true
2026-05-10 11:45:50.280 -08:00 [INF] JWT token validated. IsAuthenticated=true
2026-05-10 11:45:50.291 -08:00 [INF] MediatR handling started ActivateUserCommand
2026-05-10 11:45:50.296 -08:00 [INF] Access policy check started for users:update
2026-05-10 11:45:50.299 -08:00 [INF] Access policy evaluation for users:update. UserId=790c2c93-d8e6-4b61-8a11-e4190a1c0805, Roles=[Admin], ActiveRules=3, SubjectMatched=1, ResourceActionMatched=1, Allows=1, Denies=0, Decision=Allowed
2026-05-10 11:45:50.301 -08:00 [INF] Access policy query filter started for users:update
2026-05-10 11:45:50.303 -08:00 [INF] Access policy query filter for users:update. UserId=790c2c93-d8e6-4b61-8a11-e4190a1c0805, Roles=[Admin], ActiveRules=3, SubjectMatched=1, ResourceActionMatched=1, Allows=1, Denies=0
2026-05-10 11:45:50.451 -08:00 [INF] MediatR handling completed ActivateUserCommand in 160 ms
2026-05-10 11:45:50.454 -08:00 [INF] HTTP PATCH /api/Users/d1ed8be4-9703-45f0-935f-3c39601b55e1/activate completed with 204 in 177 ms (0HNLEPHQATPUH:0000003F)
2026-05-10 11:45:50.459 -08:00 [INF] Authorization header exists: true
2026-05-10 11:45:50.461 -08:00 [INF] JWT token validated. IsAuthenticated=true
2026-05-10 11:45:50.463 -08:00 [INF] MediatR handling started GetUsersQuery
2026-05-10 11:45:50.463 -08:00 [INF] Access policy check started for users:read
2026-05-10 11:45:50.465 -08:00 [INF] Access policy evaluation for users:read. UserId=790c2c93-d8e6-4b61-8a11-e4190a1c0805, Roles=[Admin], ActiveRules=3, SubjectMatched=1, ResourceActionMatched=1, Allows=1, Denies=0, Decision=Allowed
2026-05-10 11:45:50.467 -08:00 [INF] Access policy query filter started for users:read
2026-05-10 11:45:50.469 -08:00 [INF] Access policy query filter for users:read. UserId=790c2c93-d8e6-4b61-8a11-e4190a1c0805, Roles=[Admin], ActiveRules=3, SubjectMatched=1, ResourceActionMatched=1, Allows=1, Denies=0
2026-05-10 11:45:50.474 -08:00 [INF] MediatR handling completed GetUsersQuery in 11 ms
2026-05-10 11:45:50.475 -08:00 [INF] HTTP GET /api/Users completed with 200 in 16 ms (0HNLEPHQATPUH:00000041)
2026-05-10 11:45:58.561 -08:00 [INF] Authorization header exists: true
2026-05-10 11:45:58.564 -08:00 [INF] JWT token validated. IsAuthenticated=true
2026-05-10 11:45:58.572 -08:00 [INF] MediatR handling started UnlockUserCommand
2026-05-10 11:45:58.576 -08:00 [INF] Access policy check started for users:update
2026-05-10 11:45:58.579 -08:00 [INF] Access policy evaluation for users:update. UserId=790c2c93-d8e6-4b61-8a11-e4190a1c0805, Roles=[Admin], ActiveRules=3, SubjectMatched=1, ResourceActionMatched=1, Allows=1, Denies=0, Decision=Allowed
2026-05-10 11:45:58.581 -08:00 [INF] Access policy query filter started for users:update
2026-05-10 11:45:58.583 -08:00 [INF] Access policy query filter for users:update. UserId=790c2c93-d8e6-4b61-8a11-e4190a1c0805, Roles=[Admin], ActiveRules=3, SubjectMatched=1, ResourceActionMatched=1, Allows=1, Denies=0
2026-05-10 11:45:58.600 -08:00 [INF] MediatR handling completed UnlockUserCommand in 28 ms
2026-05-10 11:45:58.602 -08:00 [INF] HTTP PATCH /api/Users/d1ed8be4-9703-45f0-935f-3c39601b55e1/unlock completed with 204 in 40 ms (0HNLEPHQATPUH:00000045)
2026-05-10 11:45:58.609 -08:00 [INF] Authorization header exists: true
2026-05-10 11:45:58.612 -08:00 [INF] JWT token validated. IsAuthenticated=true
2026-05-10 11:45:58.613 -08:00 [INF] MediatR handling started GetUsersQuery
2026-05-10 11:45:58.613 -08:00 [INF] Access policy check started for users:read
2026-05-10 11:45:58.615 -08:00 [INF] Access policy evaluation for users:read. UserId=790c2c93-d8e6-4b61-8a11-e4190a1c0805, Roles=[Admin], ActiveRules=3, SubjectMatched=1, ResourceActionMatched=1, Allows=1, Denies=0, Decision=Allowed
2026-05-10 11:45:58.617 -08:00 [INF] Access policy query filter started for users:read
2026-05-10 11:45:58.618 -08:00 [INF] Access policy query filter for users:read. UserId=790c2c93-d8e6-4b61-8a11-e4190a1c0805, Roles=[Admin], ActiveRules=3, SubjectMatched=1, ResourceActionMatched=1, Allows=1, Denies=0
2026-05-10 11:45:58.623 -08:00 [INF] MediatR handling completed GetUsersQuery in 9 ms
2026-05-10 11:45:58.624 -08:00 [INF] HTTP GET /api/Users completed with 200 in 14 ms (0HNLEPHQATPUH:00000049)
2026-05-10 11:46:01.646 -08:00 [INF] Authorization header exists: true
2026-05-10 11:46:01.648 -08:00 [INF] JWT token validated. IsAuthenticated=true
2026-05-10 11:46:01.649 -08:00 [INF] MediatR handling started UnlockUserCommand
2026-05-10 11:46:01.650 -08:00 [INF] Access policy check started for users:update
2026-05-10 11:46:01.653 -08:00 [INF] Access policy evaluation for users:update. UserId=790c2c93-d8e6-4b61-8a11-e4190a1c0805, Roles=[Admin], ActiveRules=3, SubjectMatched=1, ResourceActionMatched=1, Allows=1, Denies=0, Decision=Allowed
2026-05-10 11:46:01.654 -08:00 [INF] Access policy query filter started for users:update
2026-05-10 11:46:01.656 -08:00 [INF] Access policy query filter for users:update. UserId=790c2c93-d8e6-4b61-8a11-e4190a1c0805, Roles=[Admin], ActiveRules=3, SubjectMatched=1, ResourceActionMatched=1, Allows=1, Denies=0
2026-05-10 11:46:01.667 -08:00 [INF] MediatR handling completed UnlockUserCommand in 17 ms
2026-05-10 11:46:01.668 -08:00 [INF] HTTP PATCH /api/Users/d1ed8be4-9703-45f0-935f-3c39601b55e1/unlock completed with 204 in 21 ms (0HNLEPHQATPUH:0000004B)
2026-05-10 11:46:01.673 -08:00 [INF] Authorization header exists: true
2026-05-10 11:46:01.675 -08:00 [INF] JWT token validated. IsAuthenticated=true
2026-05-10 11:46:01.676 -08:00 [INF] MediatR handling started GetUsersQuery
2026-05-10 11:46:01.677 -08:00 [INF] Access policy check started for users:read
2026-05-10 11:46:01.679 -08:00 [INF] Access policy evaluation for users:read. UserId=790c2c93-d8e6-4b61-8a11-e4190a1c0805, Roles=[Admin], ActiveRules=3, SubjectMatched=1, ResourceActionMatched=1, Allows=1, Denies=0, Decision=Allowed
2026-05-10 11:46:01.681 -08:00 [INF] Access policy query filter started for users:read
2026-05-10 11:46:01.682 -08:00 [INF] Access policy query filter for users:read. UserId=790c2c93-d8e6-4b61-8a11-e4190a1c0805, Roles=[Admin], ActiveRules=3, SubjectMatched=1, ResourceActionMatched=1, Allows=1, Denies=0
2026-05-10 11:46:01.687 -08:00 [INF] MediatR handling completed GetUsersQuery in 10 ms
2026-05-10 11:46:01.688 -08:00 [INF] HTTP GET /api/Users completed with 200 in 14 ms (0HNLEPHQATPUH:0000004D)
2026-05-10 11:46:10.215 -08:00 [INF] Authorization header exists: true
2026-05-10 11:46:10.217 -08:00 [INF] JWT token validated. IsAuthenticated=true
2026-05-10 11:46:10.246 -08:00 [INF] MediatR handling started LockUserCommand
2026-05-10 11:46:10.252 -08:00 [INF] Access policy check started for users:update
2026-05-10 11:46:10.255 -08:00 [INF] Access policy evaluation for users:update. UserId=790c2c93-d8e6-4b61-8a11-e4190a1c0805, Roles=[Admin], ActiveRules=3, SubjectMatched=1, ResourceActionMatched=1, Allows=1, Denies=0, Decision=Allowed
2026-05-10 11:46:10.257 -08:00 [INF] Access policy query filter started for users:update
2026-05-10 11:46:10.259 -08:00 [INF] Access policy query filter for users:update. UserId=790c2c93-d8e6-4b61-8a11-e4190a1c0805, Roles=[Admin], ActiveRules=3, SubjectMatched=1, ResourceActionMatched=1, Allows=1, Denies=0
2026-05-10 11:46:10.265 -08:00 [INF] MediatR handling completed LockUserCommand in 20 ms
2026-05-10 11:46:10.266 -08:00 [INF] HTTP PATCH /api/Users/d1ed8be4-9703-45f0-935f-3c39601b55e1/lock completed with 204 in 51 ms (0HNLEPHQATPUH:00000051)
2026-05-10 11:46:10.274 -08:00 [INF] Authorization header exists: true
2026-05-10 11:46:10.276 -08:00 [INF] JWT token validated. IsAuthenticated=true
2026-05-10 11:46:10.277 -08:00 [INF] MediatR handling started GetUsersQuery
2026-05-10 11:46:10.278 -08:00 [INF] Access policy check started for users:read
2026-05-10 11:46:10.279 -08:00 [INF] Access policy evaluation for users:read. UserId=790c2c93-d8e6-4b61-8a11-e4190a1c0805, Roles=[Admin], ActiveRules=3, SubjectMatched=1, ResourceActionMatched=1, Allows=1, Denies=0, Decision=Allowed
2026-05-10 11:46:10.280 -08:00 [INF] Access policy query filter started for users:read
2026-05-10 11:46:10.281 -08:00 [INF] Access policy query filter for users:read. UserId=790c2c93-d8e6-4b61-8a11-e4190a1c0805, Roles=[Admin], ActiveRules=3, SubjectMatched=1, ResourceActionMatched=1, Allows=1, Denies=0
2026-05-10 11:46:10.286 -08:00 [INF] MediatR handling completed GetUsersQuery in 9 ms
2026-05-10 11:46:10.287 -08:00 [INF] HTTP GET /api/Users completed with 200 in 12 ms (0HNLEPHQATPUH:00000055)
2026-05-10 11:46:23.212 -08:00 [INF] Authorization header exists: true
2026-05-10 11:46:23.214 -08:00 [INF] JWT token validated. IsAuthenticated=true
2026-05-10 11:46:23.216 -08:00 [INF] MediatR handling started UnlockUserCommand
2026-05-10 11:46:23.223 -08:00 [INF] Access policy check started for users:update
2026-05-10 11:46:23.225 -08:00 [INF] Access policy evaluation for users:update. UserId=790c2c93-d8e6-4b61-8a11-e4190a1c0805, Roles=[Admin], ActiveRules=3, SubjectMatched=1, ResourceActionMatched=1, Allows=1, Denies=0, Decision=Allowed
2026-05-10 11:46:23.228 -08:00 [INF] Access policy query filter started for users:update
2026-05-10 11:46:23.230 -08:00 [INF] Access policy query filter for users:update. UserId=790c2c93-d8e6-4b61-8a11-e4190a1c0805, Roles=[Admin], ActiveRules=3, SubjectMatched=1, ResourceActionMatched=1, Allows=1, Denies=0
2026-05-10 11:46:23.239 -08:00 [INF] MediatR handling completed UnlockUserCommand in 23 ms
2026-05-10 11:46:23.241 -08:00 [INF] HTTP PATCH /api/Users/d1ed8be4-9703-45f0-935f-3c39601b55e1/unlock completed with 204 in 28 ms (0HNLEPHQATPUH:00000059)
2026-05-10 11:46:23.247 -08:00 [INF] Authorization header exists: true
2026-05-10 11:46:23.249 -08:00 [INF] JWT token validated. IsAuthenticated=true
2026-05-10 11:46:23.250 -08:00 [INF] MediatR handling started GetUsersQuery
2026-05-10 11:46:23.250 -08:00 [INF] Access policy check started for users:read
2026-05-10 11:46:23.252 -08:00 [INF] Access policy evaluation for users:read. UserId=790c2c93-d8e6-4b61-8a11-e4190a1c0805, Roles=[Admin], ActiveRules=3, SubjectMatched=1, ResourceActionMatched=1, Allows=1, Denies=0, Decision=Allowed
2026-05-10 11:46:23.253 -08:00 [INF] Access policy query filter started for users:read
2026-05-10 11:46:23.255 -08:00 [INF] Access policy query filter for users:read. UserId=790c2c93-d8e6-4b61-8a11-e4190a1c0805, Roles=[Admin], ActiveRules=3, SubjectMatched=1, ResourceActionMatched=1, Allows=1, Denies=0
2026-05-10 11:46:23.261 -08:00 [INF] MediatR handling completed GetUsersQuery in 10 ms
2026-05-10 11:46:23.262 -08:00 [INF] HTTP GET /api/Users completed with 200 in 14 ms (0HNLEPHQATPUH:0000005D)
2026-05-10 11:48:03.283 -08:00 [INF] HTTP CONNECT /hubs/sessions completed with 200 in 170613 ms (0HNLEPHQATPUJ:00000007)
2026-05-10 11:48:03.478 -08:00 [INF] Authorization header exists: true
2026-05-10 11:48:03.480 -08:00 [INF] JWT token validated. IsAuthenticated=true
2026-05-10 11:48:03.481 -08:00 [INF] HTTP POST /hubs/sessions/negotiate completed with 200 in 3 ms (0HNLEPHQATPUL:00000001)
2026-05-10 11:48:03.517 -08:00 [INF] Authorization header exists: true
2026-05-10 11:48:03.519 -08:00 [INF] JWT token validated. IsAuthenticated=true
2026-05-10 11:48:03.521 -08:00 [INF] MediatR handling started GetUsersQuery
2026-05-10 11:48:03.522 -08:00 [INF] Access policy check started for users:read
2026-05-10 11:48:03.523 -08:00 [INF] Access policy evaluation for users:read. UserId=790c2c93-d8e6-4b61-8a11-e4190a1c0805, Roles=[Admin], ActiveRules=3, SubjectMatched=1, ResourceActionMatched=1, Allows=1, Denies=0, Decision=Allowed
2026-05-10 11:48:03.526 -08:00 [INF] Access policy query filter started for users:read
2026-05-10 11:48:03.527 -08:00 [INF] Access policy query filter for users:read. UserId=790c2c93-d8e6-4b61-8a11-e4190a1c0805, Roles=[Admin], ActiveRules=3, SubjectMatched=1, ResourceActionMatched=1, Allows=1, Denies=0
2026-05-10 11:48:03.532 -08:00 [INF] MediatR handling completed GetUsersQuery in 11 ms
2026-05-10 11:48:03.534 -08:00 [INF] HTTP GET /api/Users completed with 200 in 17 ms (0HNLEPHQATPUK:00000005)
2026-05-10 11:48:03.868 -08:00 [INF] Authorization header exists: false
2026-05-10 11:48:03.870 -08:00 [INF] JWT token validated. IsAuthenticated=true
2026-05-10 11:48:06.723 -08:00 [INF] Authorization header exists: true
2026-05-10 11:48:06.726 -08:00 [INF] JWT token validated. IsAuthenticated=true
2026-05-10 11:48:06.729 -08:00 [INF] MediatR handling started GetRolesQuery
2026-05-10 11:48:06.730 -08:00 [INF] Access policy check started for roles:read
2026-05-10 11:48:06.732 -08:00 [INF] Access policy evaluation for roles:read. UserId=790c2c93-d8e6-4b61-8a11-e4190a1c0805, Roles=[Admin], ActiveRules=3, SubjectMatched=1, ResourceActionMatched=1, Allows=1, Denies=0, Decision=Allowed
2026-05-10 11:48:06.736 -08:00 [INF] MediatR handling completed GetRolesQuery in 6 ms
2026-05-10 11:48:06.737 -08:00 [INF] HTTP GET /api/Roles completed with 200 in 14 ms (0HNLEPHQATPUK:00000009)
2026-05-10 11:48:15.159 -08:00 [INF] Authorization header exists: true
2026-05-10 11:48:15.160 -08:00 [INF] Authorization header exists: true
2026-05-10 11:48:15.162 -08:00 [INF] JWT token validated. IsAuthenticated=true
2026-05-10 11:48:15.162 -08:00 [INF] JWT token validated. IsAuthenticated=true
2026-05-10 11:48:15.164 -08:00 [INF] MediatR handling started ListAccessPoliciesQuery
2026-05-10 11:48:15.164 -08:00 [INF] MediatR handling started GetAccessPolicyOptionsQuery
2026-05-10 11:48:15.165 -08:00 [INF] Access policy check started for accessPolicies:read
2026-05-10 11:48:15.166 -08:00 [INF] Access policy check started for accessPolicies:read
2026-05-10 11:48:15.168 -08:00 [INF] Access policy evaluation for accessPolicies:read. UserId=790c2c93-d8e6-4b61-8a11-e4190a1c0805, Roles=[Admin], ActiveRules=3, SubjectMatched=1, ResourceActionMatched=1, Allows=1, Denies=0, Decision=Allowed
2026-05-10 11:48:15.168 -08:00 [INF] Access policy evaluation for accessPolicies:read. UserId=790c2c93-d8e6-4b61-8a11-e4190a1c0805, Roles=[Admin], ActiveRules=3, SubjectMatched=1, ResourceActionMatched=1, Allows=1, Denies=0, Decision=Allowed
2026-05-10 11:48:15.170 -08:00 [INF] MediatR handling completed ListAccessPoliciesQuery in 6 ms
2026-05-10 11:48:15.172 -08:00 [INF] MediatR handling completed GetAccessPolicyOptionsQuery in 7 ms
2026-05-10 11:48:15.173 -08:00 [INF] HTTP GET /api/AccessPolicies completed with 200 in 12 ms (0HNLEPHQATPUK:00000011)
2026-05-10 11:48:15.175 -08:00 [INF] HTTP GET /api/AccessPolicies/options completed with 200 in 15 ms (0HNLEPHQATPUK:0000000F)
2026-05-10 11:48:18.530 -08:00 [INF] Authorization header exists: true
2026-05-10 11:48:18.531 -08:00 [INF] JWT token validated. IsAuthenticated=true
2026-05-10 11:48:18.542 -08:00 [INF] MediatR handling started GetAccessPolicyByIdQuery
2026-05-10 11:48:18.545 -08:00 [INF] Access policy check started for accessPolicies:read
2026-05-10 11:48:18.547 -08:00 [INF] Access policy evaluation for accessPolicies:read. UserId=790c2c93-d8e6-4b61-8a11-e4190a1c0805, Roles=[Admin], ActiveRules=3, SubjectMatched=1, ResourceActionMatched=1, Allows=1, Denies=0, Decision=Allowed
2026-05-10 11:48:18.556 -08:00 [INF] MediatR handling completed GetAccessPolicyByIdQuery in 14 ms
2026-05-10 11:48:18.558 -08:00 [INF] HTTP GET /api/AccessPolicies/ee495de8-6c6f-4ec0-bfd7-72bb729088b9 completed with 200 in 28 ms (0HNLEPHQATPUK:00000015)
2026-05-10 11:48:21.473 -08:00 [INF] HTTP CONNECT /hubs/sessions completed with 200 in 17605 ms (0HNLEPHQATPUL:00000003)
2026-05-10 11:48:21.668 -08:00 [INF] Authorization header exists: true
2026-05-10 11:48:21.670 -08:00 [INF] JWT token validated. IsAuthenticated=true
2026-05-10 11:48:21.672 -08:00 [INF] HTTP POST /hubs/sessions/negotiate completed with 200 in 3 ms (0HNLEPHQATPUL:00000005)
2026-05-10 11:48:21.708 -08:00 [INF] Authorization header exists: true
2026-05-10 11:48:21.711 -08:00 [INF] JWT token validated. IsAuthenticated=true
2026-05-10 11:48:21.712 -08:00 [INF] MediatR handling started GetUsersQuery
2026-05-10 11:48:21.713 -08:00 [INF] Access policy check started for users:read
2026-05-10 11:48:21.715 -08:00 [INF] Access policy evaluation for users:read. UserId=790c2c93-d8e6-4b61-8a11-e4190a1c0805, Roles=[Admin], ActiveRules=3, SubjectMatched=1, ResourceActionMatched=1, Allows=1, Denies=0, Decision=Allowed
2026-05-10 11:48:21.718 -08:00 [INF] Access policy query filter started for users:read
2026-05-10 11:48:21.720 -08:00 [INF] Access policy query filter for users:read. UserId=790c2c93-d8e6-4b61-8a11-e4190a1c0805, Roles=[Admin], ActiveRules=3, SubjectMatched=1, ResourceActionMatched=1, Allows=1, Denies=0
2026-05-10 11:48:21.726 -08:00 [INF] MediatR handling completed GetUsersQuery in 13 ms
2026-05-10 11:48:21.727 -08:00 [INF] HTTP GET /api/Users completed with 200 in 18 ms (0HNLEPHQATPUK:0000001B)
2026-05-10 11:48:22.002 -08:00 [INF] Authorization header exists: false
2026-05-10 11:48:22.005 -08:00 [INF] JWT token validated. IsAuthenticated=true
2026-05-10 11:48:27.396 -08:00 [INF] Authorization header exists: true
2026-05-10 11:48:27.397 -08:00 [INF] JWT token validated. IsAuthenticated=true
2026-05-10 11:48:27.399 -08:00 [INF] MediatR handling started GetUserByIdQuery
2026-05-10 11:48:27.400 -08:00 [INF] Access policy check started for users:read
2026-05-10 11:48:27.403 -08:00 [INF] Access policy evaluation for users:read. UserId=790c2c93-d8e6-4b61-8a11-e4190a1c0805, Roles=[Admin], ActiveRules=3, SubjectMatched=1, ResourceActionMatched=1, Allows=1, Denies=0, Decision=Allowed
2026-05-10 11:48:27.405 -08:00 [INF] Access policy query filter started for users:read
2026-05-10 11:48:27.406 -08:00 [INF] Access policy query filter for users:read. UserId=790c2c93-d8e6-4b61-8a11-e4190a1c0805, Roles=[Admin], ActiveRules=3, SubjectMatched=1, ResourceActionMatched=1, Allows=1, Denies=0
2026-05-10 11:48:27.411 -08:00 [INF] MediatR handling completed GetUserByIdQuery in 11 ms
2026-05-10 11:48:27.412 -08:00 [INF] HTTP GET /api/Users/bd9830c5-d955-4267-a903-64f47d983607 completed with 200 in 16 ms (0HNLEPHQATPUK:0000001F)
2026-05-10 11:48:30.189 -08:00 [INF] Authorization header exists: true
2026-05-10 11:48:30.191 -08:00 [INF] JWT token validated. IsAuthenticated=true
2026-05-10 11:48:30.192 -08:00 [INF] MediatR handling started GetUserByIdQuery
2026-05-10 11:48:30.192 -08:00 [INF] Access policy check started for users:read
2026-05-10 11:48:30.194 -08:00 [INF] Access policy evaluation for users:read. UserId=790c2c93-d8e6-4b61-8a11-e4190a1c0805, Roles=[Admin], ActiveRules=3, SubjectMatched=1, ResourceActionMatched=1, Allows=1, Denies=0, Decision=Allowed
2026-05-10 11:48:30.196 -08:00 [INF] Access policy query filter started for users:read
2026-05-10 11:48:30.198 -08:00 [INF] Access policy query filter for users:read. UserId=790c2c93-d8e6-4b61-8a11-e4190a1c0805, Roles=[Admin], ActiveRules=3, SubjectMatched=1, ResourceActionMatched=1, Allows=1, Denies=0
2026-05-10 11:48:30.202 -08:00 [INF] MediatR handling completed GetUserByIdQuery in 10 ms
2026-05-10 11:48:30.203 -08:00 [INF] HTTP GET /api/Users/d1ed8be4-9703-45f0-935f-3c39601b55e1 completed with 200 in 13 ms (0HNLEPHQATPUK:00000023)
2026-05-10 11:48:51.541 -08:00 [INF] Authorization header exists: true
2026-05-10 11:48:51.700 -08:00 [INF] JWT token validated. IsAuthenticated=true
2026-05-10 11:48:51.702 -08:00 [INF] MediatR handling started GetUsersQuery
2026-05-10 11:48:51.703 -08:00 [INF] Access policy check started for users:read
2026-05-10 11:48:51.710 -08:00 [INF] Access policy evaluation for users:read. UserId=790c2c93-d8e6-4b61-8a11-e4190a1c0805, Roles=[Admin], ActiveRules=3, SubjectMatched=1, ResourceActionMatched=1, Allows=1, Denies=0, Decision=Allowed
2026-05-10 11:48:51.713 -08:00 [INF] Access policy query filter started for users:read
2026-05-10 11:48:51.715 -08:00 [INF] Access policy query filter for users:read. UserId=790c2c93-d8e6-4b61-8a11-e4190a1c0805, Roles=[Admin], ActiveRules=3, SubjectMatched=1, ResourceActionMatched=1, Allows=1, Denies=0
2026-05-10 11:48:51.730 -08:00 [INF] MediatR handling completed GetUsersQuery in 28 ms
2026-05-10 11:48:51.732 -08:00 [INF] HTTP GET /api/Users completed with 200 in 190 ms (0HNLEPHQATPUK:00000027)
2026-05-10 11:49:55.584 -08:00 [INF] HTTP CONNECT /hubs/sessions completed with 200 in 93582 ms (0HNLEPHQATPUL:00000007)
2026-05-10 11:49:55.955 -08:00 [INF] Authorization header exists: true
2026-05-10 11:49:55.958 -08:00 [INF] JWT token validated. IsAuthenticated=true
2026-05-10 11:49:55.960 -08:00 [INF] HTTP POST /hubs/sessions/negotiate completed with 200 in 4 ms (0HNLEPHQATPUL:00000009)
2026-05-10 11:49:56.080 -08:00 [INF] Authorization header exists: true
2026-05-10 11:49:56.085 -08:00 [INF] JWT token validated. IsAuthenticated=true
2026-05-10 11:49:56.088 -08:00 [INF] MediatR handling started GetUsersQuery
2026-05-10 11:49:56.094 -08:00 [INF] Access policy check started for users:read
2026-05-10 11:49:56.098 -08:00 [INF] Access policy evaluation for users:read. UserId=790c2c93-d8e6-4b61-8a11-e4190a1c0805, Roles=[Admin], ActiveRules=3, SubjectMatched=1, ResourceActionMatched=1, Allows=1, Denies=0, Decision=Allowed
2026-05-10 11:49:56.102 -08:00 [INF] Access policy query filter started for users:read
2026-05-10 11:49:56.106 -08:00 [INF] Access policy query filter for users:read. UserId=790c2c93-d8e6-4b61-8a11-e4190a1c0805, Roles=[Admin], ActiveRules=3, SubjectMatched=1, ResourceActionMatched=1, Allows=1, Denies=0
2026-05-10 11:49:56.118 -08:00 [INF] MediatR handling completed GetUsersQuery in 30 ms
2026-05-10 11:49:56.120 -08:00 [INF] HTTP GET /api/Users completed with 200 in 40 ms (0HNLEPHQATPUK:0000002D)
2026-05-10 11:49:56.719 -08:00 [INF] Authorization header exists: false
2026-05-10 11:49:56.722 -08:00 [INF] JWT token validated. IsAuthenticated=true
2026-05-10 11:49:59.038 -08:00 [INF] Authorization header exists: true
2026-05-10 11:49:59.040 -08:00 [INF] JWT token validated. IsAuthenticated=true
2026-05-10 11:49:59.042 -08:00 [INF] MediatR handling started GetUserByIdQuery
2026-05-10 11:49:59.043 -08:00 [INF] Access policy check started for users:read
2026-05-10 11:49:59.046 -08:00 [INF] Access policy evaluation for users:read. UserId=790c2c93-d8e6-4b61-8a11-e4190a1c0805, Roles=[Admin], ActiveRules=3, SubjectMatched=1, ResourceActionMatched=1, Allows=1, Denies=0, Decision=Allowed
2026-05-10 11:49:59.048 -08:00 [INF] Access policy query filter started for users:read
2026-05-10 11:49:59.050 -08:00 [INF] Access policy query filter for users:read. UserId=790c2c93-d8e6-4b61-8a11-e4190a1c0805, Roles=[Admin], ActiveRules=3, SubjectMatched=1, ResourceActionMatched=1, Allows=1, Denies=0
2026-05-10 11:49:59.055 -08:00 [INF] MediatR handling completed GetUserByIdQuery in 13 ms
2026-05-10 11:49:59.056 -08:00 [INF] HTTP GET /api/Users/d1ed8be4-9703-45f0-935f-3c39601b55e1 completed with 200 in 17 ms (0HNLEPHQATPUK:00000031)
2026-05-10 11:52:05.238 -08:00 [INF] HTTP CONNECT /hubs/sessions completed with 200 in 128518 ms (0HNLEPHQATPUL:0000000B)
2026-05-10 11:52:05.909 -08:00 [INF] Authorization header exists: true
2026-05-10 11:52:05.912 -08:00 [INF] JWT token validated. IsAuthenticated=true
2026-05-10 11:52:05.914 -08:00 [INF] HTTP POST /hubs/sessions/negotiate completed with 200 in 4 ms (0HNLEPHQATPUL:0000000D)
2026-05-10 11:52:05.992 -08:00 [INF] Authorization header exists: true
2026-05-10 11:52:05.996 -08:00 [INF] JWT token validated. IsAuthenticated=true
2026-05-10 11:52:05.998 -08:00 [INF] MediatR handling started GetUsersQuery
2026-05-10 11:52:05.999 -08:00 [INF] Access policy check started for users:read
2026-05-10 11:52:06.002 -08:00 [INF] Access policy evaluation for users:read. UserId=790c2c93-d8e6-4b61-8a11-e4190a1c0805, Roles=[Admin], ActiveRules=3, SubjectMatched=1, ResourceActionMatched=1, Allows=1, Denies=0, Decision=Allowed
2026-05-10 11:52:06.006 -08:00 [INF] Access policy query filter started for users:read
2026-05-10 11:52:06.010 -08:00 [INF] Access policy query filter for users:read. UserId=790c2c93-d8e6-4b61-8a11-e4190a1c0805, Roles=[Admin], ActiveRules=3, SubjectMatched=1, ResourceActionMatched=1, Allows=1, Denies=0
2026-05-10 11:52:06.020 -08:00 [INF] MediatR handling completed GetUsersQuery in 21 ms
2026-05-10 11:52:06.022 -08:00 [INF] HTTP GET /api/Users completed with 200 in 29 ms (0HNLEPHQATPUK:00000037)
2026-05-10 11:52:06.670 -08:00 [INF] Authorization header exists: false
2026-05-10 11:52:06.673 -08:00 [INF] JWT token validated. IsAuthenticated=true
2026-05-10 11:52:36.941 -08:00 [INF] HTTP CONNECT /hubs/sessions completed with 200 in 30271 ms (0HNLEPHQATPUL:0000000F)
2026-05-10 11:52:37.588 -08:00 [INF] Authorization header exists: true
2026-05-10 11:52:37.598 -08:00 [INF] JWT token validated. IsAuthenticated=true
2026-05-10 11:52:37.601 -08:00 [INF] HTTP POST /hubs/sessions/negotiate completed with 200 in 13 ms (0HNLEPHQATPUL:00000011)
2026-05-10 11:52:37.722 -08:00 [INF] Authorization header exists: true
2026-05-10 11:52:37.729 -08:00 [INF] JWT token validated. IsAuthenticated=true
2026-05-10 11:52:37.731 -08:00 [INF] MediatR handling started GetUsersQuery
2026-05-10 11:52:37.732 -08:00 [INF] Access policy check started for users:read
2026-05-10 11:52:37.735 -08:00 [INF] Access policy evaluation for users:read. UserId=790c2c93-d8e6-4b61-8a11-e4190a1c0805, Roles=[Admin], ActiveRules=3, SubjectMatched=1, ResourceActionMatched=1, Allows=1, Denies=0, Decision=Allowed
2026-05-10 11:52:37.739 -08:00 [INF] Access policy query filter started for users:read
2026-05-10 11:52:37.743 -08:00 [INF] Access policy query filter for users:read. UserId=790c2c93-d8e6-4b61-8a11-e4190a1c0805, Roles=[Admin], ActiveRules=3, SubjectMatched=1, ResourceActionMatched=1, Allows=1, Denies=0
2026-05-10 11:52:37.750 -08:00 [INF] MediatR handling completed GetUsersQuery in 19 ms
2026-05-10 11:52:37.752 -08:00 [INF] HTTP GET /api/Users completed with 200 in 29 ms (0HNLEPHQATPUK:0000003D)
2026-05-10 11:52:38.409 -08:00 [INF] Authorization header exists: false
2026-05-10 11:52:38.415 -08:00 [INF] JWT token validated. IsAuthenticated=true
2026-05-10 11:53:05.076 -08:00 [INF] HTTP CONNECT /hubs/sessions completed with 200 in 26667 ms (0HNLEPHQATPUL:00000013)
2026-05-10 11:53:05.756 -08:00 [INF] Authorization header exists: true
2026-05-10 11:53:05.760 -08:00 [INF] JWT token validated. IsAuthenticated=true
2026-05-10 11:53:05.762 -08:00 [INF] HTTP POST /hubs/sessions/negotiate completed with 200 in 5 ms (0HNLEPHQATPUL:00000015)
2026-05-10 11:53:05.783 -08:00 [INF] Authorization header exists: true
2026-05-10 11:53:05.785 -08:00 [INF] JWT token validated. IsAuthenticated=true
2026-05-10 11:53:05.788 -08:00 [INF] MediatR handling started GetUsersQuery
2026-05-10 11:53:05.790 -08:00 [INF] Access policy check started for users:read
2026-05-10 11:53:05.792 -08:00 [INF] Access policy evaluation for users:read. UserId=790c2c93-d8e6-4b61-8a11-e4190a1c0805, Roles=[Admin], ActiveRules=3, SubjectMatched=1, ResourceActionMatched=1, Allows=1, Denies=0, Decision=Allowed
2026-05-10 11:53:05.798 -08:00 [INF] Access policy query filter started for users:read
2026-05-10 11:53:05.802 -08:00 [INF] Access policy query filter for users:read. UserId=790c2c93-d8e6-4b61-8a11-e4190a1c0805, Roles=[Admin], ActiveRules=3, SubjectMatched=1, ResourceActionMatched=1, Allows=1, Denies=0
2026-05-10 11:53:05.811 -08:00 [INF] MediatR handling completed GetUsersQuery in 22 ms
2026-05-10 11:53:05.813 -08:00 [INF] HTTP GET /api/Users completed with 200 in 30 ms (0HNLEPHQATPUK:00000043)
2026-05-10 11:53:06.436 -08:00 [INF] Authorization header exists: false
2026-05-10 11:53:06.441 -08:00 [INF] JWT token validated. IsAuthenticated=true
2026-05-10 11:53:10.499 -08:00 [INF] HTTP CONNECT /hubs/sessions completed with 200 in 4063 ms (0HNLEPHQATPUL:00000017)
2026-05-10 11:53:11.099 -08:00 [INF] Authorization header exists: true
2026-05-10 11:53:11.104 -08:00 [INF] JWT token validated. IsAuthenticated=true
2026-05-10 11:53:11.105 -08:00 [INF] HTTP POST /hubs/sessions/negotiate completed with 200 in 6 ms (0HNLEPHQATPUL:00000019)
2026-05-10 11:53:11.115 -08:00 [INF] Authorization header exists: true
2026-05-10 11:53:11.122 -08:00 [INF] JWT token validated. IsAuthenticated=true
2026-05-10 11:53:11.124 -08:00 [INF] MediatR handling started GetUsersQuery
2026-05-10 11:53:11.126 -08:00 [INF] Access policy check started for users:read
2026-05-10 11:53:11.137 -08:00 [INF] Access policy evaluation for users:read. UserId=790c2c93-d8e6-4b61-8a11-e4190a1c0805, Roles=[Admin], ActiveRules=3, SubjectMatched=1, ResourceActionMatched=1, Allows=1, Denies=0, Decision=Allowed
2026-05-10 11:53:11.154 -08:00 [INF] Access policy query filter started for users:read
2026-05-10 11:53:11.158 -08:00 [INF] Access policy query filter for users:read. UserId=790c2c93-d8e6-4b61-8a11-e4190a1c0805, Roles=[Admin], ActiveRules=3, SubjectMatched=1, ResourceActionMatched=1, Allows=1, Denies=0
2026-05-10 11:53:11.174 -08:00 [INF] MediatR handling completed GetUsersQuery in 49 ms
2026-05-10 11:53:11.178 -08:00 [INF] HTTP GET /api/Users completed with 200 in 63 ms (0HNLEPHQATPUK:00000049)
2026-05-10 11:53:11.811 -08:00 [INF] Authorization header exists: false
2026-05-10 11:53:11.814 -08:00 [INF] JWT token validated. IsAuthenticated=true
2026-05-10 11:53:17.541 -08:00 [INF] HTTP CONNECT /hubs/sessions completed with 200 in 5730 ms (0HNLEPHQATPUL:0000001B)
2026-05-10 11:53:18.213 -08:00 [INF] Authorization header exists: true
2026-05-10 11:53:18.216 -08:00 [INF] JWT token validated. IsAuthenticated=true
2026-05-10 11:53:18.219 -08:00 [INF] HTTP POST /hubs/sessions/negotiate completed with 200 in 6 ms (0HNLEPHQATPUL:0000001D)
2026-05-10 11:53:18.239 -08:00 [INF] Authorization header exists: true
2026-05-10 11:53:18.244 -08:00 [INF] JWT token validated. IsAuthenticated=true
2026-05-10 11:53:18.247 -08:00 [INF] MediatR handling started GetUsersQuery
2026-05-10 11:53:18.249 -08:00 [INF] Access policy check started for users:read
2026-05-10 11:53:18.252 -08:00 [INF] Access policy evaluation for users:read. UserId=790c2c93-d8e6-4b61-8a11-e4190a1c0805, Roles=[Admin], ActiveRules=3, SubjectMatched=1, ResourceActionMatched=1, Allows=1, Denies=0, Decision=Allowed
2026-05-10 11:53:18.258 -08:00 [INF] Access policy query filter started for users:read
2026-05-10 11:53:18.262 -08:00 [INF] Access policy query filter for users:read. UserId=790c2c93-d8e6-4b61-8a11-e4190a1c0805, Roles=[Admin], ActiveRules=3, SubjectMatched=1, ResourceActionMatched=1, Allows=1, Denies=0
2026-05-10 11:53:18.270 -08:00 [INF] MediatR handling completed GetUsersQuery in 23 ms
2026-05-10 11:53:18.271 -08:00 [INF] HTTP GET /api/Users completed with 200 in 32 ms (0HNLEPHQATPUK:0000004F)
2026-05-10 11:53:18.910 -08:00 [INF] Authorization header exists: false
2026-05-10 11:53:18.914 -08:00 [INF] JWT token validated. IsAuthenticated=true
2026-05-10 11:53:20.625 -08:00 [INF] Authorization header exists: true
2026-05-10 11:53:20.625 -08:00 [INF] Authorization header exists: true
2026-05-10 11:53:20.627 -08:00 [INF] JWT token validated. IsAuthenticated=true
2026-05-10 11:53:20.628 -08:00 [INF] JWT token validated. IsAuthenticated=true
2026-05-10 11:53:20.628 -08:00 [INF] MediatR handling started GetUserByIdQuery
2026-05-10 11:53:20.630 -08:00 [INF] Access policy check started for users:read
2026-05-10 11:53:20.633 -08:00 [INF] Access policy evaluation for users:read. UserId=790c2c93-d8e6-4b61-8a11-e4190a1c0805, Roles=[Admin], ActiveRules=3, SubjectMatched=1, ResourceActionMatched=1, Allows=1, Denies=0, Decision=Allowed
2026-05-10 11:53:20.636 -08:00 [INF] Access policy query filter started for users:read
2026-05-10 11:53:20.638 -08:00 [INF] Access policy query filter for users:read. UserId=790c2c93-d8e6-4b61-8a11-e4190a1c0805, Roles=[Admin], ActiveRules=3, SubjectMatched=1, ResourceActionMatched=1, Allows=1, Denies=0
2026-05-10 11:53:20.640 -08:00 [INF] MediatR handling started GetUserPermissionGraphQuery
2026-05-10 11:53:20.644 -08:00 [INF] MediatR handling completed GetUserByIdQuery in 15 ms
2026-05-10 11:53:20.645 -08:00 [INF] HTTP GET /api/Users/d1ed8be4-9703-45f0-935f-3c39601b55e1 completed with 200 in 20 ms (0HNLEPHQATPUK:00000057)
2026-05-10 11:53:20.648 -08:00 [INF] Access policy check started for users:read
2026-05-10 11:53:20.650 -08:00 [INF] Access policy evaluation for users:read. UserId=790c2c93-d8e6-4b61-8a11-e4190a1c0805, Roles=[Admin], ActiveRules=3, SubjectMatched=1, ResourceActionMatched=1, Allows=1, Denies=0, Decision=Allowed
2026-05-10 11:53:20.653 -08:00 [INF] Access policy query filter started for users:read
2026-05-10 11:53:20.655 -08:00 [INF] Access policy query filter for users:read. UserId=790c2c93-d8e6-4b61-8a11-e4190a1c0805, Roles=[Admin], ActiveRules=3, SubjectMatched=1, ResourceActionMatched=1, Allows=1, Denies=0
2026-05-10 11:53:20.698 -08:00 [INF] MediatR handling completed GetUserPermissionGraphQuery in 58 ms
2026-05-10 11:53:20.704 -08:00 [INF] HTTP GET /api/Users/d1ed8be4-9703-45f0-935f-3c39601b55e1/permission-graph completed with 200 in 79 ms (0HNLEPHQATPUK:00000055)
2026-05-10 11:53:30.226 -08:00 [INF] Authorization header exists: true
2026-05-10 11:53:30.226 -08:00 [INF] Authorization header exists: true
2026-05-10 11:53:30.229 -08:00 [INF] JWT token validated. IsAuthenticated=true
2026-05-10 11:53:30.253 -08:00 [INF] MediatR handling started GetUserPermissionGraphQuery
2026-05-10 11:53:30.255 -08:00 [INF] Access policy check started for users:read
2026-05-10 11:53:30.259 -08:00 [INF] Access policy evaluation for users:read. UserId=790c2c93-d8e6-4b61-8a11-e4190a1c0805, Roles=[Admin], ActiveRules=3, SubjectMatched=1, ResourceActionMatched=1, Allows=1, Denies=0, Decision=Allowed
2026-05-10 11:53:30.261 -08:00 [INF] Access policy query filter started for users:read
2026-05-10 11:53:30.264 -08:00 [INF] Access policy query filter for users:read. UserId=790c2c93-d8e6-4b61-8a11-e4190a1c0805, Roles=[Admin], ActiveRules=3, SubjectMatched=1, ResourceActionMatched=1, Allows=1, Denies=0
2026-05-10 11:53:30.271 -08:00 [INF] MediatR handling completed GetUserPermissionGraphQuery in 17 ms
2026-05-10 11:53:30.272 -08:00 [INF] HTTP GET /api/Users/d1ed8be4-9703-45f0-935f-3c39601b55e1/permission-graph completed with 200 in 45 ms (0HNLEPHQATPUK:0000005F)
2026-05-10 11:53:30.282 -08:00 [INF] JWT token validated. IsAuthenticated=true
2026-05-10 11:53:30.283 -08:00 [INF] MediatR handling started GetUserByIdQuery
2026-05-10 11:53:30.284 -08:00 [INF] Access policy check started for users:read
2026-05-10 11:53:30.288 -08:00 [INF] Access policy evaluation for users:read. UserId=790c2c93-d8e6-4b61-8a11-e4190a1c0805, Roles=[Admin], ActiveRules=3, SubjectMatched=1, ResourceActionMatched=1, Allows=1, Denies=0, Decision=Allowed
2026-05-10 11:53:30.293 -08:00 [INF] Access policy query filter started for users:read
2026-05-10 11:53:30.299 -08:00 [INF] Access policy query filter for users:read. UserId=790c2c93-d8e6-4b61-8a11-e4190a1c0805, Roles=[Admin], ActiveRules=3, SubjectMatched=1, ResourceActionMatched=1, Allows=1, Denies=0
2026-05-10 11:53:30.306 -08:00 [INF] MediatR handling completed GetUserByIdQuery in 22 ms
2026-05-10 11:53:30.307 -08:00 [INF] HTTP GET /api/Users/d1ed8be4-9703-45f0-935f-3c39601b55e1 completed with 200 in 80 ms (0HNLEPHQATPUK:0000005D)
2026-05-10 11:57:44.581 -08:00 [INF] HTTP CONNECT /hubs/sessions completed with 200 in 265670 ms (0HNLEPHQATPUL:0000001F)
2026-05-10 11:57:56.416 -08:00 [WRN] Sensitive data logging is enabled. Log entries and exception messages may include sensitive application data; this mode should only be enabled during development.
2026-05-10 11:57:57.417 -08:00 [INF] Admin wildcard access policy already exists
2026-05-10 11:57:57.666 -08:00 [INF] Now listening on: https://localhost:7259
2026-05-10 11:57:57.668 -08:00 [INF] Now listening on: http://localhost:5244
2026-05-10 11:57:57.725 -08:00 [INF] Application started. Press Ctrl+C to shut down.
2026-05-10 11:57:57.726 -08:00 [INF] Hosting environment: Development
2026-05-10 11:57:57.727 -08:00 [INF] Content root path: C:\PrivateProject\algo.bytes\src\algo.API
2026-05-10 11:57:59.014 -08:00 [INF] Authorization header exists: true
2026-05-10 11:57:59.014 -08:00 [INF] Authorization header exists: true
2026-05-10 11:57:59.335 -08:00 [INF] JWT token validated. IsAuthenticated=true
2026-05-10 11:57:59.336 -08:00 [INF] JWT token validated. IsAuthenticated=true
2026-05-10 11:57:59.355 -08:00 [INF] HTTP POST /hubs/sessions/negotiate completed with 200 in 451 ms (0HNLEPPNKNVD8:00000001)
2026-05-10 11:57:59.438 -08:00 [INF] MediatR handling started GetUsersQuery
2026-05-10 11:57:59.473 -08:00 [INF] Access policy check started for users:read
2026-05-10 11:57:59.499 -08:00 [INF] Authorization header exists: false
2026-05-10 11:57:59.525 -08:00 [INF] JWT token validated. IsAuthenticated=true
2026-05-10 11:57:59.527 -08:00 [INF] Access policy evaluation for users:read. UserId=790c2c93-d8e6-4b61-8a11-e4190a1c0805, Roles=[Admin], ActiveRules=3, SubjectMatched=1, ResourceActionMatched=1, Allows=1, Denies=0, Decision=Allowed
2026-05-10 11:57:59.541 -08:00 [INF] Access policy query filter started for users:read
2026-05-10 11:57:59.549 -08:00 [INF] Access policy query filter for users:read. UserId=790c2c93-d8e6-4b61-8a11-e4190a1c0805, Roles=[Admin], ActiveRules=3, SubjectMatched=1, ResourceActionMatched=1, Allows=1, Denies=0
2026-05-10 11:57:59.923 -08:00 [INF] MediatR handling completed GetUsersQuery in 484 ms
2026-05-10 11:57:59.961 -08:00 [INF] HTTP GET /api/Users completed with 200 in 1057 ms (0HNLEPPNKNVD7:00000005)
2026-05-10 11:58:02.536 -08:00 [INF] Authorization header exists: true
2026-05-10 11:58:02.536 -08:00 [INF] Authorization header exists: true
2026-05-10 11:58:02.542 -08:00 [INF] JWT token validated. IsAuthenticated=true
2026-05-10 11:58:02.542 -08:00 [INF] JWT token validated. IsAuthenticated=true
2026-05-10 11:58:02.555 -08:00 [INF] MediatR handling started GetUserByIdQuery
2026-05-10 11:58:02.555 -08:00 [INF] MediatR handling started GetUserPermissionGraphQuery
2026-05-10 11:58:02.560 -08:00 [INF] Access policy check started for users:read
2026-05-10 11:58:02.562 -08:00 [INF] Access policy check started for users:read
2026-05-10 11:58:02.565 -08:00 [INF] Access policy evaluation for users:read. UserId=790c2c93-d8e6-4b61-8a11-e4190a1c0805, Roles=[Admin], ActiveRules=3, SubjectMatched=1, ResourceActionMatched=1, Allows=1, Denies=0, Decision=Allowed
2026-05-10 11:58:02.565 -08:00 [INF] Access policy evaluation for users:read. UserId=790c2c93-d8e6-4b61-8a11-e4190a1c0805, Roles=[Admin], ActiveRules=3, SubjectMatched=1, ResourceActionMatched=1, Allows=1, Denies=0, Decision=Allowed
2026-05-10 11:58:02.567 -08:00 [INF] Access policy query filter started for users:read
2026-05-10 11:58:02.570 -08:00 [INF] Access policy query filter started for users:read
2026-05-10 11:58:02.572 -08:00 [INF] Access policy query filter for users:read. UserId=790c2c93-d8e6-4b61-8a11-e4190a1c0805, Roles=[Admin], ActiveRules=3, SubjectMatched=1, ResourceActionMatched=1, Allows=1, Denies=0
2026-05-10 11:58:02.572 -08:00 [INF] Access policy query filter for users:read. UserId=790c2c93-d8e6-4b61-8a11-e4190a1c0805, Roles=[Admin], ActiveRules=3, SubjectMatched=1, ResourceActionMatched=1, Allows=1, Denies=0
2026-05-10 11:58:02.624 -08:00 [INF] MediatR handling completed GetUserPermissionGraphQuery in 68 ms
2026-05-10 11:58:02.632 -08:00 [INF] HTTP GET /api/Users/d1ed8be4-9703-45f0-935f-3c39601b55e1/permission-graph completed with 200 in 96 ms (0HNLEPPNKNVD7:0000000B)
2026-05-10 11:58:02.701 -08:00 [INF] MediatR handling completed GetUserByIdQuery in 145 ms
2026-05-10 11:58:02.707 -08:00 [INF] HTTP GET /api/Users/d1ed8be4-9703-45f0-935f-3c39601b55e1 completed with 200 in 172 ms (0HNLEPPNKNVD7:0000000D)
2026-05-10 11:58:08.838 -08:00 [INF] Authorization header exists: true
2026-05-10 11:58:08.840 -08:00 [INF] JWT token validated. IsAuthenticated=true
2026-05-10 11:58:08.843 -08:00 [INF] MediatR handling started GetUserByIdQuery
2026-05-10 11:58:08.845 -08:00 [INF] Access policy check started for users:read
2026-05-10 11:58:08.848 -08:00 [INF] Access policy evaluation for users:read. UserId=790c2c93-d8e6-4b61-8a11-e4190a1c0805, Roles=[Admin], ActiveRules=3, SubjectMatched=1, ResourceActionMatched=1, Allows=1, Denies=0, Decision=Allowed
2026-05-10 11:58:08.851 -08:00 [INF] Access policy query filter started for users:read
2026-05-10 11:58:08.853 -08:00 [INF] Access policy query filter for users:read. UserId=790c2c93-d8e6-4b61-8a11-e4190a1c0805, Roles=[Admin], ActiveRules=3, SubjectMatched=1, ResourceActionMatched=1, Allows=1, Denies=0
2026-05-10 11:58:08.858 -08:00 [INF] MediatR handling completed GetUserByIdQuery in 14 ms
2026-05-10 11:58:08.860 -08:00 [INF] HTTP GET /api/Users/d1ed8be4-9703-45f0-935f-3c39601b55e1 completed with 200 in 22 ms (0HNLEPPNKNVD7:00000011)
2026-05-10 11:58:15.365 -08:00 [INF] Authorization header exists: true
2026-05-10 11:58:15.368 -08:00 [INF] JWT token validated. IsAuthenticated=true
2026-05-10 11:58:15.378 -08:00 [INF] MediatR handling started GetRolesQuery
2026-05-10 11:58:15.381 -08:00 [INF] Access policy check started for roles:read
2026-05-10 11:58:15.385 -08:00 [INF] Access policy evaluation for roles:read. UserId=790c2c93-d8e6-4b61-8a11-e4190a1c0805, Roles=[Admin], ActiveRules=3, SubjectMatched=1, ResourceActionMatched=1, Allows=1, Denies=0, Decision=Allowed
2026-05-10 11:58:15.395 -08:00 [INF] MediatR handling completed GetRolesQuery in 16 ms
2026-05-10 11:58:15.399 -08:00 [INF] HTTP GET /api/Roles completed with 200 in 34 ms (0HNLEPPNKNVD7:00000015)
2026-05-10 11:58:21.217 -08:00 [INF] Authorization header exists: true
2026-05-10 11:58:21.218 -08:00 [INF] Authorization header exists: true
2026-05-10 11:58:21.221 -08:00 [INF] JWT token validated. IsAuthenticated=true
2026-05-10 11:58:21.221 -08:00 [INF] JWT token validated. IsAuthenticated=true
2026-05-10 11:58:21.231 -08:00 [INF] MediatR handling started ListAccessPoliciesQuery
2026-05-10 11:58:21.231 -08:00 [INF] MediatR handling started GetAccessPolicyOptionsQuery
2026-05-10 11:58:21.234 -08:00 [INF] Access policy check started for accessPolicies:read
2026-05-10 11:58:21.235 -08:00 [INF] Access policy check started for accessPolicies:read
2026-05-10 11:58:21.237 -08:00 [INF] Access policy evaluation for accessPolicies:read. UserId=790c2c93-d8e6-4b61-8a11-e4190a1c0805, Roles=[Admin], ActiveRules=3, SubjectMatched=1, ResourceActionMatched=1, Allows=1, Denies=0, Decision=Allowed
2026-05-10 11:58:21.238 -08:00 [INF] Access policy evaluation for accessPolicies:read. UserId=790c2c93-d8e6-4b61-8a11-e4190a1c0805, Roles=[Admin], ActiveRules=3, SubjectMatched=1, ResourceActionMatched=1, Allows=1, Denies=0, Decision=Allowed
2026-05-10 11:58:21.250 -08:00 [INF] MediatR handling completed ListAccessPoliciesQuery in 19 ms
2026-05-10 11:58:21.256 -08:00 [INF] MediatR handling completed GetAccessPolicyOptionsQuery in 24 ms
2026-05-10 11:58:21.280 -08:00 [INF] HTTP GET /api/AccessPolicies completed with 200 in 62 ms (0HNLEPPNKNVD7:0000001D)
2026-05-10 11:58:21.338 -08:00 [INF] HTTP GET /api/AccessPolicies/options completed with 200 in 120 ms (0HNLEPPNKNVD7:0000001B)
2026-05-10 12:03:14.949 -08:00 [INF] Authorization header exists: true
2026-05-10 12:03:14.989 -08:00 [INF] JWT token validated. IsAuthenticated=true
2026-05-10 12:03:15.032 -08:00 [INF] MediatR handling started CreateAccessPolicyCommand
2026-05-10 12:03:15.035 -08:00 [INF] Access policy check started for accessPolicies:create
2026-05-10 12:03:15.040 -08:00 [INF] Access policy evaluation for accessPolicies:create. UserId=790c2c93-d8e6-4b61-8a11-e4190a1c0805, Roles=[Admin], ActiveRules=3, SubjectMatched=1, ResourceActionMatched=1, Allows=1, Denies=0, Decision=Allowed
2026-05-10 12:03:15.219 -08:00 [INF] MediatR handling completed CreateAccessPolicyCommand in 187 ms
2026-05-10 12:03:15.221 -08:00 [INF] HTTP POST /api/AccessPolicies completed with 200 in 272 ms (0HNLEPPNKNVD7:00000021)
2026-05-10 12:03:15.226 -08:00 [INF] Authorization header exists: true
2026-05-10 12:03:15.229 -08:00 [INF] JWT token validated. IsAuthenticated=true
2026-05-10 12:03:15.230 -08:00 [INF] MediatR handling started ListAccessPoliciesQuery
2026-05-10 12:03:15.231 -08:00 [INF] Access policy check started for accessPolicies:read
2026-05-10 12:03:15.232 -08:00 [INF] Access policy evaluation for accessPolicies:read. UserId=790c2c93-d8e6-4b61-8a11-e4190a1c0805, Roles=[Admin], ActiveRules=4, SubjectMatched=1, ResourceActionMatched=1, Allows=1, Denies=0, Decision=Allowed
2026-05-10 12:03:15.237 -08:00 [INF] MediatR handling completed ListAccessPoliciesQuery in 7 ms
2026-05-10 12:03:15.239 -08:00 [INF] HTTP GET /api/AccessPolicies completed with 200 in 12 ms (0HNLEPPNKNVD7:00000023)
2026-05-10 12:03:20.846 -08:00 [INF] Authorization header exists: true
2026-05-10 12:03:20.849 -08:00 [INF] JWT token validated. IsAuthenticated=true
2026-05-10 12:03:20.852 -08:00 [INF] MediatR handling started GetUsersQuery
2026-05-10 12:03:20.853 -08:00 [INF] Access policy check started for users:read
2026-05-10 12:03:20.856 -08:00 [INF] Access policy evaluation for users:read. UserId=790c2c93-d8e6-4b61-8a11-e4190a1c0805, Roles=[Admin], ActiveRules=4, SubjectMatched=1, ResourceActionMatched=1, Allows=1, Denies=0, Decision=Allowed
2026-05-10 12:03:20.859 -08:00 [INF] Access policy query filter started for users:read
2026-05-10 12:03:20.862 -08:00 [INF] Access policy query filter for users:read. UserId=790c2c93-d8e6-4b61-8a11-e4190a1c0805, Roles=[Admin], ActiveRules=4, SubjectMatched=1, ResourceActionMatched=1, Allows=1, Denies=0
2026-05-10 12:03:20.874 -08:00 [INF] MediatR handling completed GetUsersQuery in 22 ms
2026-05-10 12:03:20.876 -08:00 [INF] HTTP GET /api/Users completed with 200 in 29 ms (0HNLEPPNKNVD7:00000027)
2026-05-10 12:03:22.693 -08:00 [INF] Authorization header exists: true
2026-05-10 12:03:22.693 -08:00 [INF] Authorization header exists: true
2026-05-10 12:03:22.695 -08:00 [INF] JWT token validated. IsAuthenticated=true
2026-05-10 12:03:22.710 -08:00 [INF] MediatR handling started GetUserPermissionGraphQuery
2026-05-10 12:03:22.711 -08:00 [INF] Access policy check started for users:read
2026-05-10 12:03:22.713 -08:00 [INF] Access policy evaluation for users:read. UserId=790c2c93-d8e6-4b61-8a11-e4190a1c0805, Roles=[Admin], ActiveRules=4, SubjectMatched=1, ResourceActionMatched=1, Allows=1, Denies=0, Decision=Allowed
2026-05-10 12:03:22.716 -08:00 [INF] Access policy query filter started for users:read
2026-05-10 12:03:22.717 -08:00 [INF] Access policy query filter for users:read. UserId=790c2c93-d8e6-4b61-8a11-e4190a1c0805, Roles=[Admin], ActiveRules=4, SubjectMatched=1, ResourceActionMatched=1, Allows=1, Denies=0
2026-05-10 12:03:22.725 -08:00 [INF] MediatR handling completed GetUserPermissionGraphQuery in 14 ms
2026-05-10 12:03:22.726 -08:00 [INF] HTTP GET /api/Users/d1ed8be4-9703-45f0-935f-3c39601b55e1/permission-graph completed with 200 in 33 ms (0HNLEPPNKNVD7:0000002F)
2026-05-10 12:03:22.727 -08:00 [INF] JWT token validated. IsAuthenticated=true
2026-05-10 12:03:22.730 -08:00 [INF] MediatR handling started GetUserByIdQuery
2026-05-10 12:03:22.740 -08:00 [INF] Access policy check started for users:read
2026-05-10 12:03:22.742 -08:00 [INF] Access policy evaluation for users:read. UserId=790c2c93-d8e6-4b61-8a11-e4190a1c0805, Roles=[Admin], ActiveRules=4, SubjectMatched=1, ResourceActionMatched=1, Allows=1, Denies=0, Decision=Allowed
2026-05-10 12:03:22.744 -08:00 [INF] Access policy query filter started for users:read
2026-05-10 12:03:22.749 -08:00 [INF] Access policy query filter for users:read. UserId=790c2c93-d8e6-4b61-8a11-e4190a1c0805, Roles=[Admin], ActiveRules=4, SubjectMatched=1, ResourceActionMatched=1, Allows=1, Denies=0
2026-05-10 12:03:22.757 -08:00 [INF] MediatR handling completed GetUserByIdQuery in 26 ms
2026-05-10 12:03:22.758 -08:00 [INF] HTTP GET /api/Users/d1ed8be4-9703-45f0-935f-3c39601b55e1 completed with 200 in 65 ms (0HNLEPPNKNVD7:0000002D)
2026-05-10 12:03:33.697 -08:00 [INF] Authorization header exists: true
2026-05-10 12:03:33.699 -08:00 [INF] JWT token validated. IsAuthenticated=true
2026-05-10 12:03:33.700 -08:00 [INF] MediatR handling started GetRolesQuery
2026-05-10 12:03:33.701 -08:00 [INF] Access policy check started for roles:read
2026-05-10 12:03:33.703 -08:00 [INF] Access policy evaluation for roles:read. UserId=790c2c93-d8e6-4b61-8a11-e4190a1c0805, Roles=[Admin], ActiveRules=4, SubjectMatched=1, ResourceActionMatched=1, Allows=1, Denies=0, Decision=Allowed
2026-05-10 12:03:33.706 -08:00 [INF] MediatR handling completed GetRolesQuery in 5 ms
2026-05-10 12:03:33.707 -08:00 [INF] HTTP GET /api/Roles completed with 200 in 10 ms (0HNLEPPNKNVD7:00000033)
2026-05-10 12:03:42.574 -08:00 [INF] Authorization header exists: true
2026-05-10 12:03:42.574 -08:00 [INF] Authorization header exists: true
2026-05-10 12:03:42.575 -08:00 [INF] JWT token validated. IsAuthenticated=true
2026-05-10 12:03:42.576 -08:00 [INF] JWT token validated. IsAuthenticated=true
2026-05-10 12:03:42.577 -08:00 [INF] MediatR handling started GetAccessPolicyOptionsQuery
2026-05-10 12:03:42.577 -08:00 [INF] MediatR handling started ListAccessPoliciesQuery
2026-05-10 12:03:42.577 -08:00 [INF] Access policy check started for accessPolicies:read
2026-05-10 12:03:42.578 -08:00 [INF] Access policy check started for accessPolicies:read
2026-05-10 12:03:42.580 -08:00 [INF] Access policy evaluation for accessPolicies:read. UserId=790c2c93-d8e6-4b61-8a11-e4190a1c0805, Roles=[Admin], ActiveRules=4, SubjectMatched=1, ResourceActionMatched=1, Allows=1, Denies=0, Decision=Allowed
2026-05-10 12:03:42.581 -08:00 [INF] Access policy evaluation for accessPolicies:read. UserId=790c2c93-d8e6-4b61-8a11-e4190a1c0805, Roles=[Admin], ActiveRules=4, SubjectMatched=1, ResourceActionMatched=1, Allows=1, Denies=0, Decision=Allowed
2026-05-10 12:03:42.582 -08:00 [INF] MediatR handling completed GetAccessPolicyOptionsQuery in 5 ms
2026-05-10 12:03:42.584 -08:00 [INF] MediatR handling completed ListAccessPoliciesQuery in 7 ms
2026-05-10 12:03:42.585 -08:00 [INF] HTTP GET /api/AccessPolicies/options completed with 200 in 11 ms (0HNLEPPNKNVD7:00000039)
2026-05-10 12:03:42.612 -08:00 [INF] HTTP GET /api/AccessPolicies completed with 200 in 38 ms (0HNLEPPNKNVD7:0000003B)
2026-05-10 12:03:44.197 -08:00 [INF] Authorization header exists: true
2026-05-10 12:03:44.199 -08:00 [INF] JWT token validated. IsAuthenticated=true
2026-05-10 12:03:44.201 -08:00 [INF] MediatR handling started GetRolesQuery
2026-05-10 12:03:44.204 -08:00 [INF] Access policy check started for roles:read
2026-05-10 12:03:44.206 -08:00 [INF] Access policy evaluation for roles:read. UserId=790c2c93-d8e6-4b61-8a11-e4190a1c0805, Roles=[Admin], ActiveRules=4, SubjectMatched=1, ResourceActionMatched=1, Allows=1, Denies=0, Decision=Allowed
2026-05-10 12:03:44.211 -08:00 [INF] MediatR handling completed GetRolesQuery in 10 ms
2026-05-10 12:03:44.212 -08:00 [INF] HTTP GET /api/Roles completed with 200 in 15 ms (0HNLEPPNKNVD7:0000003F)
2026-05-10 12:05:28.026 -08:00 [INF] Authorization header exists: true
2026-05-10 12:05:28.026 -08:00 [INF] Authorization header exists: true
2026-05-10 12:05:28.029 -08:00 [INF] JWT token validated. IsAuthenticated=true
2026-05-10 12:05:28.029 -08:00 [INF] JWT token validated. IsAuthenticated=true
2026-05-10 12:05:28.030 -08:00 [INF] MediatR handling started GetAccessPolicyOptionsQuery
2026-05-10 12:05:28.030 -08:00 [INF] MediatR handling started ListAccessPoliciesQuery
2026-05-10 12:05:28.032 -08:00 [INF] Access policy check started for accessPolicies:read
2026-05-10 12:05:28.032 -08:00 [INF] Access policy check started for accessPolicies:read
2026-05-10 12:05:28.034 -08:00 [INF] Access policy evaluation for accessPolicies:read. UserId=790c2c93-d8e6-4b61-8a11-e4190a1c0805, Roles=[Admin], ActiveRules=4, SubjectMatched=1, ResourceActionMatched=1, Allows=1, Denies=0, Decision=Allowed
2026-05-10 12:05:28.034 -08:00 [INF] Access policy evaluation for accessPolicies:read. UserId=790c2c93-d8e6-4b61-8a11-e4190a1c0805, Roles=[Admin], ActiveRules=4, SubjectMatched=1, ResourceActionMatched=1, Allows=1, Denies=0, Decision=Allowed
2026-05-10 12:05:28.036 -08:00 [INF] MediatR handling completed GetAccessPolicyOptionsQuery in 6 ms
2026-05-10 12:05:28.040 -08:00 [INF] MediatR handling completed ListAccessPoliciesQuery in 9 ms
2026-05-10 12:05:28.041 -08:00 [INF] HTTP GET /api/AccessPolicies/options completed with 200 in 14 ms (0HNLEPPNKNVD7:00000045)
2026-05-10 12:05:28.041 -08:00 [INF] HTTP GET /api/AccessPolicies completed with 200 in 15 ms (0HNLEPPNKNVD7:00000047)
2026-05-10 12:06:09.145 -08:00 [INF] Authorization header exists: true
2026-05-10 12:06:09.147 -08:00 [INF] JWT token validated. IsAuthenticated=true
2026-05-10 12:06:09.148 -08:00 [INF] MediatR handling started CreateAccessPolicyCommand
2026-05-10 12:06:09.149 -08:00 [INF] Access policy check started for accessPolicies:create
2026-05-10 12:06:09.152 -08:00 [INF] Access policy evaluation for accessPolicies:create. UserId=790c2c93-d8e6-4b61-8a11-e4190a1c0805, Roles=[Admin], ActiveRules=4, SubjectMatched=1, ResourceActionMatched=1, Allows=1, Denies=0, Decision=Allowed
2026-05-10 12:06:09.159 -08:00 [INF] MediatR handling completed CreateAccessPolicyCommand in 11 ms
2026-05-10 12:06:09.161 -08:00 [INF] HTTP POST /api/AccessPolicies completed with 200 in 15 ms (0HNLEPPNKNVD7:0000004B)
2026-05-10 12:06:09.165 -08:00 [INF] Authorization header exists: true
2026-05-10 12:06:09.167 -08:00 [INF] JWT token validated. IsAuthenticated=true
2026-05-10 12:06:09.168 -08:00 [INF] MediatR handling started ListAccessPoliciesQuery
2026-05-10 12:06:09.169 -08:00 [INF] Access policy check started for accessPolicies:read
2026-05-10 12:06:09.170 -08:00 [INF] Access policy evaluation for accessPolicies:read. UserId=790c2c93-d8e6-4b61-8a11-e4190a1c0805, Roles=[Admin], ActiveRules=5, SubjectMatched=1, ResourceActionMatched=1, Allows=1, Denies=0, Decision=Allowed
2026-05-10 12:06:09.173 -08:00 [INF] MediatR handling completed ListAccessPoliciesQuery in 4 ms
2026-05-10 12:06:09.174 -08:00 [INF] HTTP GET /api/AccessPolicies completed with 200 in 9 ms (0HNLEPPNKNVD7:0000004D)
2026-05-10 12:06:10.700 -08:00 [INF] Authorization header exists: true
2026-05-10 12:06:10.702 -08:00 [INF] JWT token validated. IsAuthenticated=true
2026-05-10 12:06:10.703 -08:00 [INF] MediatR handling started GetRolesQuery
2026-05-10 12:06:10.704 -08:00 [INF] Access policy check started for roles:read
2026-05-10 12:06:10.706 -08:00 [INF] Access policy evaluation for roles:read. UserId=790c2c93-d8e6-4b61-8a11-e4190a1c0805, Roles=[Admin], ActiveRules=5, SubjectMatched=1, ResourceActionMatched=1, Allows=1, Denies=0, Decision=Allowed
2026-05-10 12:06:10.709 -08:00 [INF] MediatR handling completed GetRolesQuery in 6 ms
2026-05-10 12:06:10.710 -08:00 [INF] HTTP GET /api/Roles completed with 200 in 9 ms (0HNLEPPNKNVD7:00000051)
2026-05-10 12:06:11.042 -08:00 [INF] Authorization header exists: true
2026-05-10 12:06:11.044 -08:00 [INF] JWT token validated. IsAuthenticated=true
2026-05-10 12:06:11.047 -08:00 [INF] MediatR handling started GetUsersQuery
2026-05-10 12:06:11.048 -08:00 [INF] Access policy check started for users:read
2026-05-10 12:06:11.049 -08:00 [INF] Access policy evaluation for users:read. UserId=790c2c93-d8e6-4b61-8a11-e4190a1c0805, Roles=[Admin], ActiveRules=5, SubjectMatched=1, ResourceActionMatched=1, Allows=1, Denies=0, Decision=Allowed
2026-05-10 12:06:11.051 -08:00 [INF] Access policy query filter started for users:read
2026-05-10 12:06:11.053 -08:00 [INF] Access policy query filter for users:read. UserId=790c2c93-d8e6-4b61-8a11-e4190a1c0805, Roles=[Admin], ActiveRules=5, SubjectMatched=1, ResourceActionMatched=1, Allows=1, Denies=0
2026-05-10 12:06:11.063 -08:00 [INF] MediatR handling completed GetUsersQuery in 16 ms
2026-05-10 12:06:11.064 -08:00 [INF] HTTP GET /api/Users completed with 200 in 22 ms (0HNLEPPNKNVD7:00000055)
2026-05-10 12:06:12.542 -08:00 [INF] Authorization header exists: true
2026-05-10 12:06:12.542 -08:00 [INF] Authorization header exists: true
2026-05-10 12:06:12.543 -08:00 [INF] JWT token validated. IsAuthenticated=true
2026-05-10 12:06:12.543 -08:00 [INF] JWT token validated. IsAuthenticated=true
2026-05-10 12:06:12.545 -08:00 [INF] MediatR handling started GetUserByIdQuery
2026-05-10 12:06:12.545 -08:00 [INF] Access policy check started for users:read
2026-05-10 12:06:12.546 -08:00 [INF] MediatR handling started GetUserPermissionGraphQuery
2026-05-10 12:06:12.548 -08:00 [INF] Access policy check started for users:read
2026-05-10 12:06:12.548 -08:00 [INF] Access policy evaluation for users:read. UserId=790c2c93-d8e6-4b61-8a11-e4190a1c0805, Roles=[Admin], ActiveRules=5, SubjectMatched=1, ResourceActionMatched=1, Allows=1, Denies=0, Decision=Allowed
2026-05-10 12:06:12.549 -08:00 [INF] Access policy evaluation for users:read. UserId=790c2c93-d8e6-4b61-8a11-e4190a1c0805, Roles=[Admin], ActiveRules=5, SubjectMatched=1, ResourceActionMatched=1, Allows=1, Denies=0, Decision=Allowed
2026-05-10 12:06:12.550 -08:00 [INF] Access policy query filter started for users:read
2026-05-10 12:06:12.552 -08:00 [INF] Access policy query filter started for users:read
2026-05-10 12:06:12.554 -08:00 [INF] Access policy query filter for users:read. UserId=790c2c93-d8e6-4b61-8a11-e4190a1c0805, Roles=[Admin], ActiveRules=5, SubjectMatched=1, ResourceActionMatched=1, Allows=1, Denies=0
2026-05-10 12:06:12.554 -08:00 [INF] Access policy query filter for users:read. UserId=790c2c93-d8e6-4b61-8a11-e4190a1c0805, Roles=[Admin], ActiveRules=5, SubjectMatched=1, ResourceActionMatched=1, Allows=1, Denies=0
2026-05-10 12:06:12.558 -08:00 [INF] MediatR handling completed GetUserByIdQuery in 13 ms
2026-05-10 12:06:12.558 -08:00 [INF] HTTP GET /api/Users/d1ed8be4-9703-45f0-935f-3c39601b55e1 completed with 200 in 16 ms (0HNLEPPNKNVD7:0000005D)
2026-05-10 12:06:12.559 -08:00 [INF] MediatR handling completed GetUserPermissionGraphQuery in 12 ms
2026-05-10 12:06:12.561 -08:00 [INF] HTTP GET /api/Users/d1ed8be4-9703-45f0-935f-3c39601b55e1/permission-graph completed with 200 in 19 ms (0HNLEPPNKNVD7:0000005B)
2026-05-10 12:09:05.668 -08:00 [INF] HTTP CONNECT /hubs/sessions completed with 200 in 666172 ms (0HNLEPPNKNVD8:00000003)
2026-05-10 12:09:06.076 -08:00 [INF] Authorization header exists: true
2026-05-10 12:09:06.121 -08:00 [INF] JWT token validated. IsAuthenticated=true
2026-05-10 12:09:06.122 -08:00 [INF] HTTP POST /hubs/sessions/negotiate completed with 200 in 46 ms (0HNLEPPNKNVD8:00000005)
2026-05-10 12:09:06.158 -08:00 [INF] Authorization header exists: true
2026-05-10 12:09:06.160 -08:00 [INF] JWT token validated. IsAuthenticated=true
2026-05-10 12:09:06.161 -08:00 [INF] MediatR handling started GetUsersQuery
2026-05-10 12:09:06.162 -08:00 [INF] Access policy check started for users:read
2026-05-10 12:09:06.166 -08:00 [INF] Access policy evaluation for users:read. UserId=790c2c93-d8e6-4b61-8a11-e4190a1c0805, Roles=[Admin], ActiveRules=5, SubjectMatched=1, ResourceActionMatched=1, Allows=1, Denies=0, Decision=Allowed
2026-05-10 12:09:06.168 -08:00 [INF] Access policy query filter started for users:read
2026-05-10 12:09:06.169 -08:00 [INF] Access policy query filter for users:read. UserId=790c2c93-d8e6-4b61-8a11-e4190a1c0805, Roles=[Admin], ActiveRules=5, SubjectMatched=1, ResourceActionMatched=1, Allows=1, Denies=0
2026-05-10 12:09:06.177 -08:00 [INF] MediatR handling completed GetUsersQuery in 16 ms
2026-05-10 12:09:06.179 -08:00 [INF] HTTP GET /api/Users completed with 200 in 20 ms (0HNLEPPNKNVD7:00000063)
2026-05-10 12:09:06.651 -08:00 [INF] Authorization header exists: false
2026-05-10 12:09:06.653 -08:00 [INF] JWT token validated. IsAuthenticated=true
2026-05-10 14:01:31.887 -08:00 [INF] Authorization header exists: true
2026-05-10 14:01:31.887 -08:00 [INF] Authorization header exists: true
2026-05-10 14:01:31.887 -08:00 [INF] Authorization header exists: true
2026-05-10 14:01:31.887 -08:00 [INF] Authorization header exists: true
2026-05-10 14:01:31.988 -08:00 [ERR] JWT authentication failed
Microsoft.IdentityModel.Tokens.SecurityTokenExpiredException: IDX10223: Lifetime validation failed. The token is expired. ValidTo (UTC): '10-05-2026 20:21:57', Current time (UTC): '10-05-2026 22:01:31'.
   at Microsoft.IdentityModel.Tokens.ValidatorUtilities.ValidateLifetime(Nullable`1 notBefore, Nullable`1 expires, SecurityToken securityToken, TokenValidationParameters validationParameters)
   at Microsoft.IdentityModel.Tokens.Validators.ValidateLifetime(Nullable`1 notBefore, Nullable`1 expires, SecurityToken securityToken, TokenValidationParameters validationParameters)
   at Microsoft.IdentityModel.JsonWebTokens.JsonWebTokenHandler.ValidateTokenPayloadAsync(JsonWebToken jsonWebToken, TokenValidationParameters validationParameters, BaseConfiguration configuration)
   at Microsoft.IdentityModel.JsonWebTokens.JsonWebTokenHandler.ValidateJWSAsync(JsonWebToken jsonWebToken, TokenValidationParameters validationParameters, BaseConfiguration configuration)
2026-05-10 14:01:31.988 -08:00 [ERR] JWT authentication failed
Microsoft.IdentityModel.Tokens.SecurityTokenExpiredException: IDX10223: Lifetime validation failed. The token is expired. ValidTo (UTC): '10-05-2026 20:21:57', Current time (UTC): '10-05-2026 22:01:31'.
   at Microsoft.IdentityModel.Tokens.ValidatorUtilities.ValidateLifetime(Nullable`1 notBefore, Nullable`1 expires, SecurityToken securityToken, TokenValidationParameters validationParameters)
   at Microsoft.IdentityModel.Tokens.Validators.ValidateLifetime(Nullable`1 notBefore, Nullable`1 expires, SecurityToken securityToken, TokenValidationParameters validationParameters)
   at Microsoft.IdentityModel.JsonWebTokens.JsonWebTokenHandler.ValidateTokenPayloadAsync(JsonWebToken jsonWebToken, TokenValidationParameters validationParameters, BaseConfiguration configuration)
   at Microsoft.IdentityModel.JsonWebTokens.JsonWebTokenHandler.ValidateJWSAsync(JsonWebToken jsonWebToken, TokenValidationParameters validationParameters, BaseConfiguration configuration)
2026-05-10 14:01:31.988 -08:00 [ERR] JWT authentication failed
Microsoft.IdentityModel.Tokens.SecurityTokenExpiredException: IDX10223: Lifetime validation failed. The token is expired. ValidTo (UTC): '10-05-2026 20:21:57', Current time (UTC): '10-05-2026 22:01:31'.
   at Microsoft.IdentityModel.Tokens.ValidatorUtilities.ValidateLifetime(Nullable`1 notBefore, Nullable`1 expires, SecurityToken securityToken, TokenValidationParameters validationParameters)
   at Microsoft.IdentityModel.Tokens.Validators.ValidateLifetime(Nullable`1 notBefore, Nullable`1 expires, SecurityToken securityToken, TokenValidationParameters validationParameters)
   at Microsoft.IdentityModel.JsonWebTokens.JsonWebTokenHandler.ValidateTokenPayloadAsync(JsonWebToken jsonWebToken, TokenValidationParameters validationParameters, BaseConfiguration configuration)
   at Microsoft.IdentityModel.JsonWebTokens.JsonWebTokenHandler.ValidateJWSAsync(JsonWebToken jsonWebToken, TokenValidationParameters validationParameters, BaseConfiguration configuration)
2026-05-10 14:01:31.988 -08:00 [ERR] JWT authentication failed
Microsoft.IdentityModel.Tokens.SecurityTokenExpiredException: IDX10223: Lifetime validation failed. The token is expired. ValidTo (UTC): '10-05-2026 20:21:57', Current time (UTC): '10-05-2026 22:01:31'.
   at Microsoft.IdentityModel.Tokens.ValidatorUtilities.ValidateLifetime(Nullable`1 notBefore, Nullable`1 expires, SecurityToken securityToken, TokenValidationParameters validationParameters)
   at Microsoft.IdentityModel.Tokens.Validators.ValidateLifetime(Nullable`1 notBefore, Nullable`1 expires, SecurityToken securityToken, TokenValidationParameters validationParameters)
   at Microsoft.IdentityModel.JsonWebTokens.JsonWebTokenHandler.ValidateTokenPayloadAsync(JsonWebToken jsonWebToken, TokenValidationParameters validationParameters, BaseConfiguration configuration)
   at Microsoft.IdentityModel.JsonWebTokens.JsonWebTokenHandler.ValidateJWSAsync(JsonWebToken jsonWebToken, TokenValidationParameters validationParameters, BaseConfiguration configuration)
2026-05-10 14:01:32.031 -08:00 [WRN] JWT challenge. Error=invalid_token, Description=The token expired at '05/10/2026 20:21:57'
2026-05-10 14:01:32.031 -08:00 [WRN] JWT challenge. Error=invalid_token, Description=The token expired at '05/10/2026 20:21:57'
2026-05-10 14:01:32.031 -08:00 [WRN] JWT challenge. Error=invalid_token, Description=The token expired at '05/10/2026 20:21:57'
2026-05-10 14:01:32.031 -08:00 [WRN] JWT challenge. Error=invalid_token, Description=The token expired at '05/10/2026 20:21:57'
2026-05-10 14:01:32.039 -08:00 [INF] HTTP GET /api/error-logs completed with 401 in 152 ms (0HNLEPPNKNVD9:0000000D)
2026-05-10 14:01:32.039 -08:00 [INF] HTTP GET /api/Logs completed with 401 in 152 ms (0HNLEPPNKNVD9:0000000F)
2026-05-10 14:01:32.039 -08:00 [INF] HTTP GET /api/AccessPolicies completed with 401 in 152 ms (0HNLEPPNKNVD9:00000009)
2026-05-10 14:01:32.039 -08:00 [INF] HTTP GET /api/Users/dashboard completed with 401 in 152 ms (0HNLEPPNKNVD9:0000000B)
2026-05-10 14:01:32.071 -08:00 [INF] HTTP CONNECT /hubs/sessions completed with 200 in 6745420 ms (0HNLEPPNKNVD8:00000007)
2026-05-10 14:01:39.941 -08:00 [WRN] Sensitive data logging is enabled. Log entries and exception messages may include sensitive application data; this mode should only be enabled during development.
2026-05-10 14:01:40.863 -08:00 [INF] Admin wildcard access policy already exists
2026-05-10 14:01:41.124 -08:00 [INF] Now listening on: https://localhost:7259
2026-05-10 14:01:41.126 -08:00 [INF] Now listening on: http://localhost:5244
2026-05-10 14:01:41.183 -08:00 [INF] Application started. Press Ctrl+C to shut down.
2026-05-10 14:01:41.184 -08:00 [INF] Hosting environment: Development
2026-05-10 14:01:41.185 -08:00 [INF] Content root path: C:\PrivateProject\algo.bytes\src\algo.API
2026-05-10 14:02:32.766 -08:00 [INF] Authorization header exists: false
2026-05-10 14:02:32.835 -08:00 [INF] MediatR handling started LoginCommand
2026-05-10 14:02:33.380 -08:00 [INF] MediatR handling completed LoginCommand in 545 ms
2026-05-10 14:02:33.398 -08:00 [INF] HTTP POST /api/Auth/login completed with 200 in 678 ms (0HNLERVB1B13M:00000003)
2026-05-10 14:02:33.553 -08:00 [INF] Authorization header exists: true
2026-05-10 14:02:33.588 -08:00 [INF] Authorization header exists: true
2026-05-10 14:02:33.656 -08:00 [INF] JWT token validated. IsAuthenticated=true
2026-05-10 14:02:33.663 -08:00 [INF] JWT token validated. IsAuthenticated=true
2026-05-10 14:02:33.670 -08:00 [INF] HTTP POST /hubs/sessions/negotiate completed with 200 in 120 ms (0HNLERVB1B13N:00000001)
2026-05-10 14:02:33.709 -08:00 [INF] MediatR handling started GetUsersQuery
2026-05-10 14:02:33.727 -08:00 [INF] Access policy check started for users:read
2026-05-10 14:02:33.754 -08:00 [INF] Access policy evaluation for users:read. UserId=790c2c93-d8e6-4b61-8a11-e4190a1c0805, Roles=[Admin], ActiveRules=5, SubjectMatched=1, ResourceActionMatched=1, Allows=1, Denies=0, Decision=Allowed
2026-05-10 14:02:33.764 -08:00 [INF] Access policy query filter started for users:read
2026-05-10 14:02:33.773 -08:00 [INF] Access policy query filter for users:read. UserId=790c2c93-d8e6-4b61-8a11-e4190a1c0805, Roles=[Admin], ActiveRules=5, SubjectMatched=1, ResourceActionMatched=1, Allows=1, Denies=0
2026-05-10 14:02:33.890 -08:00 [INF] MediatR handling completed GetUsersQuery in 180 ms
2026-05-10 14:02:33.904 -08:00 [INF] HTTP GET /api/Users completed with 200 in 318 ms (0HNLERVB1B13M:00000009)
2026-05-10 14:02:34.130 -08:00 [INF] Authorization header exists: false
2026-05-10 14:02:34.135 -08:00 [INF] JWT token validated. IsAuthenticated=true
2026-05-10 14:02:35.655 -08:00 [INF] Authorization header exists: true
2026-05-10 14:02:35.655 -08:00 [INF] Authorization header exists: true
2026-05-10 14:02:35.655 -08:00 [INF] Authorization header exists: true
2026-05-10 14:02:35.655 -08:00 [INF] Authorization header exists: true
2026-05-10 14:02:35.659 -08:00 [INF] JWT token validated. IsAuthenticated=true
2026-05-10 14:02:35.659 -08:00 [INF] JWT token validated. IsAuthenticated=true
2026-05-10 14:02:35.660 -08:00 [INF] JWT token validated. IsAuthenticated=true
2026-05-10 14:02:35.660 -08:00 [INF] JWT token validated. IsAuthenticated=true
2026-05-10 14:02:35.669 -08:00 [INF] MediatR handling started GetUsersDashboardQuery
2026-05-10 14:02:35.669 -08:00 [INF] MediatR handling started ListAccessPoliciesQuery
2026-05-10 14:02:35.672 -08:00 [INF] Access policy check started for accessPolicies:read
2026-05-10 14:02:35.676 -08:00 [INF] Access policy check started for users:read
2026-05-10 14:02:35.676 -08:00 [INF] Access policy evaluation for accessPolicies:read. UserId=790c2c93-d8e6-4b61-8a11-e4190a1c0805, Roles=[Admin], ActiveRules=5, SubjectMatched=1, ResourceActionMatched=1, Allows=1, Denies=0, Decision=Allowed
2026-05-10 14:02:35.679 -08:00 [INF] Access policy evaluation for users:read. UserId=790c2c93-d8e6-4b61-8a11-e4190a1c0805, Roles=[Admin], ActiveRules=5, SubjectMatched=1, ResourceActionMatched=1, Allows=1, Denies=0, Decision=Allowed
2026-05-10 14:02:35.683 -08:00 [INF] Access policy query filter started for users:read
2026-05-10 14:02:35.684 -08:00 [INF] MediatR handling started GetLogsQuery
2026-05-10 14:02:35.684 -08:00 [INF] MediatR handling started GetErrorLogsQuery
2026-05-10 14:02:35.685 -08:00 [INF] Access policy query filter for users:read. UserId=790c2c93-d8e6-4b61-8a11-e4190a1c0805, Roles=[Admin], ActiveRules=5, SubjectMatched=1, ResourceActionMatched=1, Allows=1, Denies=0
2026-05-10 14:02:35.690 -08:00 [INF] MediatR handling completed ListAccessPoliciesQuery in 20 ms
2026-05-10 14:02:35.695 -08:00 [INF] Access policy check started for errorLogs:read
2026-05-10 14:02:35.695 -08:00 [INF] Access policy check started for logs:read
2026-05-10 14:02:35.698 -08:00 [INF] Access policy evaluation for errorLogs:read. UserId=790c2c93-d8e6-4b61-8a11-e4190a1c0805, Roles=[Admin], ActiveRules=5, SubjectMatched=1, ResourceActionMatched=1, Allows=1, Denies=0, Decision=Allowed
2026-05-10 14:02:35.700 -08:00 [INF] Access policy evaluation for logs:read. UserId=790c2c93-d8e6-4b61-8a11-e4190a1c0805, Roles=[Admin], ActiveRules=5, SubjectMatched=1, ResourceActionMatched=1, Allows=1, Denies=0, Decision=Allowed
2026-05-10 14:02:35.706 -08:00 [INF] HTTP GET /api/AccessPolicies completed with 200 in 51 ms (0HNLERVB1B13M:00000019)
2026-05-10 14:02:35.892 -08:00 [INF] MediatR handling completed GetUsersDashboardQuery in 223 ms
2026-05-10 14:02:35.901 -08:00 [INF] MediatR handling completed GetLogsQuery in 217 ms
2026-05-10 14:02:35.902 -08:00 [INF] MediatR handling completed GetErrorLogsQuery in 218 ms
2026-05-10 14:02:35.903 -08:00 [INF] HTTP GET /api/Users/dashboard completed with 200 in 248 ms (0HNLERVB1B13M:00000013)
2026-05-10 14:02:35.931 -08:00 [INF] HTTP GET /api/error-logs completed with 200 in 275 ms (0HNLERVB1B13M:00000017)
2026-05-10 14:02:35.931 -08:00 [INF] HTTP GET /api/Logs completed with 200 in 275 ms (0HNLERVB1B13M:00000015)
2026-05-10 14:02:52.368 -08:00 [INF] Authorization header exists: true
2026-05-10 14:02:52.368 -08:00 [INF] Authorization header exists: true
2026-05-10 14:02:52.373 -08:00 [INF] JWT token validated. IsAuthenticated=true
2026-05-10 14:02:52.373 -08:00 [INF] JWT token validated. IsAuthenticated=true
2026-05-10 14:02:52.377 -08:00 [INF] MediatR handling started GetErrorLogsQuery
2026-05-10 14:02:52.377 -08:00 [INF] MediatR handling started GetErrorLogsQuery
2026-05-10 14:02:52.378 -08:00 [INF] Access policy check started for errorLogs:read
2026-05-10 14:02:52.383 -08:00 [INF] Access policy check started for errorLogs:read
2026-05-10 14:02:52.384 -08:00 [INF] Access policy evaluation for errorLogs:read. UserId=790c2c93-d8e6-4b61-8a11-e4190a1c0805, Roles=[Admin], ActiveRules=5, SubjectMatched=1, ResourceActionMatched=1, Allows=1, Denies=0, Decision=Allowed
2026-05-10 14:02:52.386 -08:00 [INF] Access policy evaluation for errorLogs:read. UserId=790c2c93-d8e6-4b61-8a11-e4190a1c0805, Roles=[Admin], ActiveRules=5, SubjectMatched=1, ResourceActionMatched=1, Allows=1, Denies=0, Decision=Allowed
2026-05-10 14:02:52.407 -08:00 [INF] MediatR handling completed GetErrorLogsQuery in 30 ms
2026-05-10 14:02:52.411 -08:00 [INF] HTTP GET /api/error-logs completed with 200 in 42 ms (0HNLERVB1B13M:0000001F)
2026-05-10 14:02:52.413 -08:00 [INF] MediatR handling completed GetErrorLogsQuery in 36 ms
2026-05-10 14:02:52.416 -08:00 [INF] HTTP GET /api/error-logs completed with 200 in 47 ms (0HNLERVB1B13M:00000021)
2026-05-10 14:02:58.859 -08:00 [INF] Authorization header exists: true
2026-05-10 14:02:58.863 -08:00 [INF] JWT token validated. IsAuthenticated=true
2026-05-10 14:02:58.866 -08:00 [INF] MediatR handling started GetErrorLogsQuery
2026-05-10 14:02:58.867 -08:00 [INF] Access policy check started for errorLogs:read
2026-05-10 14:02:58.869 -08:00 [INF] Access policy evaluation for errorLogs:read. UserId=790c2c93-d8e6-4b61-8a11-e4190a1c0805, Roles=[Admin], ActiveRules=5, SubjectMatched=1, ResourceActionMatched=1, Allows=1, Denies=0, Decision=Allowed
2026-05-10 14:02:58.873 -08:00 [INF] MediatR handling completed GetErrorLogsQuery in 6 ms
2026-05-10 14:02:58.875 -08:00 [INF] HTTP GET /api/error-logs completed with 200 in 15 ms (0HNLERVB1B13M:00000025)
2026-05-10 14:03:04.165 -08:00 [INF] Authorization header exists: true
2026-05-10 14:03:04.169 -08:00 [INF] JWT token validated. IsAuthenticated=true
2026-05-10 14:03:04.170 -08:00 [INF] MediatR handling started GetErrorLogsQuery
2026-05-10 14:03:04.171 -08:00 [INF] Access policy check started for errorLogs:read
2026-05-10 14:03:04.173 -08:00 [INF] Access policy evaluation for errorLogs:read. UserId=790c2c93-d8e6-4b61-8a11-e4190a1c0805, Roles=[Admin], ActiveRules=5, SubjectMatched=1, ResourceActionMatched=1, Allows=1, Denies=0, Decision=Allowed
2026-05-10 14:03:04.177 -08:00 [INF] MediatR handling completed GetErrorLogsQuery in 7 ms
2026-05-10 14:03:04.179 -08:00 [INF] HTTP GET /api/error-logs completed with 200 in 14 ms (0HNLERVB1B13M:00000029)
2026-05-10 14:03:06.184 -08:00 [INF] Authorization header exists: true
2026-05-10 14:03:06.186 -08:00 [INF] JWT token validated. IsAuthenticated=true
2026-05-10 14:03:06.187 -08:00 [INF] MediatR handling started GetErrorLogsQuery
2026-05-10 14:03:06.188 -08:00 [INF] Access policy check started for errorLogs:read
2026-05-10 14:03:06.190 -08:00 [INF] Access policy evaluation for errorLogs:read. UserId=790c2c93-d8e6-4b61-8a11-e4190a1c0805, Roles=[Admin], ActiveRules=5, SubjectMatched=1, ResourceActionMatched=1, Allows=1, Denies=0, Decision=Allowed
2026-05-10 14:03:06.194 -08:00 [INF] MediatR handling completed GetErrorLogsQuery in 6 ms
2026-05-10 14:03:06.195 -08:00 [INF] HTTP GET /api/error-logs completed with 200 in 11 ms (0HNLERVB1B13M:0000002B)
2026-05-10 14:03:09.765 -08:00 [INF] Authorization header exists: true
2026-05-10 14:03:09.767 -08:00 [INF] JWT token validated. IsAuthenticated=true
2026-05-10 14:03:09.768 -08:00 [INF] MediatR handling started GetErrorLogsQuery
2026-05-10 14:03:09.825 -08:00 [ERR] MediatR handling failed GetErrorLogsQuery after 56 ms
FluentValidation.ValidationException: Validation failed: 
 -- Sort.Field: Sort field must be 'timestamp'. Severity: Error
   at algo.Application.Behaviors.ValidationBehavior`2.Handle(TRequest request, RequestHandlerDelegate`1 next, CancellationToken cancellationToken) in C:\PrivateProject\algo.bytes\src\algo.Application\Behaviors\ValidationBehavior.cs:line 25
   at algo.Application.Behaviors.LoggingBehavior`2.Handle(TRequest request, RequestHandlerDelegate`1 next, CancellationToken cancellationToken) in C:\PrivateProject\algo.bytes\src\algo.Application\Behaviors\LoggingBehavior.cs:line 31
2026-05-10 14:03:09.948 -08:00 [INF] HTTP GET /api/error-logs completed with 400 in 183 ms (0HNLERVB1B13M:0000002F)
2026-05-10 14:03:10.609 -08:00 [INF] Authorization header exists: true
2026-05-10 14:03:10.611 -08:00 [INF] JWT token validated. IsAuthenticated=true
2026-05-10 14:03:10.612 -08:00 [INF] MediatR handling started GetErrorLogsQuery
2026-05-10 14:03:10.647 -08:00 [ERR] MediatR handling failed GetErrorLogsQuery after 35 ms
FluentValidation.ValidationException: Validation failed: 
 -- Sort.Field: Sort field must be 'timestamp'. Severity: Error
   at algo.Application.Behaviors.ValidationBehavior`2.Handle(TRequest request, RequestHandlerDelegate`1 next, CancellationToken cancellationToken) in C:\PrivateProject\algo.bytes\src\algo.Application\Behaviors\ValidationBehavior.cs:line 25
   at algo.Application.Behaviors.LoggingBehavior`2.Handle(TRequest request, RequestHandlerDelegate`1 next, CancellationToken cancellationToken) in C:\PrivateProject\algo.bytes\src\algo.Application\Behaviors\LoggingBehavior.cs:line 31
2026-05-10 14:03:10.735 -08:00 [INF] HTTP GET /api/error-logs completed with 400 in 126 ms (0HNLERVB1B13M:00000033)
2026-05-10 14:03:20.291 -08:00 [INF] Authorization header exists: true
2026-05-10 14:03:20.295 -08:00 [INF] JWT token validated. IsAuthenticated=true
2026-05-10 14:03:20.297 -08:00 [INF] Authorization header exists: true
2026-05-10 14:03:20.297 -08:00 [INF] MediatR handling started GetLogsQuery
2026-05-10 14:03:20.299 -08:00 [INF] Access policy check started for logs:read
2026-05-10 14:03:20.300 -08:00 [INF] JWT token validated. IsAuthenticated=true
2026-05-10 14:03:20.303 -08:00 [INF] Access policy evaluation for logs:read. UserId=790c2c93-d8e6-4b61-8a11-e4190a1c0805, Roles=[Admin], ActiveRules=5, SubjectMatched=1, ResourceActionMatched=1, Allows=1, Denies=0, Decision=Allowed
2026-05-10 14:03:20.304 -08:00 [INF] MediatR handling started GetLogsQuery
2026-05-10 14:03:20.307 -08:00 [INF] Access policy check started for logs:read
2026-05-10 14:03:20.309 -08:00 [INF] Access policy evaluation for logs:read. UserId=790c2c93-d8e6-4b61-8a11-e4190a1c0805, Roles=[Admin], ActiveRules=5, SubjectMatched=1, ResourceActionMatched=1, Allows=1, Denies=0, Decision=Allowed
2026-05-10 14:03:20.329 -08:00 [INF] MediatR handling completed GetLogsQuery in 31 ms
2026-05-10 14:03:20.331 -08:00 [INF] HTTP GET /api/Logs completed with 200 in 40 ms (0HNLERVB1B13M:00000037)
2026-05-10 14:03:20.337 -08:00 [INF] MediatR handling completed GetLogsQuery in 32 ms
2026-05-10 14:03:20.338 -08:00 [INF] HTTP GET /api/Logs completed with 200 in 41 ms (0HNLERVB1B13M:0000003B)
2026-05-10 14:03:28.671 -08:00 [INF] Authorization header exists: true
2026-05-10 14:03:28.673 -08:00 [INF] Authorization header exists: true
2026-05-10 14:03:28.673 -08:00 [INF] Authorization header exists: true
2026-05-10 14:03:28.677 -08:00 [INF] Authorization header exists: true
2026-05-10 14:03:28.679 -08:00 [INF] JWT token validated. IsAuthenticated=true
2026-05-10 14:03:28.679 -08:00 [INF] JWT token validated. IsAuthenticated=true
2026-05-10 14:03:28.680 -08:00 [INF] JWT token validated. IsAuthenticated=true
2026-05-10 14:03:28.682 -08:00 [INF] MediatR handling started GetUsersDashboardQuery
2026-05-10 14:03:28.682 -08:00 [INF] JWT token validated. IsAuthenticated=true
2026-05-10 14:03:28.682 -08:00 [INF] MediatR handling started GetErrorLogsQuery
2026-05-10 14:03:28.683 -08:00 [INF] MediatR handling started GetLogsQuery
2026-05-10 14:03:28.684 -08:00 [INF] Access policy check started for users:read
2026-05-10 14:03:28.684 -08:00 [INF] MediatR handling started ListAccessPoliciesQuery
2026-05-10 14:03:28.685 -08:00 [INF] Access policy check started for errorLogs:read
2026-05-10 14:03:28.686 -08:00 [INF] Access policy check started for logs:read
2026-05-10 14:03:28.687 -08:00 [INF] Access policy check started for accessPolicies:read
2026-05-10 14:03:28.688 -08:00 [INF] Access policy evaluation for users:read. UserId=790c2c93-d8e6-4b61-8a11-e4190a1c0805, Roles=[Admin], ActiveRules=5, SubjectMatched=1, ResourceActionMatched=1, Allows=1, Denies=0, Decision=Allowed
2026-05-10 14:03:28.689 -08:00 [INF] Access policy evaluation for errorLogs:read. UserId=790c2c93-d8e6-4b61-8a11-e4190a1c0805, Roles=[Admin], ActiveRules=5, SubjectMatched=1, ResourceActionMatched=1, Allows=1, Denies=0, Decision=Allowed
2026-05-10 14:03:28.690 -08:00 [INF] Access policy evaluation for logs:read. UserId=790c2c93-d8e6-4b61-8a11-e4190a1c0805, Roles=[Admin], ActiveRules=5, SubjectMatched=1, ResourceActionMatched=1, Allows=1, Denies=0, Decision=Allowed
2026-05-10 14:03:28.691 -08:00 [INF] Access policy evaluation for accessPolicies:read. UserId=790c2c93-d8e6-4b61-8a11-e4190a1c0805, Roles=[Admin], ActiveRules=5, SubjectMatched=1, ResourceActionMatched=1, Allows=1, Denies=0, Decision=Allowed
2026-05-10 14:03:28.692 -08:00 [INF] Access policy query filter started for users:read
2026-05-10 14:03:28.696 -08:00 [INF] MediatR handling completed GetErrorLogsQuery in 14 ms
2026-05-10 14:03:28.698 -08:00 [INF] MediatR handling completed ListAccessPoliciesQuery in 14 ms
2026-05-10 14:03:28.699 -08:00 [INF] Access policy query filter for users:read. UserId=790c2c93-d8e6-4b61-8a11-e4190a1c0805, Roles=[Admin], ActiveRules=5, SubjectMatched=1, ResourceActionMatched=1, Allows=1, Denies=0
2026-05-10 14:03:28.699 -08:00 [INF] MediatR handling completed GetLogsQuery in 15 ms
2026-05-10 14:03:28.705 -08:00 [INF] HTTP GET /api/error-logs completed with 200 in 32 ms (0HNLERVB1B13M:00000049)
2026-05-10 14:03:28.704 -08:00 [INF] HTTP GET /api/AccessPolicies completed with 200 in 27 ms (0HNLERVB1B13M:0000004B)
2026-05-10 14:03:28.710 -08:00 [INF] HTTP GET /api/Logs completed with 200 in 37 ms (0HNLERVB1B13M:00000047)
2026-05-10 14:03:28.719 -08:00 [INF] MediatR handling completed GetUsersDashboardQuery in 37 ms
2026-05-10 14:03:28.721 -08:00 [INF] HTTP GET /api/Users/dashboard completed with 200 in 49 ms (0HNLERVB1B13M:00000045)
2026-05-10 14:03:33.661 -08:00 [INF] Authorization header exists: true
2026-05-10 14:03:33.664 -08:00 [INF] JWT token validated. IsAuthenticated=true
2026-05-10 14:03:33.664 -08:00 [INF] Authorization header exists: true
2026-05-10 14:03:33.666 -08:00 [INF] MediatR handling started ListAccessPoliciesQuery
2026-05-10 14:03:33.667 -08:00 [INF] Access policy check started for accessPolicies:read
2026-05-10 14:03:33.667 -08:00 [INF] JWT token validated. IsAuthenticated=true
2026-05-10 14:03:33.669 -08:00 [INF] Access policy evaluation for accessPolicies:read. UserId=790c2c93-d8e6-4b61-8a11-e4190a1c0805, Roles=[Admin], ActiveRules=5, SubjectMatched=1, ResourceActionMatched=1, Allows=1, Denies=0, Decision=Allowed
2026-05-10 14:03:33.674 -08:00 [INF] MediatR handling completed ListAccessPoliciesQuery in 8 ms
2026-05-10 14:03:33.676 -08:00 [INF] HTTP GET /api/AccessPolicies completed with 200 in 14 ms (0HNLERVB1B13M:0000004F)
2026-05-10 14:03:33.683 -08:00 [INF] MediatR handling started GetAccessPolicyOptionsQuery
2026-05-10 14:03:33.685 -08:00 [INF] Access policy check started for accessPolicies:read
2026-05-10 14:03:33.687 -08:00 [INF] Access policy evaluation for accessPolicies:read. UserId=790c2c93-d8e6-4b61-8a11-e4190a1c0805, Roles=[Admin], ActiveRules=5, SubjectMatched=1, ResourceActionMatched=1, Allows=1, Denies=0, Decision=Allowed
2026-05-10 14:03:33.708 -08:00 [INF] MediatR handling completed GetAccessPolicyOptionsQuery in 25 ms
2026-05-10 14:03:33.725 -08:00 [INF] HTTP GET /api/AccessPolicies/options completed with 200 in 61 ms (0HNLERVB1B13M:00000051)
2026-05-10 14:04:09.033 -08:00 [INF] Authorization header exists: true
2026-05-10 14:04:09.036 -08:00 [INF] JWT token validated. IsAuthenticated=true
2026-05-10 14:04:09.047 -08:00 [INF] MediatR handling started GetRolesQuery
2026-05-10 14:04:09.050 -08:00 [INF] Access policy check started for roles:read
2026-05-10 14:04:09.051 -08:00 [INF] Access policy evaluation for roles:read. UserId=790c2c93-d8e6-4b61-8a11-e4190a1c0805, Roles=[Admin], ActiveRules=5, SubjectMatched=1, ResourceActionMatched=1, Allows=1, Denies=0, Decision=Allowed
2026-05-10 14:04:09.058 -08:00 [INF] MediatR handling completed GetRolesQuery in 11 ms
2026-05-10 14:04:09.061 -08:00 [INF] HTTP GET /api/Roles completed with 200 in 27 ms (0HNLERVB1B13M:00000055)
2026-05-10 14:04:09.999 -08:00 [INF] Authorization header exists: true
2026-05-10 14:04:10.002 -08:00 [INF] JWT token validated. IsAuthenticated=true
2026-05-10 14:04:10.004 -08:00 [INF] MediatR handling started GetUsersQuery
2026-05-10 14:04:10.004 -08:00 [INF] Access policy check started for users:read
2026-05-10 14:04:10.007 -08:00 [INF] Access policy evaluation for users:read. UserId=790c2c93-d8e6-4b61-8a11-e4190a1c0805, Roles=[Admin], ActiveRules=5, SubjectMatched=1, ResourceActionMatched=1, Allows=1, Denies=0, Decision=Allowed
2026-05-10 14:04:10.009 -08:00 [INF] Access policy query filter started for users:read
2026-05-10 14:04:10.012 -08:00 [INF] Access policy query filter for users:read. UserId=790c2c93-d8e6-4b61-8a11-e4190a1c0805, Roles=[Admin], ActiveRules=5, SubjectMatched=1, ResourceActionMatched=1, Allows=1, Denies=0
2026-05-10 14:04:10.017 -08:00 [INF] MediatR handling completed GetUsersQuery in 13 ms
2026-05-10 14:04:10.018 -08:00 [INF] HTTP GET /api/Users completed with 200 in 19 ms (0HNLERVB1B13M:00000059)
2026-05-10 14:04:13.457 -08:00 [INF] Authorization header exists: true
2026-05-10 14:04:13.458 -08:00 [INF] Authorization header exists: true
2026-05-10 14:04:13.459 -08:00 [INF] JWT token validated. IsAuthenticated=true
2026-05-10 14:04:13.460 -08:00 [INF] JWT token validated. IsAuthenticated=true
2026-05-10 14:04:13.469 -08:00 [INF] MediatR handling started GetUserPermissionGraphQuery
2026-05-10 14:04:13.469 -08:00 [INF] MediatR handling started GetUserByIdQuery
2026-05-10 14:04:13.473 -08:00 [INF] Access policy check started for users:read
2026-05-10 14:04:13.475 -08:00 [INF] Access policy check started for users:read
2026-05-10 14:04:13.475 -08:00 [INF] Access policy evaluation for users:read. UserId=790c2c93-d8e6-4b61-8a11-e4190a1c0805, Roles=[Admin], ActiveRules=5, SubjectMatched=1, ResourceActionMatched=1, Allows=1, Denies=0, Decision=Allowed
2026-05-10 14:04:13.476 -08:00 [INF] Access policy evaluation for users:read. UserId=790c2c93-d8e6-4b61-8a11-e4190a1c0805, Roles=[Admin], ActiveRules=5, SubjectMatched=1, ResourceActionMatched=1, Allows=1, Denies=0, Decision=Allowed
2026-05-10 14:04:13.477 -08:00 [INF] Access policy query filter started for users:read
2026-05-10 14:04:13.480 -08:00 [INF] Access policy query filter started for users:read
2026-05-10 14:04:13.481 -08:00 [INF] Access policy query filter for users:read. UserId=790c2c93-d8e6-4b61-8a11-e4190a1c0805, Roles=[Admin], ActiveRules=5, SubjectMatched=1, ResourceActionMatched=1, Allows=1, Denies=0
2026-05-10 14:04:13.482 -08:00 [INF] Access policy query filter for users:read. UserId=790c2c93-d8e6-4b61-8a11-e4190a1c0805, Roles=[Admin], ActiveRules=5, SubjectMatched=1, ResourceActionMatched=1, Allows=1, Denies=0
2026-05-10 14:04:13.518 -08:00 [INF] MediatR handling completed GetUserPermissionGraphQuery in 48 ms
2026-05-10 14:04:13.520 -08:00 [INF] MediatR handling completed GetUserByIdQuery in 51 ms
2026-05-10 14:04:13.525 -08:00 [INF] HTTP GET /api/Users/790c2c93-d8e6-4b61-8a11-e4190a1c0805/permission-graph completed with 200 in 67 ms (0HNLERVB1B13M:00000061)
2026-05-10 14:04:13.525 -08:00 [INF] HTTP GET /api/Users/790c2c93-d8e6-4b61-8a11-e4190a1c0805 completed with 200 in 68 ms (0HNLERVB1B13M:0000005F)
2026-05-10 14:09:10.135 -08:00 [INF] HTTP CONNECT /hubs/sessions completed with 200 in 396005 ms (0HNLERVB1B13N:00000003)
2026-05-10 14:09:10.389 -08:00 [INF] Authorization header exists: true
2026-05-10 14:09:10.443 -08:00 [INF] Authorization header exists: true
2026-05-10 14:09:10.446 -08:00 [INF] JWT token validated. IsAuthenticated=true
2026-05-10 14:09:10.498 -08:00 [INF] HTTP POST /hubs/sessions/negotiate completed with 200 in 109 ms (0HNLERVB1B13N:00000005)
2026-05-10 14:09:10.593 -08:00 [INF] JWT token validated. IsAuthenticated=true
2026-05-10 14:09:10.596 -08:00 [INF] MediatR handling started GetUsersQuery
2026-05-10 14:09:10.601 -08:00 [INF] Access policy check started for users:read
2026-05-10 14:09:10.605 -08:00 [INF] Access policy evaluation for users:read. UserId=790c2c93-d8e6-4b61-8a11-e4190a1c0805, Roles=[Admin], ActiveRules=5, SubjectMatched=1, ResourceActionMatched=1, Allows=1, Denies=0, Decision=Allowed
2026-05-10 14:09:10.609 -08:00 [INF] Access policy query filter started for users:read
2026-05-10 14:09:10.612 -08:00 [INF] Access policy query filter for users:read. UserId=790c2c93-d8e6-4b61-8a11-e4190a1c0805, Roles=[Admin], ActiveRules=5, SubjectMatched=1, ResourceActionMatched=1, Allows=1, Denies=0
2026-05-10 14:09:10.627 -08:00 [INF] MediatR handling completed GetUsersQuery in 31 ms
2026-05-10 14:09:10.629 -08:00 [INF] HTTP GET /api/Users completed with 200 in 186 ms (0HNLERVB1B13M:00000067)
2026-05-10 14:09:10.837 -08:00 [INF] Authorization header exists: false
2026-05-10 14:09:10.840 -08:00 [INF] JWT token validated. IsAuthenticated=true
2026-05-10 14:10:56.834 -08:00 [INF] HTTP CONNECT /hubs/sessions completed with 200 in 105996 ms (0HNLERVB1B13N:00000007)
2026-05-10 14:10:57.178 -08:00 [INF] Authorization header exists: true
2026-05-10 14:10:57.181 -08:00 [INF] JWT token validated. IsAuthenticated=true
2026-05-10 14:10:57.183 -08:00 [INF] HTTP POST /hubs/sessions/negotiate completed with 200 in 5 ms (0HNLERVB1B13N:00000009)
2026-05-10 14:10:57.235 -08:00 [INF] Authorization header exists: true
2026-05-10 14:10:57.243 -08:00 [INF] JWT token validated. IsAuthenticated=true
2026-05-10 14:10:57.246 -08:00 [INF] MediatR handling started GetUsersQuery
2026-05-10 14:10:57.249 -08:00 [INF] Access policy check started for users:read
2026-05-10 14:10:57.252 -08:00 [INF] Access policy evaluation for users:read. UserId=790c2c93-d8e6-4b61-8a11-e4190a1c0805, Roles=[Admin], ActiveRules=5, SubjectMatched=1, ResourceActionMatched=1, Allows=1, Denies=0, Decision=Allowed
2026-05-10 14:10:57.258 -08:00 [INF] Access policy query filter started for users:read
2026-05-10 14:10:57.263 -08:00 [INF] Access policy query filter for users:read. UserId=790c2c93-d8e6-4b61-8a11-e4190a1c0805, Roles=[Admin], ActiveRules=5, SubjectMatched=1, ResourceActionMatched=1, Allows=1, Denies=0
2026-05-10 14:10:57.278 -08:00 [INF] MediatR handling completed GetUsersQuery in 32 ms
2026-05-10 14:10:57.285 -08:00 [INF] HTTP GET /api/Users completed with 200 in 49 ms (0HNLERVB1B13M:0000006D)
2026-05-10 14:10:57.883 -08:00 [INF] Authorization header exists: false
2026-05-10 14:10:57.889 -08:00 [INF] JWT token validated. IsAuthenticated=true
2026-05-10 14:11:04.127 -08:00 [INF] Authorization header exists: true
2026-05-10 14:11:04.130 -08:00 [INF] JWT token validated. IsAuthenticated=true
2026-05-10 14:11:04.132 -08:00 [INF] MediatR handling started GetUsersQuery
2026-05-10 14:11:04.132 -08:00 [INF] Access policy check started for users:read
2026-05-10 14:11:04.135 -08:00 [INF] Access policy evaluation for users:read. UserId=790c2c93-d8e6-4b61-8a11-e4190a1c0805, Roles=[Admin], ActiveRules=5, SubjectMatched=1, ResourceActionMatched=1, Allows=1, Denies=0, Decision=Allowed
2026-05-10 14:11:04.138 -08:00 [INF] Access policy query filter started for users:read
2026-05-10 14:11:04.141 -08:00 [INF] Access policy query filter for users:read. UserId=790c2c93-d8e6-4b61-8a11-e4190a1c0805, Roles=[Admin], ActiveRules=5, SubjectMatched=1, ResourceActionMatched=1, Allows=1, Denies=0
2026-05-10 14:11:04.150 -08:00 [INF] MediatR handling completed GetUsersQuery in 18 ms
2026-05-10 14:11:04.151 -08:00 [INF] HTTP GET /api/Users completed with 200 in 23 ms (0HNLERVB1B13M:00000071)
2026-05-10 14:11:16.818 -08:00 [INF] Authorization header exists: true
2026-05-10 14:11:16.819 -08:00 [INF] Authorization header exists: true
2026-05-10 14:11:16.819 -08:00 [INF] Authorization header exists: true
2026-05-10 14:11:16.819 -08:00 [INF] Authorization header exists: true
2026-05-10 14:11:16.821 -08:00 [INF] JWT token validated. IsAuthenticated=true
2026-05-10 14:11:16.822 -08:00 [INF] JWT token validated. IsAuthenticated=true
2026-05-10 14:11:16.823 -08:00 [INF] JWT token validated. IsAuthenticated=true
2026-05-10 14:11:16.823 -08:00 [INF] JWT token validated. IsAuthenticated=true
2026-05-10 14:11:16.824 -08:00 [INF] MediatR handling started GetUsersDashboardQuery
2026-05-10 14:11:16.824 -08:00 [INF] MediatR handling started GetLogsQuery
2026-05-10 14:11:16.825 -08:00 [INF] MediatR handling started GetErrorLogsQuery
2026-05-10 14:11:16.826 -08:00 [INF] MediatR handling started ListAccessPoliciesQuery
2026-05-10 14:11:16.827 -08:00 [INF] Access policy check started for users:read
2026-05-10 14:11:16.827 -08:00 [INF] Access policy check started for logs:read
2026-05-10 14:11:16.828 -08:00 [INF] Access policy check started for errorLogs:read
2026-05-10 14:11:16.829 -08:00 [INF] Access policy check started for accessPolicies:read
2026-05-10 14:11:16.834 -08:00 [INF] Access policy evaluation for errorLogs:read. UserId=790c2c93-d8e6-4b61-8a11-e4190a1c0805, Roles=[Admin], ActiveRules=5, SubjectMatched=1, ResourceActionMatched=1, Allows=1, Denies=0, Decision=Allowed
2026-05-10 14:11:16.833 -08:00 [INF] Access policy evaluation for logs:read. UserId=790c2c93-d8e6-4b61-8a11-e4190a1c0805, Roles=[Admin], ActiveRules=5, SubjectMatched=1, ResourceActionMatched=1, Allows=1, Denies=0, Decision=Allowed
2026-05-10 14:11:16.832 -08:00 [INF] Access policy evaluation for users:read. UserId=790c2c93-d8e6-4b61-8a11-e4190a1c0805, Roles=[Admin], ActiveRules=5, SubjectMatched=1, ResourceActionMatched=1, Allows=1, Denies=0, Decision=Allowed
2026-05-10 14:11:16.835 -08:00 [INF] Access policy evaluation for accessPolicies:read. UserId=790c2c93-d8e6-4b61-8a11-e4190a1c0805, Roles=[Admin], ActiveRules=5, SubjectMatched=1, ResourceActionMatched=1, Allows=1, Denies=0, Decision=Allowed
2026-05-10 14:11:16.843 -08:00 [INF] Access policy query filter started for users:read
2026-05-10 14:11:16.844 -08:00 [INF] MediatR handling completed GetErrorLogsQuery in 18 ms
2026-05-10 14:11:16.847 -08:00 [INF] MediatR handling completed ListAccessPoliciesQuery in 20 ms
2026-05-10 14:11:16.848 -08:00 [INF] Access policy query filter for users:read. UserId=790c2c93-d8e6-4b61-8a11-e4190a1c0805, Roles=[Admin], ActiveRules=5, SubjectMatched=1, ResourceActionMatched=1, Allows=1, Denies=0
2026-05-10 14:11:16.849 -08:00 [INF] HTTP GET /api/error-logs completed with 200 in 30 ms (0HNLERVB1B13M:0000007F)
2026-05-10 14:11:16.850 -08:00 [INF] HTTP GET /api/AccessPolicies completed with 200 in 31 ms (0HNLERVB1B13M:00000081)
2026-05-10 14:11:16.850 -08:00 [INF] MediatR handling completed GetLogsQuery in 26 ms
2026-05-10 14:11:16.860 -08:00 [INF] HTTP GET /api/Logs completed with 200 in 41 ms (0HNLERVB1B13M:0000007D)
2026-05-10 14:11:16.863 -08:00 [INF] MediatR handling completed GetUsersDashboardQuery in 39 ms
2026-05-10 14:11:16.865 -08:00 [INF] HTTP GET /api/Users/dashboard completed with 200 in 46 ms (0HNLERVB1B13M:0000007B)
2026-05-10 14:11:21.235 -08:00 [INF] Authorization header exists: true
2026-05-10 14:11:21.236 -08:00 [INF] Authorization header exists: true
2026-05-10 14:11:21.237 -08:00 [INF] JWT token validated. IsAuthenticated=true
2026-05-10 14:11:21.238 -08:00 [INF] Authorization header exists: true
2026-05-10 14:11:21.238 -08:00 [INF] Authorization header exists: true
2026-05-10 14:11:21.238 -08:00 [INF] JWT token validated. IsAuthenticated=true
2026-05-10 14:11:21.239 -08:00 [INF] MediatR handling started GetUsersDashboardQuery
2026-05-10 14:11:21.241 -08:00 [INF] JWT token validated. IsAuthenticated=true
2026-05-10 14:11:21.242 -08:00 [INF] JWT token validated. IsAuthenticated=true
2026-05-10 14:11:21.242 -08:00 [INF] MediatR handling started ListAccessPoliciesQuery
2026-05-10 14:11:21.242 -08:00 [INF] Access policy check started for users:read
2026-05-10 14:11:21.244 -08:00 [INF] MediatR handling started GetLogsQuery
2026-05-10 14:11:21.245 -08:00 [INF] MediatR handling started GetErrorLogsQuery
2026-05-10 14:11:21.245 -08:00 [INF] Access policy check started for accessPolicies:read
2026-05-10 14:11:21.248 -08:00 [INF] Access policy check started for logs:read
2026-05-10 14:11:21.248 -08:00 [INF] Access policy evaluation for users:read. UserId=790c2c93-d8e6-4b61-8a11-e4190a1c0805, Roles=[Admin], ActiveRules=5, SubjectMatched=1, ResourceActionMatched=1, Allows=1, Denies=0, Decision=Allowed
2026-05-10 14:11:21.249 -08:00 [INF] Access policy check started for errorLogs:read
2026-05-10 14:11:21.251 -08:00 [INF] Access policy evaluation for accessPolicies:read. UserId=790c2c93-d8e6-4b61-8a11-e4190a1c0805, Roles=[Admin], ActiveRules=5, SubjectMatched=1, ResourceActionMatched=1, Allows=1, Denies=0, Decision=Allowed
2026-05-10 14:11:21.252 -08:00 [INF] Access policy evaluation for logs:read. UserId=790c2c93-d8e6-4b61-8a11-e4190a1c0805, Roles=[Admin], ActiveRules=5, SubjectMatched=1, ResourceActionMatched=1, Allows=1, Denies=0, Decision=Allowed
2026-05-10 14:11:21.255 -08:00 [INF] Access policy query filter started for users:read
2026-05-10 14:11:21.257 -08:00 [INF] Access policy evaluation for errorLogs:read. UserId=790c2c93-d8e6-4b61-8a11-e4190a1c0805, Roles=[Admin], ActiveRules=5, SubjectMatched=1, ResourceActionMatched=1, Allows=1, Denies=0, Decision=Allowed
2026-05-10 14:11:21.261 -08:00 [INF] MediatR handling completed ListAccessPoliciesQuery in 19 ms
2026-05-10 14:11:21.265 -08:00 [INF] Access policy query filter for users:read. UserId=790c2c93-d8e6-4b61-8a11-e4190a1c0805, Roles=[Admin], ActiveRules=5, SubjectMatched=1, ResourceActionMatched=1, Allows=1, Denies=0
2026-05-10 14:11:21.267 -08:00 [INF] MediatR handling completed GetLogsQuery in 23 ms
2026-05-10 14:11:21.269 -08:00 [INF] HTTP GET /api/AccessPolicies completed with 200 in 32 ms (0HNLERVB1B13M:00000089)
2026-05-10 14:11:21.274 -08:00 [INF] HTTP GET /api/Logs completed with 200 in 35 ms (0HNLERVB1B13M:0000008B)
2026-05-10 14:11:21.275 -08:00 [INF] MediatR handling completed GetErrorLogsQuery in 29 ms
2026-05-10 14:11:21.297 -08:00 [INF] HTTP GET /api/error-logs completed with 200 in 58 ms (0HNLERVB1B13M:0000008D)
2026-05-10 14:11:21.298 -08:00 [INF] MediatR handling completed GetUsersDashboardQuery in 59 ms
2026-05-10 14:11:21.301 -08:00 [INF] HTTP GET /api/Users/dashboard completed with 200 in 66 ms (0HNLERVB1B13M:00000083)
2026-05-10 14:11:23.675 -08:00 [INF] Authorization header exists: true
2026-05-10 14:11:23.676 -08:00 [INF] Authorization header exists: true
2026-05-10 14:11:23.676 -08:00 [INF] Authorization header exists: true
2026-05-10 14:11:23.676 -08:00 [INF] Authorization header exists: true
2026-05-10 14:11:23.677 -08:00 [INF] JWT token validated. IsAuthenticated=true
2026-05-10 14:11:23.678 -08:00 [INF] JWT token validated. IsAuthenticated=true
2026-05-10 14:11:23.679 -08:00 [INF] MediatR handling started GetUsersDashboardQuery
2026-05-10 14:11:23.679 -08:00 [INF] JWT token validated. IsAuthenticated=true
2026-05-10 14:11:23.680 -08:00 [INF] MediatR handling started GetLogsQuery
2026-05-10 14:11:23.680 -08:00 [INF] Access policy check started for users:read
2026-05-10 14:11:23.680 -08:00 [INF] MediatR handling started ListAccessPoliciesQuery
2026-05-10 14:11:23.681 -08:00 [INF] JWT token validated. IsAuthenticated=true
2026-05-10 14:11:23.681 -08:00 [INF] Access policy check started for logs:read
2026-05-10 14:11:23.682 -08:00 [INF] Access policy check started for accessPolicies:read
2026-05-10 14:11:23.682 -08:00 [INF] Access policy evaluation for users:read. UserId=790c2c93-d8e6-4b61-8a11-e4190a1c0805, Roles=[Admin], ActiveRules=5, SubjectMatched=1, ResourceActionMatched=1, Allows=1, Denies=0, Decision=Allowed
2026-05-10 14:11:23.683 -08:00 [INF] MediatR handling started GetErrorLogsQuery
2026-05-10 14:11:23.685 -08:00 [INF] Access policy evaluation for logs:read. UserId=790c2c93-d8e6-4b61-8a11-e4190a1c0805, Roles=[Admin], ActiveRules=5, SubjectMatched=1, ResourceActionMatched=1, Allows=1, Denies=0, Decision=Allowed
2026-05-10 14:11:23.687 -08:00 [INF] Access policy query filter started for users:read
2026-05-10 14:11:23.688 -08:00 [INF] Access policy check started for errorLogs:read
2026-05-10 14:11:23.688 -08:00 [INF] Access policy evaluation for accessPolicies:read. UserId=790c2c93-d8e6-4b61-8a11-e4190a1c0805, Roles=[Admin], ActiveRules=5, SubjectMatched=1, ResourceActionMatched=1, Allows=1, Denies=0, Decision=Allowed
2026-05-10 14:11:23.694 -08:00 [INF] MediatR handling completed GetLogsQuery in 14 ms
2026-05-10 14:11:23.693 -08:00 [INF] Access policy evaluation for errorLogs:read. UserId=790c2c93-d8e6-4b61-8a11-e4190a1c0805, Roles=[Admin], ActiveRules=5, SubjectMatched=1, ResourceActionMatched=1, Allows=1, Denies=0, Decision=Allowed
2026-05-10 14:11:23.692 -08:00 [INF] Access policy query filter for users:read. UserId=790c2c93-d8e6-4b61-8a11-e4190a1c0805, Roles=[Admin], ActiveRules=5, SubjectMatched=1, ResourceActionMatched=1, Allows=1, Denies=0
2026-05-10 14:11:23.695 -08:00 [INF] MediatR handling completed ListAccessPoliciesQuery in 14 ms
2026-05-10 14:11:23.696 -08:00 [INF] HTTP GET /api/Logs completed with 200 in 20 ms (0HNLERVB1B13M:00000099)
2026-05-10 14:11:23.700 -08:00 [INF] MediatR handling completed GetErrorLogsQuery in 16 ms
2026-05-10 14:11:23.701 -08:00 [INF] HTTP GET /api/AccessPolicies completed with 200 in 25 ms (0HNLERVB1B13M:0000009D)
2026-05-10 14:11:23.705 -08:00 [INF] HTTP GET /api/error-logs completed with 200 in 29 ms (0HNLERVB1B13M:0000009B)
2026-05-10 14:11:23.712 -08:00 [INF] MediatR handling completed GetUsersDashboardQuery in 33 ms
2026-05-10 14:11:23.714 -08:00 [INF] HTTP GET /api/Users/dashboard completed with 200 in 38 ms (0HNLERVB1B13M:00000097)
2026-05-10 14:11:26.777 -08:00 [INF] Authorization header exists: true
2026-05-10 14:11:26.778 -08:00 [INF] Authorization header exists: true
2026-05-10 14:11:26.780 -08:00 [INF] JWT token validated. IsAuthenticated=true
2026-05-10 14:11:26.780 -08:00 [INF] Authorization header exists: true
2026-05-10 14:11:26.780 -08:00 [INF] Authorization header exists: true
2026-05-10 14:11:26.781 -08:00 [INF] JWT token validated. IsAuthenticated=true
2026-05-10 14:11:26.781 -08:00 [INF] MediatR handling started GetUsersDashboardQuery
2026-05-10 14:11:26.783 -08:00 [INF] JWT token validated. IsAuthenticated=true
2026-05-10 14:11:26.783 -08:00 [INF] MediatR handling started ListAccessPoliciesQuery
2026-05-10 14:11:26.783 -08:00 [INF] JWT token validated. IsAuthenticated=true
2026-05-10 14:11:26.784 -08:00 [INF] Access policy check started for users:read
2026-05-10 14:11:26.785 -08:00 [INF] MediatR handling started GetErrorLogsQuery
2026-05-10 14:11:26.785 -08:00 [INF] Access policy check started for accessPolicies:read
2026-05-10 14:11:26.785 -08:00 [INF] MediatR handling started GetLogsQuery
2026-05-10 14:11:26.787 -08:00 [INF] Access policy check started for errorLogs:read
2026-05-10 14:11:26.787 -08:00 [INF] Access policy evaluation for users:read. UserId=790c2c93-d8e6-4b61-8a11-e4190a1c0805, Roles=[Admin], ActiveRules=5, SubjectMatched=1, ResourceActionMatched=1, Allows=1, Denies=0, Decision=Allowed
2026-05-10 14:11:26.788 -08:00 [INF] Access policy check started for logs:read
2026-05-10 14:11:26.788 -08:00 [INF] Access policy evaluation for accessPolicies:read. UserId=790c2c93-d8e6-4b61-8a11-e4190a1c0805, Roles=[Admin], ActiveRules=5, SubjectMatched=1, ResourceActionMatched=1, Allows=1, Denies=0, Decision=Allowed
2026-05-10 14:11:26.790 -08:00 [INF] Access policy evaluation for errorLogs:read. UserId=790c2c93-d8e6-4b61-8a11-e4190a1c0805, Roles=[Admin], ActiveRules=5, SubjectMatched=1, ResourceActionMatched=1, Allows=1, Denies=0, Decision=Allowed
2026-05-10 14:11:26.792 -08:00 [INF] Access policy query filter started for users:read
2026-05-10 14:11:26.793 -08:00 [INF] Access policy evaluation for logs:read. UserId=790c2c93-d8e6-4b61-8a11-e4190a1c0805, Roles=[Admin], ActiveRules=5, SubjectMatched=1, ResourceActionMatched=1, Allows=1, Denies=0, Decision=Allowed
2026-05-10 14:11:26.795 -08:00 [INF] MediatR handling completed ListAccessPoliciesQuery in 12 ms
2026-05-10 14:11:26.800 -08:00 [INF] Access policy query filter for users:read. UserId=790c2c93-d8e6-4b61-8a11-e4190a1c0805, Roles=[Admin], ActiveRules=5, SubjectMatched=1, ResourceActionMatched=1, Allows=1, Denies=0
2026-05-10 14:11:26.803 -08:00 [INF] HTTP GET /api/AccessPolicies completed with 200 in 24 ms (0HNLERVB1B13M:000000A5)
2026-05-10 14:11:26.804 -08:00 [INF] MediatR handling completed GetErrorLogsQuery in 19 ms
2026-05-10 14:11:26.809 -08:00 [INF] HTTP GET /api/error-logs completed with 200 in 28 ms (0HNLERVB1B13M:000000A9)
2026-05-10 14:11:26.809 -08:00 [INF] MediatR handling completed GetLogsQuery in 23 ms
2026-05-10 14:11:26.814 -08:00 [INF] HTTP GET /api/Logs completed with 200 in 34 ms (0HNLERVB1B13M:000000A7)
2026-05-10 14:11:26.816 -08:00 [INF] MediatR handling completed GetUsersDashboardQuery in 34 ms
2026-05-10 14:11:26.818 -08:00 [INF] HTTP GET /api/Users/dashboard completed with 200 in 40 ms (0HNLERVB1B13M:0000009F)
2026-05-10 14:11:28.647 -08:00 [INF] Authorization header exists: true
2026-05-10 14:11:28.648 -08:00 [INF] Authorization header exists: true
2026-05-10 14:11:28.648 -08:00 [INF] Authorization header exists: true
2026-05-10 14:11:28.648 -08:00 [INF] Authorization header exists: true
2026-05-10 14:11:28.649 -08:00 [INF] JWT token validated. IsAuthenticated=true
2026-05-10 14:11:28.649 -08:00 [INF] JWT token validated. IsAuthenticated=true
2026-05-10 14:11:28.650 -08:00 [INF] JWT token validated. IsAuthenticated=true
2026-05-10 14:11:28.651 -08:00 [INF] MediatR handling started GetUsersDashboardQuery
2026-05-10 14:11:28.652 -08:00 [INF] JWT token validated. IsAuthenticated=true
2026-05-10 14:11:28.652 -08:00 [INF] MediatR handling started GetErrorLogsQuery
2026-05-10 14:11:28.653 -08:00 [INF] MediatR handling started GetLogsQuery
2026-05-10 14:11:28.653 -08:00 [INF] Access policy check started for users:read
2026-05-10 14:11:28.654 -08:00 [INF] MediatR handling started ListAccessPoliciesQuery
2026-05-10 14:11:28.654 -08:00 [INF] Access policy check started for errorLogs:read
2026-05-10 14:11:28.655 -08:00 [INF] Access policy check started for logs:read
2026-05-10 14:11:28.656 -08:00 [INF] Access policy check started for accessPolicies:read
2026-05-10 14:11:28.657 -08:00 [INF] Access policy evaluation for users:read. UserId=790c2c93-d8e6-4b61-8a11-e4190a1c0805, Roles=[Admin], ActiveRules=5, SubjectMatched=1, ResourceActionMatched=1, Allows=1, Denies=0, Decision=Allowed
2026-05-10 14:11:28.659 -08:00 [INF] Access policy evaluation for errorLogs:read. UserId=790c2c93-d8e6-4b61-8a11-e4190a1c0805, Roles=[Admin], ActiveRules=5, SubjectMatched=1, ResourceActionMatched=1, Allows=1, Denies=0, Decision=Allowed
2026-05-10 14:11:28.659 -08:00 [INF] Access policy evaluation for logs:read. UserId=790c2c93-d8e6-4b61-8a11-e4190a1c0805, Roles=[Admin], ActiveRules=5, SubjectMatched=1, ResourceActionMatched=1, Allows=1, Denies=0, Decision=Allowed
2026-05-10 14:11:28.660 -08:00 [INF] Access policy evaluation for accessPolicies:read. UserId=790c2c93-d8e6-4b61-8a11-e4190a1c0805, Roles=[Admin], ActiveRules=5, SubjectMatched=1, ResourceActionMatched=1, Allows=1, Denies=0, Decision=Allowed
2026-05-10 14:11:28.661 -08:00 [INF] Access policy query filter started for users:read
2026-05-10 14:11:28.666 -08:00 [INF] MediatR handling completed GetErrorLogsQuery in 13 ms
2026-05-10 14:11:28.669 -08:00 [INF] MediatR handling completed ListAccessPoliciesQuery in 15 ms
2026-05-10 14:11:28.670 -08:00 [INF] MediatR handling completed GetLogsQuery in 16 ms
2026-05-10 14:11:28.670 -08:00 [INF] Access policy query filter for users:read. UserId=790c2c93-d8e6-4b61-8a11-e4190a1c0805, Roles=[Admin], ActiveRules=5, SubjectMatched=1, ResourceActionMatched=1, Allows=1, Denies=0
2026-05-10 14:11:28.671 -08:00 [INF] HTTP GET /api/error-logs completed with 200 in 23 ms (0HNLERVB1B13M:000000AF)
2026-05-10 14:11:28.672 -08:00 [INF] HTTP GET /api/AccessPolicies completed with 200 in 23 ms (0HNLERVB1B13M:000000B1)
2026-05-10 14:11:28.674 -08:00 [INF] HTTP GET /api/Logs completed with 200 in 25 ms (0HNLERVB1B13M:000000AD)
2026-05-10 14:11:28.686 -08:00 [INF] MediatR handling completed GetUsersDashboardQuery in 34 ms
2026-05-10 14:11:28.687 -08:00 [INF] HTTP GET /api/Users/dashboard completed with 200 in 40 ms (0HNLERVB1B13M:000000AB)
2026-05-10 14:11:29.523 -08:00 [INF] Authorization header exists: true
2026-05-10 14:11:29.523 -08:00 [INF] Authorization header exists: true
2026-05-10 14:11:29.525 -08:00 [INF] JWT token validated. IsAuthenticated=true
2026-05-10 14:11:29.526 -08:00 [INF] Authorization header exists: true
2026-05-10 14:11:29.526 -08:00 [INF] JWT token validated. IsAuthenticated=true
2026-05-10 14:11:29.527 -08:00 [INF] Authorization header exists: true
2026-05-10 14:11:29.527 -08:00 [INF] MediatR handling started GetLogsQuery
2026-05-10 14:11:29.528 -08:00 [INF] MediatR handling started GetErrorLogsQuery
2026-05-10 14:11:29.529 -08:00 [INF] JWT token validated. IsAuthenticated=true
2026-05-10 14:11:29.530 -08:00 [INF] Access policy check started for logs:read
2026-05-10 14:11:29.530 -08:00 [INF] JWT token validated. IsAuthenticated=true
2026-05-10 14:11:29.530 -08:00 [INF] Access policy check started for errorLogs:read
2026-05-10 14:11:29.531 -08:00 [INF] MediatR handling started GetUsersDashboardQuery
2026-05-10 14:11:29.534 -08:00 [INF] MediatR handling started ListAccessPoliciesQuery
2026-05-10 14:11:29.534 -08:00 [INF] Access policy evaluation for logs:read. UserId=790c2c93-d8e6-4b61-8a11-e4190a1c0805, Roles=[Admin], ActiveRules=5, SubjectMatched=1, ResourceActionMatched=1, Allows=1, Denies=0, Decision=Allowed
2026-05-10 14:11:29.535 -08:00 [INF] Access policy check started for users:read
2026-05-10 14:11:29.535 -08:00 [INF] Access policy evaluation for errorLogs:read. UserId=790c2c93-d8e6-4b61-8a11-e4190a1c0805, Roles=[Admin], ActiveRules=5, SubjectMatched=1, ResourceActionMatched=1, Allows=1, Denies=0, Decision=Allowed
2026-05-10 14:11:29.536 -08:00 [INF] Access policy check started for accessPolicies:read
2026-05-10 14:11:29.540 -08:00 [INF] Access policy evaluation for users:read. UserId=790c2c93-d8e6-4b61-8a11-e4190a1c0805, Roles=[Admin], ActiveRules=5, SubjectMatched=1, ResourceActionMatched=1, Allows=1, Denies=0, Decision=Allowed
2026-05-10 14:11:29.541 -08:00 [INF] MediatR handling completed GetLogsQuery in 14 ms
2026-05-10 14:11:29.544 -08:00 [INF] Access policy evaluation for accessPolicies:read. UserId=790c2c93-d8e6-4b61-8a11-e4190a1c0805, Roles=[Admin], ActiveRules=5, SubjectMatched=1, ResourceActionMatched=1, Allows=1, Denies=0, Decision=Allowed
2026-05-10 14:11:29.544 -08:00 [INF] MediatR handling completed GetErrorLogsQuery in 15 ms
2026-05-10 14:11:29.546 -08:00 [INF] Access policy query filter started for users:read
2026-05-10 14:11:29.548 -08:00 [INF] HTTP GET /api/Logs completed with 200 in 25 ms (0HNLERVB1B13M:000000B5)
2026-05-10 14:11:29.552 -08:00 [INF] MediatR handling completed ListAccessPoliciesQuery in 18 ms
2026-05-10 14:11:29.553 -08:00 [INF] HTTP GET /api/error-logs completed with 200 in 29 ms (0HNLERVB1B13M:000000B9)
2026-05-10 14:11:29.554 -08:00 [INF] Access policy query filter for users:read. UserId=790c2c93-d8e6-4b61-8a11-e4190a1c0805, Roles=[Admin], ActiveRules=5, SubjectMatched=1, ResourceActionMatched=1, Allows=1, Denies=0
2026-05-10 14:11:29.557 -08:00 [INF] HTTP GET /api/AccessPolicies completed with 200 in 30 ms (0HNLERVB1B13M:000000BD)
2026-05-10 14:11:29.574 -08:00 [INF] MediatR handling completed GetUsersDashboardQuery in 42 ms
2026-05-10 14:11:29.575 -08:00 [INF] HTTP GET /api/Users/dashboard completed with 200 in 49 ms (0HNLERVB1B13M:000000BB)
2026-05-10 14:11:34.908 -08:00 [INF] Authorization header exists: true
2026-05-10 14:11:34.908 -08:00 [INF] Authorization header exists: true
2026-05-10 14:11:34.908 -08:00 [INF] Authorization header exists: true
2026-05-10 14:11:34.908 -08:00 [INF] Authorization header exists: true
2026-05-10 14:11:34.911 -08:00 [INF] JWT token validated. IsAuthenticated=true
2026-05-10 14:11:34.912 -08:00 [INF] JWT token validated. IsAuthenticated=true
2026-05-10 14:11:34.913 -08:00 [INF] JWT token validated. IsAuthenticated=true
2026-05-10 14:11:34.914 -08:00 [INF] JWT token validated. IsAuthenticated=true
2026-05-10 14:11:34.914 -08:00 [INF] MediatR handling started GetUsersDashboardQuery
2026-05-10 14:11:34.915 -08:00 [INF] MediatR handling started GetErrorLogsQuery
2026-05-10 14:11:34.916 -08:00 [INF] MediatR handling started GetLogsQuery
2026-05-10 14:11:34.917 -08:00 [INF] MediatR handling started ListAccessPoliciesQuery
2026-05-10 14:11:34.918 -08:00 [INF] Access policy check started for users:read
2026-05-10 14:11:34.920 -08:00 [INF] Access policy check started for errorLogs:read
2026-05-10 14:11:34.921 -08:00 [INF] Access policy check started for logs:read
2026-05-10 14:11:34.922 -08:00 [INF] Access policy check started for accessPolicies:read
2026-05-10 14:11:34.926 -08:00 [INF] Access policy evaluation for users:read. UserId=790c2c93-d8e6-4b61-8a11-e4190a1c0805, Roles=[Admin], ActiveRules=5, SubjectMatched=1, ResourceActionMatched=1, Allows=1, Denies=0, Decision=Allowed
2026-05-10 14:11:34.926 -08:00 [INF] Access policy evaluation for errorLogs:read. UserId=790c2c93-d8e6-4b61-8a11-e4190a1c0805, Roles=[Admin], ActiveRules=5, SubjectMatched=1, ResourceActionMatched=1, Allows=1, Denies=0, Decision=Allowed
2026-05-10 14:11:34.928 -08:00 [INF] Access policy evaluation for logs:read. UserId=790c2c93-d8e6-4b61-8a11-e4190a1c0805, Roles=[Admin], ActiveRules=5, SubjectMatched=1, ResourceActionMatched=1, Allows=1, Denies=0, Decision=Allowed
2026-05-10 14:11:34.930 -08:00 [INF] Access policy evaluation for accessPolicies:read. UserId=790c2c93-d8e6-4b61-8a11-e4190a1c0805, Roles=[Admin], ActiveRules=5, SubjectMatched=1, ResourceActionMatched=1, Allows=1, Denies=0, Decision=Allowed
2026-05-10 14:11:34.933 -08:00 [INF] Access policy query filter started for users:read
2026-05-10 14:11:34.940 -08:00 [INF] MediatR handling completed GetErrorLogsQuery in 24 ms
2026-05-10 14:11:34.946 -08:00 [INF] MediatR handling completed ListAccessPoliciesQuery in 28 ms
2026-05-10 14:11:34.947 -08:00 [INF] MediatR handling completed GetLogsQuery in 30 ms
2026-05-10 14:11:34.947 -08:00 [INF] Access policy query filter for users:read. UserId=790c2c93-d8e6-4b61-8a11-e4190a1c0805, Roles=[Admin], ActiveRules=5, SubjectMatched=1, ResourceActionMatched=1, Allows=1, Denies=0
2026-05-10 14:11:34.948 -08:00 [INF] HTTP GET /api/error-logs completed with 200 in 40 ms (0HNLERVB1B13M:000000CB)
2026-05-10 14:11:34.950 -08:00 [INF] HTTP GET /api/AccessPolicies completed with 200 in 42 ms (0HNLERVB1B13M:000000CD)
2026-05-10 14:11:34.953 -08:00 [INF] HTTP GET /api/Logs completed with 200 in 45 ms (0HNLERVB1B13M:000000C7)
2026-05-10 14:11:34.967 -08:00 [INF] MediatR handling completed GetUsersDashboardQuery in 52 ms
2026-05-10 14:11:34.969 -08:00 [INF] HTTP GET /api/Users/dashboard completed with 200 in 60 ms (0HNLERVB1B13M:000000C9)
2026-05-10 14:11:39.168 -08:00 [INF] Authorization header exists: true
2026-05-10 14:11:39.169 -08:00 [INF] Authorization header exists: true
2026-05-10 14:11:39.171 -08:00 [INF] JWT token validated. IsAuthenticated=true
2026-05-10 14:11:39.171 -08:00 [INF] JWT token validated. IsAuthenticated=true
2026-05-10 14:11:39.171 -08:00 [INF] Authorization header exists: true
2026-05-10 14:11:39.171 -08:00 [INF] Authorization header exists: true
2026-05-10 14:11:39.172 -08:00 [INF] MediatR handling started ListAccessPoliciesQuery
2026-05-10 14:11:39.172 -08:00 [INF] MediatR handling started GetUsersDashboardQuery
2026-05-10 14:11:39.173 -08:00 [INF] Access policy check started for accessPolicies:read
2026-05-10 14:11:39.173 -08:00 [INF] JWT token validated. IsAuthenticated=true
2026-05-10 14:11:39.174 -08:00 [INF] JWT token validated. IsAuthenticated=true
2026-05-10 14:11:39.174 -08:00 [INF] Access policy check started for users:read
2026-05-10 14:11:39.175 -08:00 [INF] Access policy evaluation for accessPolicies:read. UserId=790c2c93-d8e6-4b61-8a11-e4190a1c0805, Roles=[Admin], ActiveRules=5, SubjectMatched=1, ResourceActionMatched=1, Allows=1, Denies=0, Decision=Allowed
2026-05-10 14:11:39.175 -08:00 [INF] MediatR handling started GetErrorLogsQuery
2026-05-10 14:11:39.175 -08:00 [INF] MediatR handling started GetLogsQuery
2026-05-10 14:11:39.176 -08:00 [INF] Access policy evaluation for users:read. UserId=790c2c93-d8e6-4b61-8a11-e4190a1c0805, Roles=[Admin], ActiveRules=5, SubjectMatched=1, ResourceActionMatched=1, Allows=1, Denies=0, Decision=Allowed
2026-05-10 14:11:39.178 -08:00 [INF] Access policy check started for errorLogs:read
2026-05-10 14:11:39.179 -08:00 [INF] MediatR handling completed ListAccessPoliciesQuery in 6 ms
2026-05-10 14:11:39.179 -08:00 [INF] Access policy check started for logs:read
2026-05-10 14:11:39.181 -08:00 [INF] Access policy query filter started for users:read
2026-05-10 14:11:39.182 -08:00 [INF] Access policy evaluation for errorLogs:read. UserId=790c2c93-d8e6-4b61-8a11-e4190a1c0805, Roles=[Admin], ActiveRules=5, SubjectMatched=1, ResourceActionMatched=1, Allows=1, Denies=0, Decision=Allowed
2026-05-10 14:11:39.182 -08:00 [INF] HTTP GET /api/AccessPolicies completed with 200 in 13 ms (0HNLERVB1B13M:000000D5)
2026-05-10 14:11:39.183 -08:00 [INF] Access policy evaluation for logs:read. UserId=790c2c93-d8e6-4b61-8a11-e4190a1c0805, Roles=[Admin], ActiveRules=5, SubjectMatched=1, ResourceActionMatched=1, Allows=1, Denies=0, Decision=Allowed
2026-05-10 14:11:39.184 -08:00 [INF] Access policy query filter for users:read. UserId=790c2c93-d8e6-4b61-8a11-e4190a1c0805, Roles=[Admin], ActiveRules=5, SubjectMatched=1, ResourceActionMatched=1, Allows=1, Denies=0
2026-05-10 14:11:39.188 -08:00 [INF] MediatR handling completed GetErrorLogsQuery in 12 ms
2026-05-10 14:11:39.191 -08:00 [INF] HTTP GET /api/error-logs completed with 200 in 20 ms (0HNLERVB1B13M:000000D9)
2026-05-10 14:11:39.191 -08:00 [INF] MediatR handling completed GetLogsQuery in 15 ms
2026-05-10 14:11:39.195 -08:00 [INF] HTTP GET /api/Logs completed with 200 in 23 ms (0HNLERVB1B13M:000000D7)
2026-05-10 14:11:39.197 -08:00 [INF] MediatR handling completed GetUsersDashboardQuery in 24 ms
2026-05-10 14:11:39.198 -08:00 [INF] HTTP GET /api/Users/dashboard completed with 200 in 30 ms (0HNLERVB1B13M:000000CF)
2026-05-10 14:32:53.083 -08:00 [INF] HTTP CONNECT /hubs/sessions completed with 200 in 1315199 ms (0HNLERVB1B13N:0000000B)
2026-05-10 14:32:53.395 -08:00 [INF] Authorization header exists: true
2026-05-10 14:32:53.436 -08:00 [INF] JWT token validated. IsAuthenticated=true
2026-05-10 14:32:53.437 -08:00 [INF] HTTP POST /hubs/sessions/negotiate completed with 200 in 42 ms (0HNLERVB1B13P:00000001)
2026-05-10 14:32:53.443 -08:00 [INF] Authorization header exists: true
2026-05-10 14:32:53.446 -08:00 [INF] JWT token validated. IsAuthenticated=true
2026-05-10 14:32:53.447 -08:00 [INF] MediatR handling started GetUsersQuery
2026-05-10 14:32:53.448 -08:00 [INF] Access policy check started for users:read
2026-05-10 14:32:53.453 -08:00 [INF] Access policy evaluation for users:read. UserId=790c2c93-d8e6-4b61-8a11-e4190a1c0805, Roles=[Admin], ActiveRules=5, SubjectMatched=1, ResourceActionMatched=1, Allows=1, Denies=0, Decision=Allowed
2026-05-10 14:32:53.456 -08:00 [INF] Access policy query filter started for users:read
2026-05-10 14:32:53.458 -08:00 [INF] Access policy query filter for users:read. UserId=790c2c93-d8e6-4b61-8a11-e4190a1c0805, Roles=[Admin], ActiveRules=5, SubjectMatched=1, ResourceActionMatched=1, Allows=1, Denies=0
2026-05-10 14:32:53.472 -08:00 [INF] MediatR handling completed GetUsersQuery in 24 ms
2026-05-10 14:32:53.483 -08:00 [INF] HTTP GET /api/Users completed with 200 in 40 ms (0HNLERVB1B13O:00000005)
2026-05-10 14:32:53.941 -08:00 [INF] Authorization header exists: false
2026-05-10 14:32:53.944 -08:00 [INF] JWT token validated. IsAuthenticated=true
2026-05-10 14:35:09.351 -08:00 [INF] HTTP CONNECT /hubs/sessions completed with 200 in 135410 ms (0HNLERVB1B13P:00000003)
2026-05-10 14:35:43.982 -08:00 [INF] Authorization header exists: true
2026-05-10 14:35:43.987 -08:00 [INF] JWT token validated. IsAuthenticated=true
2026-05-10 14:35:43.989 -08:00 [INF] HTTP POST /hubs/sessions/negotiate completed with 200 in 7 ms (0HNLERVB1B13P:00000005)
2026-05-10 14:35:44.037 -08:00 [INF] Authorization header exists: true
2026-05-10 14:35:44.039 -08:00 [INF] JWT token validated. IsAuthenticated=true
2026-05-10 14:35:44.040 -08:00 [INF] MediatR handling started GetUsersQuery
2026-05-10 14:35:44.041 -08:00 [INF] Access policy check started for users:read
2026-05-10 14:35:44.048 -08:00 [INF] Access policy evaluation for users:read. UserId=790c2c93-d8e6-4b61-8a11-e4190a1c0805, Roles=[Admin], ActiveRules=5, SubjectMatched=1, ResourceActionMatched=1, Allows=1, Denies=0, Decision=Allowed
2026-05-10 14:35:44.051 -08:00 [INF] Access policy query filter started for users:read
2026-05-10 14:35:44.053 -08:00 [INF] Access policy query filter for users:read. UserId=790c2c93-d8e6-4b61-8a11-e4190a1c0805, Roles=[Admin], ActiveRules=5, SubjectMatched=1, ResourceActionMatched=1, Allows=1, Denies=0
2026-05-10 14:35:44.065 -08:00 [INF] MediatR handling completed GetUsersQuery in 24 ms
2026-05-10 14:35:44.066 -08:00 [INF] HTTP GET /api/Users completed with 200 in 29 ms (0HNLERVB1B13O:0000000B)
2026-05-10 14:35:44.481 -08:00 [INF] Authorization header exists: false
2026-05-10 14:35:44.483 -08:00 [INF] JWT token validated. IsAuthenticated=true
2026-05-10 14:35:46.110 -08:00 [INF] Authorization header exists: true
2026-05-10 14:35:46.110 -08:00 [INF] Authorization header exists: true
2026-05-10 14:35:46.110 -08:00 [INF] Authorization header exists: true
2026-05-10 14:35:46.111 -08:00 [INF] Authorization header exists: true
2026-05-10 14:35:46.116 -08:00 [INF] JWT token validated. IsAuthenticated=true
2026-05-10 14:35:46.116 -08:00 [INF] JWT token validated. IsAuthenticated=true
2026-05-10 14:35:46.116 -08:00 [INF] JWT token validated. IsAuthenticated=true
2026-05-10 14:35:46.117 -08:00 [INF] MediatR handling started GetUsersDashboardQuery
2026-05-10 14:35:46.117 -08:00 [INF] JWT token validated. IsAuthenticated=true
2026-05-10 14:35:46.118 -08:00 [INF] MediatR handling started GetErrorLogsQuery
2026-05-10 14:35:46.119 -08:00 [INF] MediatR handling started GetLogsQuery
2026-05-10 14:35:46.120 -08:00 [INF] Access policy check started for users:read
2026-05-10 14:35:46.120 -08:00 [INF] MediatR handling started ListAccessPoliciesQuery
2026-05-10 14:35:46.121 -08:00 [INF] Access policy check started for errorLogs:read
2026-05-10 14:35:46.121 -08:00 [INF] Access policy check started for logs:read
2026-05-10 14:35:46.122 -08:00 [INF] Access policy check started for accessPolicies:read
2026-05-10 14:35:46.123 -08:00 [INF] Access policy evaluation for users:read. UserId=790c2c93-d8e6-4b61-8a11-e4190a1c0805, Roles=[Admin], ActiveRules=5, SubjectMatched=1, ResourceActionMatched=1, Allows=1, Denies=0, Decision=Allowed
2026-05-10 14:35:46.124 -08:00 [INF] Access policy evaluation for errorLogs:read. UserId=790c2c93-d8e6-4b61-8a11-e4190a1c0805, Roles=[Admin], ActiveRules=5, SubjectMatched=1, ResourceActionMatched=1, Allows=1, Denies=0, Decision=Allowed
2026-05-10 14:35:46.124 -08:00 [INF] Access policy evaluation for logs:read. UserId=790c2c93-d8e6-4b61-8a11-e4190a1c0805, Roles=[Admin], ActiveRules=5, SubjectMatched=1, ResourceActionMatched=1, Allows=1, Denies=0, Decision=Allowed
2026-05-10 14:35:46.125 -08:00 [INF] Access policy evaluation for accessPolicies:read. UserId=790c2c93-d8e6-4b61-8a11-e4190a1c0805, Roles=[Admin], ActiveRules=5, SubjectMatched=1, ResourceActionMatched=1, Allows=1, Denies=0, Decision=Allowed
2026-05-10 14:35:46.127 -08:00 [INF] Access policy query filter started for users:read
2026-05-10 14:35:46.135 -08:00 [INF] MediatR handling completed GetErrorLogsQuery in 16 ms
2026-05-10 14:35:46.140 -08:00 [INF] HTTP GET /api/error-logs completed with 200 in 29 ms (0HNLERVB1B13O:00000019)
2026-05-10 14:35:46.143 -08:00 [INF] MediatR handling completed GetLogsQuery in 23 ms
2026-05-10 14:35:46.145 -08:00 [INF] HTTP GET /api/Logs completed with 200 in 35 ms (0HNLERVB1B13O:00000017)
2026-05-10 14:35:46.168 -08:00 [INF] MediatR handling completed ListAccessPoliciesQuery in 47 ms
2026-05-10 14:35:46.169 -08:00 [INF] HTTP GET /api/AccessPolicies completed with 200 in 58 ms (0HNLERVB1B13O:0000001B)
2026-05-10 14:35:46.172 -08:00 [INF] Access policy query filter for users:read. UserId=790c2c93-d8e6-4b61-8a11-e4190a1c0805, Roles=[Admin], ActiveRules=5, SubjectMatched=1, ResourceActionMatched=1, Allows=1, Denies=0
2026-05-10 14:35:46.188 -08:00 [INF] MediatR handling completed GetUsersDashboardQuery in 70 ms
2026-05-10 14:35:46.190 -08:00 [INF] HTTP GET /api/Users/dashboard completed with 200 in 79 ms (0HNLERVB1B13O:00000015)
2026-05-10 14:35:48.071 -08:00 [INF] Authorization header exists: true
2026-05-10 14:35:48.077 -08:00 [INF] JWT token validated. IsAuthenticated=true
2026-05-10 14:35:48.079 -08:00 [INF] MediatR handling started GetUsersQuery
2026-05-10 14:35:48.080 -08:00 [INF] Access policy check started for users:read
2026-05-10 14:35:48.081 -08:00 [INF] Access policy evaluation for users:read. UserId=790c2c93-d8e6-4b61-8a11-e4190a1c0805, Roles=[Admin], ActiveRules=5, SubjectMatched=1, ResourceActionMatched=1, Allows=1, Denies=0, Decision=Allowed
2026-05-10 14:35:48.083 -08:00 [INF] Access policy query filter started for users:read
2026-05-10 14:35:48.086 -08:00 [INF] Access policy query filter for users:read. UserId=790c2c93-d8e6-4b61-8a11-e4190a1c0805, Roles=[Admin], ActiveRules=5, SubjectMatched=1, ResourceActionMatched=1, Allows=1, Denies=0
2026-05-10 14:35:48.091 -08:00 [INF] MediatR handling completed GetUsersQuery in 11 ms
2026-05-10 14:35:48.092 -08:00 [INF] HTTP GET /api/Users completed with 200 in 20 ms (0HNLERVB1B13O:0000001D)
2026-05-10 14:36:11.249 -08:00 [INF] Authorization header exists: true
2026-05-10 14:36:11.250 -08:00 [INF] Authorization header exists: true
2026-05-10 14:36:11.250 -08:00 [INF] Authorization header exists: true
2026-05-10 14:36:11.250 -08:00 [INF] Authorization header exists: true
2026-05-10 14:36:11.255 -08:00 [INF] JWT token validated. IsAuthenticated=true
2026-05-10 14:36:11.255 -08:00 [INF] JWT token validated. IsAuthenticated=true
2026-05-10 14:36:11.267 -08:00 [INF] JWT token validated. IsAuthenticated=true
2026-05-10 14:36:11.267 -08:00 [INF] JWT token validated. IsAuthenticated=true
2026-05-10 14:36:11.267 -08:00 [INF] MediatR handling started GetUsersDashboardQuery
2026-05-10 14:36:11.268 -08:00 [INF] MediatR handling started GetErrorLogsQuery
2026-05-10 14:36:11.269 -08:00 [INF] MediatR handling started ListAccessPoliciesQuery
2026-05-10 14:36:11.269 -08:00 [INF] MediatR handling started GetLogsQuery
2026-05-10 14:36:11.270 -08:00 [INF] Access policy check started for users:read
2026-05-10 14:36:11.270 -08:00 [INF] Access policy check started for errorLogs:read
2026-05-10 14:36:11.271 -08:00 [INF] Access policy check started for accessPolicies:read
2026-05-10 14:36:11.271 -08:00 [INF] Access policy check started for logs:read
2026-05-10 14:36:11.273 -08:00 [INF] Access policy evaluation for users:read. UserId=790c2c93-d8e6-4b61-8a11-e4190a1c0805, Roles=[Admin], ActiveRules=5, SubjectMatched=1, ResourceActionMatched=1, Allows=1, Denies=0, Decision=Allowed
2026-05-10 14:36:11.273 -08:00 [INF] Access policy evaluation for errorLogs:read. UserId=790c2c93-d8e6-4b61-8a11-e4190a1c0805, Roles=[Admin], ActiveRules=5, SubjectMatched=1, ResourceActionMatched=1, Allows=1, Denies=0, Decision=Allowed
2026-05-10 14:36:11.274 -08:00 [INF] Access policy evaluation for accessPolicies:read. UserId=790c2c93-d8e6-4b61-8a11-e4190a1c0805, Roles=[Admin], ActiveRules=5, SubjectMatched=1, ResourceActionMatched=1, Allows=1, Denies=0, Decision=Allowed
2026-05-10 14:36:11.274 -08:00 [INF] Access policy evaluation for logs:read. UserId=790c2c93-d8e6-4b61-8a11-e4190a1c0805, Roles=[Admin], ActiveRules=5, SubjectMatched=1, ResourceActionMatched=1, Allows=1, Denies=0, Decision=Allowed
2026-05-10 14:36:11.275 -08:00 [INF] Access policy query filter started for users:read
2026-05-10 14:36:11.279 -08:00 [INF] MediatR handling completed ListAccessPoliciesQuery in 10 ms
2026-05-10 14:36:11.281 -08:00 [INF] Access policy query filter for users:read. UserId=790c2c93-d8e6-4b61-8a11-e4190a1c0805, Roles=[Admin], ActiveRules=5, SubjectMatched=1, ResourceActionMatched=1, Allows=1, Denies=0
2026-05-10 14:36:11.282 -08:00 [INF] HTTP GET /api/AccessPolicies completed with 200 in 32 ms (0HNLERVB1B13O:0000002B)
2026-05-10 14:36:11.285 -08:00 [INF] MediatR handling completed GetErrorLogsQuery in 16 ms
2026-05-10 14:36:11.288 -08:00 [INF] MediatR handling completed GetLogsQuery in 18 ms
2026-05-10 14:36:11.289 -08:00 [INF] HTTP GET /api/error-logs completed with 200 in 38 ms (0HNLERVB1B13O:0000002D)
2026-05-10 14:36:11.291 -08:00 [INF] HTTP GET /api/Logs completed with 200 in 40 ms (0HNLERVB1B13O:00000029)
2026-05-10 14:36:11.297 -08:00 [INF] MediatR handling completed GetUsersDashboardQuery in 30 ms
2026-05-10 14:36:11.299 -08:00 [INF] HTTP GET /api/Users/dashboard completed with 200 in 50 ms (0HNLERVB1B13O:00000027)
2026-05-10 14:36:15.404 -08:00 [INF] Authorization header exists: true
2026-05-10 14:36:15.406 -08:00 [INF] Authorization header exists: true
2026-05-10 14:36:15.407 -08:00 [INF] JWT token validated. IsAuthenticated=true
2026-05-10 14:36:15.408 -08:00 [INF] JWT token validated. IsAuthenticated=true
2026-05-10 14:36:15.408 -08:00 [INF] MediatR handling started GetUsersDashboardQuery
2026-05-10 14:36:15.408 -08:00 [INF] Authorization header exists: true
2026-05-10 14:36:15.408 -08:00 [INF] Authorization header exists: true
2026-05-10 14:36:15.409 -08:00 [INF] MediatR handling started ListAccessPoliciesQuery
2026-05-10 14:36:15.410 -08:00 [INF] Access policy check started for users:read
2026-05-10 14:36:15.412 -08:00 [INF] JWT token validated. IsAuthenticated=true
2026-05-10 14:36:15.412 -08:00 [INF] Access policy check started for accessPolicies:read
2026-05-10 14:36:15.412 -08:00 [INF] JWT token validated. IsAuthenticated=true
2026-05-10 14:36:15.414 -08:00 [INF] Access policy evaluation for users:read. UserId=790c2c93-d8e6-4b61-8a11-e4190a1c0805, Roles=[Admin], ActiveRules=5, SubjectMatched=1, ResourceActionMatched=1, Allows=1, Denies=0, Decision=Allowed
2026-05-10 14:36:15.414 -08:00 [INF] MediatR handling started GetLogsQuery
2026-05-10 14:36:15.416 -08:00 [INF] Access policy evaluation for accessPolicies:read. UserId=790c2c93-d8e6-4b61-8a11-e4190a1c0805, Roles=[Admin], ActiveRules=5, SubjectMatched=1, ResourceActionMatched=1, Allows=1, Denies=0, Decision=Allowed
2026-05-10 14:36:15.416 -08:00 [INF] MediatR handling started GetErrorLogsQuery
2026-05-10 14:36:15.420 -08:00 [INF] Access policy query filter started for users:read
2026-05-10 14:36:15.421 -08:00 [INF] Access policy check started for logs:read
2026-05-10 14:36:15.435 -08:00 [INF] Access policy check started for errorLogs:read
2026-05-10 14:36:15.436 -08:00 [INF] MediatR handling completed ListAccessPoliciesQuery in 27 ms
2026-05-10 14:36:15.439 -08:00 [INF] Access policy query filter for users:read. UserId=790c2c93-d8e6-4b61-8a11-e4190a1c0805, Roles=[Admin], ActiveRules=5, SubjectMatched=1, ResourceActionMatched=1, Allows=1, Denies=0
2026-05-10 14:36:15.439 -08:00 [INF] Access policy evaluation for logs:read. UserId=790c2c93-d8e6-4b61-8a11-e4190a1c0805, Roles=[Admin], ActiveRules=5, SubjectMatched=1, ResourceActionMatched=1, Allows=1, Denies=0, Decision=Allowed
2026-05-10 14:36:15.442 -08:00 [INF] HTTP GET /api/AccessPolicies completed with 200 in 36 ms (0HNLERVB1B13O:00000035)
2026-05-10 14:36:15.441 -08:00 [INF] Access policy evaluation for errorLogs:read. UserId=790c2c93-d8e6-4b61-8a11-e4190a1c0805, Roles=[Admin], ActiveRules=5, SubjectMatched=1, ResourceActionMatched=1, Allows=1, Denies=0, Decision=Allowed
2026-05-10 14:36:15.459 -08:00 [INF] MediatR handling completed GetLogsQuery in 44 ms
2026-05-10 14:36:15.463 -08:00 [INF] HTTP GET /api/Logs completed with 200 in 54 ms (0HNLERVB1B13O:00000039)
2026-05-10 14:36:15.467 -08:00 [INF] MediatR handling completed GetUsersDashboardQuery in 58 ms
2026-05-10 14:36:15.469 -08:00 [INF] MediatR handling completed GetErrorLogsQuery in 52 ms
2026-05-10 14:36:15.469 -08:00 [INF] HTTP GET /api/Users/dashboard completed with 200 in 64 ms (0HNLERVB1B13O:0000002F)
2026-05-10 14:36:15.471 -08:00 [INF] HTTP GET /api/error-logs completed with 200 in 62 ms (0HNLERVB1B13O:00000037)
2026-05-10 14:37:55.585 -08:00 [INF] HTTP CONNECT /hubs/sessions completed with 200 in 131104 ms (0HNLERVB1B13P:00000007)
2026-05-10 14:37:55.884 -08:00 [INF] Authorization header exists: true
2026-05-10 14:37:55.886 -08:00 [INF] JWT token validated. IsAuthenticated=true
2026-05-10 14:37:55.887 -08:00 [INF] HTTP POST /hubs/sessions/negotiate completed with 200 in 2 ms (0HNLERVB1B13P:00000009)
2026-05-10 14:37:55.930 -08:00 [INF] Authorization header exists: true
2026-05-10 14:37:55.932 -08:00 [INF] JWT token validated. IsAuthenticated=true
2026-05-10 14:37:55.934 -08:00 [INF] MediatR handling started GetUsersQuery
2026-05-10 14:37:55.934 -08:00 [INF] Access policy check started for users:read
2026-05-10 14:37:55.936 -08:00 [INF] Access policy evaluation for users:read. UserId=790c2c93-d8e6-4b61-8a11-e4190a1c0805, Roles=[Admin], ActiveRules=5, SubjectMatched=1, ResourceActionMatched=1, Allows=1, Denies=0, Decision=Allowed
2026-05-10 14:37:55.939 -08:00 [INF] Access policy query filter started for users:read
2026-05-10 14:37:55.941 -08:00 [INF] Access policy query filter for users:read. UserId=790c2c93-d8e6-4b61-8a11-e4190a1c0805, Roles=[Admin], ActiveRules=5, SubjectMatched=1, ResourceActionMatched=1, Allows=1, Denies=0
2026-05-10 14:37:55.945 -08:00 [INF] MediatR handling completed GetUsersQuery in 11 ms
2026-05-10 14:37:55.947 -08:00 [INF] HTTP GET /api/Users completed with 200 in 17 ms (0HNLERVB1B13O:0000003F)
2026-05-10 14:37:56.175 -08:00 [INF] Authorization header exists: false
2026-05-10 14:37:56.178 -08:00 [INF] JWT token validated. IsAuthenticated=true
2026-05-10 14:37:57.160 -08:00 [INF] HTTP CONNECT /hubs/sessions completed with 200 in 984 ms (0HNLERVB1B13P:0000000B)
2026-05-10 14:37:57.396 -08:00 [INF] Authorization header exists: true
2026-05-10 14:37:57.401 -08:00 [INF] JWT token validated. IsAuthenticated=true
2026-05-10 14:37:57.402 -08:00 [INF] HTTP POST /hubs/sessions/negotiate completed with 200 in 5 ms (0HNLERVB1B13P:0000000D)
2026-05-10 14:37:57.449 -08:00 [INF] Authorization header exists: true
2026-05-10 14:37:57.451 -08:00 [INF] JWT token validated. IsAuthenticated=true
2026-05-10 14:37:57.452 -08:00 [INF] MediatR handling started GetUsersQuery
2026-05-10 14:37:57.454 -08:00 [INF] Access policy check started for users:read
2026-05-10 14:37:57.457 -08:00 [INF] Access policy evaluation for users:read. UserId=790c2c93-d8e6-4b61-8a11-e4190a1c0805, Roles=[Admin], ActiveRules=5, SubjectMatched=1, ResourceActionMatched=1, Allows=1, Denies=0, Decision=Allowed
2026-05-10 14:37:57.462 -08:00 [INF] Access policy query filter started for users:read
2026-05-10 14:37:57.464 -08:00 [INF] Access policy query filter for users:read. UserId=790c2c93-d8e6-4b61-8a11-e4190a1c0805, Roles=[Admin], ActiveRules=5, SubjectMatched=1, ResourceActionMatched=1, Allows=1, Denies=0
2026-05-10 14:37:57.474 -08:00 [INF] MediatR handling completed GetUsersQuery in 21 ms
2026-05-10 14:37:57.475 -08:00 [INF] HTTP GET /api/Users completed with 200 in 26 ms (0HNLERVB1B13O:00000043)
2026-05-10 14:37:57.817 -08:00 [INF] Authorization header exists: false
2026-05-10 14:37:57.819 -08:00 [INF] JWT token validated. IsAuthenticated=true
2026-05-10 14:37:57.947 -08:00 [INF] Authorization header exists: true
2026-05-10 14:37:57.949 -08:00 [INF] Authorization header exists: true
2026-05-10 14:37:57.949 -08:00 [INF] Authorization header exists: true
2026-05-10 14:37:57.949 -08:00 [INF] Authorization header exists: true
2026-05-10 14:37:57.972 -08:00 [INF] JWT token validated. IsAuthenticated=true
2026-05-10 14:37:57.973 -08:00 [INF] JWT token validated. IsAuthenticated=true
2026-05-10 14:37:57.974 -08:00 [INF] JWT token validated. IsAuthenticated=true
2026-05-10 14:37:57.975 -08:00 [INF] JWT token validated. IsAuthenticated=true
2026-05-10 14:37:57.975 -08:00 [INF] MediatR handling started GetUsersDashboardQuery
2026-05-10 14:37:57.976 -08:00 [INF] MediatR handling started GetErrorLogsQuery
2026-05-10 14:37:57.977 -08:00 [INF] MediatR handling started ListAccessPoliciesQuery
2026-05-10 14:37:57.978 -08:00 [INF] MediatR handling started GetLogsQuery
2026-05-10 14:37:57.978 -08:00 [INF] Access policy check started for users:read
2026-05-10 14:37:57.979 -08:00 [INF] Access policy check started for errorLogs:read
2026-05-10 14:37:57.979 -08:00 [INF] Access policy check started for accessPolicies:read
2026-05-10 14:37:57.981 -08:00 [INF] Access policy check started for logs:read
2026-05-10 14:37:57.983 -08:00 [INF] Access policy evaluation for users:read. UserId=790c2c93-d8e6-4b61-8a11-e4190a1c0805, Roles=[Admin], ActiveRules=5, SubjectMatched=1, ResourceActionMatched=1, Allows=1, Denies=0, Decision=Allowed
2026-05-10 14:37:57.985 -08:00 [INF] Access policy evaluation for errorLogs:read. UserId=790c2c93-d8e6-4b61-8a11-e4190a1c0805, Roles=[Admin], ActiveRules=5, SubjectMatched=1, ResourceActionMatched=1, Allows=1, Denies=0, Decision=Allowed
2026-05-10 14:37:57.986 -08:00 [INF] Access policy evaluation for accessPolicies:read. UserId=790c2c93-d8e6-4b61-8a11-e4190a1c0805, Roles=[Admin], ActiveRules=5, SubjectMatched=1, ResourceActionMatched=1, Allows=1, Denies=0, Decision=Allowed
2026-05-10 14:37:57.988 -08:00 [INF] Access policy evaluation for logs:read. UserId=790c2c93-d8e6-4b61-8a11-e4190a1c0805, Roles=[Admin], ActiveRules=5, SubjectMatched=1, ResourceActionMatched=1, Allows=1, Denies=0, Decision=Allowed
2026-05-10 14:37:57.989 -08:00 [INF] Access policy query filter started for users:read
2026-05-10 14:37:57.995 -08:00 [INF] MediatR handling completed GetErrorLogsQuery in 19 ms
2026-05-10 14:37:57.997 -08:00 [INF] MediatR handling completed ListAccessPoliciesQuery in 20 ms
2026-05-10 14:37:58.000 -08:00 [INF] Access policy query filter for users:read. UserId=790c2c93-d8e6-4b61-8a11-e4190a1c0805, Roles=[Admin], ActiveRules=5, SubjectMatched=1, ResourceActionMatched=1, Allows=1, Denies=0
2026-05-10 14:37:58.001 -08:00 [INF] HTTP GET /api/error-logs completed with 200 in 51 ms (0HNLERVB1B13O:00000051)
2026-05-10 14:37:58.001 -08:00 [INF] HTTP GET /api/AccessPolicies completed with 200 in 52 ms (0HNLERVB1B13O:00000053)
2026-05-10 14:37:58.006 -08:00 [INF] MediatR handling completed GetLogsQuery in 27 ms
2026-05-10 14:37:58.010 -08:00 [INF] HTTP GET /api/Logs completed with 200 in 61 ms (0HNLERVB1B13O:0000004F)
2026-05-10 14:37:58.014 -08:00 [INF] MediatR handling completed GetUsersDashboardQuery in 38 ms
2026-05-10 14:37:58.015 -08:00 [INF] HTTP GET /api/Users/dashboard completed with 200 in 68 ms (0HNLERVB1B13O:0000004D)
2026-05-10 14:38:09.758 -08:00 [INF] Authorization header exists: true
2026-05-10 14:38:09.758 -08:00 [INF] Authorization header exists: true
2026-05-10 14:38:09.760 -08:00 [INF] JWT token validated. IsAuthenticated=true
2026-05-10 14:38:09.760 -08:00 [INF] JWT token validated. IsAuthenticated=true
2026-05-10 14:38:09.760 -08:00 [INF] MediatR handling started ListAccessPoliciesQuery
2026-05-10 14:38:09.761 -08:00 [INF] MediatR handling started GetAccessPolicyOptionsQuery
2026-05-10 14:38:09.761 -08:00 [INF] Access policy check started for accessPolicies:read
2026-05-10 14:38:09.763 -08:00 [INF] Access policy check started for accessPolicies:read
2026-05-10 14:38:09.764 -08:00 [INF] Access policy evaluation for accessPolicies:read. UserId=790c2c93-d8e6-4b61-8a11-e4190a1c0805, Roles=[Admin], ActiveRules=5, SubjectMatched=1, ResourceActionMatched=1, Allows=1, Denies=0, Decision=Allowed
2026-05-10 14:38:09.764 -08:00 [INF] Access policy evaluation for accessPolicies:read. UserId=790c2c93-d8e6-4b61-8a11-e4190a1c0805, Roles=[Admin], ActiveRules=5, SubjectMatched=1, ResourceActionMatched=1, Allows=1, Denies=0, Decision=Allowed
2026-05-10 14:38:09.768 -08:00 [INF] MediatR handling completed ListAccessPoliciesQuery in 7 ms
2026-05-10 14:38:09.769 -08:00 [INF] MediatR handling completed GetAccessPolicyOptionsQuery in 7 ms
2026-05-10 14:38:09.769 -08:00 [INF] HTTP GET /api/AccessPolicies completed with 200 in 11 ms (0HNLERVB1B13O:0000005B)
2026-05-10 14:38:09.771 -08:00 [INF] HTTP GET /api/AccessPolicies/options completed with 200 in 13 ms (0HNLERVB1B13O:00000059)
2026-05-10 14:38:11.527 -08:00 [INF] Authorization header exists: true
2026-05-10 14:38:11.530 -08:00 [INF] JWT token validated. IsAuthenticated=true
2026-05-10 14:38:11.531 -08:00 [INF] MediatR handling started GetUsersQuery
2026-05-10 14:38:11.532 -08:00 [INF] Access policy check started for users:read
2026-05-10 14:38:11.533 -08:00 [INF] Access policy evaluation for users:read. UserId=790c2c93-d8e6-4b61-8a11-e4190a1c0805, Roles=[Admin], ActiveRules=5, SubjectMatched=1, ResourceActionMatched=1, Allows=1, Denies=0, Decision=Allowed
2026-05-10 14:38:11.535 -08:00 [INF] Access policy query filter started for users:read
2026-05-10 14:38:11.536 -08:00 [INF] Access policy query filter for users:read. UserId=790c2c93-d8e6-4b61-8a11-e4190a1c0805, Roles=[Admin], ActiveRules=5, SubjectMatched=1, ResourceActionMatched=1, Allows=1, Denies=0
2026-05-10 14:38:11.540 -08:00 [INF] MediatR handling completed GetUsersQuery in 9 ms
2026-05-10 14:38:11.541 -08:00 [INF] HTTP GET /api/Users completed with 200 in 13 ms (0HNLERVB1B13O:0000005F)
2026-05-10 14:38:13.182 -08:00 [INF] Authorization header exists: true
2026-05-10 14:38:13.182 -08:00 [INF] Authorization header exists: true
2026-05-10 14:38:13.183 -08:00 [INF] JWT token validated. IsAuthenticated=true
2026-05-10 14:38:13.183 -08:00 [INF] JWT token validated. IsAuthenticated=true
2026-05-10 14:38:13.184 -08:00 [INF] MediatR handling started GetUserByIdQuery
2026-05-10 14:38:13.184 -08:00 [INF] MediatR handling started GetUserPermissionGraphQuery
2026-05-10 14:38:13.185 -08:00 [INF] Access policy check started for users:read
2026-05-10 14:38:13.185 -08:00 [INF] Access policy check started for users:read
2026-05-10 14:38:13.186 -08:00 [INF] Access policy evaluation for users:read. UserId=790c2c93-d8e6-4b61-8a11-e4190a1c0805, Roles=[Admin], ActiveRules=5, SubjectMatched=1, ResourceActionMatched=1, Allows=1, Denies=0, Decision=Allowed
2026-05-10 14:38:13.187 -08:00 [INF] Access policy evaluation for users:read. UserId=790c2c93-d8e6-4b61-8a11-e4190a1c0805, Roles=[Admin], ActiveRules=5, SubjectMatched=1, ResourceActionMatched=1, Allows=1, Denies=0, Decision=Allowed
2026-05-10 14:38:13.189 -08:00 [INF] Access policy query filter started for users:read
2026-05-10 14:38:13.191 -08:00 [INF] Access policy query filter started for users:read
2026-05-10 14:38:13.193 -08:00 [INF] Access policy query filter for users:read. UserId=790c2c93-d8e6-4b61-8a11-e4190a1c0805, Roles=[Admin], ActiveRules=5, SubjectMatched=1, ResourceActionMatched=1, Allows=1, Denies=0
2026-05-10 14:38:13.193 -08:00 [INF] Access policy query filter for users:read. UserId=790c2c93-d8e6-4b61-8a11-e4190a1c0805, Roles=[Admin], ActiveRules=5, SubjectMatched=1, ResourceActionMatched=1, Allows=1, Denies=0
2026-05-10 14:38:13.198 -08:00 [INF] MediatR handling completed GetUserPermissionGraphQuery in 13 ms
2026-05-10 14:38:13.199 -08:00 [INF] MediatR handling completed GetUserByIdQuery in 14 ms
2026-05-10 14:38:13.199 -08:00 [INF] HTTP GET /api/Users/d1ed8be4-9703-45f0-935f-3c39601b55e1/permission-graph completed with 200 in 17 ms (0HNLERVB1B13O:00000065)
2026-05-10 14:38:13.200 -08:00 [INF] HTTP GET /api/Users/d1ed8be4-9703-45f0-935f-3c39601b55e1 completed with 200 in 18 ms (0HNLERVB1B13O:00000067)
2026-05-10 14:38:17.095 -08:00 [INF] Authorization header exists: true
2026-05-10 14:38:17.097 -08:00 [INF] JWT token validated. IsAuthenticated=true
2026-05-10 14:38:17.098 -08:00 [INF] MediatR handling started GetRolesQuery
2026-05-10 14:38:17.100 -08:00 [INF] Access policy check started for roles:read
2026-05-10 14:38:17.101 -08:00 [INF] Access policy evaluation for roles:read. UserId=790c2c93-d8e6-4b61-8a11-e4190a1c0805, Roles=[Admin], ActiveRules=5, SubjectMatched=1, ResourceActionMatched=1, Allows=1, Denies=0, Decision=Allowed
2026-05-10 14:38:17.104 -08:00 [INF] MediatR handling completed GetRolesQuery in 5 ms
2026-05-10 14:38:17.105 -08:00 [INF] HTTP GET /api/Roles completed with 200 in 9 ms (0HNLERVB1B13O:0000006B)
2026-05-10 14:38:20.532 -08:00 [INF] Authorization header exists: true
2026-05-10 14:38:20.533 -08:00 [INF] Authorization header exists: true
2026-05-10 14:38:20.534 -08:00 [INF] JWT token validated. IsAuthenticated=true
2026-05-10 14:38:20.534 -08:00 [INF] JWT token validated. IsAuthenticated=true
2026-05-10 14:38:20.535 -08:00 [INF] MediatR handling started GetAccessPolicyOptionsQuery
2026-05-10 14:38:20.535 -08:00 [INF] MediatR handling started ListAccessPoliciesQuery
2026-05-10 14:38:20.536 -08:00 [INF] Access policy check started for accessPolicies:read
2026-05-10 14:38:20.536 -08:00 [INF] Access policy check started for accessPolicies:read
2026-05-10 14:38:20.538 -08:00 [INF] Access policy evaluation for accessPolicies:read. UserId=790c2c93-d8e6-4b61-8a11-e4190a1c0805, Roles=[Admin], ActiveRules=5, SubjectMatched=1, ResourceActionMatched=1, Allows=1, Denies=0, Decision=Allowed
2026-05-10 14:38:20.538 -08:00 [INF] Access policy evaluation for accessPolicies:read. UserId=790c2c93-d8e6-4b61-8a11-e4190a1c0805, Roles=[Admin], ActiveRules=5, SubjectMatched=1, ResourceActionMatched=1, Allows=1, Denies=0, Decision=Allowed
2026-05-10 14:38:20.540 -08:00 [INF] MediatR handling completed GetAccessPolicyOptionsQuery in 5 ms
2026-05-10 14:38:20.542 -08:00 [INF] MediatR handling completed ListAccessPoliciesQuery in 7 ms
2026-05-10 14:38:20.542 -08:00 [INF] HTTP GET /api/AccessPolicies/options completed with 200 in 10 ms (0HNLERVB1B13O:00000071)
2026-05-10 14:38:20.543 -08:00 [INF] HTTP GET /api/AccessPolicies completed with 200 in 10 ms (0HNLERVB1B13O:00000073)
2026-05-10 14:38:46.550 -08:00 [INF] Authorization header exists: true
2026-05-10 14:38:46.553 -08:00 [INF] JWT token validated. IsAuthenticated=true
2026-05-10 14:38:46.588 -08:00 [INF] MediatR handling started CreateAccessPolicyCommand
2026-05-10 14:38:46.596 -08:00 [INF] Access policy check started for accessPolicies:create
2026-05-10 14:38:46.600 -08:00 [INF] Access policy evaluation for accessPolicies:create. UserId=790c2c93-d8e6-4b61-8a11-e4190a1c0805, Roles=[Admin], ActiveRules=5, SubjectMatched=1, ResourceActionMatched=1, Allows=1, Denies=0, Decision=Allowed
2026-05-10 14:38:46.682 -08:00 [INF] MediatR handling completed CreateAccessPolicyCommand in 93 ms
2026-05-10 14:38:46.683 -08:00 [INF] HTTP POST /api/AccessPolicies completed with 200 in 133 ms (0HNLERVB1B13O:00000077)
2026-05-10 14:38:46.692 -08:00 [INF] Authorization header exists: true
2026-05-10 14:38:46.695 -08:00 [INF] JWT token validated. IsAuthenticated=true
2026-05-10 14:38:46.697 -08:00 [INF] MediatR handling started ListAccessPoliciesQuery
2026-05-10 14:38:46.698 -08:00 [INF] Access policy check started for accessPolicies:read
2026-05-10 14:38:46.701 -08:00 [INF] Access policy evaluation for accessPolicies:read. UserId=790c2c93-d8e6-4b61-8a11-e4190a1c0805, Roles=[Admin], ActiveRules=6, SubjectMatched=1, ResourceActionMatched=1, Allows=1, Denies=0, Decision=Allowed
2026-05-10 14:38:46.707 -08:00 [INF] MediatR handling completed ListAccessPoliciesQuery in 10 ms
2026-05-10 14:38:46.709 -08:00 [INF] HTTP GET /api/AccessPolicies completed with 200 in 16 ms (0HNLERVB1B13O:00000079)
2026-05-10 14:38:48.812 -08:00 [INF] Authorization header exists: true
2026-05-10 14:38:48.814 -08:00 [INF] JWT token validated. IsAuthenticated=true
2026-05-10 14:38:48.815 -08:00 [INF] MediatR handling started GetUsersQuery
2026-05-10 14:38:48.816 -08:00 [INF] Access policy check started for users:read
2026-05-10 14:38:48.819 -08:00 [INF] Access policy evaluation for users:read. UserId=790c2c93-d8e6-4b61-8a11-e4190a1c0805, Roles=[Admin], ActiveRules=6, SubjectMatched=1, ResourceActionMatched=1, Allows=1, Denies=0, Decision=Allowed
2026-05-10 14:38:48.821 -08:00 [INF] Access policy query filter started for users:read
2026-05-10 14:38:48.823 -08:00 [INF] Access policy query filter for users:read. UserId=790c2c93-d8e6-4b61-8a11-e4190a1c0805, Roles=[Admin], ActiveRules=6, SubjectMatched=1, ResourceActionMatched=1, Allows=1, Denies=0
2026-05-10 14:38:48.826 -08:00 [INF] MediatR handling completed GetUsersQuery in 11 ms
2026-05-10 14:38:48.827 -08:00 [INF] HTTP GET /api/Users completed with 200 in 15 ms (0HNLERVB1B13O:0000007D)
2026-05-10 14:38:50.297 -08:00 [INF] Authorization header exists: true
2026-05-10 14:38:50.297 -08:00 [INF] Authorization header exists: true
2026-05-10 14:38:50.298 -08:00 [INF] JWT token validated. IsAuthenticated=true
2026-05-10 14:38:50.298 -08:00 [INF] JWT token validated. IsAuthenticated=true
2026-05-10 14:38:50.301 -08:00 [INF] MediatR handling started GetUserByIdQuery
2026-05-10 14:38:50.301 -08:00 [INF] MediatR handling started GetUserPermissionGraphQuery
2026-05-10 14:38:50.303 -08:00 [INF] Access policy check started for users:read
2026-05-10 14:38:50.305 -08:00 [INF] Access policy evaluation for users:read. UserId=790c2c93-d8e6-4b61-8a11-e4190a1c0805, Roles=[Admin], ActiveRules=6, SubjectMatched=1, ResourceActionMatched=1, Allows=1, Denies=0, Decision=Allowed
2026-05-10 14:38:50.307 -08:00 [INF] Access policy check started for users:read
2026-05-10 14:38:50.307 -08:00 [INF] Access policy query filter started for users:read
2026-05-10 14:38:50.309 -08:00 [INF] Access policy evaluation for users:read. UserId=790c2c93-d8e6-4b61-8a11-e4190a1c0805, Roles=[Admin], ActiveRules=6, SubjectMatched=1, ResourceActionMatched=1, Allows=1, Denies=0, Decision=Allowed
2026-05-10 14:38:50.310 -08:00 [INF] Access policy query filter for users:read. UserId=790c2c93-d8e6-4b61-8a11-e4190a1c0805, Roles=[Admin], ActiveRules=6, SubjectMatched=1, ResourceActionMatched=1, Allows=1, Denies=0
2026-05-10 14:38:50.311 -08:00 [INF] Access policy query filter started for users:read
2026-05-10 14:38:50.314 -08:00 [INF] Access policy query filter for users:read. UserId=790c2c93-d8e6-4b61-8a11-e4190a1c0805, Roles=[Admin], ActiveRules=6, SubjectMatched=1, ResourceActionMatched=1, Allows=1, Denies=0
2026-05-10 14:38:50.315 -08:00 [INF] MediatR handling completed GetUserPermissionGraphQuery in 13 ms
2026-05-10 14:38:50.317 -08:00 [INF] HTTP GET /api/Users/d1ed8be4-9703-45f0-935f-3c39601b55e1/permission-graph completed with 200 in 20 ms (0HNLERVB1B13O:00000085)
2026-05-10 14:38:50.319 -08:00 [INF] MediatR handling completed GetUserByIdQuery in 18 ms
2026-05-10 14:38:50.320 -08:00 [INF] HTTP GET /api/Users/d1ed8be4-9703-45f0-935f-3c39601b55e1 completed with 200 in 23 ms (0HNLERVB1B13O:00000083)
2026-05-10 14:39:04.654 -08:00 [INF] HTTP CONNECT /hubs/sessions completed with 200 in 66837 ms (0HNLERVB1B13P:0000000F)
2026-05-10 14:39:04.911 -08:00 [INF] Authorization header exists: true
2026-05-10 14:39:04.913 -08:00 [INF] JWT token validated. IsAuthenticated=true
2026-05-10 14:39:04.914 -08:00 [INF] HTTP POST /hubs/sessions/negotiate completed with 200 in 3 ms (0HNLERVB1B13P:00000011)
2026-05-10 14:39:04.960 -08:00 [INF] Authorization header exists: true
2026-05-10 14:39:04.962 -08:00 [INF] JWT token validated. IsAuthenticated=true
2026-05-10 14:39:04.964 -08:00 [INF] MediatR handling started GetUsersQuery
2026-05-10 14:39:04.967 -08:00 [INF] Access policy check started for users:read
2026-05-10 14:39:04.971 -08:00 [INF] Access policy evaluation for users:read. UserId=790c2c93-d8e6-4b61-8a11-e4190a1c0805, Roles=[Admin], ActiveRules=6, SubjectMatched=1, ResourceActionMatched=1, Allows=1, Denies=0, Decision=Allowed
2026-05-10 14:39:04.976 -08:00 [INF] Access policy query filter started for users:read
2026-05-10 14:39:04.980 -08:00 [INF] Access policy query filter for users:read. UserId=790c2c93-d8e6-4b61-8a11-e4190a1c0805, Roles=[Admin], ActiveRules=6, SubjectMatched=1, ResourceActionMatched=1, Allows=1, Denies=0
2026-05-10 14:39:04.989 -08:00 [INF] MediatR handling completed GetUsersQuery in 24 ms
2026-05-10 14:39:04.991 -08:00 [INF] HTTP GET /api/Users completed with 200 in 31 ms (0HNLERVB1B13O:0000008B)
2026-05-10 14:39:05.315 -08:00 [INF] Authorization header exists: false
2026-05-10 14:39:05.317 -08:00 [INF] JWT token validated. IsAuthenticated=true
2026-05-10 14:41:12.472 -08:00 [INF] HTTP CONNECT /hubs/sessions completed with 200 in 127156 ms (0HNLERVB1B13P:00000013)
2026-05-10 14:41:13.551 -08:00 [INF] Authorization header exists: true
2026-05-10 14:41:13.555 -08:00 [INF] JWT token validated. IsAuthenticated=true
2026-05-10 14:41:13.556 -08:00 [INF] HTTP POST /hubs/sessions/negotiate completed with 200 in 5 ms (0HNLERVB1B13P:00000015)
2026-05-10 14:41:13.670 -08:00 [INF] Authorization header exists: true
2026-05-10 14:41:13.674 -08:00 [INF] JWT token validated. IsAuthenticated=true
2026-05-10 14:41:13.675 -08:00 [INF] MediatR handling started GetUsersQuery
2026-05-10 14:41:13.676 -08:00 [INF] Access policy check started for users:read
2026-05-10 14:41:13.680 -08:00 [INF] Access policy evaluation for users:read. UserId=790c2c93-d8e6-4b61-8a11-e4190a1c0805, Roles=[Admin], ActiveRules=6, SubjectMatched=1, ResourceActionMatched=1, Allows=1, Denies=0, Decision=Allowed
2026-05-10 14:41:13.684 -08:00 [INF] Access policy query filter started for users:read
2026-05-10 14:41:13.687 -08:00 [INF] Access policy query filter for users:read. UserId=790c2c93-d8e6-4b61-8a11-e4190a1c0805, Roles=[Admin], ActiveRules=6, SubjectMatched=1, ResourceActionMatched=1, Allows=1, Denies=0
2026-05-10 14:41:13.699 -08:00 [INF] MediatR handling completed GetUsersQuery in 24 ms
2026-05-10 14:41:13.701 -08:00 [INF] HTTP GET /api/Users completed with 200 in 30 ms (0HNLERVB1B13O:00000091)
2026-05-10 14:41:14.606 -08:00 [INF] Authorization header exists: false
2026-05-10 14:41:14.608 -08:00 [INF] JWT token validated. IsAuthenticated=true
2026-05-10 14:41:18.721 -08:00 [WRN] Sensitive data logging is enabled. Log entries and exception messages may include sensitive application data; this mode should only be enabled during development.
2026-05-10 14:41:19.651 -08:00 [INF] Admin wildcard access policy already exists
2026-05-10 14:41:19.904 -08:00 [INF] Now listening on: https://localhost:7259
2026-05-10 14:41:19.907 -08:00 [INF] Now listening on: http://localhost:5244
2026-05-10 14:41:19.969 -08:00 [INF] Application started. Press Ctrl+C to shut down.
2026-05-10 14:41:19.970 -08:00 [INF] Hosting environment: Development
2026-05-10 14:41:19.971 -08:00 [INF] Content root path: C:\PrivateProject\algo.bytes\src\algo.API
2026-05-10 14:41:20.203 -08:00 [INF] Authorization header exists: true
2026-05-10 14:41:20.489 -08:00 [INF] JWT token validated. IsAuthenticated=true
2026-05-10 14:41:20.513 -08:00 [INF] HTTP POST /hubs/sessions/negotiate completed with 200 in 400 ms (0HNLESL0KMR43:00000001)
2026-05-10 14:41:20.529 -08:00 [INF] Authorization header exists: false
2026-05-10 14:41:20.553 -08:00 [INF] JWT token validated. IsAuthenticated=true
2026-05-10 14:41:53.595 -08:00 [INF] Authorization header exists: true
2026-05-10 14:41:53.595 -08:00 [INF] Authorization header exists: true
2026-05-10 14:41:53.601 -08:00 [INF] JWT token validated. IsAuthenticated=true
2026-05-10 14:41:53.659 -08:00 [INF] JWT token validated. IsAuthenticated=true
2026-05-10 14:41:53.725 -08:00 [INF] MediatR handling started GetUserByIdQuery
2026-05-10 14:41:53.725 -08:00 [INF] MediatR handling started GetUserPermissionGraphQuery
2026-05-10 14:41:53.747 -08:00 [INF] Access policy check started for users:read
2026-05-10 14:41:53.751 -08:00 [INF] Access policy check started for users:read
2026-05-10 14:41:53.790 -08:00 [INF] Access policy evaluation for users:read. UserId=790c2c93-d8e6-4b61-8a11-e4190a1c0805, Roles=[Admin], ActiveRules=6, SubjectMatched=1, ResourceActionMatched=1, Allows=1, Denies=0, Decision=Allowed
2026-05-10 14:41:53.790 -08:00 [INF] Access policy evaluation for users:read. UserId=790c2c93-d8e6-4b61-8a11-e4190a1c0805, Roles=[Admin], ActiveRules=6, SubjectMatched=1, ResourceActionMatched=1, Allows=1, Denies=0, Decision=Allowed
2026-05-10 14:41:53.803 -08:00 [INF] Access policy query filter started for users:read
2026-05-10 14:41:53.803 -08:00 [INF] Access policy query filter started for users:read
2026-05-10 14:41:53.809 -08:00 [INF] Access policy query filter for users:read. UserId=790c2c93-d8e6-4b61-8a11-e4190a1c0805, Roles=[Admin], ActiveRules=6, SubjectMatched=1, ResourceActionMatched=1, Allows=1, Denies=0
2026-05-10 14:41:53.809 -08:00 [INF] Access policy query filter for users:read. UserId=790c2c93-d8e6-4b61-8a11-e4190a1c0805, Roles=[Admin], ActiveRules=6, SubjectMatched=1, ResourceActionMatched=1, Allows=1, Denies=0
2026-05-10 14:41:53.976 -08:00 [INF] MediatR handling completed GetUserByIdQuery in 251 ms
2026-05-10 14:41:53.995 -08:00 [INF] HTTP GET /api/Users/d1ed8be4-9703-45f0-935f-3c39601b55e1 completed with 200 in 402 ms (0HNLESL0KMR42:00000009)
2026-05-10 14:41:54.005 -08:00 [INF] MediatR handling completed GetUserPermissionGraphQuery in 280 ms
2026-05-10 14:41:54.012 -08:00 [INF] HTTP GET /api/Users/d1ed8be4-9703-45f0-935f-3c39601b55e1/permission-graph completed with 200 in 419 ms (0HNLESL0KMR42:00000007)
2026-05-10 14:43:13.233 -08:00 [INF] HTTP CONNECT /hubs/sessions completed with 200 in 112704 ms (0HNLESL0KMR43:00000003)
2026-05-10 14:43:13.579 -08:00 [INF] Authorization header exists: true
2026-05-10 14:43:13.584 -08:00 [INF] JWT token validated. IsAuthenticated=true
2026-05-10 14:43:13.587 -08:00 [INF] HTTP POST /hubs/sessions/negotiate completed with 200 in 7 ms (0HNLESL0KMR43:00000005)
2026-05-10 14:43:13.680 -08:00 [INF] Authorization header exists: true
2026-05-10 14:43:13.684 -08:00 [INF] JWT token validated. IsAuthenticated=true
2026-05-10 14:43:13.769 -08:00 [INF] MediatR handling started GetUsersQuery
2026-05-10 14:43:13.797 -08:00 [INF] Access policy check started for users:read
2026-05-10 14:43:13.803 -08:00 [INF] Access policy evaluation for users:read. UserId=790c2c93-d8e6-4b61-8a11-e4190a1c0805, Roles=[Admin], ActiveRules=6, SubjectMatched=1, ResourceActionMatched=1, Allows=1, Denies=0, Decision=Allowed
2026-05-10 14:43:13.816 -08:00 [INF] Access policy query filter started for users:read
2026-05-10 14:43:13.821 -08:00 [INF] Access policy query filter for users:read. UserId=790c2c93-d8e6-4b61-8a11-e4190a1c0805, Roles=[Admin], ActiveRules=6, SubjectMatched=1, ResourceActionMatched=1, Allows=1, Denies=0
2026-05-10 14:43:13.978 -08:00 [INF] MediatR handling completed GetUsersQuery in 208 ms
2026-05-10 14:43:13.993 -08:00 [INF] HTTP GET /api/Users completed with 200 in 312 ms (0HNLESL0KMR42:0000000F)
2026-05-10 14:43:14.427 -08:00 [INF] Authorization header exists: false
2026-05-10 14:43:14.430 -08:00 [INF] JWT token validated. IsAuthenticated=true
2026-05-10 14:43:21.932 -08:00 [INF] HTTP CONNECT /hubs/sessions completed with 200 in 7505 ms (0HNLESL0KMR43:00000007)
2026-05-10 14:43:22.029 -08:00 [INF] Authorization header exists: true
2026-05-10 14:43:22.031 -08:00 [INF] JWT token validated. IsAuthenticated=true
2026-05-10 14:43:22.033 -08:00 [INF] HTTP POST /hubs/sessions/negotiate completed with 200 in 4 ms (0HNLESL0KMR43:00000009)
2026-05-10 14:43:22.073 -08:00 [INF] Authorization header exists: true
2026-05-10 14:43:22.077 -08:00 [INF] JWT token validated. IsAuthenticated=true
2026-05-10 14:43:22.081 -08:00 [INF] MediatR handling started GetUsersQuery
2026-05-10 14:43:22.082 -08:00 [INF] Access policy check started for users:read
2026-05-10 14:43:22.085 -08:00 [INF] Access policy evaluation for users:read. UserId=790c2c93-d8e6-4b61-8a11-e4190a1c0805, Roles=[Admin], ActiveRules=6, SubjectMatched=1, ResourceActionMatched=1, Allows=1, Denies=0, Decision=Allowed
2026-05-10 14:43:22.088 -08:00 [INF] Access policy query filter started for users:read
2026-05-10 14:43:22.091 -08:00 [INF] Access policy query filter for users:read. UserId=790c2c93-d8e6-4b61-8a11-e4190a1c0805, Roles=[Admin], ActiveRules=6, SubjectMatched=1, ResourceActionMatched=1, Allows=1, Denies=0
2026-05-10 14:43:22.100 -08:00 [INF] MediatR handling completed GetUsersQuery in 19 ms
2026-05-10 14:43:22.101 -08:00 [INF] HTTP GET /api/Users completed with 200 in 28 ms (0HNLESL0KMR42:00000015)
2026-05-10 14:43:22.555 -08:00 [INF] Authorization header exists: false
2026-05-10 14:43:22.559 -08:00 [INF] JWT token validated. IsAuthenticated=true
2026-05-10 14:43:25.886 -08:00 [INF] Authorization header exists: true
2026-05-10 14:43:25.886 -08:00 [INF] Authorization header exists: true
2026-05-10 14:43:25.893 -08:00 [INF] JWT token validated. IsAuthenticated=true
2026-05-10 14:43:25.895 -08:00 [INF] JWT token validated. IsAuthenticated=true
2026-05-10 14:43:25.901 -08:00 [INF] MediatR handling started GetUserByIdQuery
2026-05-10 14:43:25.903 -08:00 [INF] MediatR handling started GetUserPermissionGraphQuery
2026-05-10 14:43:25.906 -08:00 [INF] Access policy check started for users:read
2026-05-10 14:43:25.908 -08:00 [INF] Access policy check started for users:read
2026-05-10 14:43:25.911 -08:00 [INF] Access policy evaluation for users:read. UserId=790c2c93-d8e6-4b61-8a11-e4190a1c0805, Roles=[Admin], ActiveRules=6, SubjectMatched=1, ResourceActionMatched=1, Allows=1, Denies=0, Decision=Allowed
2026-05-10 14:43:25.912 -08:00 [INF] Access policy evaluation for users:read. UserId=790c2c93-d8e6-4b61-8a11-e4190a1c0805, Roles=[Admin], ActiveRules=6, SubjectMatched=1, ResourceActionMatched=1, Allows=1, Denies=0, Decision=Allowed
2026-05-10 14:43:25.922 -08:00 [INF] Access policy query filter started for users:read
2026-05-10 14:43:25.931 -08:00 [INF] Access policy query filter started for users:read
2026-05-10 14:43:25.934 -08:00 [INF] Access policy query filter for users:read. UserId=790c2c93-d8e6-4b61-8a11-e4190a1c0805, Roles=[Admin], ActiveRules=6, SubjectMatched=1, ResourceActionMatched=1, Allows=1, Denies=0
2026-05-10 14:43:25.936 -08:00 [INF] Access policy query filter for users:read. UserId=790c2c93-d8e6-4b61-8a11-e4190a1c0805, Roles=[Admin], ActiveRules=6, SubjectMatched=1, ResourceActionMatched=1, Allows=1, Denies=0
2026-05-10 14:43:25.952 -08:00 [INF] MediatR handling completed GetUserPermissionGraphQuery in 48 ms
2026-05-10 14:43:25.957 -08:00 [INF] HTTP GET /api/Users/d1ed8be4-9703-45f0-935f-3c39601b55e1/permission-graph completed with 200 in 71 ms (0HNLESL0KMR42:0000001D)
2026-05-10 14:43:25.963 -08:00 [INF] MediatR handling completed GetUserByIdQuery in 62 ms
2026-05-10 14:43:25.977 -08:00 [INF] HTTP GET /api/Users/d1ed8be4-9703-45f0-935f-3c39601b55e1 completed with 200 in 91 ms (0HNLESL0KMR42:0000001B)
2026-05-10 14:43:36.463 -08:00 [INF] Authorization header exists: true
2026-05-10 14:43:36.463 -08:00 [INF] Authorization header exists: true
2026-05-10 14:43:36.466 -08:00 [INF] JWT token validated. IsAuthenticated=true
2026-05-10 14:43:36.466 -08:00 [INF] JWT token validated. IsAuthenticated=true
2026-05-10 14:43:36.469 -08:00 [INF] MediatR handling started GetUserPermissionGraphQuery
2026-05-10 14:43:36.469 -08:00 [INF] MediatR handling started GetUserByIdQuery
2026-05-10 14:43:36.473 -08:00 [INF] Access policy check started for users:read
2026-05-10 14:43:36.476 -08:00 [INF] Access policy check started for users:read
2026-05-10 14:43:36.476 -08:00 [INF] Access policy evaluation for users:read. UserId=790c2c93-d8e6-4b61-8a11-e4190a1c0805, Roles=[Admin], ActiveRules=6, SubjectMatched=1, ResourceActionMatched=1, Allows=1, Denies=0, Decision=Allowed
2026-05-10 14:43:36.478 -08:00 [INF] Access policy evaluation for users:read. UserId=790c2c93-d8e6-4b61-8a11-e4190a1c0805, Roles=[Admin], ActiveRules=6, SubjectMatched=1, ResourceActionMatched=1, Allows=1, Denies=0, Decision=Allowed
2026-05-10 14:43:36.479 -08:00 [INF] Access policy query filter started for users:read
2026-05-10 14:43:36.481 -08:00 [INF] Access policy query filter started for users:read
2026-05-10 14:43:36.482 -08:00 [INF] Access policy query filter for users:read. UserId=790c2c93-d8e6-4b61-8a11-e4190a1c0805, Roles=[Admin], ActiveRules=6, SubjectMatched=1, ResourceActionMatched=1, Allows=1, Denies=0
2026-05-10 14:43:36.483 -08:00 [INF] Access policy query filter for users:read. UserId=790c2c93-d8e6-4b61-8a11-e4190a1c0805, Roles=[Admin], ActiveRules=6, SubjectMatched=1, ResourceActionMatched=1, Allows=1, Denies=0
2026-05-10 14:43:36.486 -08:00 [INF] MediatR handling completed GetUserPermissionGraphQuery in 17 ms
2026-05-10 14:43:36.488 -08:00 [INF] HTTP GET /api/Users/d1ed8be4-9703-45f0-935f-3c39601b55e1/permission-graph completed with 200 in 24 ms (0HNLESL0KMR42:00000025)
2026-05-10 14:43:36.489 -08:00 [INF] MediatR handling completed GetUserByIdQuery in 20 ms
2026-05-10 14:43:36.490 -08:00 [INF] HTTP GET /api/Users/d1ed8be4-9703-45f0-935f-3c39601b55e1 completed with 200 in 27 ms (0HNLESL0KMR42:00000023)
2026-05-10 14:44:41.893 -08:00 [INF] Authorization header exists: true
2026-05-10 14:44:41.896 -08:00 [INF] JWT token validated. IsAuthenticated=true
2026-05-10 14:44:41.899 -08:00 [INF] MediatR handling started GetUsersQuery
2026-05-10 14:44:41.903 -08:00 [INF] Access policy check started for users:read
2026-05-10 14:44:41.905 -08:00 [INF] Access policy evaluation for users:read. UserId=790c2c93-d8e6-4b61-8a11-e4190a1c0805, Roles=[Admin], ActiveRules=6, SubjectMatched=1, ResourceActionMatched=1, Allows=1, Denies=0, Decision=Allowed
2026-05-10 14:44:41.907 -08:00 [INF] Access policy query filter started for users:read
2026-05-10 14:44:41.908 -08:00 [INF] Access policy query filter for users:read. UserId=790c2c93-d8e6-4b61-8a11-e4190a1c0805, Roles=[Admin], ActiveRules=6, SubjectMatched=1, ResourceActionMatched=1, Allows=1, Denies=0
2026-05-10 14:44:41.914 -08:00 [INF] MediatR handling completed GetUsersQuery in 14 ms
2026-05-10 14:44:41.915 -08:00 [INF] HTTP GET /api/Users completed with 200 in 21 ms (0HNLESL0KMR42:00000029)
2026-05-10 14:44:53.611 -08:00 [INF] Authorization header exists: true
2026-05-10 14:44:53.614 -08:00 [INF] Authorization header exists: true
2026-05-10 14:44:53.614 -08:00 [INF] Authorization header exists: true
2026-05-10 14:44:53.614 -08:00 [INF] Authorization header exists: true
2026-05-10 14:44:53.615 -08:00 [INF] JWT token validated. IsAuthenticated=true
2026-05-10 14:44:53.614 -08:00 [INF] JWT token validated. IsAuthenticated=true
2026-05-10 14:44:53.615 -08:00 [INF] JWT token validated. IsAuthenticated=true
2026-05-10 14:44:53.616 -08:00 [INF] JWT token validated. IsAuthenticated=true
2026-05-10 14:44:53.626 -08:00 [INF] MediatR handling started GetUsersDashboardQuery
2026-05-10 14:44:53.626 -08:00 [INF] MediatR handling started ListAccessPoliciesQuery
2026-05-10 14:44:53.654 -08:00 [INF] Access policy check started for accessPolicies:read
2026-05-10 14:44:53.663 -08:00 [INF] Access policy evaluation for accessPolicies:read. UserId=790c2c93-d8e6-4b61-8a11-e4190a1c0805, Roles=[Admin], ActiveRules=6, SubjectMatched=1, ResourceActionMatched=1, Allows=1, Denies=0, Decision=Allowed
2026-05-10 14:44:53.663 -08:00 [INF] Access policy check started for users:read
2026-05-10 14:44:53.669 -08:00 [INF] Access policy evaluation for users:read. UserId=790c2c93-d8e6-4b61-8a11-e4190a1c0805, Roles=[Admin], ActiveRules=6, SubjectMatched=1, ResourceActionMatched=1, Allows=1, Denies=0, Decision=Allowed
2026-05-10 14:44:53.672 -08:00 [INF] MediatR handling started GetErrorLogsQuery
2026-05-10 14:44:53.672 -08:00 [INF] MediatR handling started GetLogsQuery
2026-05-10 14:44:53.672 -08:00 [INF] Access policy query filter started for users:read
2026-05-10 14:44:53.677 -08:00 [INF] Access policy query filter for users:read. UserId=790c2c93-d8e6-4b61-8a11-e4190a1c0805, Roles=[Admin], ActiveRules=6, SubjectMatched=1, ResourceActionMatched=1, Allows=1, Denies=0
2026-05-10 14:44:53.677 -08:00 [INF] MediatR handling completed ListAccessPoliciesQuery in 51 ms
2026-05-10 14:44:53.689 -08:00 [INF] Access policy check started for errorLogs:read
2026-05-10 14:44:53.689 -08:00 [INF] Access policy check started for logs:read
2026-05-10 14:44:53.691 -08:00 [INF] Access policy evaluation for errorLogs:read. UserId=790c2c93-d8e6-4b61-8a11-e4190a1c0805, Roles=[Admin], ActiveRules=6, SubjectMatched=1, ResourceActionMatched=1, Allows=1, Denies=0, Decision=Allowed
2026-05-10 14:44:53.692 -08:00 [INF] Access policy evaluation for logs:read. UserId=790c2c93-d8e6-4b61-8a11-e4190a1c0805, Roles=[Admin], ActiveRules=6, SubjectMatched=1, ResourceActionMatched=1, Allows=1, Denies=0, Decision=Allowed
2026-05-10 14:44:53.698 -08:00 [INF] HTTP GET /api/AccessPolicies completed with 200 in 84 ms (0HNLESL0KMR42:00000037)
2026-05-10 14:44:53.756 -08:00 [INF] MediatR handling completed GetErrorLogsQuery in 84 ms
2026-05-10 14:44:53.778 -08:00 [INF] MediatR handling completed GetUsersDashboardQuery in 152 ms
2026-05-10 14:44:53.780 -08:00 [INF] HTTP GET /api/error-logs completed with 200 in 166 ms (0HNLESL0KMR42:00000039)
2026-05-10 14:44:53.788 -08:00 [INF] HTTP GET /api/Users/dashboard completed with 200 in 177 ms (0HNLESL0KMR42:00000033)
2026-05-10 14:44:53.806 -08:00 [INF] MediatR handling completed GetLogsQuery in 133 ms
2026-05-10 14:44:53.816 -08:00 [INF] HTTP GET /api/Logs completed with 200 in 202 ms (0HNLESL0KMR42:00000035)
2026-05-10 14:45:26.074 -08:00 [INF] HTTP CONNECT /hubs/sessions completed with 200 in 123518 ms (0HNLESL0KMR43:0000000B)
2026-05-10 14:45:26.344 -08:00 [INF] Authorization header exists: true
2026-05-10 14:45:26.347 -08:00 [INF] JWT token validated. IsAuthenticated=true
2026-05-10 14:45:26.348 -08:00 [INF] HTTP POST /hubs/sessions/negotiate completed with 200 in 4 ms (0HNLESL0KMR43:0000000D)
2026-05-10 14:45:26.385 -08:00 [INF] Authorization header exists: true
2026-05-10 14:45:26.387 -08:00 [INF] JWT token validated. IsAuthenticated=true
2026-05-10 14:45:26.389 -08:00 [INF] MediatR handling started GetUsersQuery
2026-05-10 14:45:26.391 -08:00 [INF] Access policy check started for users:read
2026-05-10 14:45:26.397 -08:00 [INF] Access policy evaluation for users:read. UserId=790c2c93-d8e6-4b61-8a11-e4190a1c0805, Roles=[Admin], ActiveRules=6, SubjectMatched=1, ResourceActionMatched=1, Allows=1, Denies=0, Decision=Allowed
2026-05-10 14:45:26.400 -08:00 [INF] Access policy query filter started for users:read
2026-05-10 14:45:26.402 -08:00 [INF] Access policy query filter for users:read. UserId=790c2c93-d8e6-4b61-8a11-e4190a1c0805, Roles=[Admin], ActiveRules=6, SubjectMatched=1, ResourceActionMatched=1, Allows=1, Denies=0
2026-05-10 14:45:26.414 -08:00 [INF] MediatR handling completed GetUsersQuery in 24 ms
2026-05-10 14:45:26.416 -08:00 [INF] HTTP GET /api/Users completed with 200 in 30 ms (0HNLESL0KMR42:0000003F)
2026-05-10 14:45:26.695 -08:00 [INF] Authorization header exists: true
2026-05-10 14:45:26.701 -08:00 [INF] JWT token validated. IsAuthenticated=true
2026-05-10 14:45:26.702 -08:00 [INF] MediatR handling started GetUsersQuery
2026-05-10 14:45:26.704 -08:00 [INF] Access policy check started for users:read
2026-05-10 14:45:26.706 -08:00 [INF] Access policy evaluation for users:read. UserId=790c2c93-d8e6-4b61-8a11-e4190a1c0805, Roles=[Admin], ActiveRules=6, SubjectMatched=1, ResourceActionMatched=1, Allows=1, Denies=0, Decision=Allowed
2026-05-10 14:45:26.709 -08:00 [INF] Access policy query filter started for users:read
2026-05-10 14:45:26.711 -08:00 [INF] Access policy query filter for users:read. UserId=790c2c93-d8e6-4b61-8a11-e4190a1c0805, Roles=[Admin], ActiveRules=6, SubjectMatched=1, ResourceActionMatched=1, Allows=1, Denies=0
2026-05-10 14:45:26.717 -08:00 [INF] MediatR handling completed GetUsersQuery in 14 ms
2026-05-10 14:45:26.718 -08:00 [INF] HTTP GET /api/Users completed with 200 in 23 ms (0HNLESL0KMR42:00000041)
2026-05-10 14:45:27.062 -08:00 [INF] Authorization header exists: false
2026-05-10 14:45:27.066 -08:00 [INF] JWT token validated. IsAuthenticated=true
2026-05-10 14:45:28.553 -08:00 [INF] Authorization header exists: true
2026-05-10 14:45:28.553 -08:00 [INF] Authorization header exists: true
2026-05-10 14:45:28.553 -08:00 [INF] Authorization header exists: true
2026-05-10 14:45:28.558 -08:00 [INF] Authorization header exists: true
2026-05-10 14:45:28.559 -08:00 [INF] JWT token validated. IsAuthenticated=true
2026-05-10 14:45:28.559 -08:00 [INF] JWT token validated. IsAuthenticated=true
2026-05-10 14:45:28.560 -08:00 [INF] JWT token validated. IsAuthenticated=true
2026-05-10 14:45:28.560 -08:00 [INF] JWT token validated. IsAuthenticated=true
2026-05-10 14:45:28.561 -08:00 [INF] MediatR handling started GetUsersDashboardQuery
2026-05-10 14:45:28.561 -08:00 [INF] MediatR handling started GetLogsQuery
2026-05-10 14:45:28.566 -08:00 [INF] MediatR handling started ListAccessPoliciesQuery
2026-05-10 14:45:28.566 -08:00 [INF] MediatR handling started GetErrorLogsQuery
2026-05-10 14:45:28.567 -08:00 [INF] Access policy check started for users:read
2026-05-10 14:45:28.568 -08:00 [INF] Access policy check started for logs:read
2026-05-10 14:45:28.568 -08:00 [INF] Access policy check started for accessPolicies:read
2026-05-10 14:45:28.568 -08:00 [INF] Access policy check started for errorLogs:read
2026-05-10 14:45:28.570 -08:00 [INF] Access policy evaluation for users:read. UserId=790c2c93-d8e6-4b61-8a11-e4190a1c0805, Roles=[Admin], ActiveRules=6, SubjectMatched=1, ResourceActionMatched=1, Allows=1, Denies=0, Decision=Allowed
2026-05-10 14:45:28.571 -08:00 [INF] Access policy evaluation for logs:read. UserId=790c2c93-d8e6-4b61-8a11-e4190a1c0805, Roles=[Admin], ActiveRules=6, SubjectMatched=1, ResourceActionMatched=1, Allows=1, Denies=0, Decision=Allowed
2026-05-10 14:45:28.572 -08:00 [INF] Access policy evaluation for accessPolicies:read. UserId=790c2c93-d8e6-4b61-8a11-e4190a1c0805, Roles=[Admin], ActiveRules=6, SubjectMatched=1, ResourceActionMatched=1, Allows=1, Denies=0, Decision=Allowed
2026-05-10 14:45:28.573 -08:00 [INF] Access policy evaluation for errorLogs:read. UserId=790c2c93-d8e6-4b61-8a11-e4190a1c0805, Roles=[Admin], ActiveRules=6, SubjectMatched=1, ResourceActionMatched=1, Allows=1, Denies=0, Decision=Allowed
2026-05-10 14:45:28.574 -08:00 [INF] Access policy query filter started for users:read
2026-05-10 14:45:28.579 -08:00 [INF] MediatR handling completed ListAccessPoliciesQuery in 12 ms
2026-05-10 14:45:28.581 -08:00 [INF] Access policy query filter for users:read. UserId=790c2c93-d8e6-4b61-8a11-e4190a1c0805, Roles=[Admin], ActiveRules=6, SubjectMatched=1, ResourceActionMatched=1, Allows=1, Denies=0
2026-05-10 14:45:28.582 -08:00 [INF] MediatR handling completed GetLogsQuery in 20 ms
2026-05-10 14:45:28.582 -08:00 [INF] HTTP GET /api/AccessPolicies completed with 200 in 24 ms (0HNLESL0KMR42:00000051)
2026-05-10 14:45:28.583 -08:00 [INF] MediatR handling completed GetErrorLogsQuery in 16 ms
2026-05-10 14:45:28.586 -08:00 [INF] HTTP GET /api/Logs completed with 200 in 32 ms (0HNLESL0KMR42:0000004D)
2026-05-10 14:45:28.589 -08:00 [INF] HTTP GET /api/error-logs completed with 200 in 36 ms (0HNLESL0KMR42:0000004F)
2026-05-10 14:45:28.593 -08:00 [INF] MediatR handling completed GetUsersDashboardQuery in 32 ms
2026-05-10 14:45:28.595 -08:00 [INF] HTTP GET /api/Users/dashboard completed with 200 in 42 ms (0HNLESL0KMR42:0000004B)
2026-05-10 14:46:12.718 -08:00 [INF] HTTP CONNECT /hubs/sessions completed with 200 in 45656 ms (0HNLESL0KMR43:0000000F)
2026-05-10 14:46:13.090 -08:00 [INF] Authorization header exists: true
2026-05-10 14:46:13.093 -08:00 [INF] JWT token validated. IsAuthenticated=true
2026-05-10 14:46:13.095 -08:00 [INF] HTTP POST /hubs/sessions/negotiate completed with 200 in 5 ms (0HNLESL0KMR43:00000011)
2026-05-10 14:46:13.164 -08:00 [INF] Authorization header exists: true
2026-05-10 14:46:13.166 -08:00 [INF] JWT token validated. IsAuthenticated=true
2026-05-10 14:46:13.169 -08:00 [INF] MediatR handling started GetUsersQuery
2026-05-10 14:46:13.170 -08:00 [INF] Access policy check started for users:read
2026-05-10 14:46:13.172 -08:00 [INF] Access policy evaluation for users:read. UserId=790c2c93-d8e6-4b61-8a11-e4190a1c0805, Roles=[Admin], ActiveRules=6, SubjectMatched=1, ResourceActionMatched=1, Allows=1, Denies=0, Decision=Allowed
2026-05-10 14:46:13.177 -08:00 [INF] Access policy query filter started for users:read
2026-05-10 14:46:13.180 -08:00 [INF] Access policy query filter for users:read. UserId=790c2c93-d8e6-4b61-8a11-e4190a1c0805, Roles=[Admin], ActiveRules=6, SubjectMatched=1, ResourceActionMatched=1, Allows=1, Denies=0
2026-05-10 14:46:13.185 -08:00 [INF] MediatR handling completed GetUsersQuery in 16 ms
2026-05-10 14:46:13.187 -08:00 [INF] HTTP GET /api/Users completed with 200 in 23 ms (0HNLESL0KMR42:00000057)
2026-05-10 14:46:13.542 -08:00 [INF] Authorization header exists: true
2026-05-10 14:46:13.545 -08:00 [INF] JWT token validated. IsAuthenticated=true
2026-05-10 14:46:13.547 -08:00 [INF] MediatR handling started GetUsersQuery
2026-05-10 14:46:13.548 -08:00 [INF] Access policy check started for users:read
2026-05-10 14:46:13.550 -08:00 [INF] Access policy evaluation for users:read. UserId=790c2c93-d8e6-4b61-8a11-e4190a1c0805, Roles=[Admin], ActiveRules=6, SubjectMatched=1, ResourceActionMatched=1, Allows=1, Denies=0, Decision=Allowed
2026-05-10 14:46:13.553 -08:00 [INF] Access policy query filter started for users:read
2026-05-10 14:46:13.555 -08:00 [INF] Access policy query filter for users:read. UserId=790c2c93-d8e6-4b61-8a11-e4190a1c0805, Roles=[Admin], ActiveRules=6, SubjectMatched=1, ResourceActionMatched=1, Allows=1, Denies=0
2026-05-10 14:46:13.563 -08:00 [INF] MediatR handling completed GetUsersQuery in 15 ms
2026-05-10 14:46:13.564 -08:00 [INF] HTTP GET /api/Users completed with 200 in 22 ms (0HNLESL0KMR42:00000059)
2026-05-10 14:46:13.950 -08:00 [INF] Authorization header exists: false
2026-05-10 14:46:13.954 -08:00 [INF] JWT token validated. IsAuthenticated=true
2026-05-10 14:48:07.206 -08:00 [INF] HTTP CONNECT /hubs/sessions completed with 200 in 113255 ms (0HNLESL0KMR43:00000013)
2026-05-10 14:48:07.867 -08:00 [INF] Authorization header exists: true
2026-05-10 14:48:07.870 -08:00 [INF] JWT token validated. IsAuthenticated=true
2026-05-10 14:48:07.872 -08:00 [INF] HTTP POST /hubs/sessions/negotiate completed with 200 in 5 ms (0HNLESL0KMR45:00000001)
2026-05-10 14:48:07.995 -08:00 [INF] Authorization header exists: true
2026-05-10 14:48:07.997 -08:00 [INF] JWT token validated. IsAuthenticated=true
2026-05-10 14:48:07.998 -08:00 [INF] MediatR handling started GetUsersQuery
2026-05-10 14:48:07.999 -08:00 [INF] Access policy check started for users:read
2026-05-10 14:48:08.001 -08:00 [INF] Access policy evaluation for users:read. UserId=790c2c93-d8e6-4b61-8a11-e4190a1c0805, Roles=[Admin], ActiveRules=6, SubjectMatched=1, ResourceActionMatched=1, Allows=1, Denies=0, Decision=Allowed
2026-05-10 14:48:08.005 -08:00 [INF] Access policy query filter started for users:read
2026-05-10 14:48:08.007 -08:00 [INF] Access policy query filter for users:read. UserId=790c2c93-d8e6-4b61-8a11-e4190a1c0805, Roles=[Admin], ActiveRules=6, SubjectMatched=1, ResourceActionMatched=1, Allows=1, Denies=0
2026-05-10 14:48:08.014 -08:00 [INF] MediatR handling completed GetUsersQuery in 15 ms
2026-05-10 14:48:08.016 -08:00 [INF] HTTP GET /api/Users completed with 200 in 21 ms (0HNLESL0KMR44:00000005)
2026-05-10 14:48:08.719 -08:00 [INF] Authorization header exists: true
2026-05-10 14:48:08.722 -08:00 [INF] JWT token validated. IsAuthenticated=true
2026-05-10 14:48:08.724 -08:00 [INF] MediatR handling started GetUsersQuery
2026-05-10 14:48:08.724 -08:00 [INF] Access policy check started for users:read
2026-05-10 14:48:08.726 -08:00 [INF] Access policy evaluation for users:read. UserId=790c2c93-d8e6-4b61-8a11-e4190a1c0805, Roles=[Admin], ActiveRules=6, SubjectMatched=1, ResourceActionMatched=1, Allows=1, Denies=0, Decision=Allowed
2026-05-10 14:48:08.730 -08:00 [INF] Access policy query filter started for users:read
2026-05-10 14:48:08.732 -08:00 [INF] Access policy query filter for users:read. UserId=790c2c93-d8e6-4b61-8a11-e4190a1c0805, Roles=[Admin], ActiveRules=6, SubjectMatched=1, ResourceActionMatched=1, Allows=1, Denies=0
2026-05-10 14:48:08.739 -08:00 [INF] MediatR handling completed GetUsersQuery in 15 ms
2026-05-10 14:48:08.741 -08:00 [INF] HTTP GET /api/Users completed with 200 in 21 ms (0HNLESL0KMR44:00000007)
2026-05-10 14:48:09.394 -08:00 [INF] Authorization header exists: false
2026-05-10 14:48:09.396 -08:00 [INF] JWT token validated. IsAuthenticated=true
2026-05-10 14:49:40.705 -08:00 [INF] HTTP CONNECT /hubs/sessions completed with 200 in 91310 ms (0HNLESL0KMR45:00000003)
2026-05-10 14:49:41.973 -08:00 [INF] Authorization header exists: true
2026-05-10 14:49:42.048 -08:00 [INF] JWT token validated. IsAuthenticated=true
2026-05-10 14:49:42.051 -08:00 [INF] HTTP POST /hubs/sessions/negotiate completed with 200 in 78 ms (0HNLESL0KMR45:00000005)
2026-05-10 14:49:42.069 -08:00 [INF] Authorization header exists: true
2026-05-10 14:49:42.098 -08:00 [INF] JWT token validated. IsAuthenticated=true
2026-05-10 14:49:42.100 -08:00 [INF] MediatR handling started GetUsersQuery
2026-05-10 14:49:42.106 -08:00 [INF] Access policy check started for users:read
2026-05-10 14:49:42.219 -08:00 [INF] Access policy evaluation for users:read. UserId=790c2c93-d8e6-4b61-8a11-e4190a1c0805, Roles=[Admin], ActiveRules=6, SubjectMatched=1, ResourceActionMatched=1, Allows=1, Denies=0, Decision=Allowed
2026-05-10 14:49:42.340 -08:00 [INF] Access policy query filter started for users:read
2026-05-10 14:49:42.356 -08:00 [INF] Access policy query filter for users:read. UserId=790c2c93-d8e6-4b61-8a11-e4190a1c0805, Roles=[Admin], ActiveRules=6, SubjectMatched=1, ResourceActionMatched=1, Allows=1, Denies=0
2026-05-10 14:49:42.370 -08:00 [INF] MediatR handling completed GetUsersQuery in 269 ms
2026-05-10 14:49:42.372 -08:00 [INF] HTTP GET /api/Users completed with 200 in 303 ms (0HNLESL0KMR44:0000000D)
2026-05-10 14:49:42.502 -08:00 [INF] Authorization header exists: true
2026-05-10 14:49:42.506 -08:00 [INF] JWT token validated. IsAuthenticated=true
2026-05-10 14:49:42.531 -08:00 [INF] MediatR handling started GetUsersQuery
2026-05-10 14:49:42.538 -08:00 [INF] Access policy check started for users:read
2026-05-10 14:49:42.542 -08:00 [INF] Access policy evaluation for users:read. UserId=790c2c93-d8e6-4b61-8a11-e4190a1c0805, Roles=[Admin], ActiveRules=6, SubjectMatched=1, ResourceActionMatched=1, Allows=1, Denies=0, Decision=Allowed
2026-05-10 14:49:42.561 -08:00 [INF] Access policy query filter started for users:read
2026-05-10 14:49:42.567 -08:00 [INF] Access policy query filter for users:read. UserId=790c2c93-d8e6-4b61-8a11-e4190a1c0805, Roles=[Admin], ActiveRules=6, SubjectMatched=1, ResourceActionMatched=1, Allows=1, Denies=0
2026-05-10 14:49:42.581 -08:00 [INF] MediatR handling completed GetUsersQuery in 50 ms
2026-05-10 14:49:42.583 -08:00 [INF] HTTP GET /api/Users completed with 200 in 80 ms (0HNLESL0KMR44:0000000F)
2026-05-10 14:49:43.758 -08:00 [INF] Authorization header exists: false
2026-05-10 14:49:43.762 -08:00 [INF] JWT token validated. IsAuthenticated=true
2026-05-10 14:50:10.043 -08:00 [INF] HTTP CONNECT /hubs/sessions completed with 200 in 26284 ms (0HNLESL0KMR45:00000007)
2026-05-10 14:50:10.584 -08:00 [INF] Authorization header exists: true
2026-05-10 14:50:10.587 -08:00 [INF] JWT token validated. IsAuthenticated=true
2026-05-10 14:50:10.588 -08:00 [INF] HTTP POST /hubs/sessions/negotiate completed with 200 in 5 ms (0HNLESL0KMR45:00000009)
2026-05-10 14:50:10.659 -08:00 [INF] Authorization header exists: true
2026-05-10 14:50:10.662 -08:00 [INF] JWT token validated. IsAuthenticated=true
2026-05-10 14:50:10.665 -08:00 [INF] MediatR handling started GetUsersQuery
2026-05-10 14:50:10.666 -08:00 [INF] Access policy check started for users:read
2026-05-10 14:50:10.669 -08:00 [INF] Access policy evaluation for users:read. UserId=790c2c93-d8e6-4b61-8a11-e4190a1c0805, Roles=[Admin], ActiveRules=6, SubjectMatched=1, ResourceActionMatched=1, Allows=1, Denies=0, Decision=Allowed
2026-05-10 14:50:10.673 -08:00 [INF] Access policy query filter started for users:read
2026-05-10 14:50:10.676 -08:00 [INF] Access policy query filter for users:read. UserId=790c2c93-d8e6-4b61-8a11-e4190a1c0805, Roles=[Admin], ActiveRules=6, SubjectMatched=1, ResourceActionMatched=1, Allows=1, Denies=0
2026-05-10 14:50:10.685 -08:00 [INF] MediatR handling completed GetUsersQuery in 20 ms
2026-05-10 14:50:10.687 -08:00 [INF] HTTP GET /api/Users completed with 200 in 27 ms (0HNLESL0KMR44:00000015)
2026-05-10 14:50:11.193 -08:00 [INF] Authorization header exists: true
2026-05-10 14:50:11.196 -08:00 [INF] JWT token validated. IsAuthenticated=true
2026-05-10 14:50:11.199 -08:00 [INF] MediatR handling started GetUsersQuery
2026-05-10 14:50:11.200 -08:00 [INF] Access policy check started for users:read
2026-05-10 14:50:11.202 -08:00 [INF] Access policy evaluation for users:read. UserId=790c2c93-d8e6-4b61-8a11-e4190a1c0805, Roles=[Admin], ActiveRules=6, SubjectMatched=1, ResourceActionMatched=1, Allows=1, Denies=0, Decision=Allowed
2026-05-10 14:50:11.205 -08:00 [INF] Access policy query filter started for users:read
2026-05-10 14:50:11.208 -08:00 [INF] Access policy query filter for users:read. UserId=790c2c93-d8e6-4b61-8a11-e4190a1c0805, Roles=[Admin], ActiveRules=6, SubjectMatched=1, ResourceActionMatched=1, Allows=1, Denies=0
2026-05-10 14:50:11.217 -08:00 [INF] MediatR handling completed GetUsersQuery in 18 ms
2026-05-10 14:50:11.219 -08:00 [INF] HTTP GET /api/Users completed with 200 in 26 ms (0HNLESL0KMR44:00000017)
2026-05-10 14:50:12.139 -08:00 [INF] Authorization header exists: false
2026-05-10 14:50:12.141 -08:00 [INF] JWT token validated. IsAuthenticated=true
2026-05-10 14:52:50.281 -08:00 [INF] Authorization header exists: true
2026-05-10 14:52:50.323 -08:00 [INF] JWT token validated. IsAuthenticated=true
2026-05-10 14:52:50.331 -08:00 [INF] MediatR handling started GetRolesQuery
2026-05-10 14:52:50.333 -08:00 [INF] Access policy check started for roles:read
2026-05-10 14:52:50.337 -08:00 [INF] Access policy evaluation for roles:read. UserId=790c2c93-d8e6-4b61-8a11-e4190a1c0805, Roles=[Admin], ActiveRules=6, SubjectMatched=1, ResourceActionMatched=1, Allows=1, Denies=0, Decision=Allowed
2026-05-10 14:52:50.347 -08:00 [INF] MediatR handling completed GetRolesQuery in 16 ms
2026-05-10 14:52:50.349 -08:00 [INF] HTTP GET /api/Roles completed with 200 in 68 ms (0HNLESL0KMR44:0000001B)
2026-05-10 14:53:18.942 -08:00 [INF] HTTP CONNECT /hubs/sessions completed with 200 in 186803 ms (0HNLESL0KMR45:0000000B)
2026-05-10 14:53:19.250 -08:00 [INF] Authorization header exists: true
2026-05-10 14:53:19.252 -08:00 [INF] JWT token validated. IsAuthenticated=true
2026-05-10 14:53:19.253 -08:00 [INF] HTTP POST /hubs/sessions/negotiate completed with 200 in 3 ms (0HNLESL0KMR45:0000000D)
2026-05-10 14:53:19.312 -08:00 [INF] Authorization header exists: true
2026-05-10 14:53:19.314 -08:00 [INF] JWT token validated. IsAuthenticated=true
2026-05-10 14:53:19.316 -08:00 [INF] MediatR handling started GetUsersQuery
2026-05-10 14:53:19.316 -08:00 [INF] Access policy check started for users:read
2026-05-10 14:53:19.320 -08:00 [INF] Access policy evaluation for users:read. UserId=790c2c93-d8e6-4b61-8a11-e4190a1c0805, Roles=[Admin], ActiveRules=6, SubjectMatched=1, ResourceActionMatched=1, Allows=1, Denies=0, Decision=Allowed
2026-05-10 14:53:19.323 -08:00 [INF] Access policy query filter started for users:read
2026-05-10 14:53:19.325 -08:00 [INF] Access policy query filter for users:read. UserId=790c2c93-d8e6-4b61-8a11-e4190a1c0805, Roles=[Admin], ActiveRules=6, SubjectMatched=1, ResourceActionMatched=1, Allows=1, Denies=0
2026-05-10 14:53:19.334 -08:00 [INF] MediatR handling completed GetUsersQuery in 18 ms
2026-05-10 14:53:19.335 -08:00 [INF] HTTP GET /api/Users completed with 200 in 23 ms (0HNLESL0KMR44:00000021)
2026-05-10 14:53:19.747 -08:00 [INF] Authorization header exists: true
2026-05-10 14:53:19.750 -08:00 [INF] JWT token validated. IsAuthenticated=true
2026-05-10 14:53:19.751 -08:00 [INF] MediatR handling started GetUsersQuery
2026-05-10 14:53:19.752 -08:00 [INF] Access policy check started for users:read
2026-05-10 14:53:19.755 -08:00 [INF] Access policy evaluation for users:read. UserId=790c2c93-d8e6-4b61-8a11-e4190a1c0805, Roles=[Admin], ActiveRules=6, SubjectMatched=1, ResourceActionMatched=1, Allows=1, Denies=0, Decision=Allowed
2026-05-10 14:53:19.759 -08:00 [INF] Access policy query filter started for users:read
2026-05-10 14:53:19.761 -08:00 [INF] Access policy query filter for users:read. UserId=790c2c93-d8e6-4b61-8a11-e4190a1c0805, Roles=[Admin], ActiveRules=6, SubjectMatched=1, ResourceActionMatched=1, Allows=1, Denies=0
2026-05-10 14:53:19.768 -08:00 [INF] MediatR handling completed GetUsersQuery in 16 ms
2026-05-10 14:53:19.770 -08:00 [INF] HTTP GET /api/Users completed with 200 in 23 ms (0HNLESL0KMR44:00000023)
2026-05-10 14:53:20.248 -08:00 [INF] Authorization header exists: false
2026-05-10 14:53:20.250 -08:00 [INF] JWT token validated. IsAuthenticated=true
2026-05-10 14:53:55.671 -08:00 [INF] HTTP CONNECT /hubs/sessions completed with 200 in 35422 ms (0HNLESL0KMR45:0000000F)
2026-05-10 14:53:55.795 -08:00 [INF] Authorization header exists: true
2026-05-10 14:53:55.799 -08:00 [INF] JWT token validated. IsAuthenticated=true
2026-05-10 14:53:55.800 -08:00 [INF] HTTP POST /hubs/sessions/negotiate completed with 200 in 5 ms (0HNLESL0KMR45:00000011)
2026-05-10 14:53:55.838 -08:00 [INF] Authorization header exists: true
2026-05-10 14:53:55.841 -08:00 [INF] JWT token validated. IsAuthenticated=true
2026-05-10 14:53:55.843 -08:00 [INF] MediatR handling started GetUsersQuery
2026-05-10 14:53:55.844 -08:00 [INF] Access policy check started for users:read
2026-05-10 14:53:55.846 -08:00 [INF] Access policy evaluation for users:read. UserId=790c2c93-d8e6-4b61-8a11-e4190a1c0805, Roles=[Admin], ActiveRules=6, SubjectMatched=1, ResourceActionMatched=1, Allows=1, Denies=0, Decision=Allowed
2026-05-10 14:53:55.849 -08:00 [INF] Access policy query filter started for users:read
2026-05-10 14:53:55.851 -08:00 [INF] Access policy query filter for users:read. UserId=790c2c93-d8e6-4b61-8a11-e4190a1c0805, Roles=[Admin], ActiveRules=6, SubjectMatched=1, ResourceActionMatched=1, Allows=1, Denies=0
2026-05-10 14:53:55.858 -08:00 [INF] MediatR handling completed GetUsersQuery in 15 ms
2026-05-10 14:53:55.860 -08:00 [INF] HTTP GET /api/Users completed with 200 in 21 ms (0HNLESL0KMR44:00000029)
2026-05-10 14:53:56.199 -08:00 [INF] Authorization header exists: true
2026-05-10 14:53:56.201 -08:00 [INF] JWT token validated. IsAuthenticated=true
2026-05-10 14:53:56.202 -08:00 [INF] MediatR handling started GetUsersQuery
2026-05-10 14:53:56.203 -08:00 [INF] Access policy check started for users:read
2026-05-10 14:53:56.205 -08:00 [INF] Access policy evaluation for users:read. UserId=790c2c93-d8e6-4b61-8a11-e4190a1c0805, Roles=[Admin], ActiveRules=6, SubjectMatched=1, ResourceActionMatched=1, Allows=1, Denies=0, Decision=Allowed
2026-05-10 14:53:56.209 -08:00 [INF] Access policy query filter started for users:read
2026-05-10 14:53:56.211 -08:00 [INF] Access policy query filter for users:read. UserId=790c2c93-d8e6-4b61-8a11-e4190a1c0805, Roles=[Admin], ActiveRules=6, SubjectMatched=1, ResourceActionMatched=1, Allows=1, Denies=0
2026-05-10 14:53:56.217 -08:00 [INF] MediatR handling completed GetUsersQuery in 14 ms
2026-05-10 14:53:56.219 -08:00 [INF] HTTP GET /api/Users completed with 200 in 19 ms (0HNLESL0KMR44:0000002B)
2026-05-10 14:53:56.565 -08:00 [INF] Authorization header exists: false
2026-05-10 14:53:56.568 -08:00 [INF] JWT token validated. IsAuthenticated=true
2026-05-10 14:53:57.862 -08:00 [INF] Authorization header exists: true
2026-05-10 14:53:57.864 -08:00 [INF] Authorization header exists: true
2026-05-10 14:53:57.865 -08:00 [INF] JWT token validated. IsAuthenticated=true
2026-05-10 14:53:57.864 -08:00 [INF] Authorization header exists: true
2026-05-10 14:53:57.867 -08:00 [INF] Authorization header exists: true
2026-05-10 14:53:57.869 -08:00 [INF] JWT token validated. IsAuthenticated=true
2026-05-10 14:53:57.869 -08:00 [INF] MediatR handling started GetUsersDashboardQuery
2026-05-10 14:53:57.870 -08:00 [INF] JWT token validated. IsAuthenticated=true
2026-05-10 14:53:57.885 -08:00 [INF] Access policy check started for users:read
2026-05-10 14:53:57.886 -08:00 [INF] MediatR handling started ListAccessPoliciesQuery
2026-05-10 14:53:57.887 -08:00 [INF] MediatR handling started GetLogsQuery
2026-05-10 14:53:57.888 -08:00 [INF] Access policy evaluation for users:read. UserId=790c2c93-d8e6-4b61-8a11-e4190a1c0805, Roles=[Admin], ActiveRules=6, SubjectMatched=1, ResourceActionMatched=1, Allows=1, Denies=0, Decision=Allowed
2026-05-10 14:53:57.888 -08:00 [INF] Access policy check started for accessPolicies:read
2026-05-10 14:53:57.889 -08:00 [INF] Access policy check started for logs:read
2026-05-10 14:53:57.891 -08:00 [INF] Access policy query filter started for users:read
2026-05-10 14:53:57.892 -08:00 [INF] Access policy evaluation for accessPolicies:read. UserId=790c2c93-d8e6-4b61-8a11-e4190a1c0805, Roles=[Admin], ActiveRules=6, SubjectMatched=1, ResourceActionMatched=1, Allows=1, Denies=0, Decision=Allowed
2026-05-10 14:53:57.893 -08:00 [INF] Access policy evaluation for logs:read. UserId=790c2c93-d8e6-4b61-8a11-e4190a1c0805, Roles=[Admin], ActiveRules=6, SubjectMatched=1, ResourceActionMatched=1, Allows=1, Denies=0, Decision=Allowed
2026-05-10 14:53:57.893 -08:00 [INF] Access policy query filter for users:read. UserId=790c2c93-d8e6-4b61-8a11-e4190a1c0805, Roles=[Admin], ActiveRules=6, SubjectMatched=1, ResourceActionMatched=1, Allows=1, Denies=0
2026-05-10 14:53:57.896 -08:00 [INF] MediatR handling completed ListAccessPoliciesQuery in 9 ms
2026-05-10 14:53:57.900 -08:00 [INF] HTTP GET /api/AccessPolicies completed with 200 in 32 ms (0HNLESL0KMR44:0000003B)
2026-05-10 14:53:57.905 -08:00 [INF] MediatR handling completed GetLogsQuery in 18 ms
2026-05-10 14:53:57.907 -08:00 [INF] HTTP GET /api/Logs completed with 200 in 43 ms (0HNLESL0KMR44:00000037)
2026-05-10 14:53:57.913 -08:00 [INF] JWT token validated. IsAuthenticated=true
2026-05-10 14:53:57.916 -08:00 [INF] MediatR handling started GetErrorLogsQuery
2026-05-10 14:53:57.918 -08:00 [INF] Access policy check started for errorLogs:read
2026-05-10 14:53:57.920 -08:00 [INF] Access policy evaluation for errorLogs:read. UserId=790c2c93-d8e6-4b61-8a11-e4190a1c0805, Roles=[Admin], ActiveRules=6, SubjectMatched=1, ResourceActionMatched=1, Allows=1, Denies=0, Decision=Allowed
2026-05-10 14:53:57.936 -08:00 [INF] MediatR handling completed GetErrorLogsQuery in 19 ms
2026-05-10 14:53:57.938 -08:00 [INF] HTTP GET /api/error-logs completed with 200 in 74 ms (0HNLESL0KMR44:00000039)
2026-05-10 14:53:57.949 -08:00 [INF] MediatR handling completed GetUsersDashboardQuery in 79 ms
2026-05-10 14:53:57.950 -08:00 [INF] HTTP GET /api/Users/dashboard completed with 200 in 87 ms (0HNLESL0KMR44:00000035)
2026-05-10 14:54:47.938 -08:00 [INF] Authorization header exists: true
2026-05-10 14:54:47.940 -08:00 [INF] JWT token validated. IsAuthenticated=true
2026-05-10 14:54:47.941 -08:00 [INF] MediatR handling started GetUsersQuery
2026-05-10 14:54:47.942 -08:00 [INF] Access policy check started for users:read
2026-05-10 14:54:47.944 -08:00 [INF] Access policy evaluation for users:read. UserId=790c2c93-d8e6-4b61-8a11-e4190a1c0805, Roles=[Admin], ActiveRules=6, SubjectMatched=1, ResourceActionMatched=1, Allows=1, Denies=0, Decision=Allowed
2026-05-10 14:54:47.946 -08:00 [INF] Access policy query filter started for users:read
2026-05-10 14:54:47.949 -08:00 [INF] Access policy query filter for users:read. UserId=790c2c93-d8e6-4b61-8a11-e4190a1c0805, Roles=[Admin], ActiveRules=6, SubjectMatched=1, ResourceActionMatched=1, Allows=1, Denies=0
2026-05-10 14:54:47.956 -08:00 [INF] MediatR handling completed GetUsersQuery in 14 ms
2026-05-10 14:54:47.957 -08:00 [INF] HTTP GET /api/Users completed with 200 in 18 ms (0HNLESL0KMR44:0000003F)
2026-05-10 14:55:30.507 -08:00 [INF] HTTP CONNECT /hubs/sessions completed with 200 in 93942 ms (0HNLESL0KMR45:00000013)
2026-05-10 14:55:30.822 -08:00 [INF] Authorization header exists: true
2026-05-10 14:55:30.824 -08:00 [INF] JWT token validated. IsAuthenticated=true
2026-05-10 14:55:30.825 -08:00 [INF] HTTP POST /hubs/sessions/negotiate completed with 200 in 3 ms (0HNLESL0KMR45:00000015)
2026-05-10 14:55:30.861 -08:00 [INF] Authorization header exists: true
2026-05-10 14:55:30.864 -08:00 [INF] JWT token validated. IsAuthenticated=true
2026-05-10 14:55:30.865 -08:00 [INF] MediatR handling started GetUsersQuery
2026-05-10 14:55:30.867 -08:00 [INF] Access policy check started for users:read
2026-05-10 14:55:30.869 -08:00 [INF] Access policy evaluation for users:read. UserId=790c2c93-d8e6-4b61-8a11-e4190a1c0805, Roles=[Admin], ActiveRules=6, SubjectMatched=1, ResourceActionMatched=1, Allows=1, Denies=0, Decision=Allowed
2026-05-10 14:55:30.871 -08:00 [INF] Access policy query filter started for users:read
2026-05-10 14:55:30.876 -08:00 [INF] Access policy query filter for users:read. UserId=790c2c93-d8e6-4b61-8a11-e4190a1c0805, Roles=[Admin], ActiveRules=6, SubjectMatched=1, ResourceActionMatched=1, Allows=1, Denies=0
2026-05-10 14:55:30.885 -08:00 [INF] MediatR handling completed GetUsersQuery in 19 ms
2026-05-10 14:55:30.886 -08:00 [INF] HTTP GET /api/Users completed with 200 in 25 ms (0HNLESL0KMR44:00000045)
2026-05-10 14:55:31.271 -08:00 [INF] Authorization header exists: true
2026-05-10 14:55:31.275 -08:00 [INF] JWT token validated. IsAuthenticated=true
2026-05-10 14:55:31.276 -08:00 [INF] MediatR handling started GetUsersQuery
2026-05-10 14:55:31.277 -08:00 [INF] Access policy check started for users:read
2026-05-10 14:55:31.279 -08:00 [INF] Access policy evaluation for users:read. UserId=790c2c93-d8e6-4b61-8a11-e4190a1c0805, Roles=[Admin], ActiveRules=6, SubjectMatched=1, ResourceActionMatched=1, Allows=1, Denies=0, Decision=Allowed
2026-05-10 14:55:31.281 -08:00 [INF] Access policy query filter started for users:read
2026-05-10 14:55:31.283 -08:00 [INF] Access policy query filter for users:read. UserId=790c2c93-d8e6-4b61-8a11-e4190a1c0805, Roles=[Admin], ActiveRules=6, SubjectMatched=1, ResourceActionMatched=1, Allows=1, Denies=0
2026-05-10 14:55:31.289 -08:00 [INF] MediatR handling completed GetUsersQuery in 12 ms
2026-05-10 14:55:31.290 -08:00 [INF] HTTP GET /api/Users completed with 200 in 19 ms (0HNLESL0KMR44:00000047)
2026-05-10 14:55:31.744 -08:00 [INF] Authorization header exists: false
2026-05-10 14:55:31.749 -08:00 [INF] JWT token validated. IsAuthenticated=true
2026-05-10 14:55:49.828 -08:00 [INF] HTTP CONNECT /hubs/sessions completed with 200 in 18083 ms (0HNLESL0KMR45:00000017)
2026-05-10 14:55:50.315 -08:00 [INF] Authorization header exists: true
2026-05-10 14:55:50.319 -08:00 [INF] JWT token validated. IsAuthenticated=true
2026-05-10 14:55:50.321 -08:00 [INF] HTTP POST /hubs/sessions/negotiate completed with 200 in 5 ms (0HNLESL0KMR45:00000019)
2026-05-10 14:55:50.553 -08:00 [INF] Authorization header exists: true
2026-05-10 14:55:50.561 -08:00 [INF] JWT token validated. IsAuthenticated=true
2026-05-10 14:55:50.563 -08:00 [INF] MediatR handling started GetUsersQuery
2026-05-10 14:55:50.565 -08:00 [INF] Access policy check started for users:read
2026-05-10 14:55:50.568 -08:00 [INF] Access policy evaluation for users:read. UserId=790c2c93-d8e6-4b61-8a11-e4190a1c0805, Roles=[Admin], ActiveRules=6, SubjectMatched=1, ResourceActionMatched=1, Allows=1, Denies=0, Decision=Allowed
2026-05-10 14:55:50.575 -08:00 [INF] Access policy query filter started for users:read
2026-05-10 14:55:50.580 -08:00 [INF] Access policy query filter for users:read. UserId=790c2c93-d8e6-4b61-8a11-e4190a1c0805, Roles=[Admin], ActiveRules=6, SubjectMatched=1, ResourceActionMatched=1, Allows=1, Denies=0
2026-05-10 14:55:50.593 -08:00 [INF] MediatR handling completed GetUsersQuery in 29 ms
2026-05-10 14:55:50.595 -08:00 [INF] HTTP GET /api/Users completed with 200 in 41 ms (0HNLESL0KMR44:0000004D)
2026-05-10 14:55:50.968 -08:00 [INF] Authorization header exists: true
2026-05-10 14:55:50.971 -08:00 [INF] JWT token validated. IsAuthenticated=true
2026-05-10 14:55:50.973 -08:00 [INF] MediatR handling started GetUsersQuery
2026-05-10 14:55:50.975 -08:00 [INF] Access policy check started for users:read
2026-05-10 14:55:50.980 -08:00 [INF] Access policy evaluation for users:read. UserId=790c2c93-d8e6-4b61-8a11-e4190a1c0805, Roles=[Admin], ActiveRules=6, SubjectMatched=1, ResourceActionMatched=1, Allows=1, Denies=0, Decision=Allowed
2026-05-10 14:55:50.989 -08:00 [INF] Access policy query filter started for users:read
2026-05-10 14:55:50.992 -08:00 [INF] Access policy query filter for users:read. UserId=790c2c93-d8e6-4b61-8a11-e4190a1c0805, Roles=[Admin], ActiveRules=6, SubjectMatched=1, ResourceActionMatched=1, Allows=1, Denies=0
2026-05-10 14:55:51.004 -08:00 [INF] MediatR handling completed GetUsersQuery in 30 ms
2026-05-10 14:55:51.007 -08:00 [INF] HTTP GET /api/Users completed with 200 in 38 ms (0HNLESL0KMR44:0000004F)
2026-05-10 14:55:51.854 -08:00 [INF] Authorization header exists: false
2026-05-10 14:55:51.856 -08:00 [INF] JWT token validated. IsAuthenticated=true
2026-05-10 14:56:08.233 -08:00 [INF] Authorization header exists: true
2026-05-10 14:56:08.235 -08:00 [INF] JWT token validated. IsAuthenticated=true
2026-05-10 14:56:08.237 -08:00 [INF] MediatR handling started GetRolesQuery
2026-05-10 14:56:08.238 -08:00 [INF] Access policy check started for roles:read
2026-05-10 14:56:08.240 -08:00 [INF] Access policy evaluation for roles:read. UserId=790c2c93-d8e6-4b61-8a11-e4190a1c0805, Roles=[Admin], ActiveRules=6, SubjectMatched=1, ResourceActionMatched=1, Allows=1, Denies=0, Decision=Allowed
2026-05-10 14:56:08.242 -08:00 [INF] MediatR handling completed GetRolesQuery in 5 ms
2026-05-10 14:56:08.244 -08:00 [INF] HTTP GET /api/Roles completed with 200 in 10 ms (0HNLESL0KMR44:00000053)
2026-05-10 14:56:10.942 -08:00 [INF] HTTP CONNECT /hubs/sessions completed with 200 in 19088 ms (0HNLESL0KMR45:0000001B)
2026-05-10 14:56:11.058 -08:00 [INF] Authorization header exists: true
2026-05-10 14:56:11.060 -08:00 [INF] JWT token validated. IsAuthenticated=true
2026-05-10 14:56:11.061 -08:00 [INF] HTTP POST /hubs/sessions/negotiate completed with 200 in 3 ms (0HNLESL0KMR45:0000001D)
2026-05-10 14:56:11.097 -08:00 [INF] Authorization header exists: true
2026-05-10 14:56:11.099 -08:00 [INF] JWT token validated. IsAuthenticated=true
2026-05-10 14:56:11.100 -08:00 [INF] MediatR handling started GetUsersQuery
2026-05-10 14:56:11.101 -08:00 [INF] Access policy check started for users:read
2026-05-10 14:56:11.103 -08:00 [INF] Access policy evaluation for users:read. UserId=790c2c93-d8e6-4b61-8a11-e4190a1c0805, Roles=[Admin], ActiveRules=6, SubjectMatched=1, ResourceActionMatched=1, Allows=1, Denies=0, Decision=Allowed
2026-05-10 14:56:11.106 -08:00 [INF] Access policy query filter started for users:read
2026-05-10 14:56:11.109 -08:00 [INF] Access policy query filter for users:read. UserId=790c2c93-d8e6-4b61-8a11-e4190a1c0805, Roles=[Admin], ActiveRules=6, SubjectMatched=1, ResourceActionMatched=1, Allows=1, Denies=0
2026-05-10 14:56:11.114 -08:00 [INF] MediatR handling completed GetUsersQuery in 13 ms
2026-05-10 14:56:11.116 -08:00 [INF] HTTP GET /api/Users completed with 200 in 18 ms (0HNLESL0KMR44:00000059)
2026-05-10 14:56:11.428 -08:00 [INF] Authorization header exists: true
2026-05-10 14:56:11.430 -08:00 [INF] JWT token validated. IsAuthenticated=true
2026-05-10 14:56:11.431 -08:00 [INF] MediatR handling started GetUsersQuery
2026-05-10 14:56:11.432 -08:00 [INF] Access policy check started for users:read
2026-05-10 14:56:11.435 -08:00 [INF] Access policy evaluation for users:read. UserId=790c2c93-d8e6-4b61-8a11-e4190a1c0805, Roles=[Admin], ActiveRules=6, SubjectMatched=1, ResourceActionMatched=1, Allows=1, Denies=0, Decision=Allowed
2026-05-10 14:56:11.437 -08:00 [INF] Access policy query filter started for users:read
2026-05-10 14:56:11.439 -08:00 [INF] Access policy query filter for users:read. UserId=790c2c93-d8e6-4b61-8a11-e4190a1c0805, Roles=[Admin], ActiveRules=6, SubjectMatched=1, ResourceActionMatched=1, Allows=1, Denies=0
2026-05-10 14:56:11.443 -08:00 [INF] MediatR handling completed GetUsersQuery in 12 ms
2026-05-10 14:56:11.445 -08:00 [INF] HTTP GET /api/Users completed with 200 in 16 ms (0HNLESL0KMR44:0000005B)
2026-05-10 14:56:11.781 -08:00 [INF] Authorization header exists: false
2026-05-10 14:56:11.784 -08:00 [INF] JWT token validated. IsAuthenticated=true
2026-05-10 14:56:12.548 -08:00 [INF] Authorization header exists: true
2026-05-10 14:56:12.549 -08:00 [INF] Authorization header exists: true
2026-05-10 14:56:12.550 -08:00 [INF] Authorization header exists: true
2026-05-10 14:56:12.550 -08:00 [INF] Authorization header exists: true
2026-05-10 14:56:12.585 -08:00 [INF] JWT token validated. IsAuthenticated=true
2026-05-10 14:56:12.586 -08:00 [INF] JWT token validated. IsAuthenticated=true
2026-05-10 14:56:12.587 -08:00 [INF] JWT token validated. IsAuthenticated=true
2026-05-10 14:56:12.587 -08:00 [INF] JWT token validated. IsAuthenticated=true
2026-05-10 14:56:12.587 -08:00 [INF] MediatR handling started GetUsersDashboardQuery
2026-05-10 14:56:12.588 -08:00 [INF] MediatR handling started GetLogsQuery
2026-05-10 14:56:12.588 -08:00 [INF] MediatR handling started ListAccessPoliciesQuery
2026-05-10 14:56:12.589 -08:00 [INF] MediatR handling started GetErrorLogsQuery
2026-05-10 14:56:12.589 -08:00 [INF] Access policy check started for users:read
2026-05-10 14:56:12.590 -08:00 [INF] Access policy check started for logs:read
2026-05-10 14:56:12.590 -08:00 [INF] Access policy check started for accessPolicies:read
2026-05-10 14:56:12.591 -08:00 [INF] Access policy check started for errorLogs:read
2026-05-10 14:56:12.592 -08:00 [INF] Access policy evaluation for users:read. UserId=790c2c93-d8e6-4b61-8a11-e4190a1c0805, Roles=[Admin], ActiveRules=6, SubjectMatched=1, ResourceActionMatched=1, Allows=1, Denies=0, Decision=Allowed
2026-05-10 14:56:12.593 -08:00 [INF] Access policy evaluation for logs:read. UserId=790c2c93-d8e6-4b61-8a11-e4190a1c0805, Roles=[Admin], ActiveRules=6, SubjectMatched=1, ResourceActionMatched=1, Allows=1, Denies=0, Decision=Allowed
2026-05-10 14:56:12.594 -08:00 [INF] Access policy evaluation for accessPolicies:read. UserId=790c2c93-d8e6-4b61-8a11-e4190a1c0805, Roles=[Admin], ActiveRules=6, SubjectMatched=1, ResourceActionMatched=1, Allows=1, Denies=0, Decision=Allowed
2026-05-10 14:56:12.595 -08:00 [INF] Access policy evaluation for errorLogs:read. UserId=790c2c93-d8e6-4b61-8a11-e4190a1c0805, Roles=[Admin], ActiveRules=6, SubjectMatched=1, ResourceActionMatched=1, Allows=1, Denies=0, Decision=Allowed
2026-05-10 14:56:12.596 -08:00 [INF] Access policy query filter started for users:read
2026-05-10 14:56:12.602 -08:00 [INF] MediatR handling completed ListAccessPoliciesQuery in 13 ms
2026-05-10 14:56:12.607 -08:00 [INF] Access policy query filter for users:read. UserId=790c2c93-d8e6-4b61-8a11-e4190a1c0805, Roles=[Admin], ActiveRules=6, SubjectMatched=1, ResourceActionMatched=1, Allows=1, Denies=0
2026-05-10 14:56:12.607 -08:00 [INF] HTTP GET /api/AccessPolicies completed with 200 in 57 ms (0HNLESL0KMR44:0000006B)
2026-05-10 14:56:12.612 -08:00 [INF] MediatR handling completed GetErrorLogsQuery in 23 ms
2026-05-10 14:56:12.608 -08:00 [INF] MediatR handling completed GetLogsQuery in 19 ms
2026-05-10 14:56:12.614 -08:00 [INF] HTTP GET /api/error-logs completed with 200 in 64 ms (0HNLESL0KMR44:00000069)
2026-05-10 14:56:12.616 -08:00 [INF] HTTP GET /api/Logs completed with 200 in 66 ms (0HNLESL0KMR44:00000067)
2026-05-10 14:56:12.620 -08:00 [INF] MediatR handling completed GetUsersDashboardQuery in 32 ms
2026-05-10 14:56:12.621 -08:00 [INF] HTTP GET /api/Users/dashboard completed with 200 in 72 ms (0HNLESL0KMR44:00000065)
2026-05-10 15:03:13.121 -08:00 [INF] HTTP CONNECT /hubs/sessions completed with 200 in 421339 ms (0HNLESL0KMR45:0000001F)
2026-05-10 15:03:13.501 -08:00 [INF] Authorization header exists: true
2026-05-10 15:03:13.544 -08:00 [ERR] JWT authentication failed
Microsoft.IdentityModel.Tokens.SecurityTokenExpiredException: IDX10223: Lifetime validation failed. The token is expired. ValidTo (UTC): '10-05-2026 23:02:33', Current time (UTC): '10-05-2026 23:03:13'.
   at Microsoft.IdentityModel.Tokens.ValidatorUtilities.ValidateLifetime(Nullable`1 notBefore, Nullable`1 expires, SecurityToken securityToken, TokenValidationParameters validationParameters)
   at Microsoft.IdentityModel.JsonWebTokens.JsonWebTokenHandler.ValidateTokenPayloadAsync(JsonWebToken jsonWebToken, TokenValidationParameters validationParameters, BaseConfiguration configuration)
   at Microsoft.IdentityModel.JsonWebTokens.JsonWebTokenHandler.ValidateJWSAsync(JsonWebToken jsonWebToken, TokenValidationParameters validationParameters, BaseConfiguration configuration)
2026-05-10 15:03:13.572 -08:00 [WRN] JWT challenge. Error=invalid_token, Description=The token expired at '05/10/2026 23:02:33'
2026-05-10 15:03:13.579 -08:00 [INF] HTTP POST /hubs/sessions/negotiate completed with 401 in 77 ms (0HNLESL0KMR45:00000021)
2026-05-10 15:03:13.602 -08:00 [INF] Authorization header exists: true
2026-05-10 15:03:13.627 -08:00 [ERR] JWT authentication failed
Microsoft.IdentityModel.Tokens.SecurityTokenExpiredException: IDX10223: Lifetime validation failed. The token is expired. ValidTo (UTC): '10-05-2026 23:02:33', Current time (UTC): '10-05-2026 23:03:13'.
   at Microsoft.IdentityModel.Tokens.ValidatorUtilities.ValidateLifetime(Nullable`1 notBefore, Nullable`1 expires, SecurityToken securityToken, TokenValidationParameters validationParameters)
   at Microsoft.IdentityModel.JsonWebTokens.JsonWebTokenHandler.ValidateTokenPayloadAsync(JsonWebToken jsonWebToken, TokenValidationParameters validationParameters, BaseConfiguration configuration)
   at Microsoft.IdentityModel.JsonWebTokens.JsonWebTokenHandler.ValidateJWSAsync(JsonWebToken jsonWebToken, TokenValidationParameters validationParameters, BaseConfiguration configuration)
2026-05-10 15:03:13.630 -08:00 [WRN] JWT challenge. Error=invalid_token, Description=The token expired at '05/10/2026 23:02:33'
2026-05-10 15:03:13.631 -08:00 [INF] HTTP GET /api/Users completed with 401 in 29 ms (0HNLESL0KMR44:00000071)
2026-05-10 15:03:14.132 -08:00 [INF] Authorization header exists: true
2026-05-10 15:03:14.153 -08:00 [ERR] JWT authentication failed
Microsoft.IdentityModel.Tokens.SecurityTokenExpiredException: IDX10223: Lifetime validation failed. The token is expired. ValidTo (UTC): '10-05-2026 23:02:33', Current time (UTC): '10-05-2026 23:03:14'.
   at Microsoft.IdentityModel.Tokens.ValidatorUtilities.ValidateLifetime(Nullable`1 notBefore, Nullable`1 expires, SecurityToken securityToken, TokenValidationParameters validationParameters)
   at Microsoft.IdentityModel.JsonWebTokens.JsonWebTokenHandler.ValidateTokenPayloadAsync(JsonWebToken jsonWebToken, TokenValidationParameters validationParameters, BaseConfiguration configuration)
   at Microsoft.IdentityModel.JsonWebTokens.JsonWebTokenHandler.ValidateJWSAsync(JsonWebToken jsonWebToken, TokenValidationParameters validationParameters, BaseConfiguration configuration)
2026-05-10 15:03:14.155 -08:00 [WRN] JWT challenge. Error=invalid_token, Description=The token expired at '05/10/2026 23:02:33'
2026-05-10 15:03:14.156 -08:00 [INF] HTTP GET /api/Users completed with 401 in 24 ms (0HNLESL0KMR44:00000073)
2026-05-10 15:04:09.917 -08:00 [INF] Authorization header exists: false
2026-05-10 15:04:09.940 -08:00 [INF] MediatR handling started LoginCommand
2026-05-10 15:04:10.255 -08:00 [INF] MediatR handling completed LoginCommand in 315 ms
2026-05-10 15:04:10.259 -08:00 [INF] HTTP POST /api/Auth/login completed with 200 in 342 ms (0HNLESL0KMR44:00000077)
2026-05-10 15:04:10.351 -08:00 [INF] Authorization header exists: true
2026-05-10 15:04:10.356 -08:00 [INF] JWT token validated. IsAuthenticated=true
2026-05-10 15:04:10.358 -08:00 [INF] HTTP POST /hubs/sessions/negotiate completed with 200 in 6 ms (0HNLESL0KMR45:00000023)
2026-05-10 15:04:10.398 -08:00 [INF] Authorization header exists: true
2026-05-10 15:04:10.400 -08:00 [INF] JWT token validated. IsAuthenticated=true
2026-05-10 15:04:10.401 -08:00 [INF] MediatR handling started GetUsersQuery
2026-05-10 15:04:10.402 -08:00 [INF] Access policy check started for users:read
2026-05-10 15:04:10.405 -08:00 [INF] Access policy evaluation for users:read. UserId=790c2c93-d8e6-4b61-8a11-e4190a1c0805, Roles=[Admin], ActiveRules=6, SubjectMatched=1, ResourceActionMatched=1, Allows=1, Denies=0, Decision=Allowed
2026-05-10 15:04:10.407 -08:00 [INF] Access policy query filter started for users:read
2026-05-10 15:04:10.408 -08:00 [INF] Access policy query filter for users:read. UserId=790c2c93-d8e6-4b61-8a11-e4190a1c0805, Roles=[Admin], ActiveRules=6, SubjectMatched=1, ResourceActionMatched=1, Allows=1, Denies=0
2026-05-10 15:04:10.414 -08:00 [INF] MediatR handling completed GetUsersQuery in 12 ms
2026-05-10 15:04:10.415 -08:00 [INF] HTTP GET /api/Users completed with 200 in 17 ms (0HNLESL0KMR44:0000007D)
2026-05-10 15:04:10.744 -08:00 [INF] Authorization header exists: true
2026-05-10 15:04:10.746 -08:00 [INF] JWT token validated. IsAuthenticated=true
2026-05-10 15:04:10.747 -08:00 [INF] MediatR handling started GetUsersQuery
2026-05-10 15:04:10.748 -08:00 [INF] Access policy check started for users:read
2026-05-10 15:04:10.749 -08:00 [INF] Access policy evaluation for users:read. UserId=790c2c93-d8e6-4b61-8a11-e4190a1c0805, Roles=[Admin], ActiveRules=6, SubjectMatched=1, ResourceActionMatched=1, Allows=1, Denies=0, Decision=Allowed
2026-05-10 15:04:10.751 -08:00 [INF] Access policy query filter started for users:read
2026-05-10 15:04:10.753 -08:00 [INF] Access policy query filter for users:read. UserId=790c2c93-d8e6-4b61-8a11-e4190a1c0805, Roles=[Admin], ActiveRules=6, SubjectMatched=1, ResourceActionMatched=1, Allows=1, Denies=0
2026-05-10 15:04:10.758 -08:00 [INF] MediatR handling completed GetUsersQuery in 11 ms
2026-05-10 15:04:10.759 -08:00 [INF] HTTP GET /api/Users completed with 200 in 15 ms (0HNLESL0KMR44:0000007F)
2026-05-10 15:04:11.095 -08:00 [INF] Authorization header exists: false
2026-05-10 15:04:11.097 -08:00 [INF] JWT token validated. IsAuthenticated=true
2026-05-10 15:04:12.641 -08:00 [INF] Authorization header exists: true
2026-05-10 15:04:12.643 -08:00 [INF] JWT token validated. IsAuthenticated=true
2026-05-10 15:04:12.645 -08:00 [INF] MediatR handling started GetRolesQuery
2026-05-10 15:04:12.646 -08:00 [INF] Access policy check started for roles:read
2026-05-10 15:04:12.648 -08:00 [INF] Access policy evaluation for roles:read. UserId=790c2c93-d8e6-4b61-8a11-e4190a1c0805, Roles=[Admin], ActiveRules=6, SubjectMatched=1, ResourceActionMatched=1, Allows=1, Denies=0, Decision=Allowed
2026-05-10 15:04:12.650 -08:00 [INF] MediatR handling completed GetRolesQuery in 5 ms
2026-05-10 15:04:12.651 -08:00 [INF] HTTP GET /api/Roles completed with 200 in 9 ms (0HNLESL0KMR44:00000083)
2026-05-10 15:04:13.008 -08:00 [INF] Authorization header exists: true
2026-05-10 15:04:13.009 -08:00 [INF] Authorization header exists: true
2026-05-10 15:04:13.010 -08:00 [INF] JWT token validated. IsAuthenticated=true
2026-05-10 15:04:13.026 -08:00 [INF] MediatR handling started ListAccessPoliciesQuery
2026-05-10 15:04:13.027 -08:00 [INF] Access policy check started for accessPolicies:read
2026-05-10 15:04:13.030 -08:00 [INF] Access policy evaluation for accessPolicies:read. UserId=790c2c93-d8e6-4b61-8a11-e4190a1c0805, Roles=[Admin], ActiveRules=6, SubjectMatched=1, ResourceActionMatched=1, Allows=1, Denies=0, Decision=Allowed
2026-05-10 15:04:13.033 -08:00 [INF] MediatR handling completed ListAccessPoliciesQuery in 7 ms
2026-05-10 15:04:13.035 -08:00 [INF] HTTP GET /api/AccessPolicies completed with 200 in 27 ms (0HNLESL0KMR44:0000008B)
2026-05-10 15:04:13.052 -08:00 [INF] JWT token validated. IsAuthenticated=true
2026-05-10 15:04:13.059 -08:00 [INF] MediatR handling started GetAccessPolicyOptionsQuery
2026-05-10 15:04:13.061 -08:00 [INF] Access policy check started for accessPolicies:read
2026-05-10 15:04:13.063 -08:00 [INF] Access policy evaluation for accessPolicies:read. UserId=790c2c93-d8e6-4b61-8a11-e4190a1c0805, Roles=[Admin], ActiveRules=6, SubjectMatched=1, ResourceActionMatched=1, Allows=1, Denies=0, Decision=Allowed
2026-05-10 15:04:13.076 -08:00 [INF] MediatR handling completed GetAccessPolicyOptionsQuery in 16 ms
2026-05-10 15:04:13.085 -08:00 [INF] HTTP GET /api/AccessPolicies/options completed with 200 in 76 ms (0HNLESL0KMR44:00000089)
2026-05-10 15:04:14.672 -08:00 [INF] Authorization header exists: true
2026-05-10 15:04:14.674 -08:00 [INF] JWT token validated. IsAuthenticated=true
2026-05-10 15:04:14.675 -08:00 [INF] MediatR handling started GetRolesQuery
2026-05-10 15:04:14.676 -08:00 [INF] Access policy check started for roles:read
2026-05-10 15:04:14.677 -08:00 [INF] Access policy evaluation for roles:read. UserId=790c2c93-d8e6-4b61-8a11-e4190a1c0805, Roles=[Admin], ActiveRules=6, SubjectMatched=1, ResourceActionMatched=1, Allows=1, Denies=0, Decision=Allowed
2026-05-10 15:04:14.682 -08:00 [INF] MediatR handling completed GetRolesQuery in 6 ms
2026-05-10 15:04:14.683 -08:00 [INF] HTTP GET /api/Roles completed with 200 in 10 ms (0HNLESL0KMR44:0000008D)
2026-05-10 15:04:16.601 -08:00 [INF] Authorization header exists: true
2026-05-10 15:04:16.603 -08:00 [INF] JWT token validated. IsAuthenticated=true
2026-05-10 15:04:16.604 -08:00 [INF] MediatR handling started GetUsersQuery
2026-05-10 15:04:16.605 -08:00 [INF] Access policy check started for users:read
2026-05-10 15:04:16.607 -08:00 [INF] Access policy evaluation for users:read. UserId=790c2c93-d8e6-4b61-8a11-e4190a1c0805, Roles=[Admin], ActiveRules=6, SubjectMatched=1, ResourceActionMatched=1, Allows=1, Denies=0, Decision=Allowed
2026-05-10 15:04:16.608 -08:00 [INF] Access policy query filter started for users:read
2026-05-10 15:04:16.612 -08:00 [INF] Access policy query filter for users:read. UserId=790c2c93-d8e6-4b61-8a11-e4190a1c0805, Roles=[Admin], ActiveRules=6, SubjectMatched=1, ResourceActionMatched=1, Allows=1, Denies=0
2026-05-10 15:04:16.618 -08:00 [INF] MediatR handling completed GetUsersQuery in 14 ms
2026-05-10 15:04:16.619 -08:00 [INF] HTTP GET /api/Users completed with 200 in 17 ms (0HNLESL0KMR44:00000091)
2026-05-10 15:04:17.912 -08:00 [INF] Authorization header exists: true
2026-05-10 15:04:17.912 -08:00 [INF] Authorization header exists: true
2026-05-10 15:04:17.913 -08:00 [INF] JWT token validated. IsAuthenticated=true
2026-05-10 15:04:17.913 -08:00 [INF] JWT token validated. IsAuthenticated=true
2026-05-10 15:04:17.914 -08:00 [INF] MediatR handling started GetUserPermissionGraphQuery
2026-05-10 15:04:17.915 -08:00 [INF] MediatR handling started GetUserByIdQuery
2026-05-10 15:04:17.915 -08:00 [INF] Access policy check started for users:read
2026-05-10 15:04:17.916 -08:00 [INF] Access policy check started for users:read
2026-05-10 15:04:17.918 -08:00 [INF] Access policy evaluation for users:read. UserId=790c2c93-d8e6-4b61-8a11-e4190a1c0805, Roles=[Admin], ActiveRules=6, SubjectMatched=1, ResourceActionMatched=1, Allows=1, Denies=0, Decision=Allowed
2026-05-10 15:04:17.918 -08:00 [INF] Access policy evaluation for users:read. UserId=790c2c93-d8e6-4b61-8a11-e4190a1c0805, Roles=[Admin], ActiveRules=6, SubjectMatched=1, ResourceActionMatched=1, Allows=1, Denies=0, Decision=Allowed
2026-05-10 15:04:17.920 -08:00 [INF] Access policy query filter started for users:read
2026-05-10 15:04:17.921 -08:00 [INF] Access policy query filter started for users:read
2026-05-10 15:04:17.923 -08:00 [INF] Access policy query filter for users:read. UserId=790c2c93-d8e6-4b61-8a11-e4190a1c0805, Roles=[Admin], ActiveRules=6, SubjectMatched=1, ResourceActionMatched=1, Allows=1, Denies=0
2026-05-10 15:04:17.924 -08:00 [INF] Access policy query filter for users:read. UserId=790c2c93-d8e6-4b61-8a11-e4190a1c0805, Roles=[Admin], ActiveRules=6, SubjectMatched=1, ResourceActionMatched=1, Allows=1, Denies=0
2026-05-10 15:04:17.928 -08:00 [INF] MediatR handling completed GetUserByIdQuery in 13 ms
2026-05-10 15:04:17.928 -08:00 [INF] MediatR handling completed GetUserPermissionGraphQuery in 13 ms
2026-05-10 15:04:17.929 -08:00 [INF] HTTP GET /api/Users/d1ed8be4-9703-45f0-935f-3c39601b55e1 completed with 200 in 16 ms (0HNLESL0KMR44:00000097)
2026-05-10 15:04:17.930 -08:00 [INF] HTTP GET /api/Users/d1ed8be4-9703-45f0-935f-3c39601b55e1/permission-graph completed with 200 in 17 ms (0HNLESL0KMR44:00000099)
2026-05-10 15:05:28.312 -08:00 [INF] HTTP CONNECT /hubs/sessions completed with 200 in 77217 ms (0HNLESL0KMR45:00000025)
2026-05-10 15:05:28.443 -08:00 [INF] Authorization header exists: true
2026-05-10 15:05:28.445 -08:00 [INF] JWT token validated. IsAuthenticated=true
2026-05-10 15:05:28.446 -08:00 [INF] HTTP POST /hubs/sessions/negotiate completed with 200 in 3 ms (0HNLESL0KMR45:00000027)
2026-05-10 15:05:28.484 -08:00 [INF] Authorization header exists: true
2026-05-10 15:05:28.486 -08:00 [INF] JWT token validated. IsAuthenticated=true
2026-05-10 15:05:28.487 -08:00 [INF] MediatR handling started GetUsersQuery
2026-05-10 15:05:28.488 -08:00 [INF] Access policy check started for users:read
2026-05-10 15:05:28.489 -08:00 [INF] Access policy evaluation for users:read. UserId=790c2c93-d8e6-4b61-8a11-e4190a1c0805, Roles=[Admin], ActiveRules=6, SubjectMatched=1, ResourceActionMatched=1, Allows=1, Denies=0, Decision=Allowed
2026-05-10 15:05:28.491 -08:00 [INF] Access policy query filter started for users:read
2026-05-10 15:05:28.494 -08:00 [INF] Access policy query filter for users:read. UserId=790c2c93-d8e6-4b61-8a11-e4190a1c0805, Roles=[Admin], ActiveRules=6, SubjectMatched=1, ResourceActionMatched=1, Allows=1, Denies=0
2026-05-10 15:05:28.499 -08:00 [INF] MediatR handling completed GetUsersQuery in 11 ms
2026-05-10 15:05:28.500 -08:00 [INF] HTTP GET /api/Users completed with 200 in 16 ms (0HNLESL0KMR44:0000009F)
2026-05-10 15:05:28.775 -08:00 [INF] Authorization header exists: true
2026-05-10 15:05:28.778 -08:00 [INF] JWT token validated. IsAuthenticated=true
2026-05-10 15:05:28.779 -08:00 [INF] MediatR handling started GetUsersQuery
2026-05-10 15:05:28.780 -08:00 [INF] Access policy check started for users:read
2026-05-10 15:05:28.782 -08:00 [INF] Access policy evaluation for users:read. UserId=790c2c93-d8e6-4b61-8a11-e4190a1c0805, Roles=[Admin], ActiveRules=6, SubjectMatched=1, ResourceActionMatched=1, Allows=1, Denies=0, Decision=Allowed
2026-05-10 15:05:28.785 -08:00 [INF] Access policy query filter started for users:read
2026-05-10 15:05:28.787 -08:00 [INF] Access policy query filter for users:read. UserId=790c2c93-d8e6-4b61-8a11-e4190a1c0805, Roles=[Admin], ActiveRules=6, SubjectMatched=1, ResourceActionMatched=1, Allows=1, Denies=0
2026-05-10 15:05:28.791 -08:00 [INF] MediatR handling completed GetUsersQuery in 12 ms
2026-05-10 15:05:28.792 -08:00 [INF] HTTP GET /api/Users completed with 200 in 17 ms (0HNLESL0KMR44:000000A1)
2026-05-10 15:05:29.139 -08:00 [INF] Authorization header exists: false
2026-05-10 15:05:29.142 -08:00 [INF] JWT token validated. IsAuthenticated=true
2026-05-10 15:05:33.837 -08:00 [INF] Authorization header exists: true
2026-05-10 15:05:33.837 -08:00 [INF] Authorization header exists: true
2026-05-10 15:05:33.838 -08:00 [INF] JWT token validated. IsAuthenticated=true
2026-05-10 15:05:33.838 -08:00 [INF] JWT token validated. IsAuthenticated=true
2026-05-10 15:05:33.839 -08:00 [INF] MediatR handling started GetUserByIdQuery
2026-05-10 15:05:33.840 -08:00 [INF] MediatR handling started GetUserPermissionGraphQuery
2026-05-10 15:05:33.840 -08:00 [INF] Access policy check started for users:read
2026-05-10 15:05:33.841 -08:00 [INF] Access policy check started for users:read
2026-05-10 15:05:33.843 -08:00 [INF] Access policy evaluation for users:read. UserId=790c2c93-d8e6-4b61-8a11-e4190a1c0805, Roles=[Admin], ActiveRules=6, SubjectMatched=1, ResourceActionMatched=1, Allows=1, Denies=0, Decision=Allowed
2026-05-10 15:05:33.843 -08:00 [INF] Access policy evaluation for users:read. UserId=790c2c93-d8e6-4b61-8a11-e4190a1c0805, Roles=[Admin], ActiveRules=6, SubjectMatched=1, ResourceActionMatched=1, Allows=1, Denies=0, Decision=Allowed
2026-05-10 15:05:33.844 -08:00 [INF] Access policy query filter started for users:read
2026-05-10 15:05:33.845 -08:00 [INF] Access policy query filter started for users:read
2026-05-10 15:05:33.847 -08:00 [INF] Access policy query filter for users:read. UserId=790c2c93-d8e6-4b61-8a11-e4190a1c0805, Roles=[Admin], ActiveRules=6, SubjectMatched=1, ResourceActionMatched=1, Allows=1, Denies=0
2026-05-10 15:05:33.848 -08:00 [INF] Access policy query filter for users:read. UserId=790c2c93-d8e6-4b61-8a11-e4190a1c0805, Roles=[Admin], ActiveRules=6, SubjectMatched=1, ResourceActionMatched=1, Allows=1, Denies=0
2026-05-10 15:05:33.852 -08:00 [INF] MediatR handling completed GetUserByIdQuery in 13 ms
2026-05-10 15:05:33.853 -08:00 [INF] MediatR handling completed GetUserPermissionGraphQuery in 13 ms
2026-05-10 15:05:33.853 -08:00 [INF] HTTP GET /api/Users/d1ed8be4-9703-45f0-935f-3c39601b55e1 completed with 200 in 16 ms (0HNLESL0KMR44:000000A7)
2026-05-10 15:05:33.854 -08:00 [INF] HTTP GET /api/Users/d1ed8be4-9703-45f0-935f-3c39601b55e1/permission-graph completed with 200 in 17 ms (0HNLESL0KMR44:000000A9)
2026-05-10 15:09:00.210 -08:00 [INF] HTTP CONNECT /hubs/sessions completed with 200 in 211071 ms (0HNLESL0KMR45:00000029)
2026-05-10 15:09:00.582 -08:00 [INF] Authorization header exists: true
2026-05-10 15:09:00.629 -08:00 [INF] JWT token validated. IsAuthenticated=true
2026-05-10 15:09:00.630 -08:00 [INF] HTTP POST /hubs/sessions/negotiate completed with 200 in 48 ms (0HNLESL0KMR45:0000002B)
2026-05-10 15:09:00.680 -08:00 [INF] Authorization header exists: true
2026-05-10 15:09:00.682 -08:00 [INF] JWT token validated. IsAuthenticated=true
2026-05-10 15:09:00.683 -08:00 [INF] MediatR handling started GetUsersQuery
2026-05-10 15:09:00.684 -08:00 [INF] Access policy check started for users:read
2026-05-10 15:09:00.688 -08:00 [INF] Access policy evaluation for users:read. UserId=790c2c93-d8e6-4b61-8a11-e4190a1c0805, Roles=[Admin], ActiveRules=6, SubjectMatched=1, ResourceActionMatched=1, Allows=1, Denies=0, Decision=Allowed
2026-05-10 15:09:00.691 -08:00 [INF] Access policy query filter started for users:read
2026-05-10 15:09:00.693 -08:00 [INF] Access policy query filter for users:read. UserId=790c2c93-d8e6-4b61-8a11-e4190a1c0805, Roles=[Admin], ActiveRules=6, SubjectMatched=1, ResourceActionMatched=1, Allows=1, Denies=0
2026-05-10 15:09:00.703 -08:00 [INF] MediatR handling completed GetUsersQuery in 19 ms
2026-05-10 15:09:00.704 -08:00 [INF] HTTP GET /api/Users completed with 200 in 23 ms (0HNLESL0KMR44:000000AF)
2026-05-10 15:09:01.202 -08:00 [INF] Authorization header exists: true
2026-05-10 15:09:01.204 -08:00 [INF] JWT token validated. IsAuthenticated=true
2026-05-10 15:09:01.205 -08:00 [INF] MediatR handling started GetUsersQuery
2026-05-10 15:09:01.207 -08:00 [INF] Access policy check started for users:read
2026-05-10 15:09:01.209 -08:00 [INF] Access policy evaluation for users:read. UserId=790c2c93-d8e6-4b61-8a11-e4190a1c0805, Roles=[Admin], ActiveRules=6, SubjectMatched=1, ResourceActionMatched=1, Allows=1, Denies=0, Decision=Allowed
2026-05-10 15:09:01.212 -08:00 [INF] Access policy query filter started for users:read
2026-05-10 15:09:01.215 -08:00 [INF] Access policy query filter for users:read. UserId=790c2c93-d8e6-4b61-8a11-e4190a1c0805, Roles=[Admin], ActiveRules=6, SubjectMatched=1, ResourceActionMatched=1, Allows=1, Denies=0
2026-05-10 15:09:01.222 -08:00 [INF] MediatR handling completed GetUsersQuery in 16 ms
2026-05-10 15:09:01.223 -08:00 [INF] HTTP GET /api/Users completed with 200 in 21 ms (0HNLESL0KMR44:000000B1)
2026-05-10 15:09:01.574 -08:00 [INF] Authorization header exists: false
2026-05-10 15:09:01.575 -08:00 [INF] JWT token validated. IsAuthenticated=true
2026-05-10 15:09:05.983 -08:00 [INF] Authorization header exists: true
2026-05-10 15:09:05.985 -08:00 [INF] JWT token validated. IsAuthenticated=true
2026-05-10 15:09:05.986 -08:00 [INF] MediatR handling started GetUsersQuery
2026-05-10 15:09:05.987 -08:00 [INF] Access policy check started for users:read
2026-05-10 15:09:05.989 -08:00 [INF] Access policy evaluation for users:read. UserId=790c2c93-d8e6-4b61-8a11-e4190a1c0805, Roles=[Admin], ActiveRules=6, SubjectMatched=1, ResourceActionMatched=1, Allows=1, Denies=0, Decision=Allowed
2026-05-10 15:09:05.991 -08:00 [INF] Access policy query filter started for users:read
2026-05-10 15:09:05.992 -08:00 [INF] Access policy query filter for users:read. UserId=790c2c93-d8e6-4b61-8a11-e4190a1c0805, Roles=[Admin], ActiveRules=6, SubjectMatched=1, ResourceActionMatched=1, Allows=1, Denies=0
2026-05-10 15:09:05.996 -08:00 [INF] MediatR handling completed GetUsersQuery in 10 ms
2026-05-10 15:09:05.997 -08:00 [INF] HTTP GET /api/Users completed with 200 in 14 ms (0HNLESL0KMR44:000000B5)
2026-05-10 15:09:11.165 -08:00 [INF] HTTP CONNECT /hubs/sessions completed with 200 in 9590 ms (0HNLESL0KMR45:0000002D)
2026-05-10 15:09:11.436 -08:00 [INF] Authorization header exists: true
2026-05-10 15:09:11.438 -08:00 [INF] JWT token validated. IsAuthenticated=true
2026-05-10 15:09:11.439 -08:00 [INF] HTTP POST /hubs/sessions/negotiate completed with 200 in 3 ms (0HNLESL0KMR45:0000002F)
2026-05-10 15:09:11.513 -08:00 [INF] Authorization header exists: true
2026-05-10 15:09:11.515 -08:00 [INF] JWT token validated. IsAuthenticated=true
2026-05-10 15:09:11.516 -08:00 [INF] MediatR handling started GetUsersQuery
2026-05-10 15:09:11.517 -08:00 [INF] Access policy check started for users:read
2026-05-10 15:09:11.519 -08:00 [INF] Access policy evaluation for users:read. UserId=790c2c93-d8e6-4b61-8a11-e4190a1c0805, Roles=[Admin], ActiveRules=6, SubjectMatched=1, ResourceActionMatched=1, Allows=1, Denies=0, Decision=Allowed
2026-05-10 15:09:11.522 -08:00 [INF] Access policy query filter started for users:read
2026-05-10 15:09:11.524 -08:00 [INF] Access policy query filter for users:read. UserId=790c2c93-d8e6-4b61-8a11-e4190a1c0805, Roles=[Admin], ActiveRules=6, SubjectMatched=1, ResourceActionMatched=1, Allows=1, Denies=0
2026-05-10 15:09:11.529 -08:00 [INF] MediatR handling completed GetUsersQuery in 12 ms
2026-05-10 15:09:11.530 -08:00 [INF] HTTP GET /api/Users completed with 200 in 17 ms (0HNLESL0KMR44:000000BB)
2026-05-10 15:09:12.107 -08:00 [INF] Authorization header exists: true
2026-05-10 15:09:12.108 -08:00 [INF] JWT token validated. IsAuthenticated=true
2026-05-10 15:09:12.109 -08:00 [INF] MediatR handling started GetUsersQuery
2026-05-10 15:09:12.110 -08:00 [INF] Access policy check started for users:read
2026-05-10 15:09:12.112 -08:00 [INF] Access policy evaluation for users:read. UserId=790c2c93-d8e6-4b61-8a11-e4190a1c0805, Roles=[Admin], ActiveRules=6, SubjectMatched=1, ResourceActionMatched=1, Allows=1, Denies=0, Decision=Allowed
2026-05-10 15:09:12.114 -08:00 [INF] Access policy query filter started for users:read
2026-05-10 15:09:12.115 -08:00 [INF] Access policy query filter for users:read. UserId=790c2c93-d8e6-4b61-8a11-e4190a1c0805, Roles=[Admin], ActiveRules=6, SubjectMatched=1, ResourceActionMatched=1, Allows=1, Denies=0
2026-05-10 15:09:12.119 -08:00 [INF] MediatR handling completed GetUsersQuery in 9 ms
2026-05-10 15:09:12.120 -08:00 [INF] HTTP GET /api/Users completed with 200 in 13 ms (0HNLESL0KMR44:000000BD)
2026-05-10 15:09:12.410 -08:00 [INF] Authorization header exists: false
2026-05-10 15:09:12.413 -08:00 [INF] JWT token validated. IsAuthenticated=true
2026-05-10 15:09:17.837 -08:00 [INF] Authorization header exists: true
2026-05-10 15:09:17.839 -08:00 [INF] JWT token validated. IsAuthenticated=true
2026-05-10 15:09:17.840 -08:00 [INF] MediatR handling started GetUsersQuery
2026-05-10 15:09:17.840 -08:00 [INF] Access policy check started for users:read
2026-05-10 15:09:17.842 -08:00 [INF] Access policy evaluation for users:read. UserId=790c2c93-d8e6-4b61-8a11-e4190a1c0805, Roles=[Admin], ActiveRules=6, SubjectMatched=1, ResourceActionMatched=1, Allows=1, Denies=0, Decision=Allowed
2026-05-10 15:09:17.844 -08:00 [INF] Access policy query filter started for users:read
2026-05-10 15:09:17.846 -08:00 [INF] Access policy query filter for users:read. UserId=790c2c93-d8e6-4b61-8a11-e4190a1c0805, Roles=[Admin], ActiveRules=6, SubjectMatched=1, ResourceActionMatched=1, Allows=1, Denies=0
2026-05-10 15:09:17.849 -08:00 [INF] MediatR handling completed GetUsersQuery in 9 ms
2026-05-10 15:09:17.850 -08:00 [INF] HTTP GET /api/Users completed with 200 in 12 ms (0HNLESL0KMR44:000000C1)
2026-05-10 15:10:39.135 -08:00 [INF] HTTP CONNECT /hubs/sessions completed with 200 in 86724 ms (0HNLESL0KMR45:00000031)
2026-05-10 15:10:43.222 -08:00 [INF] Authorization header exists: true
2026-05-10 15:10:43.224 -08:00 [INF] JWT token validated. IsAuthenticated=true
2026-05-10 15:10:43.225 -08:00 [INF] HTTP POST /hubs/sessions/negotiate completed with 200 in 3 ms (0HNLESL0KMR45:00000033)
2026-05-10 15:10:43.292 -08:00 [INF] Authorization header exists: true
2026-05-10 15:10:43.294 -08:00 [INF] JWT token validated. IsAuthenticated=true
2026-05-10 15:10:43.295 -08:00 [INF] MediatR handling started GetUsersQuery
2026-05-10 15:10:43.295 -08:00 [INF] Access policy check started for users:read
2026-05-10 15:10:43.297 -08:00 [INF] Access policy evaluation for users:read. UserId=790c2c93-d8e6-4b61-8a11-e4190a1c0805, Roles=[Admin], ActiveRules=6, SubjectMatched=1, ResourceActionMatched=1, Allows=1, Denies=0, Decision=Allowed
2026-05-10 15:10:43.299 -08:00 [INF] Access policy query filter started for users:read
2026-05-10 15:10:43.300 -08:00 [INF] Access policy query filter for users:read. UserId=790c2c93-d8e6-4b61-8a11-e4190a1c0805, Roles=[Admin], ActiveRules=6, SubjectMatched=1, ResourceActionMatched=1, Allows=1, Denies=0
2026-05-10 15:10:43.304 -08:00 [INF] MediatR handling completed GetUsersQuery in 9 ms
2026-05-10 15:10:43.305 -08:00 [INF] HTTP GET /api/Users completed with 200 in 13 ms (0HNLESL0KMR44:000000C7)
2026-05-10 15:10:43.756 -08:00 [INF] Authorization header exists: true
2026-05-10 15:10:43.758 -08:00 [INF] JWT token validated. IsAuthenticated=true
2026-05-10 15:10:43.759 -08:00 [INF] MediatR handling started GetUsersQuery
2026-05-10 15:10:43.761 -08:00 [INF] Access policy check started for users:read
2026-05-10 15:10:43.763 -08:00 [INF] Access policy evaluation for users:read. UserId=790c2c93-d8e6-4b61-8a11-e4190a1c0805, Roles=[Admin], ActiveRules=6, SubjectMatched=1, ResourceActionMatched=1, Allows=1, Denies=0, Decision=Allowed
2026-05-10 15:10:43.766 -08:00 [INF] Access policy query filter started for users:read
2026-05-10 15:10:43.768 -08:00 [INF] Access policy query filter for users:read. UserId=790c2c93-d8e6-4b61-8a11-e4190a1c0805, Roles=[Admin], ActiveRules=6, SubjectMatched=1, ResourceActionMatched=1, Allows=1, Denies=0
2026-05-10 15:10:43.776 -08:00 [INF] MediatR handling completed GetUsersQuery in 16 ms
2026-05-10 15:10:43.778 -08:00 [INF] HTTP GET /api/Users completed with 200 in 22 ms (0HNLESL0KMR44:000000C9)
2026-05-10 15:10:44.210 -08:00 [INF] Authorization header exists: false
2026-05-10 15:10:44.215 -08:00 [INF] JWT token validated. IsAuthenticated=true
2026-05-10 15:10:44.398 -08:00 [INF] HTTP CONNECT /hubs/sessions completed with 200 in 188 ms (0HNLESL0KMR45:00000035)
2026-05-10 15:10:44.944 -08:00 [INF] Authorization header exists: true
2026-05-10 15:10:44.947 -08:00 [INF] JWT token validated. IsAuthenticated=true
2026-05-10 15:10:44.948 -08:00 [INF] HTTP POST /hubs/sessions/negotiate completed with 200 in 3 ms (0HNLESL0KMR45:00000037)
2026-05-10 15:10:45.034 -08:00 [INF] Authorization header exists: true
2026-05-10 15:10:45.036 -08:00 [INF] JWT token validated. IsAuthenticated=true
2026-05-10 15:10:45.037 -08:00 [INF] MediatR handling started GetUsersQuery
2026-05-10 15:10:45.038 -08:00 [INF] Access policy check started for users:read
2026-05-10 15:10:45.040 -08:00 [INF] Access policy evaluation for users:read. UserId=790c2c93-d8e6-4b61-8a11-e4190a1c0805, Roles=[Admin], ActiveRules=6, SubjectMatched=1, ResourceActionMatched=1, Allows=1, Denies=0, Decision=Allowed
2026-05-10 15:10:45.042 -08:00 [INF] Access policy query filter started for users:read
2026-05-10 15:10:45.043 -08:00 [INF] Access policy query filter for users:read. UserId=790c2c93-d8e6-4b61-8a11-e4190a1c0805, Roles=[Admin], ActiveRules=6, SubjectMatched=1, ResourceActionMatched=1, Allows=1, Denies=0
2026-05-10 15:10:45.048 -08:00 [INF] MediatR handling completed GetUsersQuery in 11 ms
2026-05-10 15:10:45.050 -08:00 [INF] HTTP GET /api/Users completed with 200 in 15 ms (0HNLESL0KMR44:000000CD)
2026-05-10 15:10:45.641 -08:00 [INF] Authorization header exists: true
2026-05-10 15:10:45.643 -08:00 [INF] JWT token validated. IsAuthenticated=true
2026-05-10 15:10:45.643 -08:00 [INF] MediatR handling started GetUsersQuery
2026-05-10 15:10:45.644 -08:00 [INF] Access policy check started for users:read
2026-05-10 15:10:45.645 -08:00 [INF] Access policy evaluation for users:read. UserId=790c2c93-d8e6-4b61-8a11-e4190a1c0805, Roles=[Admin], ActiveRules=6, SubjectMatched=1, ResourceActionMatched=1, Allows=1, Denies=0, Decision=Allowed
2026-05-10 15:10:45.647 -08:00 [INF] Access policy query filter started for users:read
2026-05-10 15:10:45.649 -08:00 [INF] Access policy query filter for users:read. UserId=790c2c93-d8e6-4b61-8a11-e4190a1c0805, Roles=[Admin], ActiveRules=6, SubjectMatched=1, ResourceActionMatched=1, Allows=1, Denies=0
2026-05-10 15:10:45.652 -08:00 [INF] MediatR handling completed GetUsersQuery in 8 ms
2026-05-10 15:10:45.653 -08:00 [INF] HTTP GET /api/Users completed with 200 in 12 ms (0HNLESL0KMR44:000000CF)
2026-05-10 15:10:45.949 -08:00 [INF] Authorization header exists: false
2026-05-10 15:10:45.951 -08:00 [INF] JWT token validated. IsAuthenticated=true
2026-05-10 15:11:09.171 -08:00 [INF] HTTP CONNECT /hubs/sessions completed with 200 in 23221 ms (0HNLESL0KMR45:00000039)
2026-05-10 15:11:09.712 -08:00 [INF] Authorization header exists: true
2026-05-10 15:11:09.715 -08:00 [INF] JWT token validated. IsAuthenticated=true
2026-05-10 15:11:09.717 -08:00 [INF] HTTP POST /hubs/sessions/negotiate completed with 200 in 4 ms (0HNLESL0KMR45:0000003B)
2026-05-10 15:11:09.804 -08:00 [INF] Authorization header exists: true
2026-05-10 15:11:09.806 -08:00 [INF] JWT token validated. IsAuthenticated=true
2026-05-10 15:11:09.807 -08:00 [INF] MediatR handling started GetUsersQuery
2026-05-10 15:11:09.808 -08:00 [INF] Access policy check started for users:read
2026-05-10 15:11:09.810 -08:00 [INF] Access policy evaluation for users:read. UserId=790c2c93-d8e6-4b61-8a11-e4190a1c0805, Roles=[Admin], ActiveRules=6, SubjectMatched=1, ResourceActionMatched=1, Allows=1, Denies=0, Decision=Allowed
2026-05-10 15:11:09.812 -08:00 [INF] Access policy query filter started for users:read
2026-05-10 15:11:09.813 -08:00 [INF] Access policy query filter for users:read. UserId=790c2c93-d8e6-4b61-8a11-e4190a1c0805, Roles=[Admin], ActiveRules=6, SubjectMatched=1, ResourceActionMatched=1, Allows=1, Denies=0
2026-05-10 15:11:09.818 -08:00 [INF] MediatR handling completed GetUsersQuery in 10 ms
2026-05-10 15:11:09.819 -08:00 [INF] HTTP GET /api/Users completed with 200 in 14 ms (0HNLESL0KMR44:000000D5)
2026-05-10 15:11:10.277 -08:00 [INF] Authorization header exists: true
2026-05-10 15:11:10.279 -08:00 [INF] JWT token validated. IsAuthenticated=true
2026-05-10 15:11:10.281 -08:00 [INF] MediatR handling started GetUsersQuery
2026-05-10 15:11:10.282 -08:00 [INF] Access policy check started for users:read
2026-05-10 15:11:10.284 -08:00 [INF] Access policy evaluation for users:read. UserId=790c2c93-d8e6-4b61-8a11-e4190a1c0805, Roles=[Admin], ActiveRules=6, SubjectMatched=1, ResourceActionMatched=1, Allows=1, Denies=0, Decision=Allowed
2026-05-10 15:11:10.287 -08:00 [INF] Access policy query filter started for users:read
2026-05-10 15:11:10.290 -08:00 [INF] Access policy query filter for users:read. UserId=790c2c93-d8e6-4b61-8a11-e4190a1c0805, Roles=[Admin], ActiveRules=6, SubjectMatched=1, ResourceActionMatched=1, Allows=1, Denies=0
2026-05-10 15:11:10.295 -08:00 [INF] MediatR handling completed GetUsersQuery in 14 ms
2026-05-10 15:11:10.296 -08:00 [INF] HTTP GET /api/Users completed with 200 in 19 ms (0HNLESL0KMR44:000000D7)
2026-05-10 15:11:10.710 -08:00 [INF] Authorization header exists: false
2026-05-10 15:11:10.712 -08:00 [INF] JWT token validated. IsAuthenticated=true
2026-05-10 15:12:29.106 -08:00 [INF] HTTP CONNECT /hubs/sessions completed with 200 in 78396 ms (0HNLESL0KMR45:0000003D)
2026-05-10 15:12:29.459 -08:00 [INF] Authorization header exists: true
2026-05-10 15:12:29.466 -08:00 [INF] JWT token validated. IsAuthenticated=true
2026-05-10 15:12:29.468 -08:00 [INF] HTTP POST /hubs/sessions/negotiate completed with 200 in 8 ms (0HNLESL0KMR45:0000003F)
2026-05-10 15:12:29.587 -08:00 [INF] Authorization header exists: true
2026-05-10 15:12:29.590 -08:00 [INF] JWT token validated. IsAuthenticated=true
2026-05-10 15:12:29.592 -08:00 [INF] MediatR handling started GetUsersQuery
2026-05-10 15:12:29.593 -08:00 [INF] Access policy check started for users:read
2026-05-10 15:12:29.596 -08:00 [INF] Access policy evaluation for users:read. UserId=790c2c93-d8e6-4b61-8a11-e4190a1c0805, Roles=[Admin], ActiveRules=6, SubjectMatched=1, ResourceActionMatched=1, Allows=1, Denies=0, Decision=Allowed
2026-05-10 15:12:29.599 -08:00 [INF] Access policy query filter started for users:read
2026-05-10 15:12:29.603 -08:00 [INF] Access policy query filter for users:read. UserId=790c2c93-d8e6-4b61-8a11-e4190a1c0805, Roles=[Admin], ActiveRules=6, SubjectMatched=1, ResourceActionMatched=1, Allows=1, Denies=0
2026-05-10 15:12:29.610 -08:00 [INF] MediatR handling completed GetUsersQuery in 18 ms
2026-05-10 15:12:29.612 -08:00 [INF] HTTP GET /api/Users completed with 200 in 24 ms (0HNLESL0KMR44:000000DD)
2026-05-10 15:12:30.160 -08:00 [INF] Authorization header exists: true
2026-05-10 15:12:30.161 -08:00 [INF] JWT token validated. IsAuthenticated=true
2026-05-10 15:12:30.162 -08:00 [INF] MediatR handling started GetUsersQuery
2026-05-10 15:12:30.163 -08:00 [INF] Access policy check started for users:read
2026-05-10 15:12:30.165 -08:00 [INF] Access policy evaluation for users:read. UserId=790c2c93-d8e6-4b61-8a11-e4190a1c0805, Roles=[Admin], ActiveRules=6, SubjectMatched=1, ResourceActionMatched=1, Allows=1, Denies=0, Decision=Allowed
2026-05-10 15:12:30.167 -08:00 [INF] Access policy query filter started for users:read
2026-05-10 15:12:30.169 -08:00 [INF] Access policy query filter for users:read. UserId=790c2c93-d8e6-4b61-8a11-e4190a1c0805, Roles=[Admin], ActiveRules=6, SubjectMatched=1, ResourceActionMatched=1, Allows=1, Denies=0
2026-05-10 15:12:30.174 -08:00 [INF] MediatR handling completed GetUsersQuery in 11 ms
2026-05-10 15:12:30.175 -08:00 [INF] HTTP GET /api/Users completed with 200 in 15 ms (0HNLESL0KMR44:000000DF)
2026-05-10 15:12:30.515 -08:00 [INF] Authorization header exists: false
2026-05-10 15:12:30.518 -08:00 [INF] JWT token validated. IsAuthenticated=true
2026-05-10 15:12:51.497 -08:00 [INF] Authorization header exists: true
2026-05-10 15:12:51.497 -08:00 [INF] Authorization header exists: true
2026-05-10 15:12:51.500 -08:00 [INF] JWT token validated. IsAuthenticated=true
2026-05-10 15:12:51.500 -08:00 [INF] JWT token validated. IsAuthenticated=true
2026-05-10 15:12:51.501 -08:00 [INF] MediatR handling started GetUserByIdQuery
2026-05-10 15:12:51.501 -08:00 [INF] MediatR handling started GetUserPermissionGraphQuery
2026-05-10 15:12:51.502 -08:00 [INF] Access policy check started for users:read
2026-05-10 15:12:51.502 -08:00 [INF] Access policy check started for users:read
2026-05-10 15:12:51.505 -08:00 [INF] Access policy evaluation for users:read. UserId=790c2c93-d8e6-4b61-8a11-e4190a1c0805, Roles=[Admin], ActiveRules=6, SubjectMatched=1, ResourceActionMatched=1, Allows=1, Denies=0, Decision=Allowed
2026-05-10 15:12:51.506 -08:00 [INF] Access policy evaluation for users:read. UserId=790c2c93-d8e6-4b61-8a11-e4190a1c0805, Roles=[Admin], ActiveRules=6, SubjectMatched=1, ResourceActionMatched=1, Allows=1, Denies=0, Decision=Allowed
2026-05-10 15:12:51.507 -08:00 [INF] Access policy query filter started for users:read
2026-05-10 15:12:51.509 -08:00 [INF] Access policy query filter started for users:read
2026-05-10 15:12:51.511 -08:00 [INF] Access policy query filter for users:read. UserId=790c2c93-d8e6-4b61-8a11-e4190a1c0805, Roles=[Admin], ActiveRules=6, SubjectMatched=1, ResourceActionMatched=1, Allows=1, Denies=0
2026-05-10 15:12:51.515 -08:00 [INF] MediatR handling completed GetUserByIdQuery in 13 ms
2026-05-10 15:12:51.515 -08:00 [INF] HTTP GET /api/Users/d1ed8be4-9703-45f0-935f-3c39601b55e1 completed with 200 in 18 ms (0HNLESL0KMR44:000000E7)
2026-05-10 15:12:51.542 -08:00 [INF] Access policy query filter for users:read. UserId=790c2c93-d8e6-4b61-8a11-e4190a1c0805, Roles=[Admin], ActiveRules=6, SubjectMatched=1, ResourceActionMatched=1, Allows=1, Denies=0
2026-05-10 15:12:51.551 -08:00 [INF] MediatR handling completed GetUserPermissionGraphQuery in 49 ms
2026-05-10 15:12:51.552 -08:00 [INF] HTTP GET /api/Users/d1ed8be4-9703-45f0-935f-3c39601b55e1/permission-graph completed with 200 in 54 ms (0HNLESL0KMR44:000000E5)
2026-05-10 15:13:16.845 -08:00 [INF] Authorization header exists: true
2026-05-10 15:13:16.845 -08:00 [INF] Authorization header exists: true
2026-05-10 15:13:16.847 -08:00 [INF] JWT token validated. IsAuthenticated=true
2026-05-10 15:13:16.848 -08:00 [INF] MediatR handling started GetUserByIdQuery
2026-05-10 15:13:16.849 -08:00 [INF] Access policy check started for users:read
2026-05-10 15:13:16.850 -08:00 [INF] JWT token validated. IsAuthenticated=true
2026-05-10 15:13:16.850 -08:00 [INF] Access policy evaluation for users:read. UserId=790c2c93-d8e6-4b61-8a11-e4190a1c0805, Roles=[Admin], ActiveRules=6, SubjectMatched=1, ResourceActionMatched=1, Allows=1, Denies=0, Decision=Allowed
2026-05-10 15:13:16.851 -08:00 [INF] MediatR handling started GetUserPermissionGraphQuery
2026-05-10 15:13:16.854 -08:00 [INF] Access policy query filter started for users:read
2026-05-10 15:13:16.854 -08:00 [INF] Access policy check started for users:read
2026-05-10 15:13:16.857 -08:00 [INF] Access policy evaluation for users:read. UserId=790c2c93-d8e6-4b61-8a11-e4190a1c0805, Roles=[Admin], ActiveRules=6, SubjectMatched=1, ResourceActionMatched=1, Allows=1, Denies=0, Decision=Allowed
2026-05-10 15:13:16.857 -08:00 [INF] Access policy query filter for users:read. UserId=790c2c93-d8e6-4b61-8a11-e4190a1c0805, Roles=[Admin], ActiveRules=6, SubjectMatched=1, ResourceActionMatched=1, Allows=1, Denies=0
2026-05-10 15:13:16.859 -08:00 [INF] Access policy query filter started for users:read
2026-05-10 15:13:16.863 -08:00 [INF] Access policy query filter for users:read. UserId=790c2c93-d8e6-4b61-8a11-e4190a1c0805, Roles=[Admin], ActiveRules=6, SubjectMatched=1, ResourceActionMatched=1, Allows=1, Denies=0
2026-05-10 15:13:16.864 -08:00 [INF] MediatR handling completed GetUserByIdQuery in 16 ms
2026-05-10 15:13:16.867 -08:00 [INF] HTTP GET /api/Users/d1ed8be4-9703-45f0-935f-3c39601b55e1 completed with 200 in 21 ms (0HNLESL0KMR44:000000ED)
2026-05-10 15:13:16.868 -08:00 [INF] MediatR handling completed GetUserPermissionGraphQuery in 17 ms
2026-05-10 15:13:16.870 -08:00 [INF] HTTP GET /api/Users/d1ed8be4-9703-45f0-935f-3c39601b55e1/permission-graph completed with 200 in 25 ms (0HNLESL0KMR44:000000EF)
2026-05-10 15:15:37.465 -08:00 [INF] HTTP CONNECT /hubs/sessions completed with 200 in 186950 ms (0HNLESL0KMR45:00000041)
2026-05-10 15:15:37.718 -08:00 [INF] Authorization header exists: true
2026-05-10 15:15:37.723 -08:00 [INF] JWT token validated. IsAuthenticated=true
2026-05-10 15:15:37.725 -08:00 [INF] HTTP POST /hubs/sessions/negotiate completed with 200 in 6 ms (0HNLESL0KMR45:00000043)
2026-05-10 15:15:37.787 -08:00 [INF] Authorization header exists: true
2026-05-10 15:15:37.789 -08:00 [INF] JWT token validated. IsAuthenticated=true
2026-05-10 15:15:37.791 -08:00 [INF] MediatR handling started GetUsersQuery
2026-05-10 15:15:37.793 -08:00 [INF] Access policy check started for users:read
2026-05-10 15:15:37.796 -08:00 [INF] Access policy evaluation for users:read. UserId=790c2c93-d8e6-4b61-8a11-e4190a1c0805, Roles=[Admin], ActiveRules=6, SubjectMatched=1, ResourceActionMatched=1, Allows=1, Denies=0, Decision=Allowed
2026-05-10 15:15:37.800 -08:00 [INF] Access policy query filter started for users:read
2026-05-10 15:15:37.803 -08:00 [INF] Access policy query filter for users:read. UserId=790c2c93-d8e6-4b61-8a11-e4190a1c0805, Roles=[Admin], ActiveRules=6, SubjectMatched=1, ResourceActionMatched=1, Allows=1, Denies=0
2026-05-10 15:15:37.814 -08:00 [INF] MediatR handling completed GetUsersQuery in 22 ms
2026-05-10 15:15:37.816 -08:00 [INF] HTTP GET /api/Users completed with 200 in 29 ms (0HNLESL0KMR44:000000F5)
2026-05-10 15:15:38.253 -08:00 [INF] Authorization header exists: true
2026-05-10 15:15:38.255 -08:00 [INF] JWT token validated. IsAuthenticated=true
2026-05-10 15:15:38.256 -08:00 [INF] MediatR handling started GetUsersQuery
2026-05-10 15:15:38.257 -08:00 [INF] Access policy check started for users:read
2026-05-10 15:15:38.260 -08:00 [INF] Access policy evaluation for users:read. UserId=790c2c93-d8e6-4b61-8a11-e4190a1c0805, Roles=[Admin], ActiveRules=6, SubjectMatched=1, ResourceActionMatched=1, Allows=1, Denies=0, Decision=Allowed
2026-05-10 15:15:38.262 -08:00 [INF] Access policy query filter started for users:read
2026-05-10 15:15:38.265 -08:00 [INF] Access policy query filter for users:read. UserId=790c2c93-d8e6-4b61-8a11-e4190a1c0805, Roles=[Admin], ActiveRules=6, SubjectMatched=1, ResourceActionMatched=1, Allows=1, Denies=0
2026-05-10 15:15:38.271 -08:00 [INF] MediatR handling completed GetUsersQuery in 14 ms
2026-05-10 15:15:38.273 -08:00 [INF] HTTP GET /api/Users completed with 200 in 20 ms (0HNLESL0KMR44:000000F7)
2026-05-10 15:15:38.638 -08:00 [INF] Authorization header exists: false
2026-05-10 15:15:38.641 -08:00 [INF] JWT token validated. IsAuthenticated=true
2026-05-10 15:15:54.962 -08:00 [INF] HTTP CONNECT /hubs/sessions completed with 200 in 16324 ms (0HNLESL0KMR45:00000045)
2026-05-10 15:15:55.137 -08:00 [INF] Authorization header exists: true
2026-05-10 15:15:55.141 -08:00 [INF] JWT token validated. IsAuthenticated=true
2026-05-10 15:15:55.142 -08:00 [INF] HTTP POST /hubs/sessions/negotiate completed with 200 in 5 ms (0HNLESL0KMR45:00000047)
2026-05-10 15:15:55.189 -08:00 [INF] Authorization header exists: true
2026-05-10 15:15:55.191 -08:00 [INF] JWT token validated. IsAuthenticated=true
2026-05-10 15:15:55.192 -08:00 [INF] MediatR handling started GetUsersQuery
2026-05-10 15:15:55.194 -08:00 [INF] Access policy check started for users:read
2026-05-10 15:15:55.197 -08:00 [INF] Access policy evaluation for users:read. UserId=790c2c93-d8e6-4b61-8a11-e4190a1c0805, Roles=[Admin], ActiveRules=6, SubjectMatched=1, ResourceActionMatched=1, Allows=1, Denies=0, Decision=Allowed
2026-05-10 15:15:55.200 -08:00 [INF] Access policy query filter started for users:read
2026-05-10 15:15:55.203 -08:00 [INF] Access policy query filter for users:read. UserId=790c2c93-d8e6-4b61-8a11-e4190a1c0805, Roles=[Admin], ActiveRules=6, SubjectMatched=1, ResourceActionMatched=1, Allows=1, Denies=0
2026-05-10 15:15:55.210 -08:00 [INF] MediatR handling completed GetUsersQuery in 17 ms
2026-05-10 15:15:55.212 -08:00 [INF] HTTP GET /api/Users completed with 200 in 23 ms (0HNLESL0KMR44:000000FD)
2026-05-10 15:15:55.613 -08:00 [INF] Authorization header exists: true
2026-05-10 15:15:55.616 -08:00 [INF] JWT token validated. IsAuthenticated=true
2026-05-10 15:15:55.617 -08:00 [INF] MediatR handling started GetUsersQuery
2026-05-10 15:15:55.620 -08:00 [INF] Access policy check started for users:read
2026-05-10 15:15:55.623 -08:00 [INF] Access policy evaluation for users:read. UserId=790c2c93-d8e6-4b61-8a11-e4190a1c0805, Roles=[Admin], ActiveRules=6, SubjectMatched=1, ResourceActionMatched=1, Allows=1, Denies=0, Decision=Allowed
2026-05-10 15:15:55.628 -08:00 [INF] Access policy query filter started for users:read
2026-05-10 15:15:55.633 -08:00 [INF] Access policy query filter for users:read. UserId=790c2c93-d8e6-4b61-8a11-e4190a1c0805, Roles=[Admin], ActiveRules=6, SubjectMatched=1, ResourceActionMatched=1, Allows=1, Denies=0
2026-05-10 15:15:55.642 -08:00 [INF] MediatR handling completed GetUsersQuery in 24 ms
2026-05-10 15:15:55.643 -08:00 [INF] HTTP GET /api/Users completed with 200 in 30 ms (0HNLESL0KMR44:000000FF)
2026-05-10 15:15:56.105 -08:00 [INF] Authorization header exists: false
2026-05-10 15:15:56.107 -08:00 [INF] JWT token validated. IsAuthenticated=true
2026-05-10 15:22:34.685 -08:00 [INF] Authorization header exists: true
2026-05-10 15:22:34.685 -08:00 [INF] Authorization header exists: true
2026-05-10 15:22:34.729 -08:00 [INF] JWT token validated. IsAuthenticated=true
2026-05-10 15:22:34.729 -08:00 [INF] JWT token validated. IsAuthenticated=true
2026-05-10 15:22:34.730 -08:00 [INF] MediatR handling started GetUserByIdQuery
2026-05-10 15:22:34.731 -08:00 [INF] MediatR handling started GetUserPermissionGraphQuery
2026-05-10 15:22:34.731 -08:00 [INF] Access policy check started for users:read
2026-05-10 15:22:34.732 -08:00 [INF] Access policy check started for users:read
2026-05-10 15:22:34.737 -08:00 [INF] Access policy evaluation for users:read. UserId=790c2c93-d8e6-4b61-8a11-e4190a1c0805, Roles=[Admin], ActiveRules=6, SubjectMatched=1, ResourceActionMatched=1, Allows=1, Denies=0, Decision=Allowed
2026-05-10 15:22:34.737 -08:00 [INF] Access policy evaluation for users:read. UserId=790c2c93-d8e6-4b61-8a11-e4190a1c0805, Roles=[Admin], ActiveRules=6, SubjectMatched=1, ResourceActionMatched=1, Allows=1, Denies=0, Decision=Allowed
2026-05-10 15:22:34.739 -08:00 [INF] Access policy query filter started for users:read
2026-05-10 15:22:34.743 -08:00 [INF] Access policy query filter started for users:read
2026-05-10 15:22:34.746 -08:00 [INF] Access policy query filter for users:read. UserId=790c2c93-d8e6-4b61-8a11-e4190a1c0805, Roles=[Admin], ActiveRules=6, SubjectMatched=1, ResourceActionMatched=1, Allows=1, Denies=0
2026-05-10 15:22:34.746 -08:00 [INF] Access policy query filter for users:read. UserId=790c2c93-d8e6-4b61-8a11-e4190a1c0805, Roles=[Admin], ActiveRules=6, SubjectMatched=1, ResourceActionMatched=1, Allows=1, Denies=0
2026-05-10 15:22:34.754 -08:00 [INF] MediatR handling completed GetUserByIdQuery in 23 ms
2026-05-10 15:22:34.756 -08:00 [INF] HTTP GET /api/Users/d1ed8be4-9703-45f0-935f-3c39601b55e1 completed with 200 in 70 ms (0HNLESL0KMR46:00000005)
2026-05-10 15:22:34.756 -08:00 [INF] MediatR handling completed GetUserPermissionGraphQuery in 25 ms
2026-05-10 15:22:34.759 -08:00 [INF] HTTP GET /api/Users/d1ed8be4-9703-45f0-935f-3c39601b55e1/permission-graph completed with 200 in 73 ms (0HNLESL0KMR46:00000007)
2026-05-10 15:23:33.537 -08:00 [INF] Authorization header exists: true
2026-05-10 15:23:33.539 -08:00 [INF] JWT token validated. IsAuthenticated=true
2026-05-10 15:23:33.539 -08:00 [INF] MediatR handling started GetUsersQuery
2026-05-10 15:23:33.540 -08:00 [INF] Access policy check started for users:read
2026-05-10 15:23:33.541 -08:00 [INF] Access policy evaluation for users:read. UserId=790c2c93-d8e6-4b61-8a11-e4190a1c0805, Roles=[Admin], ActiveRules=6, SubjectMatched=1, ResourceActionMatched=1, Allows=1, Denies=0, Decision=Allowed
2026-05-10 15:23:33.543 -08:00 [INF] Access policy query filter started for users:read
2026-05-10 15:23:33.544 -08:00 [INF] Access policy query filter for users:read. UserId=790c2c93-d8e6-4b61-8a11-e4190a1c0805, Roles=[Admin], ActiveRules=6, SubjectMatched=1, ResourceActionMatched=1, Allows=1, Denies=0
2026-05-10 15:23:33.548 -08:00 [INF] MediatR handling completed GetUsersQuery in 8 ms
2026-05-10 15:23:33.549 -08:00 [INF] HTTP GET /api/Users completed with 200 in 11 ms (0HNLESL0KMR46:0000000B)
2026-05-10 15:23:48.436 -08:00 [INF] HTTP CONNECT /hubs/sessions completed with 200 in 472330 ms (0HNLESL0KMR45:00000049)
2026-05-10 15:24:06.794 -08:00 [INF] Authorization header exists: true
2026-05-10 15:24:06.803 -08:00 [INF] JWT token validated. IsAuthenticated=true
2026-05-10 15:24:06.805 -08:00 [INF] HTTP POST /hubs/sessions/negotiate completed with 200 in 10 ms (0HNLESL0KMR47:00000001)
2026-05-10 15:24:06.876 -08:00 [INF] Authorization header exists: true
2026-05-10 15:24:06.878 -08:00 [INF] JWT token validated. IsAuthenticated=true
2026-05-10 15:24:06.882 -08:00 [INF] MediatR handling started GetUsersQuery
2026-05-10 15:24:06.884 -08:00 [INF] Access policy check started for users:read
2026-05-10 15:24:06.887 -08:00 [INF] Access policy evaluation for users:read. UserId=790c2c93-d8e6-4b61-8a11-e4190a1c0805, Roles=[Admin], ActiveRules=6, SubjectMatched=1, ResourceActionMatched=1, Allows=1, Denies=0, Decision=Allowed
2026-05-10 15:24:06.892 -08:00 [INF] Access policy query filter started for users:read
2026-05-10 15:24:06.895 -08:00 [INF] Access policy query filter for users:read. UserId=790c2c93-d8e6-4b61-8a11-e4190a1c0805, Roles=[Admin], ActiveRules=6, SubjectMatched=1, ResourceActionMatched=1, Allows=1, Denies=0
2026-05-10 15:24:06.906 -08:00 [INF] MediatR handling completed GetUsersQuery in 23 ms
2026-05-10 15:24:06.919 -08:00 [INF] HTTP GET /api/Users completed with 200 in 43 ms (0HNLESL0KMR46:00000011)
2026-05-10 15:24:07.392 -08:00 [INF] Authorization header exists: true
2026-05-10 15:24:07.394 -08:00 [INF] JWT token validated. IsAuthenticated=true
2026-05-10 15:24:07.395 -08:00 [INF] MediatR handling started GetUsersQuery
2026-05-10 15:24:07.396 -08:00 [INF] Access policy check started for users:read
2026-05-10 15:24:07.399 -08:00 [INF] Access policy evaluation for users:read. UserId=790c2c93-d8e6-4b61-8a11-e4190a1c0805, Roles=[Admin], ActiveRules=6, SubjectMatched=1, ResourceActionMatched=1, Allows=1, Denies=0, Decision=Allowed
2026-05-10 15:24:07.403 -08:00 [INF] Access policy query filter started for users:read
2026-05-10 15:24:07.406 -08:00 [INF] Access policy query filter for users:read. UserId=790c2c93-d8e6-4b61-8a11-e4190a1c0805, Roles=[Admin], ActiveRules=6, SubjectMatched=1, ResourceActionMatched=1, Allows=1, Denies=0
2026-05-10 15:24:07.414 -08:00 [INF] MediatR handling completed GetUsersQuery in 18 ms
2026-05-10 15:24:07.415 -08:00 [INF] HTTP GET /api/Users completed with 200 in 23 ms (0HNLESL0KMR46:00000013)
2026-05-10 15:24:07.772 -08:00 [INF] Authorization header exists: false
2026-05-10 15:24:07.775 -08:00 [INF] JWT token validated. IsAuthenticated=true
2026-05-10 15:24:09.520 -08:00 [INF] Authorization header exists: true
2026-05-10 15:24:09.520 -08:00 [INF] Authorization header exists: true
2026-05-10 15:24:09.522 -08:00 [INF] JWT token validated. IsAuthenticated=true
2026-05-10 15:24:09.522 -08:00 [INF] JWT token validated. IsAuthenticated=true
2026-05-10 15:24:09.524 -08:00 [INF] MediatR handling started GetUserByIdQuery
2026-05-10 15:24:09.524 -08:00 [INF] MediatR handling started GetUserPermissionGraphQuery
2026-05-10 15:24:09.524 -08:00 [INF] Access policy check started for users:read
2026-05-10 15:24:09.525 -08:00 [INF] Access policy check started for users:read
2026-05-10 15:24:09.527 -08:00 [INF] Access policy evaluation for users:read. UserId=790c2c93-d8e6-4b61-8a11-e4190a1c0805, Roles=[Admin], ActiveRules=6, SubjectMatched=1, ResourceActionMatched=1, Allows=1, Denies=0, Decision=Allowed
2026-05-10 15:24:09.528 -08:00 [INF] Access policy evaluation for users:read. UserId=790c2c93-d8e6-4b61-8a11-e4190a1c0805, Roles=[Admin], ActiveRules=6, SubjectMatched=1, ResourceActionMatched=1, Allows=1, Denies=0, Decision=Allowed
2026-05-10 15:24:09.530 -08:00 [INF] Access policy query filter started for users:read
2026-05-10 15:24:09.532 -08:00 [INF] Access policy query filter started for users:read
2026-05-10 15:24:09.534 -08:00 [INF] Access policy query filter for users:read. UserId=790c2c93-d8e6-4b61-8a11-e4190a1c0805, Roles=[Admin], ActiveRules=6, SubjectMatched=1, ResourceActionMatched=1, Allows=1, Denies=0
2026-05-10 15:24:09.535 -08:00 [INF] Access policy query filter for users:read. UserId=790c2c93-d8e6-4b61-8a11-e4190a1c0805, Roles=[Admin], ActiveRules=6, SubjectMatched=1, ResourceActionMatched=1, Allows=1, Denies=0
2026-05-10 15:24:09.540 -08:00 [INF] MediatR handling completed GetUserByIdQuery in 16 ms
2026-05-10 15:24:09.541 -08:00 [INF] MediatR handling completed GetUserPermissionGraphQuery in 17 ms
2026-05-10 15:24:09.542 -08:00 [INF] HTTP GET /api/Users/d1ed8be4-9703-45f0-935f-3c39601b55e1 completed with 200 in 21 ms (0HNLESL0KMR46:00000019)
2026-05-10 15:24:09.543 -08:00 [INF] HTTP GET /api/Users/d1ed8be4-9703-45f0-935f-3c39601b55e1/permission-graph completed with 200 in 22 ms (0HNLESL0KMR46:0000001B)
2026-05-10 15:25:55.545 -08:00 [INF] Authorization header exists: true
2026-05-10 15:25:55.546 -08:00 [INF] Authorization header exists: true
2026-05-10 15:25:55.545 -08:00 [INF] Authorization header exists: true
2026-05-10 15:25:55.545 -08:00 [INF] Authorization header exists: true
2026-05-10 15:25:55.549 -08:00 [INF] JWT token validated. IsAuthenticated=true
2026-05-10 15:25:55.550 -08:00 [INF] JWT token validated. IsAuthenticated=true
2026-05-10 15:25:55.550 -08:00 [INF] JWT token validated. IsAuthenticated=true
2026-05-10 15:25:55.551 -08:00 [INF] JWT token validated. IsAuthenticated=true
2026-05-10 15:25:55.552 -08:00 [INF] MediatR handling started GetLogsQuery
2026-05-10 15:25:55.552 -08:00 [INF] MediatR handling started GetErrorLogsQuery
2026-05-10 15:25:55.553 -08:00 [INF] MediatR handling started GetUsersDashboardQuery
2026-05-10 15:25:55.553 -08:00 [INF] MediatR handling started ListAccessPoliciesQuery
2026-05-10 15:25:55.554 -08:00 [INF] Access policy check started for logs:read
2026-05-10 15:25:55.554 -08:00 [INF] Access policy check started for errorLogs:read
2026-05-10 15:25:55.555 -08:00 [INF] Access policy check started for users:read
2026-05-10 15:25:55.556 -08:00 [INF] Access policy check started for accessPolicies:read
2026-05-10 15:25:55.558 -08:00 [INF] Access policy evaluation for logs:read. UserId=790c2c93-d8e6-4b61-8a11-e4190a1c0805, Roles=[Admin], ActiveRules=6, SubjectMatched=1, ResourceActionMatched=1, Allows=1, Denies=0, Decision=Allowed
2026-05-10 15:25:55.558 -08:00 [INF] Access policy evaluation for errorLogs:read. UserId=790c2c93-d8e6-4b61-8a11-e4190a1c0805, Roles=[Admin], ActiveRules=6, SubjectMatched=1, ResourceActionMatched=1, Allows=1, Denies=0, Decision=Allowed
2026-05-10 15:25:55.559 -08:00 [INF] Access policy evaluation for users:read. UserId=790c2c93-d8e6-4b61-8a11-e4190a1c0805, Roles=[Admin], ActiveRules=6, SubjectMatched=1, ResourceActionMatched=1, Allows=1, Denies=0, Decision=Allowed
2026-05-10 15:25:55.559 -08:00 [INF] Access policy evaluation for accessPolicies:read. UserId=790c2c93-d8e6-4b61-8a11-e4190a1c0805, Roles=[Admin], ActiveRules=6, SubjectMatched=1, ResourceActionMatched=1, Allows=1, Denies=0, Decision=Allowed
2026-05-10 15:25:55.565 -08:00 [INF] Access policy query filter started for users:read
2026-05-10 15:25:55.569 -08:00 [INF] Access policy query filter for users:read. UserId=790c2c93-d8e6-4b61-8a11-e4190a1c0805, Roles=[Admin], ActiveRules=6, SubjectMatched=1, ResourceActionMatched=1, Allows=1, Denies=0
2026-05-10 15:25:55.571 -08:00 [INF] MediatR handling completed GetErrorLogsQuery in 18 ms
2026-05-10 15:25:55.577 -08:00 [INF] HTTP GET /api/error-logs completed with 200 in 31 ms (0HNLESL0KMR46:00000029)
2026-05-10 15:25:55.587 -08:00 [INF] MediatR handling completed GetUsersDashboardQuery in 34 ms
2026-05-10 15:25:55.590 -08:00 [INF] HTTP GET /api/Users/dashboard completed with 200 in 45 ms (0HNLESL0KMR46:00000025)
2026-05-10 15:25:55.611 -08:00 [INF] MediatR handling completed ListAccessPoliciesQuery in 57 ms
2026-05-10 15:25:55.613 -08:00 [INF] HTTP GET /api/AccessPolicies completed with 200 in 67 ms (0HNLESL0KMR46:0000002B)
2026-05-10 15:25:55.616 -08:00 [INF] MediatR handling completed GetLogsQuery in 64 ms
2026-05-10 15:25:55.619 -08:00 [INF] HTTP GET /api/Logs completed with 200 in 73 ms (0HNLESL0KMR46:00000027)
2026-05-10 15:28:15.130 -08:00 [INF] HTTP CONNECT /hubs/sessions completed with 200 in 247358 ms (0HNLESL0KMR47:00000003)
2026-05-10 15:28:15.304 -08:00 [INF] Authorization header exists: true
2026-05-10 15:28:15.309 -08:00 [INF] JWT token validated. IsAuthenticated=true
2026-05-10 15:28:15.310 -08:00 [INF] HTTP POST /hubs/sessions/negotiate completed with 200 in 6 ms (0HNLESL0KMR47:00000005)
2026-05-10 15:28:15.376 -08:00 [INF] Authorization header exists: true
2026-05-10 15:28:15.378 -08:00 [INF] JWT token validated. IsAuthenticated=true
2026-05-10 15:28:15.379 -08:00 [INF] MediatR handling started GetUsersQuery
2026-05-10 15:28:15.380 -08:00 [INF] Access policy check started for users:read
2026-05-10 15:28:15.385 -08:00 [INF] Access policy evaluation for users:read. UserId=790c2c93-d8e6-4b61-8a11-e4190a1c0805, Roles=[Admin], ActiveRules=6, SubjectMatched=1, ResourceActionMatched=1, Allows=1, Denies=0, Decision=Allowed
2026-05-10 15:28:15.386 -08:00 [INF] Access policy query filter started for users:read
2026-05-10 15:28:15.388 -08:00 [INF] Access policy query filter for users:read. UserId=790c2c93-d8e6-4b61-8a11-e4190a1c0805, Roles=[Admin], ActiveRules=6, SubjectMatched=1, ResourceActionMatched=1, Allows=1, Denies=0
2026-05-10 15:28:15.397 -08:00 [INF] MediatR handling completed GetUsersQuery in 17 ms
2026-05-10 15:28:15.398 -08:00 [INF] HTTP GET /api/Users completed with 200 in 22 ms (0HNLESL0KMR46:00000031)
2026-05-10 15:28:15.797 -08:00 [INF] Authorization header exists: true
2026-05-10 15:28:15.798 -08:00 [INF] JWT token validated. IsAuthenticated=true
2026-05-10 15:28:15.799 -08:00 [INF] MediatR handling started GetUsersQuery
2026-05-10 15:28:15.800 -08:00 [INF] Access policy check started for users:read
2026-05-10 15:28:15.801 -08:00 [INF] Access policy evaluation for users:read. UserId=790c2c93-d8e6-4b61-8a11-e4190a1c0805, Roles=[Admin], ActiveRules=6, SubjectMatched=1, ResourceActionMatched=1, Allows=1, Denies=0, Decision=Allowed
2026-05-10 15:28:15.803 -08:00 [INF] Access policy query filter started for users:read
2026-05-10 15:28:15.805 -08:00 [INF] Access policy query filter for users:read. UserId=790c2c93-d8e6-4b61-8a11-e4190a1c0805, Roles=[Admin], ActiveRules=6, SubjectMatched=1, ResourceActionMatched=1, Allows=1, Denies=0
2026-05-10 15:28:15.809 -08:00 [INF] MediatR handling completed GetUsersQuery in 9 ms
2026-05-10 15:28:15.810 -08:00 [INF] HTTP GET /api/Users completed with 200 in 13 ms (0HNLESL0KMR46:00000033)
2026-05-10 15:28:16.100 -08:00 [INF] Authorization header exists: false
2026-05-10 15:28:16.102 -08:00 [INF] JWT token validated. IsAuthenticated=true
2026-05-10 15:28:20.907 -08:00 [INF] Authorization header exists: true
2026-05-10 15:28:20.907 -08:00 [INF] Authorization header exists: true
2026-05-10 15:28:20.909 -08:00 [INF] JWT token validated. IsAuthenticated=true
2026-05-10 15:28:20.909 -08:00 [INF] JWT token validated. IsAuthenticated=true
2026-05-10 15:28:20.909 -08:00 [INF] MediatR handling started GetLogsQuery
2026-05-10 15:28:20.910 -08:00 [INF] MediatR handling started GetLogsQuery
2026-05-10 15:28:20.911 -08:00 [INF] Access policy check started for logs:read
2026-05-10 15:28:20.912 -08:00 [INF] Access policy check started for logs:read
2026-05-10 15:28:20.913 -08:00 [INF] Access policy evaluation for logs:read. UserId=790c2c93-d8e6-4b61-8a11-e4190a1c0805, Roles=[Admin], ActiveRules=6, SubjectMatched=1, ResourceActionMatched=1, Allows=1, Denies=0, Decision=Allowed
2026-05-10 15:28:20.914 -08:00 [INF] Access policy evaluation for logs:read. UserId=790c2c93-d8e6-4b61-8a11-e4190a1c0805, Roles=[Admin], ActiveRules=6, SubjectMatched=1, ResourceActionMatched=1, Allows=1, Denies=0, Decision=Allowed
2026-05-10 15:28:20.932 -08:00 [INF] MediatR handling completed GetLogsQuery in 21 ms
2026-05-10 15:28:20.933 -08:00 [INF] MediatR handling completed GetLogsQuery in 23 ms
2026-05-10 15:28:20.934 -08:00 [INF] HTTP GET /api/Logs completed with 200 in 26 ms (0HNLESL0KMR46:00000039)
2026-05-10 15:28:20.935 -08:00 [INF] HTTP GET /api/Logs completed with 200 in 27 ms (0HNLESL0KMR46:0000003B)
2026-05-10 15:28:23.830 -08:00 [INF] Authorization header exists: true
2026-05-10 15:28:23.830 -08:00 [INF] Authorization header exists: true
2026-05-10 15:28:23.832 -08:00 [INF] JWT token validated. IsAuthenticated=true
2026-05-10 15:28:23.833 -08:00 [INF] JWT token validated. IsAuthenticated=true
2026-05-10 15:28:23.834 -08:00 [INF] MediatR handling started GetErrorLogsQuery
2026-05-10 15:28:23.835 -08:00 [INF] MediatR handling started GetErrorLogsQuery
2026-05-10 15:28:23.835 -08:00 [INF] Access policy check started for errorLogs:read
2026-05-10 15:28:23.836 -08:00 [INF] Access policy check started for errorLogs:read
2026-05-10 15:28:23.837 -08:00 [INF] Access policy evaluation for errorLogs:read. UserId=790c2c93-d8e6-4b61-8a11-e4190a1c0805, Roles=[Admin], ActiveRules=6, SubjectMatched=1, ResourceActionMatched=1, Allows=1, Denies=0, Decision=Allowed
2026-05-10 15:28:23.838 -08:00 [INF] Access policy evaluation for errorLogs:read. UserId=790c2c93-d8e6-4b61-8a11-e4190a1c0805, Roles=[Admin], ActiveRules=6, SubjectMatched=1, ResourceActionMatched=1, Allows=1, Denies=0, Decision=Allowed
2026-05-10 15:28:23.853 -08:00 [INF] MediatR handling completed GetErrorLogsQuery in 18 ms
2026-05-10 15:28:23.855 -08:00 [INF] HTTP GET /api/error-logs completed with 200 in 24 ms (0HNLESL0KMR46:00000043)
2026-05-10 15:28:23.855 -08:00 [INF] MediatR handling completed GetErrorLogsQuery in 21 ms
2026-05-10 15:28:23.857 -08:00 [INF] HTTP GET /api/error-logs completed with 200 in 26 ms (0HNLESL0KMR46:00000041)
2026-05-10 15:28:24.532 -08:00 [INF] Authorization header exists: true
2026-05-10 15:28:24.532 -08:00 [INF] Authorization header exists: true
2026-05-10 15:28:24.532 -08:00 [INF] Authorization header exists: true
2026-05-10 15:28:24.532 -08:00 [INF] Authorization header exists: true
2026-05-10 15:28:24.536 -08:00 [INF] JWT token validated. IsAuthenticated=true
2026-05-10 15:28:24.537 -08:00 [INF] JWT token validated. IsAuthenticated=true
2026-05-10 15:28:24.537 -08:00 [INF] JWT token validated. IsAuthenticated=true
2026-05-10 15:28:24.538 -08:00 [INF] MediatR handling started GetUsersDashboardQuery
2026-05-10 15:28:24.538 -08:00 [INF] JWT token validated. IsAuthenticated=true
2026-05-10 15:28:24.538 -08:00 [INF] MediatR handling started ListAccessPoliciesQuery
2026-05-10 15:28:24.539 -08:00 [INF] MediatR handling started GetLogsQuery
2026-05-10 15:28:24.539 -08:00 [INF] Access policy check started for users:read
2026-05-10 15:28:24.540 -08:00 [INF] MediatR handling started GetErrorLogsQuery
2026-05-10 15:28:24.540 -08:00 [INF] Access policy check started for accessPolicies:read
2026-05-10 15:28:24.541 -08:00 [INF] Access policy check started for logs:read
2026-05-10 15:28:24.542 -08:00 [INF] Access policy check started for errorLogs:read
2026-05-10 15:28:24.542 -08:00 [INF] Access policy evaluation for users:read. UserId=790c2c93-d8e6-4b61-8a11-e4190a1c0805, Roles=[Admin], ActiveRules=6, SubjectMatched=1, ResourceActionMatched=1, Allows=1, Denies=0, Decision=Allowed
2026-05-10 15:28:24.543 -08:00 [INF] Access policy evaluation for accessPolicies:read. UserId=790c2c93-d8e6-4b61-8a11-e4190a1c0805, Roles=[Admin], ActiveRules=6, SubjectMatched=1, ResourceActionMatched=1, Allows=1, Denies=0, Decision=Allowed
2026-05-10 15:28:24.545 -08:00 [INF] Access policy evaluation for logs:read. UserId=790c2c93-d8e6-4b61-8a11-e4190a1c0805, Roles=[Admin], ActiveRules=6, SubjectMatched=1, ResourceActionMatched=1, Allows=1, Denies=0, Decision=Allowed
2026-05-10 15:28:24.546 -08:00 [INF] Access policy evaluation for errorLogs:read. UserId=790c2c93-d8e6-4b61-8a11-e4190a1c0805, Roles=[Admin], ActiveRules=6, SubjectMatched=1, ResourceActionMatched=1, Allows=1, Denies=0, Decision=Allowed
2026-05-10 15:28:24.547 -08:00 [INF] Access policy query filter started for users:read
2026-05-10 15:28:24.549 -08:00 [INF] MediatR handling completed ListAccessPoliciesQuery in 10 ms
2026-05-10 15:28:24.553 -08:00 [INF] Access policy query filter for users:read. UserId=790c2c93-d8e6-4b61-8a11-e4190a1c0805, Roles=[Admin], ActiveRules=6, SubjectMatched=1, ResourceActionMatched=1, Allows=1, Denies=0
2026-05-10 15:28:24.554 -08:00 [INF] HTTP GET /api/AccessPolicies completed with 200 in 21 ms (0HNLESL0KMR46:00000053)
2026-05-10 15:28:24.553 -08:00 [INF] MediatR handling completed GetLogsQuery in 14 ms
2026-05-10 15:28:24.561 -08:00 [INF] HTTP GET /api/Logs completed with 200 in 28 ms (0HNLESL0KMR46:00000051)
2026-05-10 15:28:24.565 -08:00 [INF] MediatR handling completed GetUsersDashboardQuery in 26 ms
2026-05-10 15:28:24.566 -08:00 [INF] HTTP GET /api/Users/dashboard completed with 200 in 34 ms (0HNLESL0KMR46:0000004D)
2026-05-10 15:28:24.702 -08:00 [INF] MediatR handling completed GetErrorLogsQuery in 162 ms
2026-05-10 15:28:24.704 -08:00 [INF] HTTP GET /api/error-logs completed with 200 in 172 ms (0HNLESL0KMR46:0000004F)
2026-05-10 15:28:25.446 -08:00 [INF] Authorization header exists: true
2026-05-10 15:28:25.449 -08:00 [INF] JWT token validated. IsAuthenticated=true
2026-05-10 15:28:25.450 -08:00 [INF] MediatR handling started GetUsersQuery
2026-05-10 15:28:25.451 -08:00 [INF] Access policy check started for users:read
2026-05-10 15:28:25.454 -08:00 [INF] Access policy evaluation for users:read. UserId=790c2c93-d8e6-4b61-8a11-e4190a1c0805, Roles=[Admin], ActiveRules=6, SubjectMatched=1, ResourceActionMatched=1, Allows=1, Denies=0, Decision=Allowed
2026-05-10 15:28:25.456 -08:00 [INF] Access policy query filter started for users:read
2026-05-10 15:28:25.459 -08:00 [INF] Access policy query filter for users:read. UserId=790c2c93-d8e6-4b61-8a11-e4190a1c0805, Roles=[Admin], ActiveRules=6, SubjectMatched=1, ResourceActionMatched=1, Allows=1, Denies=0
2026-05-10 15:28:25.468 -08:00 [INF] MediatR handling completed GetUsersQuery in 17 ms
2026-05-10 15:28:25.469 -08:00 [INF] HTTP GET /api/Users completed with 200 in 23 ms (0HNLESL0KMR46:00000057)
2026-05-10 15:28:26.123 -08:00 [INF] Authorization header exists: true
2026-05-10 15:28:26.125 -08:00 [INF] JWT token validated. IsAuthenticated=true
2026-05-10 15:28:26.126 -08:00 [INF] MediatR handling started GetRolesQuery
2026-05-10 15:28:26.127 -08:00 [INF] Access policy check started for roles:read
2026-05-10 15:28:26.129 -08:00 [INF] Access policy evaluation for roles:read. UserId=790c2c93-d8e6-4b61-8a11-e4190a1c0805, Roles=[Admin], ActiveRules=6, SubjectMatched=1, ResourceActionMatched=1, Allows=1, Denies=0, Decision=Allowed
2026-05-10 15:28:26.132 -08:00 [INF] MediatR handling completed GetRolesQuery in 6 ms
2026-05-10 15:28:26.134 -08:00 [INF] HTTP GET /api/Roles completed with 200 in 10 ms (0HNLESL0KMR46:0000005B)
2026-05-10 15:28:26.987 -08:00 [INF] Authorization header exists: true
2026-05-10 15:28:26.989 -08:00 [INF] Authorization header exists: true
2026-05-10 15:28:26.990 -08:00 [INF] JWT token validated. IsAuthenticated=true
2026-05-10 15:28:26.991 -08:00 [INF] MediatR handling started ListAccessPoliciesQuery
2026-05-10 15:28:26.992 -08:00 [INF] Access policy check started for accessPolicies:read
2026-05-10 15:28:26.995 -08:00 [INF] Access policy evaluation for accessPolicies:read. UserId=790c2c93-d8e6-4b61-8a11-e4190a1c0805, Roles=[Admin], ActiveRules=6, SubjectMatched=1, ResourceActionMatched=1, Allows=1, Denies=0, Decision=Allowed
2026-05-10 15:28:26.995 -08:00 [INF] JWT token validated. IsAuthenticated=true
2026-05-10 15:28:26.997 -08:00 [INF] MediatR handling started GetAccessPolicyOptionsQuery
2026-05-10 15:28:26.998 -08:00 [INF] MediatR handling completed ListAccessPoliciesQuery in 6 ms
2026-05-10 15:28:26.998 -08:00 [INF] Access policy check started for accessPolicies:read
2026-05-10 15:28:26.999 -08:00 [INF] HTTP GET /api/AccessPolicies completed with 200 in 11 ms (0HNLESL0KMR46:0000005F)
2026-05-10 15:28:27.000 -08:00 [INF] Access policy evaluation for accessPolicies:read. UserId=790c2c93-d8e6-4b61-8a11-e4190a1c0805, Roles=[Admin], ActiveRules=6, SubjectMatched=1, ResourceActionMatched=1, Allows=1, Denies=0, Decision=Allowed
2026-05-10 15:28:27.003 -08:00 [INF] MediatR handling completed GetAccessPolicyOptionsQuery in 5 ms
2026-05-10 15:28:27.004 -08:00 [INF] HTTP GET /api/AccessPolicies/options completed with 200 in 14 ms (0HNLESL0KMR46:00000061)
2026-05-10 15:28:27.976 -08:00 [INF] Authorization header exists: true
2026-05-10 15:28:28.010 -08:00 [INF] JWT token validated. IsAuthenticated=true
2026-05-10 15:28:28.022 -08:00 [INF] MediatR handling started GetSessionsQuery
2026-05-10 15:28:28.026 -08:00 [INF] Access policy check started for sessions:read
2026-05-10 15:28:28.028 -08:00 [INF] Access policy evaluation for sessions:read. UserId=790c2c93-d8e6-4b61-8a11-e4190a1c0805, Roles=[Admin], ActiveRules=6, SubjectMatched=1, ResourceActionMatched=1, Allows=1, Denies=0, Decision=Allowed
2026-05-10 15:28:28.100 -08:00 [INF] MediatR handling completed GetSessionsQuery in 78 ms
2026-05-10 15:28:28.108 -08:00 [INF] HTTP GET /api/Sessions completed with 200 in 131 ms (0HNLESL0KMR46:00000065)
2026-05-10 15:28:28.276 -08:00 [INF] Authorization header exists: true
2026-05-10 15:28:28.277 -08:00 [INF] Authorization header exists: true
2026-05-10 15:28:28.278 -08:00 [INF] JWT token validated. IsAuthenticated=true
2026-05-10 15:28:28.279 -08:00 [INF] MediatR handling started GetSessionsQuery
2026-05-10 15:28:28.279 -08:00 [INF] JWT token validated. IsAuthenticated=true
2026-05-10 15:28:28.280 -08:00 [INF] Access policy check started for sessions:read
2026-05-10 15:28:28.281 -08:00 [INF] MediatR handling started GetSessionsQuery
2026-05-10 15:28:28.282 -08:00 [INF] Access policy evaluation for sessions:read. UserId=790c2c93-d8e6-4b61-8a11-e4190a1c0805, Roles=[Admin], ActiveRules=6, SubjectMatched=1, ResourceActionMatched=1, Allows=1, Denies=0, Decision=Allowed
2026-05-10 15:28:28.283 -08:00 [INF] Access policy check started for sessions:read
2026-05-10 15:28:28.286 -08:00 [INF] Access policy evaluation for sessions:read. UserId=790c2c93-d8e6-4b61-8a11-e4190a1c0805, Roles=[Admin], ActiveRules=6, SubjectMatched=1, ResourceActionMatched=1, Allows=1, Denies=0, Decision=Allowed
2026-05-10 15:28:28.287 -08:00 [INF] MediatR handling completed GetSessionsQuery in 8 ms
2026-05-10 15:28:28.289 -08:00 [INF] HTTP GET /api/Sessions completed with 200 in 12 ms (0HNLESL0KMR46:00000069)
2026-05-10 15:28:28.291 -08:00 [INF] MediatR handling completed GetSessionsQuery in 9 ms
2026-05-10 15:28:28.292 -08:00 [INF] HTTP GET /api/Sessions completed with 200 in 14 ms (0HNLESL0KMR46:0000006B)
2026-05-10 15:28:34.452 -08:00 [INF] Authorization header exists: true
2026-05-10 15:28:34.455 -08:00 [INF] JWT token validated. IsAuthenticated=true
2026-05-10 15:28:34.472 -08:00 [INF] MediatR handling started RevokeSessionCommand
2026-05-10 15:28:34.478 -08:00 [INF] Access policy check started for sessions:revoke
2026-05-10 15:28:34.480 -08:00 [INF] Access policy evaluation for sessions:revoke. UserId=790c2c93-d8e6-4b61-8a11-e4190a1c0805, Roles=[Admin], ActiveRules=6, SubjectMatched=1, ResourceActionMatched=1, Allows=1, Denies=0, Decision=Allowed
2026-05-10 15:28:34.506 -08:00 [INF] MediatR handling completed RevokeSessionCommand in 33 ms
2026-05-10 15:28:34.509 -08:00 [INF] HTTP POST /api/Sessions/d5ccf59c-290d-46aa-8713-c52fdde8e51b/revoke completed with 204 in 56 ms (0HNLESL0KMR46:0000006F)
2026-05-10 15:28:34.517 -08:00 [INF] Authorization header exists: true
2026-05-10 15:28:34.519 -08:00 [INF] JWT token validated. IsAuthenticated=true
2026-05-10 15:28:34.519 -08:00 [INF] MediatR handling started GetSessionsQuery
2026-05-10 15:28:34.520 -08:00 [INF] Access policy check started for sessions:read
2026-05-10 15:28:34.521 -08:00 [INF] Access policy evaluation for sessions:read. UserId=790c2c93-d8e6-4b61-8a11-e4190a1c0805, Roles=[Admin], ActiveRules=6, SubjectMatched=1, ResourceActionMatched=1, Allows=1, Denies=0, Decision=Allowed
2026-05-10 15:28:34.526 -08:00 [INF] MediatR handling completed GetSessionsQuery in 7 ms
2026-05-10 15:28:34.528 -08:00 [INF] HTTP GET /api/Sessions completed with 200 in 11 ms (0HNLESL0KMR46:00000073)
2026-05-10 15:28:34.591 -08:00 [INF] Authorization header exists: true
2026-05-10 15:28:34.592 -08:00 [INF] Authorization header exists: true
2026-05-10 15:28:34.593 -08:00 [INF] JWT token validated. IsAuthenticated=true
2026-05-10 15:28:34.593 -08:00 [INF] JWT token validated. IsAuthenticated=true
2026-05-10 15:28:34.593 -08:00 [INF] MediatR handling started GetSessionsQuery
2026-05-10 15:28:34.594 -08:00 [INF] MediatR handling started GetSessionsQuery
2026-05-10 15:28:34.594 -08:00 [INF] Access policy check started for sessions:read
2026-05-10 15:28:34.595 -08:00 [INF] Access policy check started for sessions:read
2026-05-10 15:28:34.597 -08:00 [INF] Access policy evaluation for sessions:read. UserId=790c2c93-d8e6-4b61-8a11-e4190a1c0805, Roles=[Admin], ActiveRules=6, SubjectMatched=1, ResourceActionMatched=1, Allows=1, Denies=0, Decision=Allowed
2026-05-10 15:28:34.597 -08:00 [INF] Access policy evaluation for sessions:read. UserId=790c2c93-d8e6-4b61-8a11-e4190a1c0805, Roles=[Admin], ActiveRules=6, SubjectMatched=1, ResourceActionMatched=1, Allows=1, Denies=0, Decision=Allowed
2026-05-10 15:28:34.601 -08:00 [INF] MediatR handling completed GetSessionsQuery in 7 ms
2026-05-10 15:28:34.602 -08:00 [INF] HTTP GET /api/Sessions completed with 200 in 11 ms (0HNLESL0KMR46:00000077)
2026-05-10 15:28:34.603 -08:00 [INF] MediatR handling completed GetSessionsQuery in 8 ms
2026-05-10 15:28:34.604 -08:00 [INF] HTTP GET /api/Sessions completed with 200 in 12 ms (0HNLESL0KMR46:00000079)
2026-05-10 15:28:39.484 -08:00 [INF] Authorization header exists: true
2026-05-10 15:28:39.485 -08:00 [INF] JWT token validated. IsAuthenticated=true
2026-05-10 15:28:39.486 -08:00 [INF] MediatR handling started GetSessionsQuery
2026-05-10 15:28:39.486 -08:00 [INF] Access policy check started for sessions:read
2026-05-10 15:28:39.489 -08:00 [INF] Access policy evaluation for sessions:read. UserId=790c2c93-d8e6-4b61-8a11-e4190a1c0805, Roles=[Admin], ActiveRules=6, SubjectMatched=1, ResourceActionMatched=1, Allows=1, Denies=0, Decision=Allowed
2026-05-10 15:28:39.495 -08:00 [INF] MediatR handling completed GetSessionsQuery in 9 ms
2026-05-10 15:28:39.496 -08:00 [INF] HTTP GET /api/Sessions completed with 200 in 12 ms (0HNLESL0KMR46:0000007B)
2026-05-10 15:28:39.560 -08:00 [INF] Authorization header exists: true
2026-05-10 15:28:39.562 -08:00 [INF] Authorization header exists: true
2026-05-10 15:28:39.563 -08:00 [INF] JWT token validated. IsAuthenticated=true
2026-05-10 15:28:39.564 -08:00 [INF] MediatR handling started GetSessionsQuery
2026-05-10 15:28:39.564 -08:00 [INF] JWT token validated. IsAuthenticated=true
2026-05-10 15:28:39.564 -08:00 [INF] Access policy check started for sessions:read
2026-05-10 15:28:39.565 -08:00 [INF] MediatR handling started GetSessionsQuery
2026-05-10 15:28:39.566 -08:00 [INF] Access policy check started for sessions:read
2026-05-10 15:28:39.567 -08:00 [INF] Access policy evaluation for sessions:read. UserId=790c2c93-d8e6-4b61-8a11-e4190a1c0805, Roles=[Admin], ActiveRules=6, SubjectMatched=1, ResourceActionMatched=1, Allows=1, Denies=0, Decision=Allowed
2026-05-10 15:28:39.568 -08:00 [INF] Access policy evaluation for sessions:read. UserId=790c2c93-d8e6-4b61-8a11-e4190a1c0805, Roles=[Admin], ActiveRules=6, SubjectMatched=1, ResourceActionMatched=1, Allows=1, Denies=0, Decision=Allowed
2026-05-10 15:28:39.572 -08:00 [INF] MediatR handling completed GetSessionsQuery in 7 ms
2026-05-10 15:28:39.572 -08:00 [INF] HTTP GET /api/Sessions completed with 200 in 12 ms (0HNLESL0KMR46:0000007F)
2026-05-10 15:28:39.574 -08:00 [INF] MediatR handling completed GetSessionsQuery in 8 ms
2026-05-10 15:28:39.575 -08:00 [INF] HTTP GET /api/Sessions completed with 200 in 12 ms (0HNLESL0KMR46:00000081)
2026-05-10 15:28:45.740 -08:00 [INF] Authorization header exists: true
2026-05-10 15:28:45.742 -08:00 [INF] JWT token validated. IsAuthenticated=true
2026-05-10 15:28:45.743 -08:00 [INF] MediatR handling started RevokeSessionCommand
2026-05-10 15:28:45.743 -08:00 [INF] Access policy check started for sessions:revoke
2026-05-10 15:28:45.746 -08:00 [INF] Access policy evaluation for sessions:revoke. UserId=790c2c93-d8e6-4b61-8a11-e4190a1c0805, Roles=[Admin], ActiveRules=6, SubjectMatched=1, ResourceActionMatched=1, Allows=1, Denies=0, Decision=Allowed
2026-05-10 15:28:45.755 -08:00 [INF] MediatR handling completed RevokeSessionCommand in 12 ms
2026-05-10 15:28:45.756 -08:00 [INF] HTTP POST /api/Sessions/3f6e360f-075f-47f2-a171-04778b113dcd/revoke completed with 204 in 16 ms (0HNLESL0KMR46:00000085)
2026-05-10 15:28:45.759 -08:00 [INF] HTTP CONNECT /hubs/sessions completed with 200 in 29658 ms (0HNLESL0KMR47:00000007)
2026-05-10 15:28:45.774 -08:00 [INF] Authorization header exists: false
2026-05-10 15:28:45.775 -08:00 [WRN] JWT challenge. Error=null, Description=null
2026-05-10 15:28:45.775 -08:00 [INF] HTTP GET /api/Sessions completed with 401 in 1 ms (0HNLESL0KMR46:00000087)
2026-05-10 15:28:46.027 -08:00 [INF] Authorization header exists: false
2026-05-10 15:28:46.027 -08:00 [INF] Authorization header exists: false
2026-05-10 15:28:46.028 -08:00 [WRN] JWT challenge. Error=null, Description=null
2026-05-10 15:28:46.028 -08:00 [WRN] JWT challenge. Error=null, Description=null
2026-05-10 15:28:46.029 -08:00 [INF] HTTP GET /api/Sessions completed with 401 in 2 ms (0HNLESL0KMR46:0000008B)
2026-05-10 15:28:46.030 -08:00 [INF] HTTP GET /api/Sessions completed with 401 in 2 ms (0HNLESL0KMR46:00000089)
2026-05-10 15:29:05.435 -08:00 [INF] Authorization header exists: false
2026-05-10 15:29:05.437 -08:00 [INF] MediatR handling started LoginCommand
2026-05-10 15:29:05.503 -08:00 [INF] MediatR handling completed LoginCommand in 66 ms
2026-05-10 15:29:05.505 -08:00 [INF] HTTP POST /api/Auth/login completed with 200 in 69 ms (0HNLESL0KMR46:0000008F)
2026-05-10 15:29:05.597 -08:00 [INF] Authorization header exists: true
2026-05-10 15:29:05.599 -08:00 [INF] JWT token validated. IsAuthenticated=true
2026-05-10 15:29:05.601 -08:00 [INF] HTTP POST /hubs/sessions/negotiate completed with 200 in 4 ms (0HNLESL0KMR47:00000009)
2026-05-10 15:29:05.628 -08:00 [INF] Authorization header exists: true
2026-05-10 15:29:05.630 -08:00 [INF] JWT token validated. IsAuthenticated=true
2026-05-10 15:29:05.632 -08:00 [INF] MediatR handling started GetUsersQuery
2026-05-10 15:29:05.633 -08:00 [INF] Access policy check started for users:read
2026-05-10 15:29:05.635 -08:00 [INF] Access policy evaluation for users:read. UserId=790c2c93-d8e6-4b61-8a11-e4190a1c0805, Roles=[Admin], ActiveRules=6, SubjectMatched=1, ResourceActionMatched=1, Allows=1, Denies=0, Decision=Allowed
2026-05-10 15:29:05.637 -08:00 [INF] Access policy query filter started for users:read
2026-05-10 15:29:05.638 -08:00 [INF] Access policy query filter for users:read. UserId=790c2c93-d8e6-4b61-8a11-e4190a1c0805, Roles=[Admin], ActiveRules=6, SubjectMatched=1, ResourceActionMatched=1, Allows=1, Denies=0
2026-05-10 15:29:05.646 -08:00 [INF] MediatR handling completed GetUsersQuery in 14 ms
2026-05-10 15:29:05.648 -08:00 [INF] HTTP GET /api/Users completed with 200 in 20 ms (0HNLESL0KMR46:00000095)
2026-05-10 15:29:05.976 -08:00 [INF] Authorization header exists: true
2026-05-10 15:29:05.978 -08:00 [INF] JWT token validated. IsAuthenticated=true
2026-05-10 15:29:05.979 -08:00 [INF] MediatR handling started GetUsersQuery
2026-05-10 15:29:05.980 -08:00 [INF] Access policy check started for users:read
2026-05-10 15:29:05.982 -08:00 [INF] Access policy evaluation for users:read. UserId=790c2c93-d8e6-4b61-8a11-e4190a1c0805, Roles=[Admin], ActiveRules=6, SubjectMatched=1, ResourceActionMatched=1, Allows=1, Denies=0, Decision=Allowed
2026-05-10 15:29:05.984 -08:00 [INF] Access policy query filter started for users:read
2026-05-10 15:29:05.986 -08:00 [INF] Access policy query filter for users:read. UserId=790c2c93-d8e6-4b61-8a11-e4190a1c0805, Roles=[Admin], ActiveRules=6, SubjectMatched=1, ResourceActionMatched=1, Allows=1, Denies=0
2026-05-10 15:29:05.992 -08:00 [INF] MediatR handling completed GetUsersQuery in 12 ms
2026-05-10 15:29:05.993 -08:00 [INF] HTTP GET /api/Users completed with 200 in 17 ms (0HNLESL0KMR46:00000097)
2026-05-10 15:29:06.416 -08:00 [INF] Authorization header exists: false
2026-05-10 15:29:06.420 -08:00 [INF] JWT token validated. IsAuthenticated=true
2026-05-10 15:29:07.583 -08:00 [INF] Authorization header exists: true
2026-05-10 15:29:07.584 -08:00 [INF] Authorization header exists: true
2026-05-10 15:29:07.584 -08:00 [INF] Authorization header exists: true
2026-05-10 15:29:07.591 -08:00 [INF] JWT token validated. IsAuthenticated=true
2026-05-10 15:29:07.591 -08:00 [INF] JWT token validated. IsAuthenticated=true
2026-05-10 15:29:07.597 -08:00 [INF] JWT token validated. IsAuthenticated=true
2026-05-10 15:29:07.603 -08:00 [INF] Authorization header exists: true
2026-05-10 15:29:07.606 -08:00 [INF] MediatR handling started GetLogsQuery
2026-05-10 15:29:07.609 -08:00 [INF] MediatR handling started GetUsersDashboardQuery
2026-05-10 15:29:07.612 -08:00 [INF] MediatR handling started GetErrorLogsQuery
2026-05-10 15:29:07.614 -08:00 [INF] JWT token validated. IsAuthenticated=true
2026-05-10 15:29:07.615 -08:00 [INF] Access policy check started for logs:read
2026-05-10 15:29:07.615 -08:00 [INF] Access policy check started for users:read
2026-05-10 15:29:07.617 -08:00 [INF] Access policy check started for errorLogs:read
2026-05-10 15:29:07.618 -08:00 [INF] MediatR handling started ListAccessPoliciesQuery
2026-05-10 15:29:07.638 -08:00 [INF] Access policy evaluation for logs:read. UserId=790c2c93-d8e6-4b61-8a11-e4190a1c0805, Roles=[Admin], ActiveRules=6, SubjectMatched=1, ResourceActionMatched=1, Allows=1, Denies=0, Decision=Allowed
2026-05-10 15:29:07.641 -08:00 [INF] Access policy evaluation for users:read. UserId=790c2c93-d8e6-4b61-8a11-e4190a1c0805, Roles=[Admin], ActiveRules=6, SubjectMatched=1, ResourceActionMatched=1, Allows=1, Denies=0, Decision=Allowed
2026-05-10 15:29:07.649 -08:00 [INF] Access policy evaluation for errorLogs:read. UserId=790c2c93-d8e6-4b61-8a11-e4190a1c0805, Roles=[Admin], ActiveRules=6, SubjectMatched=1, ResourceActionMatched=1, Allows=1, Denies=0, Decision=Allowed
2026-05-10 15:29:07.653 -08:00 [INF] Access policy check started for accessPolicies:read
2026-05-10 15:29:07.787 -08:00 [INF] Access policy query filter started for users:read
2026-05-10 15:29:07.850 -08:00 [INF] MediatR handling completed GetLogsQuery in 243 ms
2026-05-10 15:29:07.878 -08:00 [INF] Access policy evaluation for accessPolicies:read. UserId=790c2c93-d8e6-4b61-8a11-e4190a1c0805, Roles=[Admin], ActiveRules=6, SubjectMatched=1, ResourceActionMatched=1, Allows=1, Denies=0, Decision=Allowed
2026-05-10 15:29:07.905 -08:00 [INF] Access policy query filter for users:read. UserId=790c2c93-d8e6-4b61-8a11-e4190a1c0805, Roles=[Admin], ActiveRules=6, SubjectMatched=1, ResourceActionMatched=1, Allows=1, Denies=0
2026-05-10 15:29:07.881 -08:00 [INF] MediatR handling completed GetErrorLogsQuery in 269 ms
2026-05-10 15:29:07.913 -08:00 [INF] HTTP GET /api/Logs completed with 200 in 328 ms (0HNLESL0KMR46:000000A3)
2026-05-10 15:29:07.964 -08:00 [INF] MediatR handling completed ListAccessPoliciesQuery in 346 ms
2026-05-10 15:29:07.987 -08:00 [INF] HTTP GET /api/error-logs completed with 200 in 403 ms (0HNLESL0KMR46:000000A5)
2026-05-10 15:29:07.992 -08:00 [INF] HTTP GET /api/AccessPolicies completed with 200 in 388 ms (0HNLESL0KMR46:000000A7)
2026-05-10 15:29:08.007 -08:00 [INF] MediatR handling completed GetUsersDashboardQuery in 398 ms
2026-05-10 15:29:08.018 -08:00 [INF] HTTP GET /api/Users/dashboard completed with 200 in 435 ms (0HNLESL0KMR46:000000A1)
2026-05-10 15:30:50.704 -08:00 [WRN] Sensitive data logging is enabled. Log entries and exception messages may include sensitive application data; this mode should only be enabled during development.
2026-05-10 15:30:51.963 -08:00 [INF] Admin wildcard access policy already exists
2026-05-10 15:30:52.229 -08:00 [INF] Now listening on: https://localhost:7259
2026-05-10 15:30:52.232 -08:00 [INF] Now listening on: http://localhost:5244
2026-05-10 15:30:52.309 -08:00 [INF] Application started. Press Ctrl+C to shut down.
2026-05-10 15:30:52.311 -08:00 [INF] Hosting environment: Development
2026-05-10 15:30:52.311 -08:00 [INF] Content root path: C:\PrivateProject\algo.bytes\src\algo.API
2026-05-10 15:30:55.343 -08:00 [INF] Authorization header exists: true
2026-05-10 15:30:55.343 -08:00 [INF] Authorization header exists: true
2026-05-10 15:30:55.523 -08:00 [INF] JWT token validated. IsAuthenticated=true
2026-05-10 15:30:55.525 -08:00 [INF] JWT token validated. IsAuthenticated=true
2026-05-10 15:30:55.547 -08:00 [INF] HTTP POST /hubs/sessions/negotiate completed with 200 in 278 ms (0HNLETGN9IVHS:00000001)
2026-05-10 15:30:55.647 -08:00 [INF] MediatR handling started GetUsersQuery
2026-05-10 15:30:55.696 -08:00 [INF] Access policy check started for users:read
2026-05-10 15:30:55.743 -08:00 [INF] Access policy evaluation for users:read. UserId=790c2c93-d8e6-4b61-8a11-e4190a1c0805, Roles=[Admin], ActiveRules=6, SubjectMatched=1, ResourceActionMatched=1, Allows=1, Denies=0, Decision=Allowed
2026-05-10 15:30:55.758 -08:00 [INF] Access policy query filter started for users:read
2026-05-10 15:30:55.770 -08:00 [INF] Access policy query filter for users:read. UserId=790c2c93-d8e6-4b61-8a11-e4190a1c0805, Roles=[Admin], ActiveRules=6, SubjectMatched=1, ResourceActionMatched=1, Allows=1, Denies=0
2026-05-10 15:30:56.017 -08:00 [INF] Authorization header exists: false
2026-05-10 15:30:56.041 -08:00 [INF] JWT token validated. IsAuthenticated=true
2026-05-10 15:30:56.048 -08:00 [INF] MediatR handling completed GetUsersQuery in 401 ms
2026-05-10 15:30:56.090 -08:00 [INF] HTTP GET /api/Users completed with 200 in 822 ms (0HNLETGN9IVHR:00000005)
2026-05-10 15:30:56.092 -08:00 [INF] Authorization header exists: true
2026-05-10 15:30:56.139 -08:00 [INF] JWT token validated. IsAuthenticated=true
2026-05-10 15:30:56.176 -08:00 [INF] MediatR handling started GetUsersQuery
2026-05-10 15:30:56.180 -08:00 [INF] Access policy check started for users:read
2026-05-10 15:30:56.219 -08:00 [INF] Access policy evaluation for users:read. UserId=790c2c93-d8e6-4b61-8a11-e4190a1c0805, Roles=[Admin], ActiveRules=6, SubjectMatched=1, ResourceActionMatched=1, Allows=1, Denies=0, Decision=Allowed
2026-05-10 15:30:56.226 -08:00 [INF] Access policy query filter started for users:read
2026-05-10 15:30:56.231 -08:00 [INF] Access policy query filter for users:read. UserId=790c2c93-d8e6-4b61-8a11-e4190a1c0805, Roles=[Admin], ActiveRules=6, SubjectMatched=1, ResourceActionMatched=1, Allows=1, Denies=0
2026-05-10 15:30:56.345 -08:00 [INF] MediatR handling completed GetUsersQuery in 168 ms
2026-05-10 15:30:56.349 -08:00 [INF] HTTP GET /api/Users completed with 200 in 256 ms (0HNLETGN9IVHR:00000007)
2026-05-10 15:30:57.882 -08:00 [INF] Authorization header exists: true
2026-05-10 15:30:57.882 -08:00 [INF] Authorization header exists: true
2026-05-10 15:30:57.882 -08:00 [INF] Authorization header exists: true
2026-05-10 15:30:57.882 -08:00 [INF] Authorization header exists: true
2026-05-10 15:30:57.887 -08:00 [INF] JWT token validated. IsAuthenticated=true
2026-05-10 15:30:57.887 -08:00 [INF] JWT token validated. IsAuthenticated=true
2026-05-10 15:30:57.897 -08:00 [INF] JWT token validated. IsAuthenticated=true
2026-05-10 15:30:57.946 -08:00 [INF] MediatR handling started GetUsersDashboardQuery
2026-05-10 15:30:57.947 -08:00 [INF] JWT token validated. IsAuthenticated=true
2026-05-10 15:30:57.952 -08:00 [INF] Access policy check started for users:read
2026-05-10 15:30:57.955 -08:00 [INF] Access policy evaluation for users:read. UserId=790c2c93-d8e6-4b61-8a11-e4190a1c0805, Roles=[Admin], ActiveRules=6, SubjectMatched=1, ResourceActionMatched=1, Allows=1, Denies=0, Decision=Allowed
2026-05-10 15:30:57.957 -08:00 [INF] MediatR handling started ListAccessPoliciesQuery
2026-05-10 15:30:57.959 -08:00 [INF] Access policy query filter started for users:read
2026-05-10 15:30:57.962 -08:00 [INF] Access policy check started for accessPolicies:read
2026-05-10 15:30:57.963 -08:00 [INF] Access policy query filter for users:read. UserId=790c2c93-d8e6-4b61-8a11-e4190a1c0805, Roles=[Admin], ActiveRules=6, SubjectMatched=1, ResourceActionMatched=1, Allows=1, Denies=0
2026-05-10 15:30:57.965 -08:00 [INF] MediatR handling started GetLogsQuery
2026-05-10 15:30:57.965 -08:00 [INF] MediatR handling started GetErrorLogsQuery
2026-05-10 15:30:57.971 -08:00 [INF] Access policy evaluation for accessPolicies:read. UserId=790c2c93-d8e6-4b61-8a11-e4190a1c0805, Roles=[Admin], ActiveRules=6, SubjectMatched=1, ResourceActionMatched=1, Allows=1, Denies=0, Decision=Allowed
2026-05-10 15:30:57.982 -08:00 [INF] Access policy check started for logs:read
2026-05-10 15:30:57.983 -08:00 [INF] Access policy check started for errorLogs:read
2026-05-10 15:30:57.986 -08:00 [INF] Access policy evaluation for logs:read. UserId=790c2c93-d8e6-4b61-8a11-e4190a1c0805, Roles=[Admin], ActiveRules=6, SubjectMatched=1, ResourceActionMatched=1, Allows=1, Denies=0, Decision=Allowed
2026-05-10 15:30:57.986 -08:00 [INF] MediatR handling completed ListAccessPoliciesQuery in 29 ms
2026-05-10 15:30:57.987 -08:00 [INF] Access policy evaluation for errorLogs:read. UserId=790c2c93-d8e6-4b61-8a11-e4190a1c0805, Roles=[Admin], ActiveRules=6, SubjectMatched=1, ResourceActionMatched=1, Allows=1, Denies=0, Decision=Allowed
2026-05-10 15:30:58.005 -08:00 [INF] HTTP GET /api/AccessPolicies completed with 200 in 122 ms (0HNLETGN9IVHR:00000017)
2026-05-10 15:30:58.075 -08:00 [INF] MediatR handling completed GetUsersDashboardQuery in 129 ms
2026-05-10 15:30:58.084 -08:00 [INF] HTTP GET /api/Users/dashboard completed with 200 in 202 ms (0HNLETGN9IVHR:00000013)
2026-05-10 15:30:58.188 -08:00 [INF] MediatR handling completed GetLogsQuery in 222 ms
2026-05-10 15:30:58.188 -08:00 [INF] MediatR handling completed GetErrorLogsQuery in 222 ms
2026-05-10 15:30:58.213 -08:00 [INF] HTTP GET /api/error-logs completed with 200 in 331 ms (0HNLETGN9IVHR:00000015)
2026-05-10 15:30:58.213 -08:00 [INF] HTTP GET /api/Logs completed with 200 in 331 ms (0HNLETGN9IVHR:00000011)
2026-05-10 15:31:15.866 -08:00 [INF] Authorization header exists: true
2026-05-10 15:31:15.902 -08:00 [ERR] JWT authentication failed
Microsoft.IdentityModel.Tokens.SecurityTokenExpiredException: IDX10223: Lifetime validation failed. The token is expired. ValidTo (UTC): '10-05-2026 0:05:59', Current time (UTC): '10-05-2026 23:31:15'.
   at Microsoft.IdentityModel.Tokens.ValidatorUtilities.ValidateLifetime(Nullable`1 notBefore, Nullable`1 expires, SecurityToken securityToken, TokenValidationParameters validationParameters)
   at Microsoft.IdentityModel.Tokens.Validators.ValidateLifetime(Nullable`1 notBefore, Nullable`1 expires, SecurityToken securityToken, TokenValidationParameters validationParameters)
   at Microsoft.IdentityModel.JsonWebTokens.JsonWebTokenHandler.ValidateTokenPayloadAsync(JsonWebToken jsonWebToken, TokenValidationParameters validationParameters, BaseConfiguration configuration)
   at Microsoft.IdentityModel.JsonWebTokens.JsonWebTokenHandler.ValidateJWSAsync(JsonWebToken jsonWebToken, TokenValidationParameters validationParameters, BaseConfiguration configuration)
2026-05-10 15:31:15.903 -08:00 [INF] Authorization header exists: true
2026-05-10 15:31:15.945 -08:00 [ERR] JWT authentication failed
Microsoft.IdentityModel.Tokens.SecurityTokenExpiredException: IDX10223: Lifetime validation failed. The token is expired. ValidTo (UTC): '10-05-2026 0:05:59', Current time (UTC): '10-05-2026 23:31:15'.
   at Microsoft.IdentityModel.Tokens.ValidatorUtilities.ValidateLifetime(Nullable`1 notBefore, Nullable`1 expires, SecurityToken securityToken, TokenValidationParameters validationParameters)
   at Microsoft.IdentityModel.Tokens.Validators.ValidateLifetime(Nullable`1 notBefore, Nullable`1 expires, SecurityToken securityToken, TokenValidationParameters validationParameters)
   at Microsoft.IdentityModel.JsonWebTokens.JsonWebTokenHandler.ValidateTokenPayloadAsync(JsonWebToken jsonWebToken, TokenValidationParameters validationParameters, BaseConfiguration configuration)
   at Microsoft.IdentityModel.JsonWebTokens.JsonWebTokenHandler.ValidateJWSAsync(JsonWebToken jsonWebToken, TokenValidationParameters validationParameters, BaseConfiguration configuration)
2026-05-10 15:31:15.949 -08:00 [WRN] JWT challenge. Error=invalid_token, Description=The token expired at '05/10/2026 00:05:59'
2026-05-10 15:31:15.949 -08:00 [WRN] JWT challenge. Error=invalid_token, Description=The token expired at '05/10/2026 00:05:59'
2026-05-10 15:31:15.956 -08:00 [INF] HTTP POST /hubs/sessions/negotiate completed with 401 in 90 ms (0HNLETGN9IVHU:00000001)
2026-05-10 15:31:15.956 -08:00 [INF] HTTP GET /api/Users completed with 401 in 53 ms (0HNLETGN9IVHT:00000005)
2026-05-10 15:31:16.179 -08:00 [INF] Authorization header exists: true
2026-05-10 15:31:16.205 -08:00 [ERR] JWT authentication failed
Microsoft.IdentityModel.Tokens.SecurityTokenExpiredException: IDX10223: Lifetime validation failed. The token is expired. ValidTo (UTC): '10-05-2026 0:05:59', Current time (UTC): '10-05-2026 23:31:16'.
   at Microsoft.IdentityModel.Tokens.ValidatorUtilities.ValidateLifetime(Nullable`1 notBefore, Nullable`1 expires, SecurityToken securityToken, TokenValidationParameters validationParameters)
   at Microsoft.IdentityModel.Tokens.Validators.ValidateLifetime(Nullable`1 notBefore, Nullable`1 expires, SecurityToken securityToken, TokenValidationParameters validationParameters)
   at Microsoft.IdentityModel.JsonWebTokens.JsonWebTokenHandler.ValidateTokenPayloadAsync(JsonWebToken jsonWebToken, TokenValidationParameters validationParameters, BaseConfiguration configuration)
   at Microsoft.IdentityModel.JsonWebTokens.JsonWebTokenHandler.ValidateJWSAsync(JsonWebToken jsonWebToken, TokenValidationParameters validationParameters, BaseConfiguration configuration)
2026-05-10 15:31:16.208 -08:00 [WRN] JWT challenge. Error=invalid_token, Description=The token expired at '05/10/2026 00:05:59'
2026-05-10 15:31:16.210 -08:00 [INF] HTTP GET /api/Users completed with 401 in 31 ms (0HNLETGN9IVHT:00000007)
2026-05-10 15:31:17.658 -08:00 [INF] Authorization header exists: false
2026-05-10 15:31:17.681 -08:00 [INF] MediatR handling started LoginCommand
2026-05-10 15:31:17.743 -08:00 [INF] MediatR handling completed LoginCommand in 62 ms
2026-05-10 15:31:17.748 -08:00 [INF] HTTP POST /api/Auth/login completed with 200 in 89 ms (0HNLETGN9IVHT:0000000B)
2026-05-10 15:32:12.831 -08:00 [INF] Authorization header exists: false
2026-05-10 15:32:12.833 -08:00 [INF] MediatR handling started LoginCommand
2026-05-10 15:32:13.137 -08:00 [INF] MediatR handling completed LoginCommand in 303 ms
2026-05-10 15:32:13.140 -08:00 [INF] HTTP POST /api/Auth/login completed with 200 in 308 ms (0HNLETGN9IVHT:0000000F)
2026-05-10 15:32:13.152 -08:00 [INF] Authorization header exists: true
2026-05-10 15:32:13.154 -08:00 [INF] JWT token validated. IsAuthenticated=true
2026-05-10 15:32:13.155 -08:00 [INF] HTTP POST /hubs/sessions/negotiate completed with 200 in 3 ms (0HNLETGN9IVHU:00000003)
2026-05-10 15:32:13.165 -08:00 [INF] Authorization header exists: true
2026-05-10 15:32:13.167 -08:00 [INF] JWT token validated. IsAuthenticated=true
2026-05-10 15:32:13.171 -08:00 [INF] MediatR handling started GetUsersQuery
2026-05-10 15:32:13.180 -08:00 [INF] Access policy check started for users:read
2026-05-10 15:32:13.182 -08:00 [INF] Access policy evaluation for users:read. UserId=d1ed8be4-9703-45f0-935f-3c39601b55e1, Roles=[inactive], ActiveRules=6, SubjectMatched=4, ResourceActionMatched=1, Allows=1, Denies=0, Decision=Allowed
2026-05-10 15:32:13.184 -08:00 [INF] Access policy query filter started for users:read
2026-05-10 15:32:13.186 -08:00 [INF] Access policy query filter for users:read. UserId=d1ed8be4-9703-45f0-935f-3c39601b55e1, Roles=[inactive], ActiveRules=6, SubjectMatched=4, ResourceActionMatched=1, Allows=1, Denies=0
2026-05-10 15:32:13.213 -08:00 [INF] MediatR handling completed GetUsersQuery in 42 ms
2026-05-10 15:32:13.214 -08:00 [INF] HTTP GET /api/Users completed with 200 in 49 ms (0HNLETGN9IVHT:00000015)
2026-05-10 15:32:13.359 -08:00 [INF] Authorization header exists: false
2026-05-10 15:32:13.362 -08:00 [INF] JWT token validated. IsAuthenticated=true
2026-05-10 15:32:16.854 -08:00 [INF] Authorization header exists: true
2026-05-10 15:32:16.857 -08:00 [INF] JWT token validated. IsAuthenticated=true
2026-05-10 15:32:16.858 -08:00 [INF] MediatR handling started GetUsersDashboardQuery
2026-05-10 15:32:16.860 -08:00 [INF] Access policy check started for users:read
2026-05-10 15:32:16.862 -08:00 [INF] Access policy evaluation for users:read. UserId=d1ed8be4-9703-45f0-935f-3c39601b55e1, Roles=[inactive], ActiveRules=6, SubjectMatched=4, ResourceActionMatched=1, Allows=1, Denies=0, Decision=Allowed
2026-05-10 15:32:16.865 -08:00 [INF] Access policy query filter started for users:read
2026-05-10 15:32:16.867 -08:00 [INF] Access policy query filter for users:read. UserId=d1ed8be4-9703-45f0-935f-3c39601b55e1, Roles=[inactive], ActiveRules=6, SubjectMatched=4, ResourceActionMatched=1, Allows=1, Denies=0
2026-05-10 15:32:16.903 -08:00 [INF] MediatR handling completed GetUsersDashboardQuery in 44 ms
2026-05-10 15:32:16.905 -08:00 [INF] HTTP GET /api/Users/dashboard completed with 200 in 50 ms (0HNLETGN9IVHT:00000019)
2026-05-10 15:32:18.114 -08:00 [INF] Authorization header exists: true
2026-05-10 15:32:18.117 -08:00 [INF] JWT token validated. IsAuthenticated=true
2026-05-10 15:32:18.125 -08:00 [INF] MediatR handling started GetRolesQuery
2026-05-10 15:32:18.127 -08:00 [INF] Access policy check started for roles:read
2026-05-10 15:32:18.129 -08:00 [INF] Access policy evaluation for roles:read. UserId=d1ed8be4-9703-45f0-935f-3c39601b55e1, Roles=[inactive], ActiveRules=6, SubjectMatched=4, ResourceActionMatched=1, Allows=1, Denies=0, Decision=Allowed
2026-05-10 15:32:18.135 -08:00 [INF] MediatR handling completed GetRolesQuery in 9 ms
2026-05-10 15:32:18.137 -08:00 [INF] HTTP GET /api/Roles completed with 200 in 23 ms (0HNLETGN9IVHT:0000001D)
2026-05-10 15:32:19.776 -08:00 [INF] Authorization header exists: true
2026-05-10 15:32:19.778 -08:00 [INF] JWT token validated. IsAuthenticated=true
2026-05-10 15:32:19.779 -08:00 [INF] MediatR handling started GetUsersQuery
2026-05-10 15:32:19.780 -08:00 [INF] Access policy check started for users:read
2026-05-10 15:32:19.782 -08:00 [INF] Access policy evaluation for users:read. UserId=d1ed8be4-9703-45f0-935f-3c39601b55e1, Roles=[inactive], ActiveRules=6, SubjectMatched=4, ResourceActionMatched=1, Allows=1, Denies=0, Decision=Allowed
2026-05-10 15:32:19.784 -08:00 [INF] Access policy query filter started for users:read
2026-05-10 15:32:19.785 -08:00 [INF] Access policy query filter for users:read. UserId=d1ed8be4-9703-45f0-935f-3c39601b55e1, Roles=[inactive], ActiveRules=6, SubjectMatched=4, ResourceActionMatched=1, Allows=1, Denies=0
2026-05-10 15:32:19.789 -08:00 [INF] MediatR handling completed GetUsersQuery in 10 ms
2026-05-10 15:32:19.791 -08:00 [INF] HTTP GET /api/Users completed with 200 in 15 ms (0HNLETGN9IVHT:00000021)
2026-05-10 15:32:22.508 -08:00 [INF] Authorization header exists: true
2026-05-10 15:32:22.510 -08:00 [INF] JWT token validated. IsAuthenticated=true
2026-05-10 15:32:22.511 -08:00 [INF] MediatR handling started GetUsersQuery
2026-05-10 15:32:22.513 -08:00 [INF] Access policy check started for users:read
2026-05-10 15:32:22.514 -08:00 [INF] Access policy evaluation for users:read. UserId=d1ed8be4-9703-45f0-935f-3c39601b55e1, Roles=[inactive], ActiveRules=6, SubjectMatched=4, ResourceActionMatched=1, Allows=1, Denies=0, Decision=Allowed
2026-05-10 15:32:22.516 -08:00 [INF] Access policy query filter started for users:read
2026-05-10 15:32:22.517 -08:00 [INF] Access policy query filter for users:read. UserId=d1ed8be4-9703-45f0-935f-3c39601b55e1, Roles=[inactive], ActiveRules=6, SubjectMatched=4, ResourceActionMatched=1, Allows=1, Denies=0
2026-05-10 15:32:22.533 -08:00 [INF] MediatR handling completed GetUsersQuery in 21 ms
2026-05-10 15:32:22.534 -08:00 [INF] HTTP GET /api/Users completed with 200 in 25 ms (0HNLETGN9IVHT:00000025)
2026-05-10 15:32:26.330 -08:00 [INF] Authorization header exists: true
2026-05-10 15:32:26.332 -08:00 [INF] JWT token validated. IsAuthenticated=true
2026-05-10 15:32:26.333 -08:00 [INF] MediatR handling started GetUsersQuery
2026-05-10 15:32:26.333 -08:00 [INF] Access policy check started for users:read
2026-05-10 15:32:26.335 -08:00 [INF] Access policy evaluation for users:read. UserId=d1ed8be4-9703-45f0-935f-3c39601b55e1, Roles=[inactive], ActiveRules=6, SubjectMatched=4, ResourceActionMatched=1, Allows=1, Denies=0, Decision=Allowed
2026-05-10 15:32:26.337 -08:00 [INF] Access policy query filter started for users:read
2026-05-10 15:32:26.338 -08:00 [INF] Access policy query filter for users:read. UserId=d1ed8be4-9703-45f0-935f-3c39601b55e1, Roles=[inactive], ActiveRules=6, SubjectMatched=4, ResourceActionMatched=1, Allows=1, Denies=0
2026-05-10 15:32:26.353 -08:00 [INF] MediatR handling completed GetUsersQuery in 20 ms
2026-05-10 15:32:26.354 -08:00 [INF] HTTP GET /api/Users completed with 200 in 23 ms (0HNLETGN9IVHT:00000029)
2026-05-10 15:32:31.041 -08:00 [INF] Authorization header exists: true
2026-05-10 15:32:31.044 -08:00 [INF] JWT token validated. IsAuthenticated=true
2026-05-10 15:32:31.045 -08:00 [INF] MediatR handling started GetUsersQuery
2026-05-10 15:32:31.046 -08:00 [INF] Access policy check started for users:read
2026-05-10 15:32:31.048 -08:00 [INF] Access policy evaluation for users:read. UserId=d1ed8be4-9703-45f0-935f-3c39601b55e1, Roles=[inactive], ActiveRules=6, SubjectMatched=4, ResourceActionMatched=1, Allows=1, Denies=0, Decision=Allowed
2026-05-10 15:32:31.050 -08:00 [INF] Access policy query filter started for users:read
2026-05-10 15:32:31.052 -08:00 [INF] Access policy query filter for users:read. UserId=d1ed8be4-9703-45f0-935f-3c39601b55e1, Roles=[inactive], ActiveRules=6, SubjectMatched=4, ResourceActionMatched=1, Allows=1, Denies=0
2026-05-10 15:32:31.057 -08:00 [INF] MediatR handling completed GetUsersQuery in 12 ms
2026-05-10 15:32:31.058 -08:00 [INF] HTTP GET /api/Users completed with 200 in 16 ms (0HNLETGN9IVHT:0000002D)
2026-05-10 15:32:32.377 -08:00 [INF] Authorization header exists: true
2026-05-10 15:32:32.379 -08:00 [INF] JWT token validated. IsAuthenticated=true
2026-05-10 15:32:32.380 -08:00 [INF] MediatR handling started GetRolesQuery
2026-05-10 15:32:32.380 -08:00 [INF] Access policy check started for roles:read
2026-05-10 15:32:32.382 -08:00 [INF] Access policy evaluation for roles:read. UserId=d1ed8be4-9703-45f0-935f-3c39601b55e1, Roles=[inactive], ActiveRules=6, SubjectMatched=4, ResourceActionMatched=1, Allows=1, Denies=0, Decision=Allowed
2026-05-10 15:32:32.384 -08:00 [INF] MediatR handling completed GetRolesQuery in 4 ms
2026-05-10 15:32:32.386 -08:00 [INF] HTTP GET /api/Roles completed with 200 in 9 ms (0HNLETGN9IVHT:00000031)
2026-05-10 15:32:35.868 -08:00 [INF] Authorization header exists: true
2026-05-10 15:32:35.870 -08:00 [INF] JWT token validated. IsAuthenticated=true
2026-05-10 15:32:35.872 -08:00 [INF] MediatR handling started GetUsersQuery
2026-05-10 15:32:35.873 -08:00 [INF] Access policy check started for users:read
2026-05-10 15:32:35.875 -08:00 [INF] Access policy evaluation for users:read. UserId=790c2c93-d8e6-4b61-8a11-e4190a1c0805, Roles=[Admin], ActiveRules=6, SubjectMatched=1, ResourceActionMatched=1, Allows=1, Denies=0, Decision=Allowed
2026-05-10 15:32:35.877 -08:00 [INF] Access policy query filter started for users:read
2026-05-10 15:32:35.878 -08:00 [INF] Access policy query filter for users:read. UserId=790c2c93-d8e6-4b61-8a11-e4190a1c0805, Roles=[Admin], ActiveRules=6, SubjectMatched=1, ResourceActionMatched=1, Allows=1, Denies=0
2026-05-10 15:32:35.886 -08:00 [INF] MediatR handling completed GetUsersQuery in 14 ms
2026-05-10 15:32:35.887 -08:00 [INF] HTTP GET /api/Users completed with 200 in 19 ms (0HNLETGN9IVHR:0000001B)
2026-05-10 15:32:43.458 -08:00 [INF] Authorization header exists: true
2026-05-10 15:32:43.459 -08:00 [INF] Authorization header exists: true
2026-05-10 15:32:43.460 -08:00 [INF] JWT token validated. IsAuthenticated=true
2026-05-10 15:32:43.460 -08:00 [INF] JWT token validated. IsAuthenticated=true
2026-05-10 15:32:43.461 -08:00 [INF] MediatR handling started ListAccessPoliciesQuery
2026-05-10 15:32:43.463 -08:00 [INF] Access policy check started for accessPolicies:read
2026-05-10 15:32:43.465 -08:00 [INF] Access policy evaluation for accessPolicies:read. UserId=790c2c93-d8e6-4b61-8a11-e4190a1c0805, Roles=[Admin], ActiveRules=6, SubjectMatched=1, ResourceActionMatched=1, Allows=1, Denies=0, Decision=Allowed
2026-05-10 15:32:43.468 -08:00 [INF] MediatR handling completed ListAccessPoliciesQuery in 6 ms
2026-05-10 15:32:43.470 -08:00 [INF] HTTP GET /api/AccessPolicies completed with 200 in 12 ms (0HNLETGN9IVHR:00000021)
2026-05-10 15:32:43.470 -08:00 [INF] MediatR handling started GetAccessPolicyOptionsQuery
2026-05-10 15:32:43.477 -08:00 [INF] Access policy check started for accessPolicies:read
2026-05-10 15:32:43.479 -08:00 [INF] Access policy evaluation for accessPolicies:read. UserId=790c2c93-d8e6-4b61-8a11-e4190a1c0805, Roles=[Admin], ActiveRules=6, SubjectMatched=1, ResourceActionMatched=1, Allows=1, Denies=0, Decision=Allowed
2026-05-10 15:32:43.491 -08:00 [INF] MediatR handling completed GetAccessPolicyOptionsQuery in 21 ms
2026-05-10 15:32:43.502 -08:00 [INF] HTTP GET /api/AccessPolicies/options completed with 200 in 43 ms (0HNLETGN9IVHR:00000023)
2026-05-10 15:32:44.910 -08:00 [INF] Authorization header exists: true
2026-05-10 15:32:44.911 -08:00 [INF] JWT token validated. IsAuthenticated=true
2026-05-10 15:32:44.923 -08:00 [INF] MediatR handling started GetSessionsQuery
2026-05-10 15:32:44.928 -08:00 [INF] Access policy check started for sessions:read
2026-05-10 15:32:44.929 -08:00 [INF] Access policy evaluation for sessions:read. UserId=790c2c93-d8e6-4b61-8a11-e4190a1c0805, Roles=[Admin], ActiveRules=6, SubjectMatched=1, ResourceActionMatched=1, Allows=1, Denies=0, Decision=Allowed
2026-05-10 15:32:44.995 -08:00 [INF] MediatR handling completed GetSessionsQuery in 71 ms
2026-05-10 15:32:45.003 -08:00 [INF] HTTP GET /api/Sessions completed with 200 in 93 ms (0HNLETGN9IVHR:00000027)
2026-05-10 15:32:45.263 -08:00 [INF] Authorization header exists: true
2026-05-10 15:32:45.266 -08:00 [INF] Authorization header exists: true
2026-05-10 15:32:45.266 -08:00 [INF] JWT token validated. IsAuthenticated=true
2026-05-10 15:32:45.268 -08:00 [INF] JWT token validated. IsAuthenticated=true
2026-05-10 15:32:45.268 -08:00 [INF] MediatR handling started GetSessionsQuery
2026-05-10 15:32:45.269 -08:00 [INF] MediatR handling started GetSessionsQuery
2026-05-10 15:32:45.270 -08:00 [INF] Access policy check started for sessions:read
2026-05-10 15:32:45.271 -08:00 [INF] Access policy check started for sessions:read
2026-05-10 15:32:45.273 -08:00 [INF] Access policy evaluation for sessions:read. UserId=790c2c93-d8e6-4b61-8a11-e4190a1c0805, Roles=[Admin], ActiveRules=6, SubjectMatched=1, ResourceActionMatched=1, Allows=1, Denies=0, Decision=Allowed
2026-05-10 15:32:45.274 -08:00 [INF] Access policy evaluation for sessions:read. UserId=790c2c93-d8e6-4b61-8a11-e4190a1c0805, Roles=[Admin], ActiveRules=6, SubjectMatched=1, ResourceActionMatched=1, Allows=1, Denies=0, Decision=Allowed
2026-05-10 15:32:45.279 -08:00 [INF] MediatR handling completed GetSessionsQuery in 11 ms
2026-05-10 15:32:45.281 -08:00 [INF] HTTP GET /api/Sessions completed with 200 in 17 ms (0HNLETGN9IVHR:0000002B)
2026-05-10 15:32:45.282 -08:00 [INF] MediatR handling completed GetSessionsQuery in 12 ms
2026-05-10 15:32:45.284 -08:00 [INF] HTTP GET /api/Sessions completed with 200 in 18 ms (0HNLETGN9IVHR:0000002D)
2026-05-10 15:32:59.464 -08:00 [INF] Authorization header exists: true
2026-05-10 15:32:59.467 -08:00 [INF] JWT token validated. IsAuthenticated=true
2026-05-10 15:32:59.481 -08:00 [INF] MediatR handling started RevokeSessionCommand
2026-05-10 15:32:59.486 -08:00 [INF] Access policy check started for sessions:revoke
2026-05-10 15:32:59.488 -08:00 [INF] Access policy evaluation for sessions:revoke. UserId=790c2c93-d8e6-4b61-8a11-e4190a1c0805, Roles=[Admin], ActiveRules=6, SubjectMatched=1, ResourceActionMatched=1, Allows=1, Denies=0, Decision=Allowed
2026-05-10 15:32:59.514 -08:00 [INF] MediatR handling completed RevokeSessionCommand in 33 ms
2026-05-10 15:32:59.518 -08:00 [INF] HTTP POST /api/Sessions/fb340483-b8d3-4b5d-8154-b45363ea9046/revoke completed with 204 in 53 ms (0HNLETGN9IVHR:00000031)
2026-05-10 15:32:59.532 -08:00 [INF] HTTP CONNECT /hubs/sessions completed with 200 in 46172 ms (0HNLETGN9IVHU:00000005)
2026-05-10 15:32:59.540 -08:00 [INF] Authorization header exists: true
2026-05-10 15:32:59.543 -08:00 [INF] JWT token validated. IsAuthenticated=true
2026-05-10 15:32:59.544 -08:00 [INF] MediatR handling started GetSessionsQuery
2026-05-10 15:32:59.545 -08:00 [INF] Access policy check started for sessions:read
2026-05-10 15:32:59.548 -08:00 [INF] Access policy evaluation for sessions:read. UserId=790c2c93-d8e6-4b61-8a11-e4190a1c0805, Roles=[Admin], ActiveRules=6, SubjectMatched=1, ResourceActionMatched=1, Allows=1, Denies=0, Decision=Allowed
2026-05-10 15:32:59.554 -08:00 [INF] MediatR handling completed GetSessionsQuery in 10 ms
2026-05-10 15:32:59.556 -08:00 [INF] HTTP GET /api/Sessions completed with 200 in 16 ms (0HNLETGN9IVHR:00000035)
2026-05-10 15:32:59.660 -08:00 [INF] Authorization header exists: true
2026-05-10 15:32:59.661 -08:00 [INF] Authorization header exists: true
2026-05-10 15:32:59.662 -08:00 [INF] JWT token validated. IsAuthenticated=true
2026-05-10 15:32:59.663 -08:00 [INF] JWT token validated. IsAuthenticated=true
2026-05-10 15:32:59.663 -08:00 [INF] MediatR handling started GetSessionsQuery
2026-05-10 15:32:59.664 -08:00 [INF] MediatR handling started GetSessionsQuery
2026-05-10 15:32:59.665 -08:00 [INF] Access policy check started for sessions:read
2026-05-10 15:32:59.666 -08:00 [INF] Access policy check started for sessions:read
2026-05-10 15:32:59.668 -08:00 [INF] Access policy evaluation for sessions:read. UserId=790c2c93-d8e6-4b61-8a11-e4190a1c0805, Roles=[Admin], ActiveRules=6, SubjectMatched=1, ResourceActionMatched=1, Allows=1, Denies=0, Decision=Allowed
2026-05-10 15:32:59.669 -08:00 [INF] Access policy evaluation for sessions:read. UserId=790c2c93-d8e6-4b61-8a11-e4190a1c0805, Roles=[Admin], ActiveRules=6, SubjectMatched=1, ResourceActionMatched=1, Allows=1, Denies=0, Decision=Allowed
2026-05-10 15:32:59.675 -08:00 [INF] MediatR handling completed GetSessionsQuery in 11 ms
2026-05-10 15:32:59.676 -08:00 [INF] HTTP GET /api/Sessions completed with 200 in 16 ms (0HNLETGN9IVHR:00000039)
2026-05-10 15:32:59.677 -08:00 [INF] MediatR handling completed GetSessionsQuery in 12 ms
2026-05-10 15:32:59.680 -08:00 [INF] HTTP GET /api/Sessions completed with 200 in 18 ms (0HNLETGN9IVHR:0000003B)
2026-05-10 15:33:08.758 -08:00 [INF] Authorization header exists: false
2026-05-10 15:33:08.761 -08:00 [INF] MediatR handling started LoginCommand
2026-05-10 15:33:08.821 -08:00 [INF] MediatR handling completed LoginCommand in 60 ms
2026-05-10 15:33:08.822 -08:00 [INF] HTTP POST /api/Auth/login completed with 200 in 64 ms (0HNLETGN9IVHT:00000035)
2026-05-10 15:33:16.848 -08:00 [INF] Authorization header exists: false
2026-05-10 15:33:16.849 -08:00 [INF] MediatR handling started LoginCommand
2026-05-10 15:33:16.904 -08:00 [INF] MediatR handling completed LoginCommand in 54 ms
2026-05-10 15:33:16.905 -08:00 [INF] HTTP POST /api/Auth/login completed with 200 in 56 ms (0HNLETGN9IVHT:00000039)
2026-05-10 15:33:26.122 -08:00 [INF] Authorization header exists: true
2026-05-10 15:33:26.124 -08:00 [INF] JWT token validated. IsAuthenticated=true
2026-05-10 15:33:26.125 -08:00 [INF] HTTP POST /hubs/sessions/negotiate completed with 200 in 3 ms (0HNLETGN9IVHU:00000007)
2026-05-10 15:33:26.153 -08:00 [INF] Authorization header exists: true
2026-05-10 15:33:26.155 -08:00 [INF] JWT token validated. IsAuthenticated=true
2026-05-10 15:33:26.156 -08:00 [INF] MediatR handling started GetUsersQuery
2026-05-10 15:33:26.157 -08:00 [INF] Access policy check started for users:read
2026-05-10 15:33:26.160 -08:00 [INF] Access policy evaluation for users:read. UserId=d1ed8be4-9703-45f0-935f-3c39601b55e1, Roles=[inactive], ActiveRules=6, SubjectMatched=4, ResourceActionMatched=1, Allows=1, Denies=0, Decision=Allowed
2026-05-10 15:33:26.162 -08:00 [INF] Access policy query filter started for users:read
2026-05-10 15:33:26.165 -08:00 [INF] Access policy query filter for users:read. UserId=d1ed8be4-9703-45f0-935f-3c39601b55e1, Roles=[inactive], ActiveRules=6, SubjectMatched=4, ResourceActionMatched=1, Allows=1, Denies=0
2026-05-10 15:33:26.172 -08:00 [INF] MediatR handling completed GetUsersQuery in 16 ms
2026-05-10 15:33:26.174 -08:00 [INF] HTTP GET /api/Users completed with 200 in 20 ms (0HNLETGN9IVHT:0000003F)
2026-05-10 15:33:26.402 -08:00 [INF] Authorization header exists: true
2026-05-10 15:33:26.404 -08:00 [INF] JWT token validated. IsAuthenticated=true
2026-05-10 15:33:26.405 -08:00 [INF] MediatR handling started GetUsersQuery
2026-05-10 15:33:26.406 -08:00 [INF] Access policy check started for users:read
2026-05-10 15:33:26.407 -08:00 [INF] Access policy evaluation for users:read. UserId=d1ed8be4-9703-45f0-935f-3c39601b55e1, Roles=[inactive], ActiveRules=6, SubjectMatched=4, ResourceActionMatched=1, Allows=1, Denies=0, Decision=Allowed
2026-05-10 15:33:26.410 -08:00 [INF] Access policy query filter started for users:read
2026-05-10 15:33:26.411 -08:00 [INF] Access policy query filter for users:read. UserId=d1ed8be4-9703-45f0-935f-3c39601b55e1, Roles=[inactive], ActiveRules=6, SubjectMatched=4, ResourceActionMatched=1, Allows=1, Denies=0
2026-05-10 15:33:26.417 -08:00 [INF] MediatR handling completed GetUsersQuery in 12 ms
2026-05-10 15:33:26.418 -08:00 [INF] HTTP GET /api/Users completed with 200 in 16 ms (0HNLETGN9IVHT:00000041)
2026-05-10 15:33:26.620 -08:00 [INF] Authorization header exists: false
2026-05-10 15:33:26.622 -08:00 [INF] JWT token validated. IsAuthenticated=true
2026-05-10 15:33:35.159 -08:00 [INF] Authorization header exists: true
2026-05-10 15:33:35.161 -08:00 [INF] JWT token validated. IsAuthenticated=true
2026-05-10 15:33:35.175 -08:00 [INF] MediatR handling started RevokeUserSessionsCommand
2026-05-10 15:33:35.179 -08:00 [INF] Access policy check started for sessions:revokeAll
2026-05-10 15:33:35.181 -08:00 [INF] Access policy evaluation for sessions:revokeAll. UserId=790c2c93-d8e6-4b61-8a11-e4190a1c0805, Roles=[Admin], ActiveRules=6, SubjectMatched=1, ResourceActionMatched=1, Allows=1, Denies=0, Decision=Allowed
2026-05-10 15:33:35.226 -08:00 [INF] MediatR handling completed RevokeUserSessionsCommand in 50 ms
2026-05-10 15:33:35.264 -08:00 [INF] HTTP POST /api/Sessions/users/d1ed8be4-9703-45f0-935f-3c39601b55e1/revoke completed with 200 in 105 ms (0HNLETGN9IVHR:0000003F)
2026-05-10 15:33:35.267 -08:00 [INF] HTTP CONNECT /hubs/sessions completed with 200 in 8647 ms (0HNLETGN9IVHU:00000009)
2026-05-10 15:33:35.272 -08:00 [INF] Authorization header exists: true
2026-05-10 15:33:35.275 -08:00 [INF] JWT token validated. IsAuthenticated=true
2026-05-10 15:33:35.276 -08:00 [INF] MediatR handling started GetSessionsQuery
2026-05-10 15:33:35.277 -08:00 [INF] Access policy check started for sessions:read
2026-05-10 15:33:35.278 -08:00 [INF] Access policy evaluation for sessions:read. UserId=790c2c93-d8e6-4b61-8a11-e4190a1c0805, Roles=[Admin], ActiveRules=6, SubjectMatched=1, ResourceActionMatched=1, Allows=1, Denies=0, Decision=Allowed
2026-05-10 15:33:35.283 -08:00 [INF] MediatR handling completed GetSessionsQuery in 6 ms
2026-05-10 15:33:35.284 -08:00 [INF] HTTP GET /api/Sessions completed with 200 in 11 ms (0HNLETGN9IVHR:00000043)
2026-05-10 15:33:35.377 -08:00 [INF] Authorization header exists: true
2026-05-10 15:33:35.378 -08:00 [INF] Authorization header exists: true
2026-05-10 15:33:35.379 -08:00 [INF] JWT token validated. IsAuthenticated=true
2026-05-10 15:33:35.380 -08:00 [INF] MediatR handling started GetSessionsQuery
2026-05-10 15:33:35.380 -08:00 [INF] JWT token validated. IsAuthenticated=true
2026-05-10 15:33:35.381 -08:00 [INF] Access policy check started for sessions:read
2026-05-10 15:33:35.381 -08:00 [INF] MediatR handling started GetSessionsQuery
2026-05-10 15:33:35.382 -08:00 [INF] Access policy check started for sessions:read
2026-05-10 15:33:35.383 -08:00 [INF] Access policy evaluation for sessions:read. UserId=790c2c93-d8e6-4b61-8a11-e4190a1c0805, Roles=[Admin], ActiveRules=6, SubjectMatched=1, ResourceActionMatched=1, Allows=1, Denies=0, Decision=Allowed
2026-05-10 15:33:35.384 -08:00 [INF] Access policy evaluation for sessions:read. UserId=790c2c93-d8e6-4b61-8a11-e4190a1c0805, Roles=[Admin], ActiveRules=6, SubjectMatched=1, ResourceActionMatched=1, Allows=1, Denies=0, Decision=Allowed
2026-05-10 15:33:35.388 -08:00 [INF] MediatR handling completed GetSessionsQuery in 8 ms
2026-05-10 15:33:35.390 -08:00 [INF] HTTP GET /api/Sessions completed with 200 in 12 ms (0HNLETGN9IVHR:00000047)
2026-05-10 15:33:35.391 -08:00 [INF] MediatR handling completed GetSessionsQuery in 9 ms
2026-05-10 15:33:35.393 -08:00 [INF] HTTP GET /api/Sessions completed with 200 in 14 ms (0HNLETGN9IVHR:00000049)
2026-05-10 15:33:37.931 -08:00 [INF] Authorization header exists: false
2026-05-10 15:33:37.932 -08:00 [INF] MediatR handling started LoginCommand
2026-05-10 15:33:37.980 -08:00 [INF] MediatR handling completed LoginCommand in 47 ms
2026-05-10 15:33:37.981 -08:00 [INF] HTTP POST /api/Auth/login completed with 200 in 50 ms (0HNLETGN9IVHT:00000045)
2026-05-10 15:33:43.571 -08:00 [INF] Authorization header exists: false
2026-05-10 15:33:43.572 -08:00 [INF] MediatR handling started LoginCommand
2026-05-10 15:33:43.625 -08:00 [INF] MediatR handling completed LoginCommand in 53 ms
2026-05-10 15:33:43.626 -08:00 [INF] HTTP POST /api/Auth/login completed with 200 in 55 ms (0HNLETGN9IVHT:00000049)
2026-05-10 15:33:43.636 -08:00 [INF] Authorization header exists: true
2026-05-10 15:33:43.638 -08:00 [INF] JWT token validated. IsAuthenticated=true
2026-05-10 15:33:43.639 -08:00 [INF] HTTP POST /hubs/sessions/negotiate completed with 200 in 3 ms (0HNLETGN9IVHU:0000000B)
2026-05-10 15:33:43.647 -08:00 [INF] Authorization header exists: true
2026-05-10 15:33:43.649 -08:00 [INF] JWT token validated. IsAuthenticated=true
2026-05-10 15:33:43.650 -08:00 [INF] MediatR handling started GetUsersQuery
2026-05-10 15:33:43.651 -08:00 [INF] Access policy check started for users:read
2026-05-10 15:33:43.652 -08:00 [INF] Access policy evaluation for users:read. UserId=d1ed8be4-9703-45f0-935f-3c39601b55e1, Roles=[inactive], ActiveRules=6, SubjectMatched=4, ResourceActionMatched=1, Allows=1, Denies=0, Decision=Allowed
2026-05-10 15:33:43.654 -08:00 [INF] Access policy query filter started for users:read
2026-05-10 15:33:43.656 -08:00 [INF] Access policy query filter for users:read. UserId=d1ed8be4-9703-45f0-935f-3c39601b55e1, Roles=[inactive], ActiveRules=6, SubjectMatched=4, ResourceActionMatched=1, Allows=1, Denies=0
2026-05-10 15:33:43.660 -08:00 [INF] MediatR handling completed GetUsersQuery in 10 ms
2026-05-10 15:33:43.661 -08:00 [INF] HTTP GET /api/Users completed with 200 in 13 ms (0HNLETGN9IVHT:0000004F)
2026-05-10 15:33:43.862 -08:00 [INF] Authorization header exists: false
2026-05-10 15:33:43.866 -08:00 [INF] JWT token validated. IsAuthenticated=true
2026-05-10 15:33:47.650 -08:00 [INF] Authorization header exists: true
2026-05-10 15:33:47.652 -08:00 [INF] JWT token validated. IsAuthenticated=true
2026-05-10 15:33:47.652 -08:00 [INF] MediatR handling started GetSessionsQuery
2026-05-10 15:33:47.653 -08:00 [INF] Access policy check started for sessions:read
2026-05-10 15:33:47.654 -08:00 [INF] Access policy evaluation for sessions:read. UserId=790c2c93-d8e6-4b61-8a11-e4190a1c0805, Roles=[Admin], ActiveRules=6, SubjectMatched=1, ResourceActionMatched=1, Allows=1, Denies=0, Decision=Allowed
2026-05-10 15:33:47.658 -08:00 [INF] MediatR handling completed GetSessionsQuery in 5 ms
2026-05-10 15:33:47.659 -08:00 [INF] HTTP GET /api/Sessions completed with 200 in 9 ms (0HNLETGN9IVHR:0000004D)
2026-05-10 15:33:47.735 -08:00 [INF] Authorization header exists: true
2026-05-10 15:33:47.736 -08:00 [INF] Authorization header exists: true
2026-05-10 15:33:47.737 -08:00 [INF] JWT token validated. IsAuthenticated=true
2026-05-10 15:33:47.738 -08:00 [INF] JWT token validated. IsAuthenticated=true
2026-05-10 15:33:47.738 -08:00 [INF] MediatR handling started GetSessionsQuery
2026-05-10 15:33:47.739 -08:00 [INF] MediatR handling started GetSessionsQuery
2026-05-10 15:33:47.740 -08:00 [INF] Access policy check started for sessions:read
2026-05-10 15:33:47.740 -08:00 [INF] Access policy check started for sessions:read
2026-05-10 15:33:47.742 -08:00 [INF] Access policy evaluation for sessions:read. UserId=790c2c93-d8e6-4b61-8a11-e4190a1c0805, Roles=[Admin], ActiveRules=6, SubjectMatched=1, ResourceActionMatched=1, Allows=1, Denies=0, Decision=Allowed
2026-05-10 15:33:47.742 -08:00 [INF] Access policy evaluation for sessions:read. UserId=790c2c93-d8e6-4b61-8a11-e4190a1c0805, Roles=[Admin], ActiveRules=6, SubjectMatched=1, ResourceActionMatched=1, Allows=1, Denies=0, Decision=Allowed
2026-05-10 15:33:47.747 -08:00 [INF] MediatR handling completed GetSessionsQuery in 8 ms
2026-05-10 15:33:47.749 -08:00 [INF] HTTP GET /api/Sessions completed with 200 in 14 ms (0HNLETGN9IVHR:00000051)
2026-05-10 15:33:47.749 -08:00 [INF] MediatR handling completed GetSessionsQuery in 10 ms
2026-05-10 15:33:47.756 -08:00 [INF] HTTP GET /api/Sessions completed with 200 in 19 ms (0HNLETGN9IVHR:00000053)
2026-05-10 15:33:51.142 -08:00 [INF] Authorization header exists: true
2026-05-10 15:33:51.144 -08:00 [INF] JWT token validated. IsAuthenticated=true
2026-05-10 15:33:51.145 -08:00 [INF] MediatR handling started RevokeSessionCommand
2026-05-10 15:33:51.146 -08:00 [INF] Access policy check started for sessions:revoke
2026-05-10 15:33:51.148 -08:00 [INF] Access policy evaluation for sessions:revoke. UserId=790c2c93-d8e6-4b61-8a11-e4190a1c0805, Roles=[Admin], ActiveRules=6, SubjectMatched=1, ResourceActionMatched=1, Allows=1, Denies=0, Decision=Allowed
2026-05-10 15:33:51.154 -08:00 [INF] MediatR handling completed RevokeSessionCommand in 8 ms
2026-05-10 15:33:51.155 -08:00 [INF] HTTP POST /api/Sessions/3c790a5b-f048-4502-922f-c9acb37e9469/revoke completed with 204 in 13 ms (0HNLETGN9IVHR:00000057)
2026-05-10 15:33:51.156 -08:00 [INF] HTTP CONNECT /hubs/sessions completed with 200 in 7293 ms (0HNLETGN9IVHU:0000000D)
2026-05-10 15:33:51.169 -08:00 [INF] Authorization header exists: true
2026-05-10 15:33:51.172 -08:00 [INF] JWT token validated. IsAuthenticated=true
2026-05-10 15:33:51.174 -08:00 [INF] MediatR handling started GetSessionsQuery
2026-05-10 15:33:51.175 -08:00 [INF] Access policy check started for sessions:read
2026-05-10 15:33:51.177 -08:00 [INF] Access policy evaluation for sessions:read. UserId=790c2c93-d8e6-4b61-8a11-e4190a1c0805, Roles=[Admin], ActiveRules=6, SubjectMatched=1, ResourceActionMatched=1, Allows=1, Denies=0, Decision=Allowed
2026-05-10 15:33:51.183 -08:00 [INF] MediatR handling completed GetSessionsQuery in 9 ms
2026-05-10 15:33:51.184 -08:00 [INF] HTTP GET /api/Sessions completed with 200 in 15 ms (0HNLETGN9IVHR:00000059)
2026-05-10 15:33:51.276 -08:00 [INF] Authorization header exists: true
2026-05-10 15:33:51.276 -08:00 [INF] Authorization header exists: true
2026-05-10 15:33:51.279 -08:00 [INF] JWT token validated. IsAuthenticated=true
2026-05-10 15:33:51.279 -08:00 [INF] JWT token validated. IsAuthenticated=true
2026-05-10 15:33:51.280 -08:00 [INF] MediatR handling started GetSessionsQuery
2026-05-10 15:33:51.280 -08:00 [INF] MediatR handling started GetSessionsQuery
2026-05-10 15:33:51.281 -08:00 [INF] Access policy check started for sessions:read
2026-05-10 15:33:51.282 -08:00 [INF] Access policy check started for sessions:read
2026-05-10 15:33:51.284 -08:00 [INF] Access policy evaluation for sessions:read. UserId=790c2c93-d8e6-4b61-8a11-e4190a1c0805, Roles=[Admin], ActiveRules=6, SubjectMatched=1, ResourceActionMatched=1, Allows=1, Denies=0, Decision=Allowed
2026-05-10 15:33:51.285 -08:00 [INF] Access policy evaluation for sessions:read. UserId=790c2c93-d8e6-4b61-8a11-e4190a1c0805, Roles=[Admin], ActiveRules=6, SubjectMatched=1, ResourceActionMatched=1, Allows=1, Denies=0, Decision=Allowed
2026-05-10 15:33:51.290 -08:00 [INF] MediatR handling completed GetSessionsQuery in 10 ms
2026-05-10 15:33:51.292 -08:00 [INF] HTTP GET /api/Sessions completed with 200 in 15 ms (0HNLETGN9IVHR:0000005D)
2026-05-10 15:33:51.292 -08:00 [INF] MediatR handling completed GetSessionsQuery in 11 ms
2026-05-10 15:33:51.296 -08:00 [INF] HTTP GET /api/Sessions completed with 200 in 19 ms (0HNLETGN9IVHR:0000005B)
2026-05-10 15:33:56.580 -08:00 [INF] Authorization header exists: true
2026-05-10 15:33:56.581 -08:00 [INF] JWT token validated. IsAuthenticated=true
2026-05-10 15:33:56.582 -08:00 [INF] MediatR handling started GetSessionsQuery
2026-05-10 15:33:56.583 -08:00 [INF] Access policy check started for sessions:read
2026-05-10 15:33:56.584 -08:00 [INF] Access policy evaluation for sessions:read. UserId=790c2c93-d8e6-4b61-8a11-e4190a1c0805, Roles=[Admin], ActiveRules=6, SubjectMatched=1, ResourceActionMatched=1, Allows=1, Denies=0, Decision=Allowed
2026-05-10 15:33:56.603 -08:00 [INF] MediatR handling completed GetSessionsQuery in 20 ms
2026-05-10 15:33:56.604 -08:00 [INF] HTTP GET /api/Sessions completed with 200 in 24 ms (0HNLETGN9IVHR:00000061)
2026-05-10 15:33:56.661 -08:00 [INF] Authorization header exists: true
2026-05-10 15:33:56.663 -08:00 [INF] Authorization header exists: true
2026-05-10 15:33:56.665 -08:00 [INF] JWT token validated. IsAuthenticated=true
2026-05-10 15:33:56.666 -08:00 [INF] JWT token validated. IsAuthenticated=true
2026-05-10 15:33:56.666 -08:00 [INF] MediatR handling started GetSessionsQuery
2026-05-10 15:33:56.666 -08:00 [INF] MediatR handling started GetSessionsQuery
2026-05-10 15:33:56.667 -08:00 [INF] Access policy check started for sessions:read
2026-05-10 15:33:56.667 -08:00 [INF] Access policy check started for sessions:read
2026-05-10 15:33:56.669 -08:00 [INF] Access policy evaluation for sessions:read. UserId=790c2c93-d8e6-4b61-8a11-e4190a1c0805, Roles=[Admin], ActiveRules=6, SubjectMatched=1, ResourceActionMatched=1, Allows=1, Denies=0, Decision=Allowed
2026-05-10 15:33:56.669 -08:00 [INF] Access policy evaluation for sessions:read. UserId=790c2c93-d8e6-4b61-8a11-e4190a1c0805, Roles=[Admin], ActiveRules=6, SubjectMatched=1, ResourceActionMatched=1, Allows=1, Denies=0, Decision=Allowed
2026-05-10 15:33:56.674 -08:00 [INF] MediatR handling completed GetSessionsQuery in 7 ms
2026-05-10 15:33:56.675 -08:00 [INF] HTTP GET /api/Sessions completed with 200 in 11 ms (0HNLETGN9IVHR:00000067)
2026-05-10 15:33:56.675 -08:00 [INF] MediatR handling completed GetSessionsQuery in 9 ms
2026-05-10 15:33:56.677 -08:00 [INF] HTTP GET /api/Sessions completed with 200 in 16 ms (0HNLETGN9IVHR:00000065)
2026-05-10 15:33:57.251 -08:00 [INF] Authorization header exists: true
2026-05-10 15:33:57.253 -08:00 [INF] JWT token validated. IsAuthenticated=true
2026-05-10 15:33:57.254 -08:00 [INF] MediatR handling started GetSessionsQuery
2026-05-10 15:33:57.254 -08:00 [INF] Access policy check started for sessions:read
2026-05-10 15:33:57.256 -08:00 [INF] Access policy evaluation for sessions:read. UserId=790c2c93-d8e6-4b61-8a11-e4190a1c0805, Roles=[Admin], ActiveRules=6, SubjectMatched=1, ResourceActionMatched=1, Allows=1, Denies=0, Decision=Allowed
2026-05-10 15:33:57.260 -08:00 [INF] MediatR handling completed GetSessionsQuery in 6 ms
2026-05-10 15:33:57.261 -08:00 [INF] HTTP GET /api/Sessions completed with 200 in 10 ms (0HNLETGN9IVHR:0000006B)
2026-05-10 15:33:57.397 -08:00 [INF] Authorization header exists: true
2026-05-10 15:33:57.397 -08:00 [INF] Authorization header exists: true
2026-05-10 15:33:57.399 -08:00 [INF] JWT token validated. IsAuthenticated=true
2026-05-10 15:33:57.399 -08:00 [INF] JWT token validated. IsAuthenticated=true
2026-05-10 15:33:57.399 -08:00 [INF] MediatR handling started GetSessionsQuery
2026-05-10 15:33:57.400 -08:00 [INF] MediatR handling started GetSessionsQuery
2026-05-10 15:33:57.401 -08:00 [INF] Access policy check started for sessions:read
2026-05-10 15:33:57.401 -08:00 [INF] Access policy check started for sessions:read
2026-05-10 15:33:57.403 -08:00 [INF] Access policy evaluation for sessions:read. UserId=790c2c93-d8e6-4b61-8a11-e4190a1c0805, Roles=[Admin], ActiveRules=6, SubjectMatched=1, ResourceActionMatched=1, Allows=1, Denies=0, Decision=Allowed
2026-05-10 15:33:57.403 -08:00 [INF] Access policy evaluation for sessions:read. UserId=790c2c93-d8e6-4b61-8a11-e4190a1c0805, Roles=[Admin], ActiveRules=6, SubjectMatched=1, ResourceActionMatched=1, Allows=1, Denies=0, Decision=Allowed
2026-05-10 15:33:57.406 -08:00 [INF] MediatR handling completed GetSessionsQuery in 6 ms
2026-05-10 15:33:57.407 -08:00 [INF] HTTP GET /api/Sessions completed with 200 in 10 ms (0HNLETGN9IVHR:0000006D)
2026-05-10 15:33:57.408 -08:00 [INF] MediatR handling completed GetSessionsQuery in 8 ms
2026-05-10 15:33:57.410 -08:00 [INF] HTTP GET /api/Sessions completed with 200 in 13 ms (0HNLETGN9IVHR:0000006F)
2026-05-10 15:34:02.343 -08:00 [INF] Authorization header exists: true
2026-05-10 15:34:02.343 -08:00 [INF] Authorization header exists: true
2026-05-10 15:34:02.343 -08:00 [INF] Authorization header exists: true
2026-05-10 15:34:02.344 -08:00 [INF] Authorization header exists: true
2026-05-10 15:34:02.345 -08:00 [INF] JWT token validated. IsAuthenticated=true
2026-05-10 15:34:02.346 -08:00 [INF] JWT token validated. IsAuthenticated=true
2026-05-10 15:34:02.346 -08:00 [INF] JWT token validated. IsAuthenticated=true
2026-05-10 15:34:02.347 -08:00 [INF] JWT token validated. IsAuthenticated=true
2026-05-10 15:34:02.348 -08:00 [INF] MediatR handling started GetUsersDashboardQuery
2026-05-10 15:34:02.348 -08:00 [INF] MediatR handling started GetLogsQuery
2026-05-10 15:34:02.348 -08:00 [INF] MediatR handling started ListAccessPoliciesQuery
2026-05-10 15:34:02.349 -08:00 [INF] MediatR handling started GetErrorLogsQuery
2026-05-10 15:34:02.349 -08:00 [INF] Access policy check started for users:read
2026-05-10 15:34:02.349 -08:00 [INF] Access policy check started for logs:read
2026-05-10 15:34:02.350 -08:00 [INF] Access policy check started for accessPolicies:read
2026-05-10 15:34:02.350 -08:00 [INF] Access policy check started for errorLogs:read
2026-05-10 15:34:02.351 -08:00 [INF] Access policy evaluation for users:read. UserId=790c2c93-d8e6-4b61-8a11-e4190a1c0805, Roles=[Admin], ActiveRules=6, SubjectMatched=1, ResourceActionMatched=1, Allows=1, Denies=0, Decision=Allowed
2026-05-10 15:34:02.352 -08:00 [INF] Access policy evaluation for logs:read. UserId=790c2c93-d8e6-4b61-8a11-e4190a1c0805, Roles=[Admin], ActiveRules=6, SubjectMatched=1, ResourceActionMatched=1, Allows=1, Denies=0, Decision=Allowed
2026-05-10 15:34:02.354 -08:00 [INF] Access policy evaluation for accessPolicies:read. UserId=790c2c93-d8e6-4b61-8a11-e4190a1c0805, Roles=[Admin], ActiveRules=6, SubjectMatched=1, ResourceActionMatched=1, Allows=1, Denies=0, Decision=Allowed
2026-05-10 15:34:02.354 -08:00 [INF] Access policy evaluation for errorLogs:read. UserId=790c2c93-d8e6-4b61-8a11-e4190a1c0805, Roles=[Admin], ActiveRules=6, SubjectMatched=1, ResourceActionMatched=1, Allows=1, Denies=0, Decision=Allowed
2026-05-10 15:34:02.356 -08:00 [INF] Access policy query filter started for users:read
2026-05-10 15:34:02.360 -08:00 [INF] MediatR handling completed ListAccessPoliciesQuery in 11 ms
2026-05-10 15:34:02.362 -08:00 [INF] Access policy query filter for users:read. UserId=790c2c93-d8e6-4b61-8a11-e4190a1c0805, Roles=[Admin], ActiveRules=6, SubjectMatched=1, ResourceActionMatched=1, Allows=1, Denies=0
2026-05-10 15:34:02.362 -08:00 [INF] HTTP GET /api/AccessPolicies completed with 200 in 18 ms (0HNLETGN9IVHR:0000007D)
2026-05-10 15:34:02.366 -08:00 [INF] MediatR handling completed GetLogsQuery in 17 ms
2026-05-10 15:34:02.367 -08:00 [INF] MediatR handling completed GetErrorLogsQuery in 18 ms
2026-05-10 15:34:02.368 -08:00 [INF] HTTP GET /api/Logs completed with 200 in 24 ms (0HNLETGN9IVHR:0000007B)
2026-05-10 15:34:02.369 -08:00 [INF] HTTP GET /api/error-logs completed with 200 in 25 ms (0HNLETGN9IVHR:0000007F)
2026-05-10 15:34:02.372 -08:00 [INF] MediatR handling completed GetUsersDashboardQuery in 24 ms
2026-05-10 15:34:02.374 -08:00 [INF] HTTP GET /api/Users/dashboard completed with 200 in 30 ms (0HNLETGN9IVHR:00000079)
2026-05-10 15:34:22.076 -08:00 [INF] HTTP CONNECT /hubs/sessions completed with 200 in 206062 ms (0HNLETGN9IVHS:00000003)
