2026-05-07 05:07:03.559 -08:00 [WRN] Sensitive data logging is enabled. Log entries and exception messages may include sensitive application data; this mode should only be enabled during development.
2026-05-07 05:07:04.075 -08:00 [ERR] An error occurred using the connection to database 'algo' on server 'tcp://localhost:5432'.
2026-05-07 05:07:04.091 -08:00 [ERR] An exception occurred while iterating over the results of a query for context type 'algo.Persistence.Context.ApplicationDbContext'.
Npgsql.PostgresException (0x80004005): 28P01: password authentication failed for user "postgres"
   at Npgsql.Internal.NpgsqlConnector.ReadMessageLong(Boolean async, DataRowLoadingMode dataRowLoadingMode, Boolean readingNotifications, Boolean isReadingPrependedMessage)
   at System.Runtime.CompilerServices.PoolingAsyncValueTaskMethodBuilder`1.StateMachineBox`1.System.Threading.Tasks.Sources.IValueTaskSource<TResult>.GetResult(Int16 token)
   at Npgsql.Internal.NpgsqlConnector.AuthenticateSASL(List`1 mechanisms, String username, Boolean async, CancellationToken cancellationToken)
   at Npgsql.Internal.NpgsqlConnector.Authenticate(String username, NpgsqlTimeout timeout, Boolean async, CancellationToken cancellationToken)
   at Npgsql.Internal.NpgsqlConnector.<Open>g__OpenCore|209_0(NpgsqlConnector conn, String username, SslMode sslMode, GssEncryptionMode gssEncMode, NpgsqlTimeout timeout, Boolean async, CancellationToken cancellationToken)
   at Npgsql.Internal.NpgsqlConnector.<Open>g__OpenCore|209_0(NpgsqlConnector conn, String username, SslMode sslMode, GssEncryptionMode gssEncMode, NpgsqlTimeout timeout, Boolean async, CancellationToken cancellationToken)
   at Npgsql.Internal.NpgsqlConnector.Open(NpgsqlTimeout timeout, Boolean async, CancellationToken cancellationToken)
   at Npgsql.PoolingDataSource.OpenNewConnector(NpgsqlConnection conn, NpgsqlTimeout timeout, Boolean async, CancellationToken cancellationToken)
   at Npgsql.PoolingDataSource.<Get>g__RentAsync|33_0(NpgsqlConnection conn, NpgsqlTimeout timeout, Boolean async, CancellationToken cancellationToken)
   at Npgsql.NpgsqlConnection.<Open>g__OpenAsync|42_0(Boolean async, CancellationToken cancellationToken)
   at Microsoft.EntityFrameworkCore.Storage.RelationalConnection.OpenInternalAsync(Boolean errorsExpected, CancellationToken cancellationToken)
   at Microsoft.EntityFrameworkCore.Storage.RelationalConnection.OpenInternalAsync(Boolean errorsExpected, CancellationToken cancellationToken)
   at Microsoft.EntityFrameworkCore.Storage.RelationalConnection.OpenAsync(CancellationToken cancellationToken, Boolean errorsExpected)
   at Microsoft.EntityFrameworkCore.Storage.RelationalCommand.ExecuteReaderAsync(RelationalCommandParameterObject parameterObject, CancellationToken cancellationToken)
   at Microsoft.EntityFrameworkCore.Query.Internal.SingleQueryingEnumerable`1.AsyncEnumerator.InitializeReaderAsync(AsyncEnumerator enumerator, CancellationToken cancellationToken)
   at Npgsql.EntityFrameworkCore.PostgreSQL.Storage.Internal.NpgsqlExecutionStrategy.ExecuteAsync[TState,TResult](TState state, Func`4 operation, Func`4 verifySucceeded, CancellationToken cancellationToken)
   at Microsoft.EntityFrameworkCore.Query.Internal.SingleQueryingEnumerable`1.AsyncEnumerator.MoveNextAsync()
  Exception data:
    Severity: FATAL
    SqlState: 28P01
    MessageText: password authentication failed for user "postgres"
    File: auth.c
    Line: 320
    Routine: auth_failed
Npgsql.PostgresException (0x80004005): 28P01: password authentication failed for user "postgres"
   at Npgsql.Internal.NpgsqlConnector.ReadMessageLong(Boolean async, DataRowLoadingMode dataRowLoadingMode, Boolean readingNotifications, Boolean isReadingPrependedMessage)
   at System.Runtime.CompilerServices.PoolingAsyncValueTaskMethodBuilder`1.StateMachineBox`1.System.Threading.Tasks.Sources.IValueTaskSource<TResult>.GetResult(Int16 token)
   at Npgsql.Internal.NpgsqlConnector.AuthenticateSASL(List`1 mechanisms, String username, Boolean async, CancellationToken cancellationToken)
   at Npgsql.Internal.NpgsqlConnector.Authenticate(String username, NpgsqlTimeout timeout, Boolean async, CancellationToken cancellationToken)
   at Npgsql.Internal.NpgsqlConnector.<Open>g__OpenCore|209_0(NpgsqlConnector conn, String username, SslMode sslMode, GssEncryptionMode gssEncMode, NpgsqlTimeout timeout, Boolean async, CancellationToken cancellationToken)
   at Npgsql.Internal.NpgsqlConnector.<Open>g__OpenCore|209_0(NpgsqlConnector conn, String username, SslMode sslMode, GssEncryptionMode gssEncMode, NpgsqlTimeout timeout, Boolean async, CancellationToken cancellationToken)
   at Npgsql.Internal.NpgsqlConnector.Open(NpgsqlTimeout timeout, Boolean async, CancellationToken cancellationToken)
   at Npgsql.PoolingDataSource.OpenNewConnector(NpgsqlConnection conn, NpgsqlTimeout timeout, Boolean async, CancellationToken cancellationToken)
   at Npgsql.PoolingDataSource.<Get>g__RentAsync|33_0(NpgsqlConnection conn, NpgsqlTimeout timeout, Boolean async, CancellationToken cancellationToken)
   at Npgsql.NpgsqlConnection.<Open>g__OpenAsync|42_0(Boolean async, CancellationToken cancellationToken)
   at Microsoft.EntityFrameworkCore.Storage.RelationalConnection.OpenInternalAsync(Boolean errorsExpected, CancellationToken cancellationToken)
   at Microsoft.EntityFrameworkCore.Storage.RelationalConnection.OpenInternalAsync(Boolean errorsExpected, CancellationToken cancellationToken)
   at Microsoft.EntityFrameworkCore.Storage.RelationalConnection.OpenAsync(CancellationToken cancellationToken, Boolean errorsExpected)
   at Microsoft.EntityFrameworkCore.Storage.RelationalCommand.ExecuteReaderAsync(RelationalCommandParameterObject parameterObject, CancellationToken cancellationToken)
   at Microsoft.EntityFrameworkCore.Query.Internal.SingleQueryingEnumerable`1.AsyncEnumerator.InitializeReaderAsync(AsyncEnumerator enumerator, CancellationToken cancellationToken)
   at Npgsql.EntityFrameworkCore.PostgreSQL.Storage.Internal.NpgsqlExecutionStrategy.ExecuteAsync[TState,TResult](TState state, Func`4 operation, Func`4 verifySucceeded, CancellationToken cancellationToken)
   at Microsoft.EntityFrameworkCore.Query.Internal.SingleQueryingEnumerable`1.AsyncEnumerator.MoveNextAsync()
  Exception data:
    Severity: FATAL
    SqlState: 28P01
    MessageText: password authentication failed for user "postgres"
    File: auth.c
    Line: 320
    Routine: auth_failed
2026-05-07 05:19:53.893 -08:00 [WRN] Sensitive data logging is enabled. Log entries and exception messages may include sensitive application data; this mode should only be enabled during development.
2026-05-07 05:19:55.055 -08:00 [ERR] An error occurred using the connection to database 'algo' on server 'tcp://localhost:5432'.
2026-05-07 05:19:55.205 -08:00 [ERR] An exception occurred while iterating over the results of a query for context type 'algo.Persistence.Context.ApplicationDbContext'.
Npgsql.PostgresException (0x80004005): 28P01: password authentication failed for user "postgres"
   at Npgsql.Internal.NpgsqlConnector.ReadMessageLong(Boolean async, DataRowLoadingMode dataRowLoadingMode, Boolean readingNotifications, Boolean isReadingPrependedMessage)
   at System.Runtime.CompilerServices.PoolingAsyncValueTaskMethodBuilder`1.StateMachineBox`1.System.Threading.Tasks.Sources.IValueTaskSource<TResult>.GetResult(Int16 token)
   at Npgsql.Internal.NpgsqlConnector.AuthenticateSASL(List`1 mechanisms, String username, Boolean async, CancellationToken cancellationToken)
   at Npgsql.Internal.NpgsqlConnector.Authenticate(String username, NpgsqlTimeout timeout, Boolean async, CancellationToken cancellationToken)
   at Npgsql.Internal.NpgsqlConnector.<Open>g__OpenCore|209_0(NpgsqlConnector conn, String username, SslMode sslMode, GssEncryptionMode gssEncMode, NpgsqlTimeout timeout, Boolean async, CancellationToken cancellationToken)
   at Npgsql.Internal.NpgsqlConnector.<Open>g__OpenCore|209_0(NpgsqlConnector conn, String username, SslMode sslMode, GssEncryptionMode gssEncMode, NpgsqlTimeout timeout, Boolean async, CancellationToken cancellationToken)
   at Npgsql.Internal.NpgsqlConnector.Open(NpgsqlTimeout timeout, Boolean async, CancellationToken cancellationToken)
   at Npgsql.PoolingDataSource.OpenNewConnector(NpgsqlConnection conn, NpgsqlTimeout timeout, Boolean async, CancellationToken cancellationToken)
   at Npgsql.PoolingDataSource.<Get>g__RentAsync|33_0(NpgsqlConnection conn, NpgsqlTimeout timeout, Boolean async, CancellationToken cancellationToken)
   at Npgsql.NpgsqlConnection.<Open>g__OpenAsync|42_0(Boolean async, CancellationToken cancellationToken)
   at Microsoft.EntityFrameworkCore.Storage.RelationalConnection.OpenInternalAsync(Boolean errorsExpected, CancellationToken cancellationToken)
   at Microsoft.EntityFrameworkCore.Storage.RelationalConnection.OpenInternalAsync(Boolean errorsExpected, CancellationToken cancellationToken)
   at Microsoft.EntityFrameworkCore.Storage.RelationalConnection.OpenAsync(CancellationToken cancellationToken, Boolean errorsExpected)
   at Microsoft.EntityFrameworkCore.Storage.RelationalCommand.ExecuteReaderAsync(RelationalCommandParameterObject parameterObject, CancellationToken cancellationToken)
   at Microsoft.EntityFrameworkCore.Query.Internal.SingleQueryingEnumerable`1.AsyncEnumerator.InitializeReaderAsync(AsyncEnumerator enumerator, CancellationToken cancellationToken)
   at Npgsql.EntityFrameworkCore.PostgreSQL.Storage.Internal.NpgsqlExecutionStrategy.ExecuteAsync[TState,TResult](TState state, Func`4 operation, Func`4 verifySucceeded, CancellationToken cancellationToken)
   at Microsoft.EntityFrameworkCore.Query.Internal.SingleQueryingEnumerable`1.AsyncEnumerator.MoveNextAsync()
  Exception data:
    Severity: FATAL
    SqlState: 28P01
    MessageText: password authentication failed for user "postgres"
    File: auth.c
    Line: 320
    Routine: auth_failed
Npgsql.PostgresException (0x80004005): 28P01: password authentication failed for user "postgres"
   at Npgsql.Internal.NpgsqlConnector.ReadMessageLong(Boolean async, DataRowLoadingMode dataRowLoadingMode, Boolean readingNotifications, Boolean isReadingPrependedMessage)
   at System.Runtime.CompilerServices.PoolingAsyncValueTaskMethodBuilder`1.StateMachineBox`1.System.Threading.Tasks.Sources.IValueTaskSource<TResult>.GetResult(Int16 token)
   at Npgsql.Internal.NpgsqlConnector.AuthenticateSASL(List`1 mechanisms, String username, Boolean async, CancellationToken cancellationToken)
   at Npgsql.Internal.NpgsqlConnector.Authenticate(String username, NpgsqlTimeout timeout, Boolean async, CancellationToken cancellationToken)
   at Npgsql.Internal.NpgsqlConnector.<Open>g__OpenCore|209_0(NpgsqlConnector conn, String username, SslMode sslMode, GssEncryptionMode gssEncMode, NpgsqlTimeout timeout, Boolean async, CancellationToken cancellationToken)
   at Npgsql.Internal.NpgsqlConnector.<Open>g__OpenCore|209_0(NpgsqlConnector conn, String username, SslMode sslMode, GssEncryptionMode gssEncMode, NpgsqlTimeout timeout, Boolean async, CancellationToken cancellationToken)
   at Npgsql.Internal.NpgsqlConnector.Open(NpgsqlTimeout timeout, Boolean async, CancellationToken cancellationToken)
   at Npgsql.PoolingDataSource.OpenNewConnector(NpgsqlConnection conn, NpgsqlTimeout timeout, Boolean async, CancellationToken cancellationToken)
   at Npgsql.PoolingDataSource.<Get>g__RentAsync|33_0(NpgsqlConnection conn, NpgsqlTimeout timeout, Boolean async, CancellationToken cancellationToken)
   at Npgsql.NpgsqlConnection.<Open>g__OpenAsync|42_0(Boolean async, CancellationToken cancellationToken)
   at Microsoft.EntityFrameworkCore.Storage.RelationalConnection.OpenInternalAsync(Boolean errorsExpected, CancellationToken cancellationToken)
   at Microsoft.EntityFrameworkCore.Storage.RelationalConnection.OpenInternalAsync(Boolean errorsExpected, CancellationToken cancellationToken)
   at Microsoft.EntityFrameworkCore.Storage.RelationalConnection.OpenAsync(CancellationToken cancellationToken, Boolean errorsExpected)
   at Microsoft.EntityFrameworkCore.Storage.RelationalCommand.ExecuteReaderAsync(RelationalCommandParameterObject parameterObject, CancellationToken cancellationToken)
   at Microsoft.EntityFrameworkCore.Query.Internal.SingleQueryingEnumerable`1.AsyncEnumerator.InitializeReaderAsync(AsyncEnumerator enumerator, CancellationToken cancellationToken)
   at Npgsql.EntityFrameworkCore.PostgreSQL.Storage.Internal.NpgsqlExecutionStrategy.ExecuteAsync[TState,TResult](TState state, Func`4 operation, Func`4 verifySucceeded, CancellationToken cancellationToken)
   at Microsoft.EntityFrameworkCore.Query.Internal.SingleQueryingEnumerable`1.AsyncEnumerator.MoveNextAsync()
  Exception data:
    Severity: FATAL
    SqlState: 28P01
    MessageText: password authentication failed for user "postgres"
    File: auth.c
    Line: 320
    Routine: auth_failed
2026-05-07 05:21:44.902 -08:00 [WRN] Sensitive data logging is enabled. Log entries and exception messages may include sensitive application data; this mode should only be enabled during development.
2026-05-07 05:21:45.697 -08:00 [ERR] An error occurred using the connection to database 'algo' on server 'tcp://localhost:5432'.
2026-05-07 05:21:45.841 -08:00 [ERR] An exception occurred while iterating over the results of a query for context type 'algo.Persistence.Context.ApplicationDbContext'.
Npgsql.PostgresException (0x80004005): 3D000: database "algo" does not exist
   at Npgsql.Internal.NpgsqlConnector.ReadMessageLong(Boolean async, DataRowLoadingMode dataRowLoadingMode, Boolean readingNotifications, Boolean isReadingPrependedMessage)
   at System.Runtime.CompilerServices.PoolingAsyncValueTaskMethodBuilder`1.StateMachineBox`1.System.Threading.Tasks.Sources.IValueTaskSource<TResult>.GetResult(Int16 token)
   at Npgsql.Internal.NpgsqlConnector.<Open>g__OpenCore|209_0(NpgsqlConnector conn, String username, SslMode sslMode, GssEncryptionMode gssEncMode, NpgsqlTimeout timeout, Boolean async, CancellationToken cancellationToken)
   at Npgsql.Internal.NpgsqlConnector.Open(NpgsqlTimeout timeout, Boolean async, CancellationToken cancellationToken)
   at Npgsql.PoolingDataSource.OpenNewConnector(NpgsqlConnection conn, NpgsqlTimeout timeout, Boolean async, CancellationToken cancellationToken)
   at Npgsql.PoolingDataSource.<Get>g__RentAsync|33_0(NpgsqlConnection conn, NpgsqlTimeout timeout, Boolean async, CancellationToken cancellationToken)
   at Npgsql.NpgsqlConnection.<Open>g__OpenAsync|42_0(Boolean async, CancellationToken cancellationToken)
   at Microsoft.EntityFrameworkCore.Storage.RelationalConnection.OpenInternalAsync(Boolean errorsExpected, CancellationToken cancellationToken)
   at Microsoft.EntityFrameworkCore.Storage.RelationalConnection.OpenInternalAsync(Boolean errorsExpected, CancellationToken cancellationToken)
   at Microsoft.EntityFrameworkCore.Storage.RelationalConnection.OpenAsync(CancellationToken cancellationToken, Boolean errorsExpected)
   at Microsoft.EntityFrameworkCore.Storage.RelationalCommand.ExecuteReaderAsync(RelationalCommandParameterObject parameterObject, CancellationToken cancellationToken)
   at Microsoft.EntityFrameworkCore.Query.Internal.SingleQueryingEnumerable`1.AsyncEnumerator.InitializeReaderAsync(AsyncEnumerator enumerator, CancellationToken cancellationToken)
   at Npgsql.EntityFrameworkCore.PostgreSQL.Storage.Internal.NpgsqlExecutionStrategy.ExecuteAsync[TState,TResult](TState state, Func`4 operation, Func`4 verifySucceeded, CancellationToken cancellationToken)
   at Microsoft.EntityFrameworkCore.Query.Internal.SingleQueryingEnumerable`1.AsyncEnumerator.MoveNextAsync()
  Exception data:
    Severity: FATAL
    SqlState: 3D000
    MessageText: database "algo" does not exist
    File: postinit.c
    Line: 1016
    Routine: InitPostgres
Npgsql.PostgresException (0x80004005): 3D000: database "algo" does not exist
   at Npgsql.Internal.NpgsqlConnector.ReadMessageLong(Boolean async, DataRowLoadingMode dataRowLoadingMode, Boolean readingNotifications, Boolean isReadingPrependedMessage)
   at System.Runtime.CompilerServices.PoolingAsyncValueTaskMethodBuilder`1.StateMachineBox`1.System.Threading.Tasks.Sources.IValueTaskSource<TResult>.GetResult(Int16 token)
   at Npgsql.Internal.NpgsqlConnector.<Open>g__OpenCore|209_0(NpgsqlConnector conn, String username, SslMode sslMode, GssEncryptionMode gssEncMode, NpgsqlTimeout timeout, Boolean async, CancellationToken cancellationToken)
   at Npgsql.Internal.NpgsqlConnector.Open(NpgsqlTimeout timeout, Boolean async, CancellationToken cancellationToken)
   at Npgsql.PoolingDataSource.OpenNewConnector(NpgsqlConnection conn, NpgsqlTimeout timeout, Boolean async, CancellationToken cancellationToken)
   at Npgsql.PoolingDataSource.<Get>g__RentAsync|33_0(NpgsqlConnection conn, NpgsqlTimeout timeout, Boolean async, CancellationToken cancellationToken)
   at Npgsql.NpgsqlConnection.<Open>g__OpenAsync|42_0(Boolean async, CancellationToken cancellationToken)
   at Microsoft.EntityFrameworkCore.Storage.RelationalConnection.OpenInternalAsync(Boolean errorsExpected, CancellationToken cancellationToken)
   at Microsoft.EntityFrameworkCore.Storage.RelationalConnection.OpenInternalAsync(Boolean errorsExpected, CancellationToken cancellationToken)
   at Microsoft.EntityFrameworkCore.Storage.RelationalConnection.OpenAsync(CancellationToken cancellationToken, Boolean errorsExpected)
   at Microsoft.EntityFrameworkCore.Storage.RelationalCommand.ExecuteReaderAsync(RelationalCommandParameterObject parameterObject, CancellationToken cancellationToken)
   at Microsoft.EntityFrameworkCore.Query.Internal.SingleQueryingEnumerable`1.AsyncEnumerator.InitializeReaderAsync(AsyncEnumerator enumerator, CancellationToken cancellationToken)
   at Npgsql.EntityFrameworkCore.PostgreSQL.Storage.Internal.NpgsqlExecutionStrategy.ExecuteAsync[TState,TResult](TState state, Func`4 operation, Func`4 verifySucceeded, CancellationToken cancellationToken)
   at Microsoft.EntityFrameworkCore.Query.Internal.SingleQueryingEnumerable`1.AsyncEnumerator.MoveNextAsync()
  Exception data:
    Severity: FATAL
    SqlState: 3D000
    MessageText: database "algo" does not exist
    File: postinit.c
    Line: 1016
    Routine: InitPostgres
2026-05-07 05:22:39.217 -08:00 [WRN] Sensitive data logging is enabled. Log entries and exception messages may include sensitive application data; this mode should only be enabled during development.
2026-05-07 05:22:40.001 -08:00 [ERR] Failed executing DbCommand (88ms) [Parameters=[@normalizedName='ADMIN'], CommandType='"Text"', CommandTimeout='30']
SELECT a."Id", a."ConcurrencyStamp", a."Name", a."NormalizedName"
FROM "AspNetRoles" AS a
WHERE a."NormalizedName" = @normalizedName
LIMIT 1
2026-05-07 05:22:40.074 -08:00 [ERR] An exception occurred while iterating over the results of a query for context type 'algo.Persistence.Context.ApplicationDbContext'.
Npgsql.PostgresException (0x80004005): 42P01: relation "AspNetRoles" does not exist

POSITION: 73
   at Npgsql.Internal.NpgsqlConnector.ReadMessageLong(Boolean async, DataRowLoadingMode dataRowLoadingMode, Boolean readingNotifications, Boolean isReadingPrependedMessage)
   at System.Runtime.CompilerServices.PoolingAsyncValueTaskMethodBuilder`1.StateMachineBox`1.System.Threading.Tasks.Sources.IValueTaskSource<TResult>.GetResult(Int16 token)
   at Npgsql.NpgsqlDataReader.NextResult(Boolean async, Boolean isConsuming, CancellationToken cancellationToken)
   at Npgsql.NpgsqlDataReader.NextResult(Boolean async, Boolean isConsuming, CancellationToken cancellationToken)
   at Npgsql.NpgsqlCommand.ExecuteReader(Boolean async, CommandBehavior behavior, CancellationToken cancellationToken)
   at Npgsql.NpgsqlCommand.ExecuteReader(Boolean async, CommandBehavior behavior, CancellationToken cancellationToken)
   at Npgsql.NpgsqlCommand.ExecuteDbDataReaderAsync(CommandBehavior behavior, CancellationToken cancellationToken)
   at Microsoft.EntityFrameworkCore.Storage.RelationalCommand.ExecuteReaderAsync(RelationalCommandParameterObject parameterObject, CancellationToken cancellationToken)
   at Microsoft.EntityFrameworkCore.Storage.RelationalCommand.ExecuteReaderAsync(RelationalCommandParameterObject parameterObject, CancellationToken cancellationToken)
   at Microsoft.EntityFrameworkCore.Query.Internal.SingleQueryingEnumerable`1.AsyncEnumerator.InitializeReaderAsync(AsyncEnumerator enumerator, CancellationToken cancellationToken)
   at Npgsql.EntityFrameworkCore.PostgreSQL.Storage.Internal.NpgsqlExecutionStrategy.ExecuteAsync[TState,TResult](TState state, Func`4 operation, Func`4 verifySucceeded, CancellationToken cancellationToken)
   at Microsoft.EntityFrameworkCore.Query.Internal.SingleQueryingEnumerable`1.AsyncEnumerator.MoveNextAsync()
  Exception data:
    Severity: ERROR
    SqlState: 42P01
    MessageText: relation "AspNetRoles" does not exist
    Position: 73
    File: parse_relation.c
    Line: 1469
    Routine: parserOpenTable
Npgsql.PostgresException (0x80004005): 42P01: relation "AspNetRoles" does not exist

POSITION: 73
   at Npgsql.Internal.NpgsqlConnector.ReadMessageLong(Boolean async, DataRowLoadingMode dataRowLoadingMode, Boolean readingNotifications, Boolean isReadingPrependedMessage)
   at System.Runtime.CompilerServices.PoolingAsyncValueTaskMethodBuilder`1.StateMachineBox`1.System.Threading.Tasks.Sources.IValueTaskSource<TResult>.GetResult(Int16 token)
   at Npgsql.NpgsqlDataReader.NextResult(Boolean async, Boolean isConsuming, CancellationToken cancellationToken)
   at Npgsql.NpgsqlDataReader.NextResult(Boolean async, Boolean isConsuming, CancellationToken cancellationToken)
   at Npgsql.NpgsqlCommand.ExecuteReader(Boolean async, CommandBehavior behavior, CancellationToken cancellationToken)
   at Npgsql.NpgsqlCommand.ExecuteReader(Boolean async, CommandBehavior behavior, CancellationToken cancellationToken)
   at Npgsql.NpgsqlCommand.ExecuteDbDataReaderAsync(CommandBehavior behavior, CancellationToken cancellationToken)
   at Microsoft.EntityFrameworkCore.Storage.RelationalCommand.ExecuteReaderAsync(RelationalCommandParameterObject parameterObject, CancellationToken cancellationToken)
   at Microsoft.EntityFrameworkCore.Storage.RelationalCommand.ExecuteReaderAsync(RelationalCommandParameterObject parameterObject, CancellationToken cancellationToken)
   at Microsoft.EntityFrameworkCore.Query.Internal.SingleQueryingEnumerable`1.AsyncEnumerator.InitializeReaderAsync(AsyncEnumerator enumerator, CancellationToken cancellationToken)
   at Npgsql.EntityFrameworkCore.PostgreSQL.Storage.Internal.NpgsqlExecutionStrategy.ExecuteAsync[TState,TResult](TState state, Func`4 operation, Func`4 verifySucceeded, CancellationToken cancellationToken)
   at Microsoft.EntityFrameworkCore.Query.Internal.SingleQueryingEnumerable`1.AsyncEnumerator.MoveNextAsync()
  Exception data:
    Severity: ERROR
    SqlState: 42P01
    MessageText: relation "AspNetRoles" does not exist
    Position: 73
    File: parse_relation.c
    Line: 1469
    Routine: parserOpenTable
2026-05-07 05:23:02.529 -08:00 [WRN] Sensitive data logging is enabled. Log entries and exception messages may include sensitive application data; this mode should only be enabled during development.
2026-05-07 05:23:03.217 -08:00 [ERR] Failed executing DbCommand (88ms) [Parameters=[@normalizedName='ADMIN'], CommandType='"Text"', CommandTimeout='30']
SELECT a."Id", a."ConcurrencyStamp", a."Name", a."NormalizedName"
FROM "AspNetRoles" AS a
WHERE a."NormalizedName" = @normalizedName
LIMIT 1
2026-05-07 05:23:03.272 -08:00 [ERR] An exception occurred while iterating over the results of a query for context type 'algo.Persistence.Context.ApplicationDbContext'.
Npgsql.PostgresException (0x80004005): 42P01: relation "AspNetRoles" does not exist

POSITION: 73
   at Npgsql.Internal.NpgsqlConnector.ReadMessageLong(Boolean async, DataRowLoadingMode dataRowLoadingMode, Boolean readingNotifications, Boolean isReadingPrependedMessage)
   at System.Runtime.CompilerServices.PoolingAsyncValueTaskMethodBuilder`1.StateMachineBox`1.System.Threading.Tasks.Sources.IValueTaskSource<TResult>.GetResult(Int16 token)
   at Npgsql.NpgsqlDataReader.NextResult(Boolean async, Boolean isConsuming, CancellationToken cancellationToken)
   at Npgsql.NpgsqlDataReader.NextResult(Boolean async, Boolean isConsuming, CancellationToken cancellationToken)
   at Npgsql.NpgsqlCommand.ExecuteReader(Boolean async, CommandBehavior behavior, CancellationToken cancellationToken)
   at Npgsql.NpgsqlCommand.ExecuteReader(Boolean async, CommandBehavior behavior, CancellationToken cancellationToken)
   at Npgsql.NpgsqlCommand.ExecuteDbDataReaderAsync(CommandBehavior behavior, CancellationToken cancellationToken)
   at Microsoft.EntityFrameworkCore.Storage.RelationalCommand.ExecuteReaderAsync(RelationalCommandParameterObject parameterObject, CancellationToken cancellationToken)
   at Microsoft.EntityFrameworkCore.Storage.RelationalCommand.ExecuteReaderAsync(RelationalCommandParameterObject parameterObject, CancellationToken cancellationToken)
   at Microsoft.EntityFrameworkCore.Query.Internal.SingleQueryingEnumerable`1.AsyncEnumerator.InitializeReaderAsync(AsyncEnumerator enumerator, CancellationToken cancellationToken)
   at Npgsql.EntityFrameworkCore.PostgreSQL.Storage.Internal.NpgsqlExecutionStrategy.ExecuteAsync[TState,TResult](TState state, Func`4 operation, Func`4 verifySucceeded, CancellationToken cancellationToken)
   at Microsoft.EntityFrameworkCore.Query.Internal.SingleQueryingEnumerable`1.AsyncEnumerator.MoveNextAsync()
  Exception data:
    Severity: ERROR
    SqlState: 42P01
    MessageText: relation "AspNetRoles" does not exist
    Position: 73
    File: parse_relation.c
    Line: 1469
    Routine: parserOpenTable
Npgsql.PostgresException (0x80004005): 42P01: relation "AspNetRoles" does not exist

POSITION: 73
   at Npgsql.Internal.NpgsqlConnector.ReadMessageLong(Boolean async, DataRowLoadingMode dataRowLoadingMode, Boolean readingNotifications, Boolean isReadingPrependedMessage)
   at System.Runtime.CompilerServices.PoolingAsyncValueTaskMethodBuilder`1.StateMachineBox`1.System.Threading.Tasks.Sources.IValueTaskSource<TResult>.GetResult(Int16 token)
   at Npgsql.NpgsqlDataReader.NextResult(Boolean async, Boolean isConsuming, CancellationToken cancellationToken)
   at Npgsql.NpgsqlDataReader.NextResult(Boolean async, Boolean isConsuming, CancellationToken cancellationToken)
   at Npgsql.NpgsqlCommand.ExecuteReader(Boolean async, CommandBehavior behavior, CancellationToken cancellationToken)
   at Npgsql.NpgsqlCommand.ExecuteReader(Boolean async, CommandBehavior behavior, CancellationToken cancellationToken)
   at Npgsql.NpgsqlCommand.ExecuteDbDataReaderAsync(CommandBehavior behavior, CancellationToken cancellationToken)
   at Microsoft.EntityFrameworkCore.Storage.RelationalCommand.ExecuteReaderAsync(RelationalCommandParameterObject parameterObject, CancellationToken cancellationToken)
   at Microsoft.EntityFrameworkCore.Storage.RelationalCommand.ExecuteReaderAsync(RelationalCommandParameterObject parameterObject, CancellationToken cancellationToken)
   at Microsoft.EntityFrameworkCore.Query.Internal.SingleQueryingEnumerable`1.AsyncEnumerator.InitializeReaderAsync(AsyncEnumerator enumerator, CancellationToken cancellationToken)
   at Npgsql.EntityFrameworkCore.PostgreSQL.Storage.Internal.NpgsqlExecutionStrategy.ExecuteAsync[TState,TResult](TState state, Func`4 operation, Func`4 verifySucceeded, CancellationToken cancellationToken)
   at Microsoft.EntityFrameworkCore.Query.Internal.SingleQueryingEnumerable`1.AsyncEnumerator.MoveNextAsync()
  Exception data:
    Severity: ERROR
    SqlState: 42P01
    MessageText: relation "AspNetRoles" does not exist
    Position: 73
    File: parse_relation.c
    Line: 1469
    Routine: parserOpenTable
2026-05-07 05:29:24.264 -08:00 [WRN] Sensitive data logging is enabled. Log entries and exception messages may include sensitive application data; this mode should only be enabled during development.
2026-05-07 05:29:25.241 -08:00 [FTL] Application startup exception
System.InvalidOperationException: Cannot resolve scoped service 'algo.Persistence.Context.ApplicationDbContext' from root provider.
   at Microsoft.Extensions.DependencyInjection.ServiceLookup.CallSiteValidator.ValidateResolution(ServiceCallSite callSite, IServiceScope scope, IServiceScope rootScope)
   at Microsoft.Extensions.DependencyInjection.ServiceProvider.GetService(ServiceIdentifier serviceIdentifier, ServiceProviderEngineScope serviceProviderEngineScope)
   at Microsoft.Extensions.DependencyInjection.ServiceProvider.GetService(Type serviceType)
   at Microsoft.Extensions.DependencyInjection.ActivatorUtilities.ConstructorMatcher.CreateInstance(IServiceProvider provider)
   at Microsoft.Extensions.DependencyInjection.ActivatorUtilities.CreateInstance(IServiceProvider provider, Type instanceType, Object[] parameters)
   at Microsoft.AspNetCore.Builder.UseMiddlewareExtensions.ReflectionMiddlewareBinder.CreateMiddleware(RequestDelegate next)
   at Microsoft.AspNetCore.Builder.ApplicationBuilder.Build()
   at Microsoft.AspNetCore.Builder.ApplicationBuilder.Build()
   at Microsoft.AspNetCore.Hosting.GenericWebHostService.StartAsync(CancellationToken cancellationToken)
2026-05-07 05:29:25.321 -08:00 [ERR] Hosting failed to start
System.InvalidOperationException: Cannot resolve scoped service 'algo.Persistence.Context.ApplicationDbContext' from root provider.
   at Microsoft.Extensions.DependencyInjection.ServiceLookup.CallSiteValidator.ValidateResolution(ServiceCallSite callSite, IServiceScope scope, IServiceScope rootScope)
   at Microsoft.Extensions.DependencyInjection.ServiceProvider.GetService(ServiceIdentifier serviceIdentifier, ServiceProviderEngineScope serviceProviderEngineScope)
   at Microsoft.Extensions.DependencyInjection.ServiceProvider.GetService(Type serviceType)
   at Microsoft.Extensions.DependencyInjection.ActivatorUtilities.ConstructorMatcher.CreateInstance(IServiceProvider provider)
   at Microsoft.Extensions.DependencyInjection.ActivatorUtilities.CreateInstance(IServiceProvider provider, Type instanceType, Object[] parameters)
   at Microsoft.AspNetCore.Builder.UseMiddlewareExtensions.ReflectionMiddlewareBinder.CreateMiddleware(RequestDelegate next)
   at Microsoft.AspNetCore.Builder.ApplicationBuilder.Build()
   at Microsoft.AspNetCore.Builder.ApplicationBuilder.Build()
   at Microsoft.AspNetCore.Hosting.GenericWebHostService.StartAsync(CancellationToken cancellationToken)
   at Microsoft.Extensions.Hosting.Internal.Host.<StartAsync>b__14_1(IHostedService service, CancellationToken token)
   at Microsoft.Extensions.Hosting.Internal.Host.ForeachService[T](IEnumerable`1 services, CancellationToken token, Boolean concurrent, Boolean abortOnFirstException, List`1 exceptions, Func`3 operation)
2026-05-07 05:29:45.004 -08:00 [WRN] Sensitive data logging is enabled. Log entries and exception messages may include sensitive application data; this mode should only be enabled during development.
2026-05-07 05:29:45.674 -08:00 [FTL] Application startup exception
System.InvalidOperationException: Cannot resolve scoped service 'algo.Persistence.Context.ApplicationDbContext' from root provider.
   at Microsoft.Extensions.DependencyInjection.ServiceLookup.CallSiteValidator.ValidateResolution(ServiceCallSite callSite, IServiceScope scope, IServiceScope rootScope)
   at Microsoft.Extensions.DependencyInjection.ServiceProvider.GetService(ServiceIdentifier serviceIdentifier, ServiceProviderEngineScope serviceProviderEngineScope)
   at Microsoft.Extensions.DependencyInjection.ServiceProvider.GetService(Type serviceType)
   at Microsoft.Extensions.DependencyInjection.ActivatorUtilities.ConstructorMatcher.CreateInstance(IServiceProvider provider)
   at Microsoft.Extensions.DependencyInjection.ActivatorUtilities.CreateInstance(IServiceProvider provider, Type instanceType, Object[] parameters)
   at Microsoft.AspNetCore.Builder.UseMiddlewareExtensions.ReflectionMiddlewareBinder.CreateMiddleware(RequestDelegate next)
   at Microsoft.AspNetCore.Builder.ApplicationBuilder.Build()
   at Microsoft.AspNetCore.Builder.ApplicationBuilder.Build()
   at Microsoft.AspNetCore.Hosting.GenericWebHostService.StartAsync(CancellationToken cancellationToken)
2026-05-07 05:29:45.731 -08:00 [ERR] Hosting failed to start
System.InvalidOperationException: Cannot resolve scoped service 'algo.Persistence.Context.ApplicationDbContext' from root provider.
   at Microsoft.Extensions.DependencyInjection.ServiceLookup.CallSiteValidator.ValidateResolution(ServiceCallSite callSite, IServiceScope scope, IServiceScope rootScope)
   at Microsoft.Extensions.DependencyInjection.ServiceProvider.GetService(ServiceIdentifier serviceIdentifier, ServiceProviderEngineScope serviceProviderEngineScope)
   at Microsoft.Extensions.DependencyInjection.ServiceProvider.GetService(Type serviceType)
   at Microsoft.Extensions.DependencyInjection.ActivatorUtilities.ConstructorMatcher.CreateInstance(IServiceProvider provider)
   at Microsoft.Extensions.DependencyInjection.ActivatorUtilities.CreateInstance(IServiceProvider provider, Type instanceType, Object[] parameters)
   at Microsoft.AspNetCore.Builder.UseMiddlewareExtensions.ReflectionMiddlewareBinder.CreateMiddleware(RequestDelegate next)
   at Microsoft.AspNetCore.Builder.ApplicationBuilder.Build()
   at Microsoft.AspNetCore.Builder.ApplicationBuilder.Build()
   at Microsoft.AspNetCore.Hosting.GenericWebHostService.StartAsync(CancellationToken cancellationToken)
   at Microsoft.Extensions.Hosting.Internal.Host.<StartAsync>b__14_1(IHostedService service, CancellationToken token)
   at Microsoft.Extensions.Hosting.Internal.Host.ForeachService[T](IEnumerable`1 services, CancellationToken token, Boolean concurrent, Boolean abortOnFirstException, List`1 exceptions, Func`3 operation)
2026-05-07 05:30:58.148 -08:00 [WRN] Sensitive data logging is enabled. Log entries and exception messages may include sensitive application data; this mode should only be enabled during development.
2026-05-07 05:30:58.693 -08:00 [INF] Now listening on: http://localhost:5244
2026-05-07 05:30:58.695 -08:00 [INF] Application started. Press Ctrl+C to shut down.
2026-05-07 05:30:58.695 -08:00 [INF] Hosting environment: Development
2026-05-07 05:30:58.695 -08:00 [INF] Content root path: C:\PrivateProject\algo.bytes\src\algo.API
2026-05-07 05:31:29.636 -08:00 [WRN] Sensitive data logging is enabled. Log entries and exception messages may include sensitive application data; this mode should only be enabled during development.
2026-05-07 05:31:30.639 -08:00 [ERR] Hosting failed to start
System.IO.IOException: Failed to bind to address http://127.0.0.1:5244: address already in use.
 ---> Microsoft.AspNetCore.Connections.AddressInUseException: Only one usage of each socket address (protocol/network address/port) is normally permitted.
 ---> System.Net.Sockets.SocketException (10048): Only one usage of each socket address (protocol/network address/port) is normally permitted.
   at System.Net.Sockets.Socket.UpdateStatusAfterSocketErrorAndThrowException(SocketError error, Boolean disconnectOnFailure, String callerName)
   at System.Net.Sockets.Socket.DoBind(EndPoint endPointSnapshot, SocketAddress socketAddress)
   at System.Net.Sockets.Socket.Bind(EndPoint localEP)
   at Microsoft.AspNetCore.Server.Kestrel.Transport.Sockets.SocketTransportOptions.CreateDefaultBoundListenSocket(EndPoint endpoint)
   at Microsoft.AspNetCore.Server.Kestrel.Transport.Sockets.SocketConnectionListener.Bind()
   --- End of inner exception stack trace ---
   at Microsoft.AspNetCore.Server.Kestrel.Transport.Sockets.SocketConnectionListener.Bind()
   at Microsoft.AspNetCore.Server.Kestrel.Transport.Sockets.SocketTransportFactory.BindAsync(EndPoint endpoint, CancellationToken cancellationToken)
   at Microsoft.AspNetCore.Server.Kestrel.Core.Internal.Infrastructure.TransportManager.BindAsync(EndPoint endPoint, ConnectionDelegate connectionDelegate, EndpointConfig endpointConfig, CancellationToken cancellationToken)
   at Microsoft.AspNetCore.Server.Kestrel.Core.KestrelServerImpl.<>c__DisplayClass28_0`1.<<StartAsync>g__OnBind|0>d.MoveNext()
--- End of stack trace from previous location ---
   at Microsoft.AspNetCore.Server.Kestrel.Core.Internal.AddressBinder.BindEndpointAsync(ListenOptions endpoint, AddressBindContext context, CancellationToken cancellationToken)
   --- End of inner exception stack trace ---
   at Microsoft.AspNetCore.Server.Kestrel.Core.Internal.AddressBinder.BindEndpointAsync(ListenOptions endpoint, AddressBindContext context, CancellationToken cancellationToken)
   at Microsoft.AspNetCore.Server.Kestrel.Core.LocalhostListenOptions.BindAsync(AddressBindContext context, CancellationToken cancellationToken)
   at Microsoft.AspNetCore.Server.Kestrel.Core.Internal.AddressBinder.AddressesStrategy.BindAsync(AddressBindContext context, CancellationToken cancellationToken)
   at Microsoft.AspNetCore.Server.Kestrel.Core.KestrelServerImpl.BindAsync(CancellationToken cancellationToken)
   at Microsoft.AspNetCore.Server.Kestrel.Core.KestrelServerImpl.StartAsync[TContext](IHttpApplication`1 application, CancellationToken cancellationToken)
   at Microsoft.AspNetCore.Hosting.GenericWebHostService.StartAsync(CancellationToken cancellationToken)
   at Microsoft.Extensions.Hosting.Internal.Host.<StartAsync>b__14_1(IHostedService service, CancellationToken token)
   at Microsoft.Extensions.Hosting.Internal.Host.ForeachService[T](IEnumerable`1 services, CancellationToken token, Boolean concurrent, Boolean abortOnFirstException, List`1 exceptions, Func`3 operation)
2026-05-07 05:32:25.785 -08:00 [WRN] Sensitive data logging is enabled. Log entries and exception messages may include sensitive application data; this mode should only be enabled during development.
2026-05-07 05:32:26.330 -08:00 [INF] Now listening on: http://localhost:5244
2026-05-07 05:32:26.332 -08:00 [INF] Application started. Press Ctrl+C to shut down.
2026-05-07 05:32:26.332 -08:00 [INF] Hosting environment: Development
2026-05-07 05:32:26.332 -08:00 [INF] Content root path: C:\PrivateProject\algo.bytes\src\algo.API
2026-05-07 05:33:10.794 -08:00 [WRN] Sensitive data logging is enabled. Log entries and exception messages may include sensitive application data; this mode should only be enabled during development.
2026-05-07 05:33:11.958 -08:00 [ERR] Hosting failed to start
System.IO.IOException: Failed to bind to address http://127.0.0.1:5244: address already in use.
 ---> Microsoft.AspNetCore.Connections.AddressInUseException: Only one usage of each socket address (protocol/network address/port) is normally permitted.
 ---> System.Net.Sockets.SocketException (10048): Only one usage of each socket address (protocol/network address/port) is normally permitted.
   at System.Net.Sockets.Socket.UpdateStatusAfterSocketErrorAndThrowException(SocketError error, Boolean disconnectOnFailure, String callerName)
   at System.Net.Sockets.Socket.DoBind(EndPoint endPointSnapshot, SocketAddress socketAddress)
   at System.Net.Sockets.Socket.Bind(EndPoint localEP)
   at Microsoft.AspNetCore.Server.Kestrel.Transport.Sockets.SocketTransportOptions.CreateDefaultBoundListenSocket(EndPoint endpoint)
   at Microsoft.AspNetCore.Server.Kestrel.Transport.Sockets.SocketConnectionListener.Bind()
   --- End of inner exception stack trace ---
   at Microsoft.AspNetCore.Server.Kestrel.Transport.Sockets.SocketConnectionListener.Bind()
   at Microsoft.AspNetCore.Server.Kestrel.Transport.Sockets.SocketTransportFactory.BindAsync(EndPoint endpoint, CancellationToken cancellationToken)
   at Microsoft.AspNetCore.Server.Kestrel.Core.Internal.Infrastructure.TransportManager.BindAsync(EndPoint endPoint, ConnectionDelegate connectionDelegate, EndpointConfig endpointConfig, CancellationToken cancellationToken)
   at Microsoft.AspNetCore.Server.Kestrel.Core.KestrelServerImpl.<>c__DisplayClass28_0`1.<<StartAsync>g__OnBind|0>d.MoveNext()
--- End of stack trace from previous location ---
   at Microsoft.AspNetCore.Server.Kestrel.Core.Internal.AddressBinder.BindEndpointAsync(ListenOptions endpoint, AddressBindContext context, CancellationToken cancellationToken)
   --- End of inner exception stack trace ---
   at Microsoft.AspNetCore.Server.Kestrel.Core.Internal.AddressBinder.BindEndpointAsync(ListenOptions endpoint, AddressBindContext context, CancellationToken cancellationToken)
   at Microsoft.AspNetCore.Server.Kestrel.Core.LocalhostListenOptions.BindAsync(AddressBindContext context, CancellationToken cancellationToken)
   at Microsoft.AspNetCore.Server.Kestrel.Core.Internal.AddressBinder.AddressesStrategy.BindAsync(AddressBindContext context, CancellationToken cancellationToken)
   at Microsoft.AspNetCore.Server.Kestrel.Core.KestrelServerImpl.BindAsync(CancellationToken cancellationToken)
   at Microsoft.AspNetCore.Server.Kestrel.Core.KestrelServerImpl.StartAsync[TContext](IHttpApplication`1 application, CancellationToken cancellationToken)
   at Microsoft.AspNetCore.Hosting.GenericWebHostService.StartAsync(CancellationToken cancellationToken)
   at Microsoft.Extensions.Hosting.Internal.Host.<StartAsync>b__14_1(IHostedService service, CancellationToken token)
   at Microsoft.Extensions.Hosting.Internal.Host.ForeachService[T](IEnumerable`1 services, CancellationToken token, Boolean concurrent, Boolean abortOnFirstException, List`1 exceptions, Func`3 operation)
2026-05-07 05:34:09.176 -08:00 [WRN] Sensitive data logging is enabled. Log entries and exception messages may include sensitive application data; this mode should only be enabled during development.
2026-05-07 05:34:09.897 -08:00 [INF] Now listening on: https://localhost:7259
2026-05-07 05:34:09.899 -08:00 [INF] Now listening on: http://localhost:5244
2026-05-07 05:34:09.948 -08:00 [INF] Application started. Press Ctrl+C to shut down.
2026-05-07 05:34:09.950 -08:00 [INF] Hosting environment: Development
2026-05-07 05:34:09.950 -08:00 [INF] Content root path: C:\PrivateProject\algo.bytes\src\algo.API
2026-05-07 05:34:15.286 -08:00 [INF] HTTP GET / completed with 404 in 13 ms (0HNLC7LAEGDEL:00000001)
2026-05-07 05:34:16.518 -08:00 [INF] HTTP GET / completed with 404 in 0 ms (0HNLC7LAEGDEL:00000003)
2026-05-07 05:34:19.910 -08:00 [INF] HTTP GET /swagger completed with 404 in 1 ms (0HNLC7LAEGDEL:00000005)
2026-05-07 05:34:27.584 -08:00 [INF] HTTP GET / completed with 404 in 0 ms (0HNLC7LAEGDEL:00000007)
2026-05-07 05:34:35.737 -08:00 [INF] HTTP GET /swagger/index.html completed with 404 in 0 ms (0HNLC7LAEGDEL:00000009)
2026-05-07 05:34:36.444 -08:00 [INF] HTTP GET /swagger/index.html completed with 404 in 0 ms (0HNLC7LAEGDEL:0000000B)
2026-05-07 05:39:15.166 -08:00 [WRN] Sensitive data logging is enabled. Log entries and exception messages may include sensitive application data; this mode should only be enabled during development.
2026-05-07 05:39:15.712 -08:00 [INF] Now listening on: http://localhost:5244
2026-05-07 05:39:15.714 -08:00 [INF] Application started. Press Ctrl+C to shut down.
2026-05-07 05:39:15.714 -08:00 [INF] Hosting environment: Development
2026-05-07 05:39:15.714 -08:00 [INF] Content root path: C:\PrivateProject\algo.bytes\src\algo.API
2026-05-07 05:41:21.034 -08:00 [WRN] Failed to determine the https port for redirect.
2026-05-07 05:41:21.286 -08:00 [INF] HTTP GET /openapi/v1.json completed with 200 in 246 ms (0HNLC7P9CG9TN:00000001)
2026-05-07 05:41:22.413 -08:00 [INF] HTTP GET /openapi/v1.json completed with 200 in 144 ms (0HNLC7P9CG9TN:00000002)
2026-05-07 05:41:22.930 -08:00 [INF] HTTP GET /openapi/v1.json completed with 200 in 75 ms (0HNLC7P9CG9TN:00000003)
2026-05-07 05:41:30.907 -08:00 [INF] HTTP GET /openapi/v1.json completed with 200 in 33 ms (0HNLC7P9CG9TN:00000004)
2026-05-07 05:43:12.884 -08:00 [WRN] Sensitive data logging is enabled. Log entries and exception messages may include sensitive application data; this mode should only be enabled during development.
2026-05-07 05:43:13.604 -08:00 [INF] Now listening on: https://localhost:7259
2026-05-07 05:43:13.606 -08:00 [INF] Now listening on: http://localhost:5244
2026-05-07 05:43:13.654 -08:00 [INF] Application started. Press Ctrl+C to shut down.
2026-05-07 05:43:13.655 -08:00 [INF] Hosting environment: Development
2026-05-07 05:43:13.655 -08:00 [INF] Content root path: C:\PrivateProject\algo.bytes\src\algo.API
2026-05-07 05:43:21.112 -08:00 [INF] HTTP GET / completed with 404 in 14 ms (0HNLC7QD47Q27:00000001)
2026-05-07 05:43:25.408 -08:00 [INF] HTTP GET /scalar completed with 302 in 15 ms (0HNLC7QD47Q27:00000003)
2026-05-07 05:43:25.543 -08:00 [INF] HTTP GET /scalar/ completed with 200 in 126 ms (0HNLC7QD47Q27:00000005)
2026-05-07 05:43:25.612 -08:00 [INF] HTTP GET /scalar/scalar.aspnetcore.js completed with 200 in 29 ms (0HNLC7QD47Q27:00000009)
2026-05-07 05:43:25.630 -08:00 [INF] HTTP GET /scalar/scalar.js completed with 200 in 50 ms (0HNLC7QD47Q27:00000007)
2026-05-07 05:43:25.962 -08:00 [INF] HTTP GET /scalar/scalar.aspnetcore.js completed with 200 in 0 ms (0HNLC7QD47Q29:00000003)
2026-05-07 05:43:25.972 -08:00 [INF] HTTP GET /scalar/scalar.js completed with 200 in 11 ms (0HNLC7QD47Q29:00000005)
2026-05-07 05:43:26.023 -08:00 [INF] HTTP GET /openapi/v1.json completed with 200 in 61 ms (0HNLC7QD47Q27:0000000F)
2026-05-07 05:43:26.604 -08:00 [INF] HTTP GET /scalar/favicon.svg completed with 200 in 0 ms (0HNLC7QD47Q27:00000011)
2026-05-07 05:52:37.468 -08:00 [INF] HTTP GET /api/Logs completed with 401 in 9 ms (0HNLC7QD47Q27:00000013)
2026-05-07 05:55:36.875 -08:00 [INF] HTTP GET /api/error-logs completed with 401 in 0 ms (0HNLC7QD47Q27:00000015)
2026-05-07 06:04:38.165 -08:00 [WRN] Sensitive data logging is enabled. Log entries and exception messages may include sensitive application data; this mode should only be enabled during development.
2026-05-07 06:04:39.380 -08:00 [INF] Now listening on: https://localhost:7259
2026-05-07 06:04:39.383 -08:00 [INF] Now listening on: http://localhost:5244
2026-05-07 06:04:39.428 -08:00 [INF] Application started. Press Ctrl+C to shut down.
2026-05-07 06:04:39.430 -08:00 [INF] Hosting environment: Development
2026-05-07 06:04:39.430 -08:00 [INF] Content root path: C:\PrivateProject\algo.bytes\src\algo.API
2026-05-07 06:05:13.137 -08:00 [INF] HTTP GET / completed with 404 in 11 ms (0HNLC86K4OUKK:00000001)
2026-05-07 06:05:15.734 -08:00 [INF] HTTP GET /scalar completed with 302 in 41 ms (0HNLC86K4OUKK:00000003)
2026-05-07 06:05:15.863 -08:00 [INF] HTTP GET /scalar/ completed with 200 in 121 ms (0HNLC86K4OUKK:00000005)
2026-05-07 06:05:15.930 -08:00 [INF] HTTP GET /scalar/scalar.aspnetcore.js completed with 200 in 43 ms (0HNLC86K4OUKK:0000000B)
2026-05-07 06:05:15.948 -08:00 [INF] HTTP GET /scalar/scalar.js completed with 200 in 69 ms (0HNLC86K4OUKK:00000007)
2026-05-07 06:05:16.220 -08:00 [INF] HTTP GET /scalar/scalar.aspnetcore.js completed with 200 in 0 ms (0HNLC86K4OUKL:00000005)
2026-05-07 06:05:16.228 -08:00 [INF] HTTP GET /scalar/scalar.js completed with 200 in 8 ms (0HNLC86K4OUKL:00000003)
2026-05-07 06:05:16.315 -08:00 [INF] HTTP GET /openapi/v1.json completed with 200 in 58 ms (0HNLC86K4OUKK:0000000F)
2026-05-07 06:05:39.733 -08:00 [INF] MediatR handling started LoginCommand
2026-05-07 06:05:40.073 -08:00 [INF] MediatR handling completed LoginCommand in 339 ms
2026-05-07 06:05:40.087 -08:00 [INF] HTTP POST /api/Auth/login completed with 200 in 444 ms (0HNLC86K4OUKK:00000011)
2026-05-07 06:06:09.035 -08:00 [INF] HTTP GET /api/AccessPolicies completed with 401 in 8 ms (0HNLC86K4OUKK:00000013)
2026-05-07 06:06:11.074 -08:00 [INF] HTTP GET /api/AccessPolicies completed with 401 in 0 ms (0HNLC86K4OUKK:00000015)
2026-05-07 06:06:45.014 -08:00 [WRN] Sensitive data logging is enabled. Log entries and exception messages may include sensitive application data; this mode should only be enabled during development.
2026-05-07 06:06:45.889 -08:00 [INF] Now listening on: https://localhost:7259
2026-05-07 06:06:45.892 -08:00 [INF] Now listening on: http://localhost:5244
2026-05-07 06:06:45.936 -08:00 [INF] Application started. Press Ctrl+C to shut down.
2026-05-07 06:06:45.937 -08:00 [INF] Hosting environment: Development
2026-05-07 06:06:45.937 -08:00 [INF] Content root path: C:\PrivateProject\algo.bytes\src\algo.API
2026-05-07 06:06:53.570 -08:00 [INF] MediatR handling started ListAccessPoliciesQuery
2026-05-07 06:06:53.645 -08:00 [INF] MediatR handling completed ListAccessPoliciesQuery in 74 ms
2026-05-07 06:06:53.671 -08:00 [INF] HTTP GET /api/AccessPolicies completed with 200 in 138 ms (0HNLC87I2VCU6:00000001)
2026-05-07 06:07:42.683 -08:00 [INF] MediatR handling started CreateUserCommand
2026-05-07 06:07:43.059 -08:00 [INF] MediatR handling completed CreateUserCommand in 376 ms
2026-05-07 06:07:43.085 -08:00 [INF] HTTP POST /api/Users completed with 201 in 448 ms (0HNLC87I2VCU6:00000003)
2026-05-07 06:08:12.806 -08:00 [INF] MediatR handling started LoginCommand
2026-05-07 06:08:12.959 -08:00 [INF] MediatR handling completed LoginCommand in 154 ms
2026-05-07 06:08:12.964 -08:00 [INF] HTTP POST /api/Auth/login completed with 200 in 170 ms (0HNLC87I2VCU6:00000005)
2026-05-07 06:08:35.073 -08:00 [INF] MediatR handling started ListAccessPoliciesQuery
2026-05-07 06:08:35.075 -08:00 [INF] MediatR handling completed ListAccessPoliciesQuery in 2 ms
2026-05-07 06:08:35.077 -08:00 [INF] HTTP GET /api/AccessPolicies completed with 200 in 4 ms (0HNLC87I2VCU6:00000007)
2026-05-07 06:08:36.335 -08:00 [INF] MediatR handling started ListAccessPoliciesQuery
2026-05-07 06:08:36.338 -08:00 [INF] MediatR handling completed ListAccessPoliciesQuery in 3 ms
2026-05-07 06:08:36.339 -08:00 [INF] HTTP GET /api/AccessPolicies completed with 200 in 5 ms (0HNLC87I2VCU6:00000009)
2026-05-07 06:21:05.459 -08:00 [WRN] Sensitive data logging is enabled. Log entries and exception messages may include sensitive application data; this mode should only be enabled during development.
2026-05-07 06:21:06.398 -08:00 [INF] Now listening on: https://localhost:7259
2026-05-07 06:21:06.402 -08:00 [INF] Now listening on: http://localhost:5244
2026-05-07 06:21:06.450 -08:00 [INF] Application started. Press Ctrl+C to shut down.
2026-05-07 06:21:06.451 -08:00 [INF] Hosting environment: Development
2026-05-07 06:21:06.452 -08:00 [INF] Content root path: C:\PrivateProject\algo.bytes\src\algo.API
2026-05-07 06:21:29.786 -08:00 [INF] MediatR handling started ListAccessPoliciesQuery
2026-05-07 06:21:29.890 -08:00 [INF] MediatR handling completed ListAccessPoliciesQuery in 104 ms
2026-05-07 06:21:29.909 -08:00 [INF] HTTP GET /api/AccessPolicies completed with 200 in 171 ms (0HNLC8FN70GOT:00000001)
2026-05-07 06:21:31.077 -08:00 [INF] MediatR handling started ListAccessPoliciesQuery
2026-05-07 06:21:31.094 -08:00 [INF] MediatR handling completed ListAccessPoliciesQuery in 16 ms
2026-05-07 06:21:31.096 -08:00 [INF] HTTP GET /api/AccessPolicies completed with 200 in 20 ms (0HNLC8FN70GOT:00000003)
2026-05-07 06:21:31.835 -08:00 [INF] MediatR handling started ListAccessPoliciesQuery
2026-05-07 06:21:31.842 -08:00 [INF] MediatR handling completed ListAccessPoliciesQuery in 7 ms
2026-05-07 06:21:31.844 -08:00 [INF] HTTP GET /api/AccessPolicies completed with 200 in 11 ms (0HNLC8FN70GOT:00000005)
2026-05-07 06:21:32.491 -08:00 [INF] MediatR handling started ListAccessPoliciesQuery
2026-05-07 06:21:32.496 -08:00 [INF] MediatR handling completed ListAccessPoliciesQuery in 4 ms
2026-05-07 06:21:32.497 -08:00 [INF] HTTP GET /api/AccessPolicies completed with 200 in 5 ms (0HNLC8FN70GOT:00000007)
2026-05-07 06:21:33.050 -08:00 [INF] MediatR handling started ListAccessPoliciesQuery
2026-05-07 06:21:33.054 -08:00 [INF] MediatR handling completed ListAccessPoliciesQuery in 3 ms
2026-05-07 06:21:33.055 -08:00 [INF] HTTP GET /api/AccessPolicies completed with 200 in 4 ms (0HNLC8FN70GOT:00000009)
2026-05-07 06:21:33.523 -08:00 [INF] MediatR handling started ListAccessPoliciesQuery
2026-05-07 06:21:33.527 -08:00 [INF] MediatR handling completed ListAccessPoliciesQuery in 3 ms
2026-05-07 06:21:33.528 -08:00 [INF] HTTP GET /api/AccessPolicies completed with 200 in 4 ms (0HNLC8FN70GOT:0000000B)
2026-05-07 06:24:25.098 -08:00 [INF] MediatR handling started CreateAccessPolicyCommand
2026-05-07 06:24:25.164 -08:00 [ERR] MediatR handling failed CreateAccessPolicyCommand after 65 ms
FluentValidation.ValidationException: Validation failed: 
 -- authorization: Forbidden: accessPolicies:create. Severity: Error
   at algo.Application.Common.AccessPolicy.AccessPolicyAuthorizationExtensions.EnsureResourceActionAllowedAsync(IAccessPolicyEvaluator evaluator, IApplicationDbContext db, String resource, String action, CancellationToken cancellationToken) in C:\PrivateProject\algo.bytes\src\algo.Application\Common\AccessPolicy\AccessPolicyAuthorizationExtensions.cs:line 57
   at algo.Application.Features.AccessPolicies.Commands.CreateAccessPolicy.CreateAccessPolicyCommandHandler.Handle(CreateAccessPolicyCommand request, CancellationToken cancellationToken) in C:\PrivateProject\algo.bytes\src\algo.Application\Features\AccessPolicies\Commands\CreateAccessPolicy\CreateAccessPolicyCommandHandler.cs:line 20
   at algo.Application.Behaviors.ValidationBehavior`2.Handle(TRequest request, RequestHandlerDelegate`1 next, CancellationToken cancellationToken) in C:\PrivateProject\algo.bytes\src\algo.Application\Behaviors\ValidationBehavior.cs:line 29
   at algo.Application.Behaviors.LoggingBehavior`2.Handle(TRequest request, RequestHandlerDelegate`1 next, CancellationToken cancellationToken) in C:\PrivateProject\algo.bytes\src\algo.Application\Behaviors\LoggingBehavior.cs:line 31
2026-05-07 06:24:25.278 -08:00 [INF] HTTP POST /api/AccessPolicies completed with 400 in 210 ms (0HNLC8FN70GOT:0000000D)
2026-05-07 06:24:39.094 -08:00 [INF] MediatR handling started CreateAccessPolicyCommand
2026-05-07 06:24:39.179 -08:00 [ERR] MediatR handling failed CreateAccessPolicyCommand after 84 ms
FluentValidation.ValidationException: Validation failed: 
 -- authorization: Forbidden: accessPolicies:create. Severity: Error
   at algo.Application.Common.AccessPolicy.AccessPolicyAuthorizationExtensions.EnsureResourceActionAllowedAsync(IAccessPolicyEvaluator evaluator, IApplicationDbContext db, String resource, String action, CancellationToken cancellationToken) in C:\PrivateProject\algo.bytes\src\algo.Application\Common\AccessPolicy\AccessPolicyAuthorizationExtensions.cs:line 57
   at algo.Application.Features.AccessPolicies.Commands.CreateAccessPolicy.CreateAccessPolicyCommandHandler.Handle(CreateAccessPolicyCommand request, CancellationToken cancellationToken) in C:\PrivateProject\algo.bytes\src\algo.Application\Features\AccessPolicies\Commands\CreateAccessPolicy\CreateAccessPolicyCommandHandler.cs:line 20
   at algo.Application.Behaviors.ValidationBehavior`2.Handle(TRequest request, RequestHandlerDelegate`1 next, CancellationToken cancellationToken) in C:\PrivateProject\algo.bytes\src\algo.Application\Behaviors\ValidationBehavior.cs:line 29
   at algo.Application.Behaviors.LoggingBehavior`2.Handle(TRequest request, RequestHandlerDelegate`1 next, CancellationToken cancellationToken) in C:\PrivateProject\algo.bytes\src\algo.Application\Behaviors\LoggingBehavior.cs:line 31
2026-05-07 06:24:39.285 -08:00 [INF] HTTP POST /api/AccessPolicies completed with 400 in 191 ms (0HNLC8FN70GOT:0000000F)
2026-05-07 06:25:24.472 -08:00 [INF] MediatR handling started LoginCommand
2026-05-07 06:25:24.998 -08:00 [ERR] MediatR handling failed LoginCommand after 525 ms
System.InvalidOperationException: The LINQ expression 'DbSet<AccessPolicy>()
    .Where(a => (int)a.SubjectType == 1 && @roleNames
        .Contains(a.SubjectKey) && a.IsEnabled && a.DeletedAt == null && (int)a.Effect == 0)
    .Select(a => string.Format(
        format: "{0}:{1}", 
        arg0: a.Resource, 
        arg1: a.Action))
    .Distinct()
    .OrderBy(e0 => e0)' could not be translated. Additional information: Translation of method 'string.Format' failed. If this method can be mapped to your custom function, see https://go.microsoft.com/fwlink/?linkid=2132413 for more information. Either rewrite the query in a form that can be translated, or switch to client evaluation explicitly by inserting a call to 'AsEnumerable', 'AsAsyncEnumerable', 'ToList', or 'ToListAsync'. See https://go.microsoft.com/fwlink/?linkid=2101038 for more information.
   at Microsoft.EntityFrameworkCore.Query.QueryableMethodTranslatingExpressionVisitor.Translate(Expression expression)
   at Microsoft.EntityFrameworkCore.Query.QueryCompilationContext.CreateQueryExecutorExpression[TResult](Expression query)
   at Microsoft.EntityFrameworkCore.Query.QueryCompilationContext.CreateQueryExecutor[TResult](Expression query)
   at Microsoft.EntityFrameworkCore.Storage.Database.CompileQuery[TResult](Expression query, Boolean async)
   at Microsoft.EntityFrameworkCore.Query.Internal.QueryCompiler.CompileQueryCore[TResult](IDatabase database, Expression query, IModel model, Boolean async)
   at Microsoft.EntityFrameworkCore.Query.Internal.QueryCompiler.<>c__DisplayClass11_0`1.<ExecuteCore>b__0()
   at Microsoft.EntityFrameworkCore.Query.Internal.CompiledQueryCache.GetOrAddQuery[TResult](Object cacheKey, Func`1 compiler)
   at Microsoft.EntityFrameworkCore.Query.Internal.QueryCompiler.ExecuteCore[TResult](Expression query, Boolean async, CancellationToken cancellationToken)
   at Microsoft.EntityFrameworkCore.Query.Internal.QueryCompiler.ExecuteAsync[TResult](Expression query, CancellationToken cancellationToken)
   at Microsoft.EntityFrameworkCore.Query.Internal.EntityQueryProvider.ExecuteAsync[TResult](Expression expression, CancellationToken cancellationToken)
   at Microsoft.EntityFrameworkCore.Query.Internal.EntityQueryable`1.GetAsyncEnumerator(CancellationToken cancellationToken)
   at System.Runtime.CompilerServices.ConfiguredCancelableAsyncEnumerable`1.GetAsyncEnumerator()
   at Microsoft.EntityFrameworkCore.EntityFrameworkQueryableExtensions.ToListAsync[TSource](IQueryable`1 source, CancellationToken cancellationToken)
   at algo.Application.Identity.AuthSessionIssuer.BuildUserDtoAsync(ApplicationUser user, IReadOnlyList`1 roleNames, IApplicationDbContext db, CancellationToken cancellationToken) in C:\PrivateProject\algo.bytes\src\algo.Application\Identity\AuthSessionIssuer.cs:line 47
   at algo.Application.Identity.AuthSessionIssuer.IssueAsync(ApplicationUser user, IReadOnlyList`1 roleNames, IJwtTokenService jwt, IApplicationDbContext db, CancellationToken cancellationToken) in C:\PrivateProject\algo.bytes\src\algo.Application\Identity\AuthSessionIssuer.cs:line 32
   at algo.Application.Features.Auth.Commands.Login.LoginCommandHandler.Handle(LoginCommand request, CancellationToken cancellationToken) in C:\PrivateProject\algo.bytes\src\algo.Application\Features\Auth\Commands\Login\LoginCommandHandler.cs:line 41
   at algo.Application.Behaviors.ValidationBehavior`2.Handle(TRequest request, RequestHandlerDelegate`1 next, CancellationToken cancellationToken) in C:\PrivateProject\algo.bytes\src\algo.Application\Behaviors\ValidationBehavior.cs:line 29
   at algo.Application.Behaviors.LoggingBehavior`2.Handle(TRequest request, RequestHandlerDelegate`1 next, CancellationToken cancellationToken) in C:\PrivateProject\algo.bytes\src\algo.Application\Behaviors\LoggingBehavior.cs:line 31
2026-05-07 06:25:25.295 -08:00 [INF] HTTP POST /api/Auth/login completed with 200 in 840 ms (0HNLC8FN70GOT:00000011)
2026-05-07 06:25:25.338 -08:00 [ERR] Unhandled exception System.InvalidOperationException at /api/Auth/login (0HNLC8FN70GOT:00000011)
System.InvalidOperationException: The LINQ expression 'DbSet<AccessPolicy>()
    .Where(a => (int)a.SubjectType == 1 && @roleNames
        .Contains(a.SubjectKey) && a.IsEnabled && a.DeletedAt == null && (int)a.Effect == 0)
    .Select(a => string.Format(
        format: "{0}:{1}", 
        arg0: a.Resource, 
        arg1: a.Action))
    .Distinct()
    .OrderBy(e0 => e0)' could not be translated. Additional information: Translation of method 'string.Format' failed. If this method can be mapped to your custom function, see https://go.microsoft.com/fwlink/?linkid=2132413 for more information. Either rewrite the query in a form that can be translated, or switch to client evaluation explicitly by inserting a call to 'AsEnumerable', 'AsAsyncEnumerable', 'ToList', or 'ToListAsync'. See https://go.microsoft.com/fwlink/?linkid=2101038 for more information.
   at Microsoft.EntityFrameworkCore.Query.QueryableMethodTranslatingExpressionVisitor.Translate(Expression expression)
   at Microsoft.EntityFrameworkCore.Query.QueryCompilationContext.CreateQueryExecutorExpression[TResult](Expression query)
   at Microsoft.EntityFrameworkCore.Query.QueryCompilationContext.CreateQueryExecutor[TResult](Expression query)
   at Microsoft.EntityFrameworkCore.Storage.Database.CompileQuery[TResult](Expression query, Boolean async)
   at Microsoft.EntityFrameworkCore.Query.Internal.QueryCompiler.CompileQueryCore[TResult](IDatabase database, Expression query, IModel model, Boolean async)
   at Microsoft.EntityFrameworkCore.Query.Internal.QueryCompiler.<>c__DisplayClass11_0`1.<ExecuteCore>b__0()
   at Microsoft.EntityFrameworkCore.Query.Internal.CompiledQueryCache.GetOrAddQuery[TResult](Object cacheKey, Func`1 compiler)
   at Microsoft.EntityFrameworkCore.Query.Internal.QueryCompiler.ExecuteCore[TResult](Expression query, Boolean async, CancellationToken cancellationToken)
   at Microsoft.EntityFrameworkCore.Query.Internal.QueryCompiler.ExecuteAsync[TResult](Expression query, CancellationToken cancellationToken)
   at Microsoft.EntityFrameworkCore.Query.Internal.EntityQueryProvider.ExecuteAsync[TResult](Expression expression, CancellationToken cancellationToken)
   at Microsoft.EntityFrameworkCore.Query.Internal.EntityQueryable`1.GetAsyncEnumerator(CancellationToken cancellationToken)
   at System.Runtime.CompilerServices.ConfiguredCancelableAsyncEnumerable`1.GetAsyncEnumerator()
   at Microsoft.EntityFrameworkCore.EntityFrameworkQueryableExtensions.ToListAsync[TSource](IQueryable`1 source, CancellationToken cancellationToken)
   at algo.Application.Identity.AuthSessionIssuer.BuildUserDtoAsync(ApplicationUser user, IReadOnlyList`1 roleNames, IApplicationDbContext db, CancellationToken cancellationToken) in C:\PrivateProject\algo.bytes\src\algo.Application\Identity\AuthSessionIssuer.cs:line 47
   at algo.Application.Identity.AuthSessionIssuer.IssueAsync(ApplicationUser user, IReadOnlyList`1 roleNames, IJwtTokenService jwt, IApplicationDbContext db, CancellationToken cancellationToken) in C:\PrivateProject\algo.bytes\src\algo.Application\Identity\AuthSessionIssuer.cs:line 32
   at algo.Application.Features.Auth.Commands.Login.LoginCommandHandler.Handle(LoginCommand request, CancellationToken cancellationToken) in C:\PrivateProject\algo.bytes\src\algo.Application\Features\Auth\Commands\Login\LoginCommandHandler.cs:line 41
   at algo.Application.Behaviors.ValidationBehavior`2.Handle(TRequest request, RequestHandlerDelegate`1 next, CancellationToken cancellationToken) in C:\PrivateProject\algo.bytes\src\algo.Application\Behaviors\ValidationBehavior.cs:line 29
   at algo.Application.Behaviors.LoggingBehavior`2.Handle(TRequest request, RequestHandlerDelegate`1 next, CancellationToken cancellationToken) in C:\PrivateProject\algo.bytes\src\algo.Application\Behaviors\LoggingBehavior.cs:line 31
   at lambda_method291(Closure, Object)
   at Microsoft.AspNetCore.Mvc.Infrastructure.ActionMethodExecutor.AwaitableObjectResultExecutor.Execute(ActionContext actionContext, IActionResultTypeMapper mapper, ObjectMethodExecutor executor, Object controller, Object[] arguments)
   at Microsoft.AspNetCore.Mvc.Infrastructure.ControllerActionInvoker.<InvokeActionMethodAsync>g__Awaited|12_0(ControllerActionInvoker invoker, ValueTask`1 actionResultValueTask)
   at Microsoft.AspNetCore.Mvc.Infrastructure.ControllerActionInvoker.<InvokeNextActionFilterAsync>g__Awaited|10_0(ControllerActionInvoker invoker, Task lastTask, State next, Scope scope, Object state, Boolean isCompleted)
   at Microsoft.AspNetCore.Mvc.Infrastructure.ControllerActionInvoker.Rethrow(ActionExecutedContextSealed context)
   at Microsoft.AspNetCore.Mvc.Infrastructure.ControllerActionInvoker.Next(State& next, Scope& scope, Object& state, Boolean& isCompleted)
   at Microsoft.AspNetCore.Mvc.Infrastructure.ControllerActionInvoker.<InvokeInnerFilterAsync>g__Awaited|13_0(ControllerActionInvoker invoker, Task lastTask, State next, Scope scope, Object state, Boolean isCompleted)
   at Microsoft.AspNetCore.Mvc.Infrastructure.ResourceInvoker.<InvokeNextExceptionFilterAsync>g__Awaited|26_0(ResourceInvoker invoker, Task lastTask, State next, Scope scope, Object state, Boolean isCompleted)
   at Microsoft.AspNetCore.Mvc.Infrastructure.ResourceInvoker.Rethrow(ExceptionContextSealed context)
   at Microsoft.AspNetCore.Mvc.Infrastructure.ResourceInvoker.Next(State& next, Scope& scope, Object& state, Boolean& isCompleted)
   at Microsoft.AspNetCore.Mvc.Infrastructure.ResourceInvoker.<InvokeFilterPipelineAsync>g__Awaited|20_0(ResourceInvoker invoker, Task lastTask, State next, Scope scope, Object state, Boolean isCompleted)
   at Microsoft.AspNetCore.Mvc.Infrastructure.ResourceInvoker.<InvokeAsync>g__Awaited|17_0(ResourceInvoker invoker, Task task, IDisposable scope)
   at Microsoft.AspNetCore.Mvc.Infrastructure.ResourceInvoker.<InvokeAsync>g__Awaited|17_0(ResourceInvoker invoker, Task task, IDisposable scope)
   at Microsoft.AspNetCore.Authorization.AuthorizationMiddleware.Invoke(HttpContext context)
   at Microsoft.AspNetCore.Authentication.AuthenticationMiddleware.Invoke(HttpContext context)
   at algo.API.Middleware.RequestLoggingMiddleware.InvokeAsync(HttpContext context) in C:\PrivateProject\algo.bytes\src\algo.API\Middleware\RequestLoggingMiddleware.cs:line 16
   at algo.API.Middleware.ExceptionHandlingMiddleware.InvokeAsync(HttpContext context, ApplicationDbContext dbContext) in C:\PrivateProject\algo.bytes\src\algo.API\Middleware\ExceptionHandlingMiddleware.cs:line 39
2026-05-07 06:25:31.942 -08:00 [INF] MediatR handling started LoginCommand
2026-05-07 06:25:32.121 -08:00 [ERR] MediatR handling failed LoginCommand after 178 ms
System.InvalidOperationException: The LINQ expression 'DbSet<AccessPolicy>()
    .Where(a => (int)a.SubjectType == 1 && @roleNames
        .Contains(a.SubjectKey) && a.IsEnabled && a.DeletedAt == null && (int)a.Effect == 0)
    .Select(a => string.Format(
        format: "{0}:{1}", 
        arg0: a.Resource, 
        arg1: a.Action))
    .Distinct()
    .OrderBy(e0 => e0)' could not be translated. Additional information: Translation of method 'string.Format' failed. If this method can be mapped to your custom function, see https://go.microsoft.com/fwlink/?linkid=2132413 for more information. Either rewrite the query in a form that can be translated, or switch to client evaluation explicitly by inserting a call to 'AsEnumerable', 'AsAsyncEnumerable', 'ToList', or 'ToListAsync'. See https://go.microsoft.com/fwlink/?linkid=2101038 for more information.
   at Microsoft.EntityFrameworkCore.Query.QueryableMethodTranslatingExpressionVisitor.Translate(Expression expression)
   at Microsoft.EntityFrameworkCore.Query.QueryCompilationContext.CreateQueryExecutorExpression[TResult](Expression query)
   at Microsoft.EntityFrameworkCore.Query.QueryCompilationContext.CreateQueryExecutor[TResult](Expression query)
   at Microsoft.EntityFrameworkCore.Storage.Database.CompileQuery[TResult](Expression query, Boolean async)
   at Microsoft.EntityFrameworkCore.Query.Internal.QueryCompiler.CompileQueryCore[TResult](IDatabase database, Expression query, IModel model, Boolean async)
   at Microsoft.EntityFrameworkCore.Query.Internal.QueryCompiler.<>c__DisplayClass11_0`1.<ExecuteCore>b__0()
   at Microsoft.EntityFrameworkCore.Query.Internal.CompiledQueryCache.GetOrAddQuery[TResult](Object cacheKey, Func`1 compiler)
   at Microsoft.EntityFrameworkCore.Query.Internal.QueryCompiler.ExecuteCore[TResult](Expression query, Boolean async, CancellationToken cancellationToken)
   at Microsoft.EntityFrameworkCore.Query.Internal.QueryCompiler.ExecuteAsync[TResult](Expression query, CancellationToken cancellationToken)
   at Microsoft.EntityFrameworkCore.Query.Internal.EntityQueryProvider.ExecuteAsync[TResult](Expression expression, CancellationToken cancellationToken)
   at Microsoft.EntityFrameworkCore.Query.Internal.EntityQueryable`1.GetAsyncEnumerator(CancellationToken cancellationToken)
   at System.Runtime.CompilerServices.ConfiguredCancelableAsyncEnumerable`1.GetAsyncEnumerator()
   at Microsoft.EntityFrameworkCore.EntityFrameworkQueryableExtensions.ToListAsync[TSource](IQueryable`1 source, CancellationToken cancellationToken)
   at algo.Application.Identity.AuthSessionIssuer.BuildUserDtoAsync(ApplicationUser user, IReadOnlyList`1 roleNames, IApplicationDbContext db, CancellationToken cancellationToken) in C:\PrivateProject\algo.bytes\src\algo.Application\Identity\AuthSessionIssuer.cs:line 47
   at algo.Application.Identity.AuthSessionIssuer.IssueAsync(ApplicationUser user, IReadOnlyList`1 roleNames, IJwtTokenService jwt, IApplicationDbContext db, CancellationToken cancellationToken) in C:\PrivateProject\algo.bytes\src\algo.Application\Identity\AuthSessionIssuer.cs:line 32
   at algo.Application.Features.Auth.Commands.Login.LoginCommandHandler.Handle(LoginCommand request, CancellationToken cancellationToken) in C:\PrivateProject\algo.bytes\src\algo.Application\Features\Auth\Commands\Login\LoginCommandHandler.cs:line 41
   at algo.Application.Behaviors.ValidationBehavior`2.Handle(TRequest request, RequestHandlerDelegate`1 next, CancellationToken cancellationToken) in C:\PrivateProject\algo.bytes\src\algo.Application\Behaviors\ValidationBehavior.cs:line 29
   at algo.Application.Behaviors.LoggingBehavior`2.Handle(TRequest request, RequestHandlerDelegate`1 next, CancellationToken cancellationToken) in C:\PrivateProject\algo.bytes\src\algo.Application\Behaviors\LoggingBehavior.cs:line 31
2026-05-07 06:25:32.401 -08:00 [INF] HTTP POST /api/Auth/login completed with 200 in 459 ms (0HNLC8FN70GOT:00000013)
2026-05-07 06:25:32.442 -08:00 [ERR] Unhandled exception System.InvalidOperationException at /api/Auth/login (0HNLC8FN70GOT:00000013)
System.InvalidOperationException: The LINQ expression 'DbSet<AccessPolicy>()
    .Where(a => (int)a.SubjectType == 1 && @roleNames
        .Contains(a.SubjectKey) && a.IsEnabled && a.DeletedAt == null && (int)a.Effect == 0)
    .Select(a => string.Format(
        format: "{0}:{1}", 
        arg0: a.Resource, 
        arg1: a.Action))
    .Distinct()
    .OrderBy(e0 => e0)' could not be translated. Additional information: Translation of method 'string.Format' failed. If this method can be mapped to your custom function, see https://go.microsoft.com/fwlink/?linkid=2132413 for more information. Either rewrite the query in a form that can be translated, or switch to client evaluation explicitly by inserting a call to 'AsEnumerable', 'AsAsyncEnumerable', 'ToList', or 'ToListAsync'. See https://go.microsoft.com/fwlink/?linkid=2101038 for more information.
   at Microsoft.EntityFrameworkCore.Query.QueryableMethodTranslatingExpressionVisitor.Translate(Expression expression)
   at Microsoft.EntityFrameworkCore.Query.QueryCompilationContext.CreateQueryExecutorExpression[TResult](Expression query)
   at Microsoft.EntityFrameworkCore.Query.QueryCompilationContext.CreateQueryExecutor[TResult](Expression query)
   at Microsoft.EntityFrameworkCore.Storage.Database.CompileQuery[TResult](Expression query, Boolean async)
   at Microsoft.EntityFrameworkCore.Query.Internal.QueryCompiler.CompileQueryCore[TResult](IDatabase database, Expression query, IModel model, Boolean async)
   at Microsoft.EntityFrameworkCore.Query.Internal.QueryCompiler.<>c__DisplayClass11_0`1.<ExecuteCore>b__0()
   at Microsoft.EntityFrameworkCore.Query.Internal.CompiledQueryCache.GetOrAddQuery[TResult](Object cacheKey, Func`1 compiler)
   at Microsoft.EntityFrameworkCore.Query.Internal.QueryCompiler.ExecuteCore[TResult](Expression query, Boolean async, CancellationToken cancellationToken)
   at Microsoft.EntityFrameworkCore.Query.Internal.QueryCompiler.ExecuteAsync[TResult](Expression query, CancellationToken cancellationToken)
   at Microsoft.EntityFrameworkCore.Query.Internal.EntityQueryProvider.ExecuteAsync[TResult](Expression expression, CancellationToken cancellationToken)
   at Microsoft.EntityFrameworkCore.Query.Internal.EntityQueryable`1.GetAsyncEnumerator(CancellationToken cancellationToken)
   at System.Runtime.CompilerServices.ConfiguredCancelableAsyncEnumerable`1.GetAsyncEnumerator()
   at Microsoft.EntityFrameworkCore.EntityFrameworkQueryableExtensions.ToListAsync[TSource](IQueryable`1 source, CancellationToken cancellationToken)
   at algo.Application.Identity.AuthSessionIssuer.BuildUserDtoAsync(ApplicationUser user, IReadOnlyList`1 roleNames, IApplicationDbContext db, CancellationToken cancellationToken) in C:\PrivateProject\algo.bytes\src\algo.Application\Identity\AuthSessionIssuer.cs:line 47
   at algo.Application.Identity.AuthSessionIssuer.IssueAsync(ApplicationUser user, IReadOnlyList`1 roleNames, IJwtTokenService jwt, IApplicationDbContext db, CancellationToken cancellationToken) in C:\PrivateProject\algo.bytes\src\algo.Application\Identity\AuthSessionIssuer.cs:line 32
   at algo.Application.Features.Auth.Commands.Login.LoginCommandHandler.Handle(LoginCommand request, CancellationToken cancellationToken) in C:\PrivateProject\algo.bytes\src\algo.Application\Features\Auth\Commands\Login\LoginCommandHandler.cs:line 41
   at algo.Application.Behaviors.ValidationBehavior`2.Handle(TRequest request, RequestHandlerDelegate`1 next, CancellationToken cancellationToken) in C:\PrivateProject\algo.bytes\src\algo.Application\Behaviors\ValidationBehavior.cs:line 29
   at algo.Application.Behaviors.LoggingBehavior`2.Handle(TRequest request, RequestHandlerDelegate`1 next, CancellationToken cancellationToken) in C:\PrivateProject\algo.bytes\src\algo.Application\Behaviors\LoggingBehavior.cs:line 31
   at lambda_method291(Closure, Object)
   at Microsoft.AspNetCore.Mvc.Infrastructure.ActionMethodExecutor.AwaitableObjectResultExecutor.Execute(ActionContext actionContext, IActionResultTypeMapper mapper, ObjectMethodExecutor executor, Object controller, Object[] arguments)
   at Microsoft.AspNetCore.Mvc.Infrastructure.ControllerActionInvoker.<InvokeActionMethodAsync>g__Awaited|12_0(ControllerActionInvoker invoker, ValueTask`1 actionResultValueTask)
   at Microsoft.AspNetCore.Mvc.Infrastructure.ControllerActionInvoker.<InvokeNextActionFilterAsync>g__Awaited|10_0(ControllerActionInvoker invoker, Task lastTask, State next, Scope scope, Object state, Boolean isCompleted)
   at Microsoft.AspNetCore.Mvc.Infrastructure.ControllerActionInvoker.Rethrow(ActionExecutedContextSealed context)
   at Microsoft.AspNetCore.Mvc.Infrastructure.ControllerActionInvoker.Next(State& next, Scope& scope, Object& state, Boolean& isCompleted)
   at Microsoft.AspNetCore.Mvc.Infrastructure.ControllerActionInvoker.<InvokeInnerFilterAsync>g__Awaited|13_0(ControllerActionInvoker invoker, Task lastTask, State next, Scope scope, Object state, Boolean isCompleted)
   at Microsoft.AspNetCore.Mvc.Infrastructure.ResourceInvoker.<InvokeNextExceptionFilterAsync>g__Awaited|26_0(ResourceInvoker invoker, Task lastTask, State next, Scope scope, Object state, Boolean isCompleted)
   at Microsoft.AspNetCore.Mvc.Infrastructure.ResourceInvoker.Rethrow(ExceptionContextSealed context)
   at Microsoft.AspNetCore.Mvc.Infrastructure.ResourceInvoker.Next(State& next, Scope& scope, Object& state, Boolean& isCompleted)
   at Microsoft.AspNetCore.Mvc.Infrastructure.ResourceInvoker.<InvokeFilterPipelineAsync>g__Awaited|20_0(ResourceInvoker invoker, Task lastTask, State next, Scope scope, Object state, Boolean isCompleted)
   at Microsoft.AspNetCore.Mvc.Infrastructure.ResourceInvoker.<InvokeAsync>g__Awaited|17_0(ResourceInvoker invoker, Task task, IDisposable scope)
   at Microsoft.AspNetCore.Mvc.Infrastructure.ResourceInvoker.<InvokeAsync>g__Awaited|17_0(ResourceInvoker invoker, Task task, IDisposable scope)
   at Microsoft.AspNetCore.Authorization.AuthorizationMiddleware.Invoke(HttpContext context)
   at Microsoft.AspNetCore.Authentication.AuthenticationMiddleware.Invoke(HttpContext context)
   at algo.API.Middleware.RequestLoggingMiddleware.InvokeAsync(HttpContext context) in C:\PrivateProject\algo.bytes\src\algo.API\Middleware\RequestLoggingMiddleware.cs:line 16
   at algo.API.Middleware.ExceptionHandlingMiddleware.InvokeAsync(HttpContext context, ApplicationDbContext dbContext) in C:\PrivateProject\algo.bytes\src\algo.API\Middleware\ExceptionHandlingMiddleware.cs:line 39
2026-05-07 06:27:43.956 -08:00 [WRN] Sensitive data logging is enabled. Log entries and exception messages may include sensitive application data; this mode should only be enabled during development.
2026-05-07 06:27:44.852 -08:00 [INF] Now listening on: https://localhost:7259
2026-05-07 06:27:44.854 -08:00 [INF] Now listening on: http://localhost:5244
2026-05-07 06:27:44.899 -08:00 [INF] Application started. Press Ctrl+C to shut down.
2026-05-07 06:27:44.900 -08:00 [INF] Hosting environment: Development
2026-05-07 06:27:44.900 -08:00 [INF] Content root path: C:\PrivateProject\algo.bytes\src\algo.API
2026-05-07 06:27:48.126 -08:00 [INF] MediatR handling started LoginCommand
2026-05-07 06:27:48.614 -08:00 [INF] MediatR handling completed LoginCommand in 487 ms
2026-05-07 06:27:48.631 -08:00 [INF] HTTP POST /api/Auth/login completed with 200 in 568 ms (0HNLC8J7URGMB:00000001)
2026-05-07 06:28:18.537 -08:00 [INF] MediatR handling started CreateAccessPolicyCommand
2026-05-07 06:28:18.646 -08:00 [ERR] MediatR handling failed CreateAccessPolicyCommand after 108 ms
FluentValidation.ValidationException: Validation failed: 
 -- authorization: Forbidden: accessPolicies:create. Severity: Error
   at algo.Application.Common.AccessPolicy.AccessPolicyAuthorizationExtensions.EnsureResourceActionAllowedAsync(IAccessPolicyEvaluator evaluator, IApplicationDbContext db, String resource, String action, CancellationToken cancellationToken) in C:\PrivateProject\algo.bytes\src\algo.Application\Common\AccessPolicy\AccessPolicyAuthorizationExtensions.cs:line 57
   at algo.Application.Features.AccessPolicies.Commands.CreateAccessPolicy.CreateAccessPolicyCommandHandler.Handle(CreateAccessPolicyCommand request, CancellationToken cancellationToken) in C:\PrivateProject\algo.bytes\src\algo.Application\Features\AccessPolicies\Commands\CreateAccessPolicy\CreateAccessPolicyCommandHandler.cs:line 20
   at algo.Application.Behaviors.ValidationBehavior`2.Handle(TRequest request, RequestHandlerDelegate`1 next, CancellationToken cancellationToken) in C:\PrivateProject\algo.bytes\src\algo.Application\Behaviors\ValidationBehavior.cs:line 29
   at algo.Application.Behaviors.LoggingBehavior`2.Handle(TRequest request, RequestHandlerDelegate`1 next, CancellationToken cancellationToken) in C:\PrivateProject\algo.bytes\src\algo.Application\Behaviors\LoggingBehavior.cs:line 31
2026-05-07 06:28:18.760 -08:00 [INF] HTTP POST /api/AccessPolicies completed with 400 in 243 ms (0HNLC8J7URGMB:00000003)
2026-05-07 06:32:07.007 -08:00 [WRN] Sensitive data logging is enabled. Log entries and exception messages may include sensitive application data; this mode should only be enabled during development.
2026-05-07 06:32:07.907 -08:00 [INF] Now listening on: https://localhost:7259
2026-05-07 06:32:07.909 -08:00 [INF] Now listening on: http://localhost:5244
2026-05-07 06:32:07.956 -08:00 [INF] Application started. Press Ctrl+C to shut down.
2026-05-07 06:32:07.957 -08:00 [INF] Hosting environment: Development
2026-05-07 06:32:07.958 -08:00 [INF] Content root path: C:\PrivateProject\algo.bytes\src\algo.API
2026-05-07 06:32:15.415 -08:00 [INF] MediatR handling started CreateAccessPolicyCommand
2026-05-07 06:32:15.565 -08:00 [ERR] MediatR handling failed CreateAccessPolicyCommand after 149 ms
FluentValidation.ValidationException: Validation failed: 
 -- authorization: Forbidden: accessPolicies:create. Severity: Error
   at algo.Application.Common.AccessPolicy.AccessPolicyAuthorizationExtensions.EnsureResourceActionAllowedAsync(IAccessPolicyEvaluator evaluator, IApplicationDbContext db, String resource, String action, CancellationToken cancellationToken) in C:\PrivateProject\algo.bytes\src\algo.Application\Common\AccessPolicy\AccessPolicyAuthorizationExtensions.cs:line 57
   at algo.Application.Features.AccessPolicies.Commands.CreateAccessPolicy.CreateAccessPolicyCommandHandler.Handle(CreateAccessPolicyCommand request, CancellationToken cancellationToken) in C:\PrivateProject\algo.bytes\src\algo.Application\Features\AccessPolicies\Commands\CreateAccessPolicy\CreateAccessPolicyCommandHandler.cs:line 20
   at algo.Application.Behaviors.ValidationBehavior`2.Handle(TRequest request, RequestHandlerDelegate`1 next, CancellationToken cancellationToken) in C:\PrivateProject\algo.bytes\src\algo.Application\Behaviors\ValidationBehavior.cs:line 29
   at algo.Application.Behaviors.LoggingBehavior`2.Handle(TRequest request, RequestHandlerDelegate`1 next, CancellationToken cancellationToken) in C:\PrivateProject\algo.bytes\src\algo.Application\Behaviors\LoggingBehavior.cs:line 31
2026-05-07 06:32:15.690 -08:00 [INF] HTTP POST /api/AccessPolicies completed with 400 in 338 ms (0HNLC8LNK7GN3:00000001)
2026-05-07 06:32:20.947 -08:00 [INF] MediatR handling started CreateAccessPolicyCommand
2026-05-07 06:32:21.043 -08:00 [ERR] MediatR handling failed CreateAccessPolicyCommand after 95 ms
FluentValidation.ValidationException: Validation failed: 
 -- authorization: Forbidden: accessPolicies:create. Severity: Error
   at algo.Application.Common.AccessPolicy.AccessPolicyAuthorizationExtensions.EnsureResourceActionAllowedAsync(IAccessPolicyEvaluator evaluator, IApplicationDbContext db, String resource, String action, CancellationToken cancellationToken) in C:\PrivateProject\algo.bytes\src\algo.Application\Common\AccessPolicy\AccessPolicyAuthorizationExtensions.cs:line 57
   at algo.Application.Features.AccessPolicies.Commands.CreateAccessPolicy.CreateAccessPolicyCommandHandler.Handle(CreateAccessPolicyCommand request, CancellationToken cancellationToken) in C:\PrivateProject\algo.bytes\src\algo.Application\Features\AccessPolicies\Commands\CreateAccessPolicy\CreateAccessPolicyCommandHandler.cs:line 20
   at algo.Application.Behaviors.ValidationBehavior`2.Handle(TRequest request, RequestHandlerDelegate`1 next, CancellationToken cancellationToken) in C:\PrivateProject\algo.bytes\src\algo.Application\Behaviors\ValidationBehavior.cs:line 29
   at algo.Application.Behaviors.LoggingBehavior`2.Handle(TRequest request, RequestHandlerDelegate`1 next, CancellationToken cancellationToken) in C:\PrivateProject\algo.bytes\src\algo.Application\Behaviors\LoggingBehavior.cs:line 31
2026-05-07 06:32:21.181 -08:00 [INF] HTTP POST /api/AccessPolicies completed with 400 in 235 ms (0HNLC8LNK7GN3:00000003)
2026-05-07 06:32:50.081 -08:00 [INF] MediatR handling started LoginCommand
2026-05-07 06:32:50.506 -08:00 [INF] MediatR handling completed LoginCommand in 425 ms
2026-05-07 06:32:50.512 -08:00 [INF] HTTP POST /api/Auth/login completed with 200 in 481 ms (0HNLC8LNK7GN3:00000005)
2026-05-07 06:33:03.369 -08:00 [INF] MediatR handling started CreateAccessPolicyCommand
2026-05-07 06:33:03.449 -08:00 [ERR] MediatR handling failed CreateAccessPolicyCommand after 79 ms
FluentValidation.ValidationException: Validation failed: 
 -- authorization: Forbidden: accessPolicies:create. Severity: Error
   at algo.Application.Common.AccessPolicy.AccessPolicyAuthorizationExtensions.EnsureResourceActionAllowedAsync(IAccessPolicyEvaluator evaluator, IApplicationDbContext db, String resource, String action, CancellationToken cancellationToken) in C:\PrivateProject\algo.bytes\src\algo.Application\Common\AccessPolicy\AccessPolicyAuthorizationExtensions.cs:line 57
   at algo.Application.Features.AccessPolicies.Commands.CreateAccessPolicy.CreateAccessPolicyCommandHandler.Handle(CreateAccessPolicyCommand request, CancellationToken cancellationToken) in C:\PrivateProject\algo.bytes\src\algo.Application\Features\AccessPolicies\Commands\CreateAccessPolicy\CreateAccessPolicyCommandHandler.cs:line 20
   at algo.Application.Behaviors.ValidationBehavior`2.Handle(TRequest request, RequestHandlerDelegate`1 next, CancellationToken cancellationToken) in C:\PrivateProject\algo.bytes\src\algo.Application\Behaviors\ValidationBehavior.cs:line 29
   at algo.Application.Behaviors.LoggingBehavior`2.Handle(TRequest request, RequestHandlerDelegate`1 next, CancellationToken cancellationToken) in C:\PrivateProject\algo.bytes\src\algo.Application\Behaviors\LoggingBehavior.cs:line 31
2026-05-07 06:33:03.552 -08:00 [INF] HTTP POST /api/AccessPolicies completed with 400 in 183 ms (0HNLC8LNK7GN3:00000007)
2026-05-07 06:35:48.203 -08:00 [WRN] Sensitive data logging is enabled. Log entries and exception messages may include sensitive application data; this mode should only be enabled during development.
2026-05-07 06:35:49.191 -08:00 [INF] Now listening on: https://localhost:7259
2026-05-07 06:35:49.194 -08:00 [INF] Now listening on: http://localhost:5244
2026-05-07 06:35:49.248 -08:00 [INF] Application started. Press Ctrl+C to shut down.
2026-05-07 06:35:49.249 -08:00 [INF] Hosting environment: Development
2026-05-07 06:35:49.250 -08:00 [INF] Content root path: C:\PrivateProject\algo.bytes\src\algo.API
2026-05-07 06:36:06.043 -08:00 [INF] MediatR handling started CreateAccessPolicyCommand
2026-05-07 06:36:06.221 -08:00 [ERR] MediatR handling failed CreateAccessPolicyCommand after 177 ms
FluentValidation.ValidationException: Validation failed: 
 -- authorization: Forbidden: accessPolicies:create. Severity: Error
   at algo.Application.Common.AccessPolicy.AccessPolicyAuthorizationExtensions.EnsureResourceActionAllowedAsync(IAccessPolicyEvaluator evaluator, IApplicationDbContext db, String resource, String action, CancellationToken cancellationToken) in C:\PrivateProject\algo.bytes\src\algo.Application\Common\AccessPolicy\AccessPolicyAuthorizationExtensions.cs:line 19
   at algo.Application.Features.AccessPolicies.Commands.CreateAccessPolicy.CreateAccessPolicyCommandHandler.Handle(CreateAccessPolicyCommand request, CancellationToken cancellationToken) in C:\PrivateProject\algo.bytes\src\algo.Application\Features\AccessPolicies\Commands\CreateAccessPolicy\CreateAccessPolicyCommandHandler.cs:line 20
   at algo.Application.Behaviors.ValidationBehavior`2.Handle(TRequest request, RequestHandlerDelegate`1 next, CancellationToken cancellationToken) in C:\PrivateProject\algo.bytes\src\algo.Application\Behaviors\ValidationBehavior.cs:line 29
   at algo.Application.Behaviors.LoggingBehavior`2.Handle(TRequest request, RequestHandlerDelegate`1 next, CancellationToken cancellationToken) in C:\PrivateProject\algo.bytes\src\algo.Application\Behaviors\LoggingBehavior.cs:line 31
2026-05-07 06:36:06.384 -08:00 [INF] HTTP POST /api/AccessPolicies completed with 400 in 405 ms (0HNLC8NSBJA15:00000001)
2026-05-07 06:47:55.605 -08:00 [WRN] Sensitive data logging is enabled. Log entries and exception messages may include sensitive application data; this mode should only be enabled during development.
2026-05-07 06:47:56.327 -08:00 [INF] Admin wildcard access policy already exists
2026-05-07 06:47:56.513 -08:00 [INF] Now listening on: https://localhost:7259
2026-05-07 06:47:56.516 -08:00 [INF] Now listening on: http://localhost:5244
2026-05-07 06:47:56.564 -08:00 [INF] Application started. Press Ctrl+C to shut down.
2026-05-07 06:47:56.565 -08:00 [INF] Hosting environment: Development
2026-05-07 06:47:56.566 -08:00 [INF] Content root path: C:\PrivateProject\algo.bytes\src\algo.API
2026-05-07 06:47:57.329 -08:00 [INF] MediatR handling started LoginCommand
2026-05-07 06:47:57.826 -08:00 [INF] MediatR handling completed LoginCommand in 497 ms
2026-05-07 06:47:57.846 -08:00 [INF] HTTP POST /api/Auth/login completed with 200 in 584 ms (0HNLC8UGAQ1NG:00000001)
2026-05-07 06:47:58.579 -08:00 [INF] MediatR handling started LoginCommand
2026-05-07 06:47:58.648 -08:00 [INF] MediatR handling completed LoginCommand in 68 ms
2026-05-07 06:47:58.649 -08:00 [INF] HTTP POST /api/Auth/login completed with 200 in 72 ms (0HNLC8UGAQ1NG:00000003)
2026-05-07 06:47:59.275 -08:00 [INF] MediatR handling started LoginCommand
2026-05-07 06:47:59.339 -08:00 [INF] MediatR handling completed LoginCommand in 63 ms
2026-05-07 06:47:59.341 -08:00 [INF] HTTP POST /api/Auth/login completed with 200 in 70 ms (0HNLC8UGAQ1NG:00000005)
2026-05-07 06:47:59.849 -08:00 [INF] MediatR handling started LoginCommand
2026-05-07 06:47:59.904 -08:00 [INF] MediatR handling completed LoginCommand in 54 ms
2026-05-07 06:47:59.906 -08:00 [INF] HTTP POST /api/Auth/login completed with 200 in 56 ms (0HNLC8UGAQ1NG:00000007)
2026-05-07 06:48:00.343 -08:00 [INF] MediatR handling started LoginCommand
2026-05-07 06:48:00.399 -08:00 [INF] MediatR handling completed LoginCommand in 55 ms
2026-05-07 06:48:00.400 -08:00 [INF] HTTP POST /api/Auth/login completed with 200 in 58 ms (0HNLC8UGAQ1NG:00000009)
2026-05-07 06:48:13.618 -08:00 [INF] MediatR handling started CreateAccessPolicyCommand
2026-05-07 06:48:13.624 -08:00 [INF] Access policy check started for accessPolicies:create
2026-05-07 06:48:13.643 -08:00 [INF] Access policy evaluation for accessPolicies:create. UserId=<anonymous>, Roles=[], ActiveRules=1, SubjectMatched=0, ResourceActionMatched=0, Allows=0, Denies=0, Decision=Denied
2026-05-07 06:48:13.743 -08:00 [ERR] MediatR handling failed CreateAccessPolicyCommand after 124 ms
FluentValidation.ValidationException: Validation failed: 
 -- authorization: Forbidden: accessPolicies:create. Severity: Error
   at algo.Application.Common.AccessPolicy.AccessPolicyAuthorizationExtensions.EnsureResourceActionAllowedAsync(IAccessPolicyEvaluator evaluator, IApplicationDbContext db, String resource, String action, CancellationToken cancellationToken) in C:\PrivateProject\algo.bytes\src\algo.Application\Common\AccessPolicy\AccessPolicyAuthorizationExtensions.cs:line 19
   at algo.Application.Features.AccessPolicies.Commands.CreateAccessPolicy.CreateAccessPolicyCommandHandler.Handle(CreateAccessPolicyCommand request, CancellationToken cancellationToken) in C:\PrivateProject\algo.bytes\src\algo.Application\Features\AccessPolicies\Commands\CreateAccessPolicy\CreateAccessPolicyCommandHandler.cs:line 20
   at algo.Application.Behaviors.ValidationBehavior`2.Handle(TRequest request, RequestHandlerDelegate`1 next, CancellationToken cancellationToken) in C:\PrivateProject\algo.bytes\src\algo.Application\Behaviors\ValidationBehavior.cs:line 29
   at algo.Application.Behaviors.LoggingBehavior`2.Handle(TRequest request, RequestHandlerDelegate`1 next, CancellationToken cancellationToken) in C:\PrivateProject\algo.bytes\src\algo.Application\Behaviors\LoggingBehavior.cs:line 31
2026-05-07 06:48:13.892 -08:00 [INF] HTTP POST /api/AccessPolicies completed with 400 in 291 ms (0HNLC8UGAQ1NG:0000000B)
2026-05-07 06:49:51.199 -08:00 [INF] HTTP POST //api/Auth/login completed with 404 in 0 ms (0HNLC8UGAQ1NI:00000001)
2026-05-07 06:49:57.074 -08:00 [INF] MediatR handling started LoginCommand
2026-05-07 06:49:57.130 -08:00 [INF] MediatR handling completed LoginCommand in 55 ms
2026-05-07 06:49:57.133 -08:00 [INF] HTTP POST /api/Auth/login completed with 200 in 60 ms (0HNLC8UGAQ1NI:00000002)
2026-05-07 06:50:20.562 -08:00 [INF] MediatR handling started ListAccessPoliciesQuery
2026-05-07 06:50:20.580 -08:00 [INF] Access policy query filter started for accessPolicies:read
2026-05-07 06:50:20.584 -08:00 [INF] Access policy query filter for accessPolicies:read. UserId=<anonymous>, Roles=[], ActiveRules=1, SubjectMatched=0, ResourceActionMatched=0, Allows=0, Denies=0
2026-05-07 06:50:20.597 -08:00 [INF] MediatR handling completed ListAccessPoliciesQuery in 35 ms
2026-05-07 06:50:20.604 -08:00 [INF] HTTP GET /api/AccessPolicies completed with 200 in 50 ms (0HNLC8UGAQ1NI:00000003)
2026-05-07 06:50:25.779 -08:00 [INF] MediatR handling started ListAccessPoliciesQuery
2026-05-07 06:50:25.781 -08:00 [INF] Access policy query filter started for accessPolicies:read
2026-05-07 06:50:25.783 -08:00 [INF] Access policy query filter for accessPolicies:read. UserId=<anonymous>, Roles=[], ActiveRules=1, SubjectMatched=0, ResourceActionMatched=0, Allows=0, Denies=0
2026-05-07 06:50:25.786 -08:00 [INF] MediatR handling completed ListAccessPoliciesQuery in 6 ms
2026-05-07 06:50:25.787 -08:00 [INF] HTTP GET /api/AccessPolicies completed with 200 in 7 ms (0HNLC8UGAQ1NI:00000004)
2026-05-07 06:50:31.172 -08:00 [INF] MediatR handling started ListAccessPoliciesQuery
2026-05-07 06:50:31.177 -08:00 [INF] Access policy query filter started for accessPolicies:read
2026-05-07 06:50:31.179 -08:00 [INF] Access policy query filter for accessPolicies:read. UserId=<anonymous>, Roles=[], ActiveRules=1, SubjectMatched=0, ResourceActionMatched=0, Allows=0, Denies=0
2026-05-07 06:50:31.182 -08:00 [INF] MediatR handling completed ListAccessPoliciesQuery in 10 ms
2026-05-07 06:50:31.184 -08:00 [INF] HTTP GET /api/AccessPolicies completed with 200 in 12 ms (0HNLC8UGAQ1NI:00000005)
2026-05-07 06:50:58.199 -08:00 [INF] MediatR handling started CreateAccessPolicyCommand
2026-05-07 06:50:58.200 -08:00 [INF] Access policy check started for accessPolicies:create
2026-05-07 06:50:58.203 -08:00 [INF] Access policy evaluation for accessPolicies:create. UserId=<anonymous>, Roles=[], ActiveRules=1, SubjectMatched=0, ResourceActionMatched=0, Allows=0, Denies=0, Decision=Denied
2026-05-07 06:50:58.284 -08:00 [ERR] MediatR handling failed CreateAccessPolicyCommand after 84 ms
FluentValidation.ValidationException: Validation failed: 
 -- authorization: Forbidden: accessPolicies:create. Severity: Error
   at algo.Application.Common.AccessPolicy.AccessPolicyAuthorizationExtensions.EnsureResourceActionAllowedAsync(IAccessPolicyEvaluator evaluator, IApplicationDbContext db, String resource, String action, CancellationToken cancellationToken) in C:\PrivateProject\algo.bytes\src\algo.Application\Common\AccessPolicy\AccessPolicyAuthorizationExtensions.cs:line 19
   at algo.Application.Features.AccessPolicies.Commands.CreateAccessPolicy.CreateAccessPolicyCommandHandler.Handle(CreateAccessPolicyCommand request, CancellationToken cancellationToken) in C:\PrivateProject\algo.bytes\src\algo.Application\Features\AccessPolicies\Commands\CreateAccessPolicy\CreateAccessPolicyCommandHandler.cs:line 20
   at algo.Application.Behaviors.ValidationBehavior`2.Handle(TRequest request, RequestHandlerDelegate`1 next, CancellationToken cancellationToken) in C:\PrivateProject\algo.bytes\src\algo.Application\Behaviors\ValidationBehavior.cs:line 29
   at algo.Application.Behaviors.LoggingBehavior`2.Handle(TRequest request, RequestHandlerDelegate`1 next, CancellationToken cancellationToken) in C:\PrivateProject\algo.bytes\src\algo.Application\Behaviors\LoggingBehavior.cs:line 31
2026-05-07 06:50:58.393 -08:00 [INF] HTTP POST /api/AccessPolicies completed with 400 in 193 ms (0HNLC8UGAQ1NI:00000006)
2026-05-07 06:51:35.596 -08:00 [WRN] Sensitive data logging is enabled. Log entries and exception messages may include sensitive application data; this mode should only be enabled during development.
2026-05-07 06:51:36.347 -08:00 [INF] Admin wildcard access policy already exists
2026-05-07 06:51:36.543 -08:00 [INF] Now listening on: https://localhost:7259
2026-05-07 06:51:36.545 -08:00 [INF] Now listening on: http://localhost:5244
2026-05-07 06:51:36.595 -08:00 [INF] Application started. Press Ctrl+C to shut down.
2026-05-07 06:51:36.597 -08:00 [INF] Hosting environment: Development
2026-05-07 06:51:36.597 -08:00 [INF] Content root path: C:\PrivateProject\algo.bytes\src\algo.API
2026-05-07 06:53:20.278 -08:00 [WRN] Sensitive data logging is enabled. Log entries and exception messages may include sensitive application data; this mode should only be enabled during development.
2026-05-07 06:53:21.007 -08:00 [INF] Admin wildcard access policy already exists
2026-05-07 06:53:21.203 -08:00 [INF] Now listening on: https://localhost:7259
2026-05-07 06:53:21.205 -08:00 [INF] Now listening on: http://localhost:5244
2026-05-07 06:53:21.251 -08:00 [INF] Application started. Press Ctrl+C to shut down.
2026-05-07 06:53:21.252 -08:00 [INF] Hosting environment: Development
2026-05-07 06:53:21.252 -08:00 [INF] Content root path: C:\PrivateProject\algo.bytes\src\algo.API
2026-05-07 06:53:30.453 -08:00 [INF] MediatR handling started CreateAccessPolicyCommand
2026-05-07 06:53:32.736 -08:00 [INF] Access policy check started for accessPolicies:create
2026-05-07 06:53:32.828 -08:00 [INF] Access policy evaluation for accessPolicies:create. UserId=<anonymous>, Roles=[], ActiveRules=1, SubjectMatched=0, ResourceActionMatched=0, Allows=0, Denies=0, Decision=Denied
2026-05-07 06:53:32.955 -08:00 [ERR] MediatR handling failed CreateAccessPolicyCommand after 2501 ms
FluentValidation.ValidationException: Validation failed: 
 -- authorization: Forbidden: accessPolicies:create. Severity: Error
   at algo.Application.Common.AccessPolicy.AccessPolicyAuthorizationExtensions.EnsureResourceActionAllowedAsync(IAccessPolicyEvaluator evaluator, IApplicationDbContext db, String resource, String action, CancellationToken cancellationToken) in C:\PrivateProject\algo.bytes\src\algo.Application\Common\AccessPolicy\AccessPolicyAuthorizationExtensions.cs:line 19
   at algo.Application.Features.AccessPolicies.Commands.CreateAccessPolicy.CreateAccessPolicyCommandHandler.Handle(CreateAccessPolicyCommand request, CancellationToken cancellationToken) in C:\PrivateProject\algo.bytes\src\algo.Application\Features\AccessPolicies\Commands\CreateAccessPolicy\CreateAccessPolicyCommandHandler.cs:line 20
   at algo.Application.Behaviors.ValidationBehavior`2.Handle(TRequest request, RequestHandlerDelegate`1 next, CancellationToken cancellationToken) in C:\PrivateProject\algo.bytes\src\algo.Application\Behaviors\ValidationBehavior.cs:line 29
   at algo.Application.Behaviors.LoggingBehavior`2.Handle(TRequest request, RequestHandlerDelegate`1 next, CancellationToken cancellationToken) in C:\PrivateProject\algo.bytes\src\algo.Application\Behaviors\LoggingBehavior.cs:line 31
2026-05-07 06:53:33.133 -08:00 [INF] HTTP POST /api/AccessPolicies completed with 400 in 5430 ms (0HNLC91IPR1AC:00000001)
2026-05-07 06:53:38.861 -08:00 [INF] MediatR handling started CreateAccessPolicyCommand
2026-05-07 06:53:54.678 -08:00 [INF] Access policy check started for accessPolicies:create
2026-05-07 06:53:54.694 -08:00 [INF] Access policy evaluation for accessPolicies:create. UserId=<anonymous>, Roles=[], ActiveRules=1, SubjectMatched=0, ResourceActionMatched=0, Allows=0, Denies=0, Decision=Denied
2026-05-07 06:55:11.926 -08:00 [WRN] Sensitive data logging is enabled. Log entries and exception messages may include sensitive application data; this mode should only be enabled during development.
2026-05-07 06:55:12.643 -08:00 [INF] Admin wildcard access policy already exists
2026-05-07 06:55:12.851 -08:00 [INF] Now listening on: https://localhost:7259
2026-05-07 06:55:12.853 -08:00 [INF] Now listening on: http://localhost:5244
2026-05-07 06:55:12.902 -08:00 [INF] Application started. Press Ctrl+C to shut down.
2026-05-07 06:55:12.903 -08:00 [INF] Hosting environment: Development
2026-05-07 06:55:12.904 -08:00 [INF] Content root path: C:\PrivateProject\algo.bytes\src\algo.API
2026-05-07 06:55:33.866 -08:00 [INF] HTTP POST /api/AccessPolicies completed with 401 in 24 ms (0HNLC92OCJR6D:00000001)
2026-05-07 06:58:34.945 -08:00 [WRN] Sensitive data logging is enabled. Log entries and exception messages may include sensitive application data; this mode should only be enabled during development.
2026-05-07 06:58:35.660 -08:00 [INF] Admin wildcard access policy already exists
2026-05-07 06:58:35.858 -08:00 [INF] Now listening on: https://localhost:7259
2026-05-07 06:58:35.860 -08:00 [INF] Now listening on: http://localhost:5244
2026-05-07 06:58:35.909 -08:00 [INF] Application started. Press Ctrl+C to shut down.
2026-05-07 06:58:35.910 -08:00 [INF] Hosting environment: Development
2026-05-07 06:58:35.911 -08:00 [INF] Content root path: C:\PrivateProject\algo.bytes\src\algo.API
2026-05-07 06:58:46.105 -08:00 [INF] MediatR handling started LoginCommand
2026-05-07 06:58:46.636 -08:00 [INF] MediatR handling completed LoginCommand in 531 ms
2026-05-07 06:58:46.655 -08:00 [INF] HTTP POST /api/Auth/login completed with 200 in 623 ms (0HNLC94HLN2IP:00000001)
2026-05-07 06:58:48.398 -08:00 [INF] MediatR handling started LoginCommand
2026-05-07 06:58:48.469 -08:00 [INF] MediatR handling completed LoginCommand in 71 ms
2026-05-07 06:58:48.471 -08:00 [INF] HTTP POST /api/Auth/login completed with 200 in 75 ms (0HNLC94HLN2IP:00000002)
2026-05-07 06:58:51.584 -08:00 [INF] MediatR handling started LoginCommand
2026-05-07 06:58:51.646 -08:00 [INF] MediatR handling completed LoginCommand in 62 ms
2026-05-07 06:58:51.647 -08:00 [INF] HTTP POST /api/Auth/login completed with 200 in 68 ms (0HNLC94HLN2IP:00000003)
2026-05-07 06:59:05.347 -08:00 [INF] HTTP POST /api/AccessPolicies completed with 401 in 10 ms (0HNLC94HLN2IP:00000004)
2026-05-07 06:59:11.957 -08:00 [INF] MediatR handling started LoginCommand
2026-05-07 06:59:12.010 -08:00 [INF] MediatR handling completed LoginCommand in 52 ms
2026-05-07 06:59:12.012 -08:00 [INF] HTTP POST /api/Auth/login completed with 200 in 54 ms (0HNLC94HLN2IP:00000005)
2026-05-07 06:59:30.960 -08:00 [INF] HTTP POST /api/AccessPolicies completed with 401 in 0 ms (0HNLC94HLN2IP:00000006)
2026-05-07 07:03:55.668 -08:00 [INF] HTTP POST /api/AccessPolicies completed with 401 in 2 ms (0HNLC94HLN2IR:00000001)
2026-05-07 07:04:23.291 -08:00 [INF] HTTP POST /api/AccessPolicies completed with 401 in 0 ms (0HNLC94HLN2IR:00000002)
2026-05-07 07:04:37.892 -08:00 [INF] HTTP POST /api/AccessPolicies completed with 401 in 0 ms (0HNLC94HLN2IR:00000003)
2026-05-07 07:05:09.669 -08:00 [INF] MediatR handling started LoginCommand
2026-05-07 07:05:09.736 -08:00 [INF] MediatR handling completed LoginCommand in 67 ms
2026-05-07 07:05:09.738 -08:00 [INF] HTTP POST /api/Auth/login completed with 200 in 69 ms (0HNLC94HLN2IR:00000004)
2026-05-07 07:05:16.907 -08:00 [WRN] Sensitive data logging is enabled. Log entries and exception messages may include sensitive application data; this mode should only be enabled during development.
2026-05-07 07:05:17.612 -08:00 [INF] Admin wildcard access policy already exists
2026-05-07 07:05:17.808 -08:00 [INF] Now listening on: https://localhost:7259
2026-05-07 07:05:17.811 -08:00 [INF] Now listening on: http://localhost:5244
2026-05-07 07:05:17.857 -08:00 [INF] Application started. Press Ctrl+C to shut down.
2026-05-07 07:05:17.858 -08:00 [INF] Hosting environment: Development
2026-05-07 07:05:17.859 -08:00 [INF] Content root path: C:\PrivateProject\algo.bytes\src\algo.API
2026-05-07 07:05:30.506 -08:00 [INF] MediatR handling started LoginCommand
2026-05-07 07:05:31.434 -08:00 [INF] MediatR handling completed LoginCommand in 928 ms
2026-05-07 07:05:31.457 -08:00 [INF] HTTP POST /api/Auth/login completed with 200 in 1025 ms (0HNLC98A60U9P:00000001)
2026-05-07 07:05:39.104 -08:00 [INF] HTTP POST /api/AccessPolicies completed with 401 in 12 ms (0HNLC98A60U9P:00000002)
2026-05-07 07:11:24.044 -08:00 [WRN] Sensitive data logging is enabled. Log entries and exception messages may include sensitive application data; this mode should only be enabled during development.
2026-05-07 07:11:24.794 -08:00 [INF] Admin wildcard access policy already exists
2026-05-07 07:11:24.988 -08:00 [INF] Now listening on: https://localhost:7259
2026-05-07 07:11:24.991 -08:00 [INF] Now listening on: http://localhost:5244
2026-05-07 07:11:25.054 -08:00 [INF] Application started. Press Ctrl+C to shut down.
2026-05-07 07:11:25.057 -08:00 [INF] Hosting environment: Development
2026-05-07 07:11:25.059 -08:00 [INF] Content root path: C:\PrivateProject\algo.bytes\src\algo.API
2026-05-07 07:11:30.474 -08:00 [INF] MediatR handling started LoginCommand
2026-05-07 07:11:31.073 -08:00 [INF] MediatR handling completed LoginCommand in 599 ms
2026-05-07 07:11:31.092 -08:00 [INF] HTTP POST /api/Auth/login completed with 200 in 707 ms (0HNLC9BLEJUE8:00000001)
2026-05-07 07:11:32.179 -08:00 [INF] MediatR handling started LoginCommand
2026-05-07 07:11:32.255 -08:00 [INF] MediatR handling completed LoginCommand in 75 ms
2026-05-07 07:11:32.257 -08:00 [INF] HTTP POST /api/Auth/login completed with 200 in 79 ms (0HNLC9BLEJUE8:00000002)
2026-05-07 07:11:41.889 -08:00 [INF] HTTP POST /api/AccessPolicies completed with 401 in 13 ms (0HNLC9BLEJUE8:00000003)
2026-05-07 07:12:53.182 -08:00 [WRN] Sensitive data logging is enabled. Log entries and exception messages may include sensitive application data; this mode should only be enabled during development.
2026-05-07 07:12:53.914 -08:00 [INF] Admin wildcard access policy already exists
2026-05-07 07:12:54.127 -08:00 [INF] Now listening on: https://localhost:7259
2026-05-07 07:12:54.130 -08:00 [INF] Now listening on: http://localhost:5244
2026-05-07 07:12:54.196 -08:00 [INF] Application started. Press Ctrl+C to shut down.
2026-05-07 07:12:54.197 -08:00 [INF] Hosting environment: Development
2026-05-07 07:12:54.198 -08:00 [INF] Content root path: C:\PrivateProject\algo.bytes\src\algo.API
2026-05-07 07:12:59.297 -08:00 [INF] MediatR handling started LoginCommand
2026-05-07 07:12:59.985 -08:00 [INF] MediatR handling completed LoginCommand in 688 ms
2026-05-07 07:13:00.007 -08:00 [INF] HTTP POST /api/Auth/login completed with 200 in 793 ms (0HNLC9CFTLNS5:00000001)
2026-05-07 07:13:07.435 -08:00 [INF] HTTP POST /api/AccessPolicies completed with 401 in 12 ms (0HNLC9CFTLNS5:00000002)
2026-05-07 07:14:14.990 -08:00 [WRN] Sensitive data logging is enabled. Log entries and exception messages may include sensitive application data; this mode should only be enabled during development.
2026-05-07 07:14:15.696 -08:00 [INF] Admin wildcard access policy already exists
2026-05-07 07:14:15.888 -08:00 [INF] Now listening on: https://localhost:7259
2026-05-07 07:14:15.890 -08:00 [INF] Now listening on: http://localhost:5244
2026-05-07 07:14:15.933 -08:00 [INF] Application started. Press Ctrl+C to shut down.
2026-05-07 07:14:15.934 -08:00 [INF] Hosting environment: Development
2026-05-07 07:14:15.935 -08:00 [INF] Content root path: C:\PrivateProject\algo.bytes\src\algo.API
2026-05-07 07:16:05.841 -08:00 [INF] MediatR handling started LoginCommand
2026-05-07 07:16:32.830 -08:00 [INF] MediatR handling completed LoginCommand in 26988 ms
2026-05-07 07:16:32.852 -08:00 [INF] HTTP POST /api/Auth/login completed with 200 in 27092 ms (0HNLC9E7GF9F1:00000001)
2026-05-07 07:17:03.025 -08:00 [INF] HTTP POST /api/AccessPolicies completed with 401 in 10 ms (0HNLC9E7GF9F1:00000002)
2026-05-07 07:19:59.856 -08:00 [WRN] Sensitive data logging is enabled. Log entries and exception messages may include sensitive application data; this mode should only be enabled during development.
2026-05-07 07:20:00.676 -08:00 [INF] Admin wildcard access policy already exists
2026-05-07 07:20:00.898 -08:00 [INF] Now listening on: https://localhost:7259
2026-05-07 07:20:00.902 -08:00 [INF] Now listening on: http://localhost:5244
2026-05-07 07:20:00.955 -08:00 [INF] Application started. Press Ctrl+C to shut down.
2026-05-07 07:20:00.957 -08:00 [INF] Hosting environment: Development
2026-05-07 07:20:00.958 -08:00 [INF] Content root path: C:\PrivateProject\algo.bytes\src\algo.API
2026-05-07 07:20:08.396 -08:00 [INF] HTTP POST /api/AccessPolicies completed with 401 in 43 ms (0HNLC9GFOQG58:00000001)
2026-05-07 07:20:16.606 -08:00 [INF] HTTP POST /api/AccessPolicies completed with 401 in 2 ms (0HNLC9GFOQG58:00000002)
2026-05-07 07:20:29.881 -08:00 [INF] HTTP POST /api/AccessPolicies completed with 401 in 2 ms (0HNLC9GFOQG58:00000003)
2026-05-07 07:20:45.360 -08:00 [INF] HTTP POST /api/AccessPolicies completed with 401 in 0 ms (0HNLC9GFOQG58:00000004)
2026-05-07 07:21:15.682 -08:00 [INF] HTTP POST /api/AccessPolicies completed with 401 in 0 ms (0HNLC9GFOQG58:00000005)
2026-05-07 07:21:23.957 -08:00 [INF] HTTP POST /api/AccessPolicies completed with 401 in 0 ms (0HNLC9GFOQG58:00000006)
2026-05-07 07:26:20.062 -08:00 [WRN] Sensitive data logging is enabled. Log entries and exception messages may include sensitive application data; this mode should only be enabled during development.
2026-05-07 07:26:21.915 -08:00 [INF] Admin wildcard access policy already exists
2026-05-07 07:26:22.232 -08:00 [INF] Now listening on: https://localhost:7259
2026-05-07 07:26:22.237 -08:00 [INF] Now listening on: http://localhost:5244
2026-05-07 07:26:22.317 -08:00 [INF] Application started. Press Ctrl+C to shut down.
2026-05-07 07:26:22.319 -08:00 [INF] Hosting environment: Development
2026-05-07 07:26:22.320 -08:00 [INF] Content root path: C:\PrivateProject\algo.bytes\src\algo.API
2026-05-07 07:26:57.305 -08:00 [INF] Authorization header exists: true
2026-05-07 07:26:57.377 -08:00 [INF] JWT token validated. IsAuthenticated=true
2026-05-07 07:26:57.450 -08:00 [INF] MediatR handling started CreateAccessPolicyCommand
2026-05-07 07:27:02.868 -08:00 [INF] Access policy check started for accessPolicies:create
2026-05-07 07:27:02.956 -08:00 [INF] Access policy evaluation for accessPolicies:create. UserId=4115c88b-86ca-4331-b9f5-dbc2206838d8, Roles=[Admin], ActiveRules=1, SubjectMatched=1, ResourceActionMatched=1, Allows=1, Denies=0, Decision=Allowed
2026-05-07 07:27:03.115 -08:00 [INF] MediatR handling completed CreateAccessPolicyCommand in 5664 ms
2026-05-07 07:27:03.137 -08:00 [INF] HTTP POST /api/AccessPolicies completed with 200 in 5890 ms (0HNLC9K9M1TNO:00000001)
2026-05-07 07:28:03.597 -08:00 [INF] Authorization header exists: true
2026-05-07 07:28:03.636 -08:00 [ERR] JWT authentication failed
Microsoft.IdentityModel.Tokens.SecurityTokenMalformedException: IDX14100: JWT is not well formed, there are no dots (.).
The token needs to be in JWS or JWE Compact Serialization Format. (JWS): 'EncodedHeader.EncodedPayload.EncodedSignature'. (JWE): 'EncodedProtectedHeader.EncodedEncryptedKey.EncodedInitializationVector.EncodedCiphertext.EncodedAuthenticationTag'.
   at Microsoft.IdentityModel.JsonWebTokens.JsonWebToken.ReadToken(ReadOnlyMemory`1 encodedTokenMemory)
   at Microsoft.IdentityModel.JsonWebTokens.JsonWebToken..ctor(String jwtEncodedString, TryReadJwtClaim tryReadJwtClaim)
   at Microsoft.IdentityModel.JsonWebTokens.JsonWebTokenHandler.ReadToken(String token, TokenValidationParameters validationParameters)
2026-05-07 07:28:03.711 -08:00 [INF] MediatR handling started LoginCommand
2026-05-07 07:28:08.269 -08:00 [INF] MediatR handling completed LoginCommand in 4557 ms
2026-05-07 07:28:08.277 -08:00 [INF] HTTP POST /api/Auth/login completed with 200 in 4680 ms (0HNLC9K9M1TNQ:00000001)
2026-05-07 07:28:44.743 -08:00 [INF] Authorization header exists: true
2026-05-07 07:28:44.748 -08:00 [INF] JWT token validated. IsAuthenticated=true
2026-05-07 07:28:44.767 -08:00 [INF] MediatR handling started ListAccessPoliciesQuery
2026-05-07 07:28:44.783 -08:00 [INF] Access policy query filter started for accessPolicies:read
2026-05-07 07:28:44.790 -08:00 [INF] Access policy query filter for accessPolicies:read. UserId=245f67f5-8ac5-4255-a3de-45cb1d697aba, Roles=[User], ActiveRules=2, SubjectMatched=1, ResourceActionMatched=0, Allows=0, Denies=0
2026-05-07 07:28:44.808 -08:00 [INF] MediatR handling completed ListAccessPoliciesQuery in 40 ms
2026-05-07 07:28:44.815 -08:00 [INF] HTTP GET /api/AccessPolicies completed with 200 in 76 ms (0HNLC9K9M1TNQ:00000002)
2026-05-07 07:33:06.483 -08:00 [WRN] Sensitive data logging is enabled. Log entries and exception messages may include sensitive application data; this mode should only be enabled during development.
2026-05-07 07:33:07.323 -08:00 [INF] Admin wildcard access policy already exists
2026-05-07 07:33:07.555 -08:00 [INF] Now listening on: https://localhost:7259
2026-05-07 07:33:07.558 -08:00 [INF] Now listening on: http://localhost:5244
2026-05-07 07:33:07.623 -08:00 [INF] Application started. Press Ctrl+C to shut down.
2026-05-07 07:33:07.625 -08:00 [INF] Hosting environment: Development
2026-05-07 07:33:07.627 -08:00 [INF] Content root path: C:\PrivateProject\algo.bytes\src\algo.API
2026-05-07 07:33:18.800 -08:00 [INF] Authorization header exists: true
2026-05-07 07:33:18.877 -08:00 [INF] JWT token validated. IsAuthenticated=true
2026-05-07 07:33:18.931 -08:00 [INF] MediatR handling started ListAccessPoliciesQuery
2026-05-07 07:33:19.009 -08:00 [INF] Access policy query filter started for accessPolicies:read
2026-05-07 07:33:19.046 -08:00 [INF] Access policy query filter for accessPolicies:read. UserId=245f67f5-8ac5-4255-a3de-45cb1d697aba, Roles=[User], ActiveRules=2, SubjectMatched=1, ResourceActionMatched=0, Allows=0, Denies=0
2026-05-07 07:33:19.058 -08:00 [INF] MediatR handling completed ListAccessPoliciesQuery in 127 ms
2026-05-07 07:33:19.083 -08:00 [INF] HTTP GET /api/AccessPolicies completed with 200 in 345 ms (0HNLC9NRC1O7U:00000001)
2026-05-07 07:33:21.385 -08:00 [INF] Authorization header exists: true
2026-05-07 07:33:21.388 -08:00 [INF] JWT token validated. IsAuthenticated=true
2026-05-07 07:33:21.391 -08:00 [INF] MediatR handling started ListAccessPoliciesQuery
2026-05-07 07:33:21.402 -08:00 [INF] Access policy query filter started for accessPolicies:read
2026-05-07 07:33:21.409 -08:00 [INF] Access policy query filter for accessPolicies:read. UserId=245f67f5-8ac5-4255-a3de-45cb1d697aba, Roles=[User], ActiveRules=2, SubjectMatched=1, ResourceActionMatched=0, Allows=0, Denies=0
2026-05-07 07:33:21.414 -08:00 [INF] MediatR handling completed ListAccessPoliciesQuery in 23 ms
2026-05-07 07:33:21.416 -08:00 [INF] HTTP GET /api/AccessPolicies completed with 200 in 31 ms (0HNLC9NRC1O7U:00000002)
2026-05-07 07:33:22.587 -08:00 [INF] Authorization header exists: true
2026-05-07 07:33:22.589 -08:00 [INF] JWT token validated. IsAuthenticated=true
2026-05-07 07:33:22.592 -08:00 [INF] MediatR handling started ListAccessPoliciesQuery
2026-05-07 07:33:22.598 -08:00 [INF] Access policy query filter started for accessPolicies:read
2026-05-07 07:33:22.601 -08:00 [INF] Access policy query filter for accessPolicies:read. UserId=245f67f5-8ac5-4255-a3de-45cb1d697aba, Roles=[User], ActiveRules=2, SubjectMatched=1, ResourceActionMatched=0, Allows=0, Denies=0
2026-05-07 07:33:22.606 -08:00 [INF] MediatR handling completed ListAccessPoliciesQuery in 14 ms
2026-05-07 07:33:22.608 -08:00 [INF] HTTP GET /api/AccessPolicies completed with 200 in 23 ms (0HNLC9NRC1O7U:00000003)
2026-05-07 07:33:25.927 -08:00 [INF] Authorization header exists: true
2026-05-07 07:33:25.958 -08:00 [ERR] JWT authentication failed
Microsoft.IdentityModel.Tokens.SecurityTokenMalformedException: IDX14100: JWT is not well formed, there are no dots (.).
The token needs to be in JWS or JWE Compact Serialization Format. (JWS): 'EncodedHeader.EncodedPayload.EncodedSignature'. (JWE): 'EncodedProtectedHeader.EncodedEncryptedKey.EncodedInitializationVector.EncodedCiphertext.EncodedAuthenticationTag'.
   at Microsoft.IdentityModel.JsonWebTokens.JsonWebToken.ReadToken(ReadOnlyMemory`1 encodedTokenMemory)
   at Microsoft.IdentityModel.JsonWebTokens.JsonWebToken..ctor(String jwtEncodedString, TryReadJwtClaim tryReadJwtClaim)
   at Microsoft.IdentityModel.JsonWebTokens.JsonWebTokenHandler.ReadToken(String token, TokenValidationParameters validationParameters)
2026-05-07 07:33:26.022 -08:00 [INF] MediatR handling started LoginCommand
2026-05-07 07:33:26.503 -08:00 [INF] MediatR handling completed LoginCommand in 481 ms
2026-05-07 07:33:26.510 -08:00 [INF] HTTP POST /api/Auth/login completed with 200 in 583 ms (0HNLC9NRC1O7U:00000004)
2026-05-07 07:33:35.681 -08:00 [INF] Authorization header exists: true
2026-05-07 07:33:35.682 -08:00 [INF] JWT token validated. IsAuthenticated=true
2026-05-07 07:33:35.684 -08:00 [INF] MediatR handling started ListAccessPoliciesQuery
2026-05-07 07:33:35.685 -08:00 [INF] Access policy query filter started for accessPolicies:read
2026-05-07 07:33:35.688 -08:00 [INF] Access policy query filter for accessPolicies:read. UserId=245f67f5-8ac5-4255-a3de-45cb1d697aba, Roles=[User], ActiveRules=2, SubjectMatched=1, ResourceActionMatched=0, Allows=0, Denies=0
2026-05-07 07:33:35.691 -08:00 [INF] MediatR handling completed ListAccessPoliciesQuery in 7 ms
2026-05-07 07:33:35.692 -08:00 [INF] HTTP GET /api/AccessPolicies completed with 200 in 10 ms (0HNLC9NRC1O7U:00000005)
2026-05-07 07:37:09.345 -08:00 [WRN] Sensitive data logging is enabled. Log entries and exception messages may include sensitive application data; this mode should only be enabled during development.
2026-05-07 07:37:10.172 -08:00 [INF] Admin wildcard access policy already exists
2026-05-07 07:37:10.406 -08:00 [INF] Now listening on: https://localhost:7259
2026-05-07 07:37:10.410 -08:00 [INF] Now listening on: http://localhost:5244
2026-05-07 07:37:10.467 -08:00 [INF] Application started. Press Ctrl+C to shut down.
2026-05-07 07:37:10.468 -08:00 [INF] Hosting environment: Development
2026-05-07 07:37:10.469 -08:00 [INF] Content root path: C:\PrivateProject\algo.bytes\src\algo.API
2026-05-07 07:37:23.275 -08:00 [INF] Authorization header exists: true
2026-05-07 07:37:23.341 -08:00 [INF] JWT token validated. IsAuthenticated=true
2026-05-07 07:37:23.376 -08:00 [INF] MediatR handling started GetUsersDashboardQuery
2026-05-07 07:37:23.451 -08:00 [INF] Access policy query filter started for users:read
2026-05-07 07:37:23.487 -08:00 [INF] Access policy query filter for users:read. UserId=245f67f5-8ac5-4255-a3de-45cb1d697aba, Roles=[User], ActiveRules=2, SubjectMatched=1, ResourceActionMatched=0, Allows=0, Denies=0
2026-05-07 07:37:23.628 -08:00 [INF] MediatR handling completed GetUsersDashboardQuery in 251 ms
2026-05-07 07:37:23.648 -08:00 [INF] HTTP GET /api/Users/dashboard completed with 200 in 422 ms (0HNLC9Q481JDS:00000001)
2026-05-07 07:43:41.478 -08:00 [WRN] Sensitive data logging is enabled. Log entries and exception messages may include sensitive application data; this mode should only be enabled during development.
2026-05-07 07:43:42.247 -08:00 [INF] Admin wildcard access policy already exists
2026-05-07 07:43:42.446 -08:00 [INF] Now listening on: https://localhost:7259
2026-05-07 07:43:42.448 -08:00 [INF] Now listening on: http://localhost:5244
2026-05-07 07:43:42.499 -08:00 [INF] Application started. Press Ctrl+C to shut down.
2026-05-07 07:43:42.501 -08:00 [INF] Hosting environment: Development
2026-05-07 07:43:42.501 -08:00 [INF] Content root path: C:\PrivateProject\algo.bytes\src\algo.API
2026-05-07 07:44:20.916 -08:00 [INF] Authorization header exists: true
2026-05-07 07:44:20.998 -08:00 [INF] JWT token validated. IsAuthenticated=true
2026-05-07 07:44:21.041 -08:00 [INF] MediatR handling started GetUsersDashboardQuery
2026-05-07 07:44:21.056 -08:00 [INF] Access policy check started for users:read
2026-05-07 07:44:21.156 -08:00 [INF] Access policy evaluation for users:read. UserId=245f67f5-8ac5-4255-a3de-45cb1d697aba, Roles=[User], ActiveRules=2, SubjectMatched=1, ResourceActionMatched=0, Allows=0, Denies=0, Decision=Denied
2026-05-07 07:44:21.286 -08:00 [ERR] MediatR handling failed GetUsersDashboardQuery after 244 ms
FluentValidation.ValidationException: Validation failed: 
 -- authorization: Forbidden: users:read. Severity: Error
   at algo.Application.Common.AccessPolicy.AccessPolicyAuthorizationExtensions.EnsureResourceActionAllowedAsync(IAccessPolicyEvaluator evaluator, IApplicationDbContext db, String resource, String action, CancellationToken cancellationToken) in C:\PrivateProject\algo.bytes\src\algo.Application\Common\AccessPolicy\AccessPolicyAuthorizationExtensions.cs:line 19
   at algo.Application.Features.Users.Queries.GetUsersDashboard.GetUsersDashboardQueryHandler.Handle(GetUsersDashboardQuery request, CancellationToken cancellationToken) in C:\PrivateProject\algo.bytes\src\algo.Application\Features\Users\Queries\GetUsersDashboard\GetUsersDashboardQueryHandler.cs:line 16
   at algo.Application.Behaviors.ValidationBehavior`2.Handle(TRequest request, RequestHandlerDelegate`1 next, CancellationToken cancellationToken) in C:\PrivateProject\algo.bytes\src\algo.Application\Behaviors\ValidationBehavior.cs:line 29
   at algo.Application.Behaviors.LoggingBehavior`2.Handle(TRequest request, RequestHandlerDelegate`1 next, CancellationToken cancellationToken) in C:\PrivateProject\algo.bytes\src\algo.Application\Behaviors\LoggingBehavior.cs:line 31
2026-05-07 07:44:21.529 -08:00 [INF] HTTP GET /api/Users/dashboard completed with 403 in 682 ms (0HNLC9U0MGGVJ:00000001)
2026-05-07 07:44:33.555 -08:00 [INF] Authorization header exists: true
2026-05-07 07:44:33.558 -08:00 [INF] JWT token validated. IsAuthenticated=true
2026-05-07 07:44:33.577 -08:00 [INF] MediatR handling started ListAccessPoliciesQuery
2026-05-07 07:44:33.582 -08:00 [INF] Access policy check started for accessPolicies:read
2026-05-07 07:44:33.600 -08:00 [INF] Access policy evaluation for accessPolicies:read. UserId=245f67f5-8ac5-4255-a3de-45cb1d697aba, Roles=[User], ActiveRules=2, SubjectMatched=1, ResourceActionMatched=0, Allows=0, Denies=0, Decision=Denied
2026-05-07 07:44:33.760 -08:00 [ERR] MediatR handling failed ListAccessPoliciesQuery after 182 ms
FluentValidation.ValidationException: Validation failed: 
 -- authorization: Forbidden: accessPolicies:read. Severity: Error
   at algo.Application.Common.AccessPolicy.AccessPolicyAuthorizationExtensions.EnsureResourceActionAllowedAsync(IAccessPolicyEvaluator evaluator, IApplicationDbContext db, String resource, String action, CancellationToken cancellationToken) in C:\PrivateProject\algo.bytes\src\algo.Application\Common\AccessPolicy\AccessPolicyAuthorizationExtensions.cs:line 19
   at algo.Application.Features.AccessPolicies.Queries.ListAccessPolicies.ListAccessPoliciesQueryHandler.Handle(ListAccessPoliciesQuery request, CancellationToken cancellationToken) in C:\PrivateProject\algo.bytes\src\algo.Application\Features\AccessPolicies\Queries\ListAccessPolicies\ListAccessPoliciesQueryHandler.cs:line 18
   at algo.Application.Behaviors.ValidationBehavior`2.Handle(TRequest request, RequestHandlerDelegate`1 next, CancellationToken cancellationToken) in C:\PrivateProject\algo.bytes\src\algo.Application\Behaviors\ValidationBehavior.cs:line 29
   at algo.Application.Behaviors.LoggingBehavior`2.Handle(TRequest request, RequestHandlerDelegate`1 next, CancellationToken cancellationToken) in C:\PrivateProject\algo.bytes\src\algo.Application\Behaviors\LoggingBehavior.cs:line 31
2026-05-07 07:44:34.029 -08:00 [INF] HTTP GET /api/AccessPolicies completed with 403 in 474 ms (0HNLC9U0MGGVJ:00000002)
2026-05-07 07:44:42.552 -08:00 [INF] Authorization header exists: true
2026-05-07 07:44:42.583 -08:00 [ERR] JWT authentication failed
Microsoft.IdentityModel.Tokens.SecurityTokenMalformedException: IDX14100: JWT is not well formed, there are no dots (.).
The token needs to be in JWS or JWE Compact Serialization Format. (JWS): 'EncodedHeader.EncodedPayload.EncodedSignature'. (JWE): 'EncodedProtectedHeader.EncodedEncryptedKey.EncodedInitializationVector.EncodedCiphertext.EncodedAuthenticationTag'.
   at Microsoft.IdentityModel.JsonWebTokens.JsonWebToken.ReadToken(ReadOnlyMemory`1 encodedTokenMemory)
   at Microsoft.IdentityModel.JsonWebTokens.JsonWebToken..ctor(String jwtEncodedString, TryReadJwtClaim tryReadJwtClaim)
   at Microsoft.IdentityModel.JsonWebTokens.JsonWebTokenHandler.ReadToken(String token, TokenValidationParameters validationParameters)
2026-05-07 07:44:42.635 -08:00 [INF] HTTP GET /api/Logs completed with 400 in 84 ms (0HNLC9U0MGGVJ:00000003)
2026-05-07 07:44:55.208 -08:00 [INF] Authorization header exists: true
2026-05-07 07:44:55.227 -08:00 [ERR] JWT authentication failed
Microsoft.IdentityModel.Tokens.SecurityTokenMalformedException: IDX14100: JWT is not well formed, there are no dots (.).
The token needs to be in JWS or JWE Compact Serialization Format. (JWS): 'EncodedHeader.EncodedPayload.EncodedSignature'. (JWE): 'EncodedProtectedHeader.EncodedEncryptedKey.EncodedInitializationVector.EncodedCiphertext.EncodedAuthenticationTag'.
   at Microsoft.IdentityModel.JsonWebTokens.JsonWebToken.ReadToken(ReadOnlyMemory`1 encodedTokenMemory)
   at Microsoft.IdentityModel.JsonWebTokens.JsonWebToken..ctor(String jwtEncodedString, TryReadJwtClaim tryReadJwtClaim)
   at Microsoft.IdentityModel.JsonWebTokens.JsonWebTokenHandler.ReadToken(String token, TokenValidationParameters validationParameters)
2026-05-07 07:44:55.262 -08:00 [INF] MediatR handling started GetLogsQuery
2026-05-07 07:44:55.293 -08:00 [INF] Access policy check started for logs:read
2026-05-07 07:44:55.298 -08:00 [INF] Access policy evaluation for logs:read. UserId=<anonymous>, Roles=[], ActiveRules=2, SubjectMatched=0, ResourceActionMatched=0, Allows=0, Denies=0, Decision=Denied
2026-05-07 07:44:55.426 -08:00 [ERR] MediatR handling failed GetLogsQuery after 164 ms
FluentValidation.ValidationException: Validation failed: 
 -- authorization: Forbidden: logs:read. Severity: Error
   at algo.Application.Common.AccessPolicy.AccessPolicyAuthorizationExtensions.EnsureResourceActionAllowedAsync(IAccessPolicyEvaluator evaluator, IApplicationDbContext db, String resource, String action, CancellationToken cancellationToken) in C:\PrivateProject\algo.bytes\src\algo.Application\Common\AccessPolicy\AccessPolicyAuthorizationExtensions.cs:line 19
   at algo.Application.Features.Logs.Queries.GetLogs.GetLogsQueryHandler.Handle(GetLogsQuery request, CancellationToken cancellationToken) in C:\PrivateProject\algo.bytes\src\algo.Application\Features\Logs\Queries\GetLogs\GetLogsQueryHandler.cs:line 20
   at algo.Application.Behaviors.ValidationBehavior`2.Handle(TRequest request, RequestHandlerDelegate`1 next, CancellationToken cancellationToken) in C:\PrivateProject\algo.bytes\src\algo.Application\Behaviors\ValidationBehavior.cs:line 29
   at algo.Application.Behaviors.LoggingBehavior`2.Handle(TRequest request, RequestHandlerDelegate`1 next, CancellationToken cancellationToken) in C:\PrivateProject\algo.bytes\src\algo.Application\Behaviors\LoggingBehavior.cs:line 31
2026-05-07 07:44:55.603 -08:00 [INF] HTTP GET /api/Logs completed with 403 in 395 ms (0HNLC9U0MGGVJ:00000004)
2026-05-07 07:45:14.130 -08:00 [INF] Authorization header exists: true
2026-05-07 07:45:14.149 -08:00 [ERR] JWT authentication failed
Microsoft.IdentityModel.Tokens.SecurityTokenMalformedException: IDX14100: JWT is not well formed, there are no dots (.).
The token needs to be in JWS or JWE Compact Serialization Format. (JWS): 'EncodedHeader.EncodedPayload.EncodedSignature'. (JWE): 'EncodedProtectedHeader.EncodedEncryptedKey.EncodedInitializationVector.EncodedCiphertext.EncodedAuthenticationTag'.
   at Microsoft.IdentityModel.JsonWebTokens.JsonWebToken.ReadToken(ReadOnlyMemory`1 encodedTokenMemory)
   at Microsoft.IdentityModel.JsonWebTokens.JsonWebToken..ctor(String jwtEncodedString, TryReadJwtClaim tryReadJwtClaim)
   at Microsoft.IdentityModel.JsonWebTokens.JsonWebTokenHandler.ReadToken(String token, TokenValidationParameters validationParameters)
2026-05-07 07:45:14.182 -08:00 [INF] MediatR handling started LoginCommand
2026-05-07 07:45:14.675 -08:00 [INF] MediatR handling completed LoginCommand in 493 ms
2026-05-07 07:45:14.685 -08:00 [INF] HTTP POST /api/Auth/login completed with 200 in 555 ms (0HNLC9U0MGGVJ:00000005)
2026-05-07 07:45:28.489 -08:00 [INF] Authorization header exists: true
2026-05-07 07:45:28.491 -08:00 [INF] JWT token validated. IsAuthenticated=true
2026-05-07 07:45:28.493 -08:00 [INF] MediatR handling started GetLogsQuery
2026-05-07 07:45:28.494 -08:00 [INF] Access policy check started for logs:read
2026-05-07 07:45:28.501 -08:00 [INF] Access policy evaluation for logs:read. UserId=245f67f5-8ac5-4255-a3de-45cb1d697aba, Roles=[User], ActiveRules=2, SubjectMatched=1, ResourceActionMatched=1, Allows=1, Denies=0, Decision=Allowed
2026-05-07 07:45:28.638 -08:00 [INF] MediatR handling completed GetLogsQuery in 145 ms
2026-05-07 07:45:28.652 -08:00 [INF] HTTP GET /api/Logs completed with 200 in 162 ms (0HNLC9U0MGGVJ:00000006)
2026-05-07 07:45:46.765 -08:00 [INF] Authorization header exists: true
2026-05-07 07:45:46.767 -08:00 [INF] JWT token validated. IsAuthenticated=true
2026-05-07 07:45:46.780 -08:00 [INF] MediatR handling started GetLogByIdQuery
2026-05-07 07:45:46.783 -08:00 [INF] Access policy check started for logs:read
2026-05-07 07:45:46.788 -08:00 [INF] Access policy evaluation for logs:read. UserId=245f67f5-8ac5-4255-a3de-45cb1d697aba, Roles=[User], ActiveRules=2, SubjectMatched=1, ResourceActionMatched=1, Allows=1, Denies=0, Decision=Allowed
2026-05-07 07:45:46.817 -08:00 [INF] MediatR handling completed GetLogByIdQuery in 37 ms
2026-05-07 07:45:46.825 -08:00 [INF] HTTP GET /api/Logs/0 completed with 404 in 59 ms (0HNLC9U0MGGVJ:00000007)
2026-05-07 07:46:19.369 -08:00 [INF] Authorization header exists: true
2026-05-07 07:46:19.370 -08:00 [INF] JWT token validated. IsAuthenticated=true
2026-05-07 07:46:19.394 -08:00 [INF] MediatR handling started GetUsersQuery
2026-05-07 07:46:19.403 -08:00 [INF] Access policy check started for users:read
2026-05-07 07:46:19.408 -08:00 [INF] Access policy evaluation for users:read. UserId=245f67f5-8ac5-4255-a3de-45cb1d697aba, Roles=[User], ActiveRules=2, SubjectMatched=1, ResourceActionMatched=0, Allows=0, Denies=0, Decision=Denied
2026-05-07 07:46:19.573 -08:00 [ERR] MediatR handling failed GetUsersQuery after 179 ms
FluentValidation.ValidationException: Validation failed: 
 -- authorization: Forbidden: users:read. Severity: Error
   at algo.Application.Common.AccessPolicy.AccessPolicyAuthorizationExtensions.EnsureResourceActionAllowedAsync(IAccessPolicyEvaluator evaluator, IApplicationDbContext db, String resource, String action, CancellationToken cancellationToken) in C:\PrivateProject\algo.bytes\src\algo.Application\Common\AccessPolicy\AccessPolicyAuthorizationExtensions.cs:line 19
   at algo.Application.Features.Users.Queries.GetUsers.GetUsersQueryHandler.Handle(GetUsersQuery request, CancellationToken cancellationToken) in C:\PrivateProject\algo.bytes\src\algo.Application\Features\Users\Queries\GetUsers\GetUsersQueryHandler.cs:line 25
   at algo.Application.Behaviors.ValidationBehavior`2.Handle(TRequest request, RequestHandlerDelegate`1 next, CancellationToken cancellationToken) in C:\PrivateProject\algo.bytes\src\algo.Application\Behaviors\ValidationBehavior.cs:line 29
   at algo.Application.Behaviors.LoggingBehavior`2.Handle(TRequest request, RequestHandlerDelegate`1 next, CancellationToken cancellationToken) in C:\PrivateProject\algo.bytes\src\algo.Application\Behaviors\LoggingBehavior.cs:line 31
2026-05-07 07:46:19.743 -08:00 [INF] HTTP GET /api/Users completed with 403 in 374 ms (0HNLC9U0MGGVJ:00000008)
2026-05-07 23:23:22.616 -08:00 [WRN] Sensitive data logging is enabled. Log entries and exception messages may include sensitive application data; this mode should only be enabled during development.
2026-05-07 23:23:23.386 -08:00 [INF] Admin wildcard access policy already exists
2026-05-07 23:23:23.738 -08:00 [INF] Now listening on: https://localhost:7259
2026-05-07 23:23:23.740 -08:00 [INF] Now listening on: http://localhost:5244
2026-05-07 23:23:23.787 -08:00 [INF] Application started. Press Ctrl+C to shut down.
2026-05-07 23:23:23.787 -08:00 [INF] Hosting environment: Development
2026-05-07 23:23:23.788 -08:00 [INF] Content root path: C:\PrivateProject\algo.bytes\src\algo.API
2026-05-07 23:23:26.215 -08:00 [INF] Authorization header exists: false
2026-05-07 23:23:26.221 -08:00 [INF] HTTP GET / completed with 404 in 59 ms (0HNLCQAOT343A:00000001)
2026-05-07 23:23:28.581 -08:00 [INF] Authorization header exists: false
2026-05-07 23:23:28.595 -08:00 [INF] HTTP GET /scalar completed with 302 in 14 ms (0HNLCQAOT343A:00000003)
2026-05-07 23:23:28.605 -08:00 [INF] Authorization header exists: false
2026-05-07 23:23:28.729 -08:00 [INF] HTTP GET /scalar/ completed with 200 in 126 ms (0HNLCQAOT343A:00000005)
2026-05-07 23:23:28.745 -08:00 [INF] Authorization header exists: false
2026-05-07 23:23:28.745 -08:00 [INF] Authorization header exists: false
2026-05-07 23:23:28.774 -08:00 [INF] HTTP GET /scalar/scalar.aspnetcore.js completed with 200 in 28 ms (0HNLCQAOT343A:00000009)
2026-05-07 23:23:28.800 -08:00 [INF] HTTP GET /scalar/scalar.js completed with 200 in 54 ms (0HNLCQAOT343A:00000007)
2026-05-07 23:23:29.091 -08:00 [INF] Authorization header exists: false
2026-05-07 23:23:29.399 -08:00 [INF] Authorization header exists: false
2026-05-07 23:23:29.399 -08:00 [INF] Authorization header exists: false
2026-05-07 23:23:29.400 -08:00 [INF] HTTP GET /scalar/scalar.aspnetcore.js completed with 200 in 1 ms (0HNLCQAOT343B:00000007)
2026-05-07 23:23:29.450 -08:00 [INF] HTTP GET /scalar/scalar.js completed with 200 in 51 ms (0HNLCQAOT343B:00000003)
2026-05-07 23:23:29.494 -08:00 [INF] HTTP GET /openapi/v1.json completed with 200 in 403 ms (0HNLCQAOT343A:0000000F)
2026-05-07 23:23:30.417 -08:00 [INF] Authorization header exists: false
2026-05-07 23:23:30.419 -08:00 [INF] HTTP GET /scalar/favicon.svg completed with 200 in 1 ms (0HNLCQAOT343A:00000011)
2026-05-07 23:48:14.774 -08:00 [WRN] Sensitive data logging is enabled. Log entries and exception messages may include sensitive application data; this mode should only be enabled during development.
2026-05-07 23:48:15.541 -08:00 [INF] Admin wildcard access policy already exists
2026-05-07 23:48:15.747 -08:00 [INF] Now listening on: https://localhost:7259
2026-05-07 23:48:15.749 -08:00 [INF] Now listening on: http://localhost:5244
2026-05-07 23:48:15.800 -08:00 [INF] Application started. Press Ctrl+C to shut down.
2026-05-07 23:48:15.801 -08:00 [INF] Hosting environment: Development
2026-05-07 23:48:15.802 -08:00 [INF] Content root path: C:\PrivateProject\algo.bytes\src\algo.API
2026-05-07 23:48:39.250 -08:00 [INF] Authorization header exists: false
2026-05-07 23:48:39.257 -08:00 [INF] HTTP OPTIONS /api/Auth/login completed with 405 in 54 ms (0HNLCQORRFTES:00000001)
2026-05-07 23:48:59.240 -08:00 [INF] Authorization header exists: false
2026-05-07 23:48:59.241 -08:00 [INF] HTTP OPTIONS /api/Auth/login completed with 405 in 1 ms (0HNLCQORRFTES:00000003)
2026-05-07 23:50:00.972 -08:00 [WRN] Sensitive data logging is enabled. Log entries and exception messages may include sensitive application data; this mode should only be enabled during development.
2026-05-07 23:50:01.701 -08:00 [INF] Admin wildcard access policy already exists
2026-05-07 23:50:01.924 -08:00 [INF] Now listening on: https://localhost:7259
2026-05-07 23:50:01.926 -08:00 [INF] Now listening on: http://localhost:5244
2026-05-07 23:50:01.970 -08:00 [INF] Application started. Press Ctrl+C to shut down.
2026-05-07 23:50:01.970 -08:00 [INF] Hosting environment: Development
2026-05-07 23:50:01.971 -08:00 [INF] Content root path: C:\PrivateProject\algo.bytes\src\algo.API
2026-05-07 23:50:08.743 -08:00 [INF] Authorization header exists: false
2026-05-07 23:50:08.826 -08:00 [INF] MediatR handling started LoginCommand
2026-05-07 23:50:09.328 -08:00 [INF] MediatR handling completed LoginCommand in 502 ms
2026-05-07 23:50:09.344 -08:00 [INF] HTTP POST /api/Auth/login completed with 200 in 649 ms (0HNLCQPMGS58V:00000003)
2026-05-07 23:50:09.405 -08:00 [INF] Authorization header exists: true
2026-05-07 23:50:09.453 -08:00 [INF] JWT token validated. IsAuthenticated=true
2026-05-07 23:50:09.461 -08:00 [INF] MediatR handling started GetUsersDashboardQuery
2026-05-07 23:50:09.470 -08:00 [INF] Access policy check started for users:read
2026-05-07 23:50:09.508 -08:00 [INF] Access policy evaluation for users:read. UserId=4115c88b-86ca-4331-b9f5-dbc2206838d8, Roles=[Admin], ActiveRules=2, SubjectMatched=1, ResourceActionMatched=1, Allows=1, Denies=0, Decision=Allowed
2026-05-07 23:50:09.518 -08:00 [INF] Access policy query filter started for users:read
2026-05-07 23:50:09.522 -08:00 [INF] Access policy query filter for users:read. UserId=4115c88b-86ca-4331-b9f5-dbc2206838d8, Roles=[Admin], ActiveRules=2, SubjectMatched=1, ResourceActionMatched=1, Allows=1, Denies=0
2026-05-07 23:50:09.616 -08:00 [INF] MediatR handling completed GetUsersDashboardQuery in 154 ms
2026-05-07 23:50:09.623 -08:00 [INF] HTTP GET /api/Users/dashboard completed with 200 in 218 ms (0HNLCQPMGS58V:00000007)
2026-05-07 23:50:17.430 -08:00 [INF] Authorization header exists: true
2026-05-07 23:50:17.432 -08:00 [INF] JWT token validated. IsAuthenticated=true
2026-05-07 23:50:17.440 -08:00 [INF] MediatR handling started GetRolesQuery
2026-05-07 23:50:17.443 -08:00 [INF] Access policy check started for roles:read
2026-05-07 23:50:17.447 -08:00 [INF] Access policy evaluation for roles:read. UserId=4115c88b-86ca-4331-b9f5-dbc2206838d8, Roles=[Admin], ActiveRules=2, SubjectMatched=1, ResourceActionMatched=1, Allows=1, Denies=0, Decision=Allowed
2026-05-07 23:50:17.456 -08:00 [INF] MediatR handling completed GetRolesQuery in 16 ms
2026-05-07 23:50:17.462 -08:00 [INF] HTTP GET /api/Roles completed with 200 in 35 ms (0HNLCQPMGS58V:0000000B)
2026-05-07 23:50:19.050 -08:00 [INF] Authorization header exists: true
2026-05-07 23:50:19.051 -08:00 [INF] JWT token validated. IsAuthenticated=true
2026-05-07 23:50:19.053 -08:00 [INF] MediatR handling started GetUsersDashboardQuery
2026-05-07 23:50:19.054 -08:00 [INF] Access policy check started for users:read
2026-05-07 23:50:19.056 -08:00 [INF] Access policy evaluation for users:read. UserId=4115c88b-86ca-4331-b9f5-dbc2206838d8, Roles=[Admin], ActiveRules=2, SubjectMatched=1, ResourceActionMatched=1, Allows=1, Denies=0, Decision=Allowed
2026-05-07 23:50:19.057 -08:00 [INF] Access policy query filter started for users:read
2026-05-07 23:50:19.060 -08:00 [INF] Access policy query filter for users:read. UserId=4115c88b-86ca-4331-b9f5-dbc2206838d8, Roles=[Admin], ActiveRules=2, SubjectMatched=1, ResourceActionMatched=1, Allows=1, Denies=0
2026-05-07 23:50:19.068 -08:00 [INF] MediatR handling completed GetUsersDashboardQuery in 14 ms
2026-05-07 23:50:19.069 -08:00 [INF] HTTP GET /api/Users/dashboard completed with 200 in 19 ms (0HNLCQPMGS58V:0000000F)
2026-05-07 23:50:20.070 -08:00 [INF] Authorization header exists: true
2026-05-07 23:50:20.070 -08:00 [INF] Authorization header exists: true
2026-05-07 23:50:20.071 -08:00 [INF] JWT token validated. IsAuthenticated=true
2026-05-07 23:50:20.071 -08:00 [INF] JWT token validated. IsAuthenticated=true
2026-05-07 23:50:20.105 -08:00 [INF] MediatR handling started GetUsersQuery
2026-05-07 23:50:20.105 -08:00 [INF] MediatR handling started GetUsersQuery
2026-05-07 23:50:20.116 -08:00 [INF] Access policy check started for users:read
2026-05-07 23:50:20.116 -08:00 [INF] Access policy check started for users:read
2026-05-07 23:50:20.120 -08:00 [INF] Access policy evaluation for users:read. UserId=4115c88b-86ca-4331-b9f5-dbc2206838d8, Roles=[Admin], ActiveRules=2, SubjectMatched=1, ResourceActionMatched=1, Allows=1, Denies=0, Decision=Allowed
2026-05-07 23:50:20.123 -08:00 [INF] Access policy query filter started for users:read
2026-05-07 23:50:20.127 -08:00 [INF] Access policy query filter for users:read. UserId=4115c88b-86ca-4331-b9f5-dbc2206838d8, Roles=[Admin], ActiveRules=2, SubjectMatched=1, ResourceActionMatched=1, Allows=1, Denies=0
2026-05-07 23:50:20.231 -08:00 [INF] MediatR handling completed GetUsersQuery in 126 ms
2026-05-07 23:50:20.238 -08:00 [INF] HTTP GET /api/Users completed with 200 in 168 ms (0HNLCQPMGS58V:00000017)
2026-05-07 23:50:20.276 -08:00 [INF] Access policy evaluation for users:read. UserId=4115c88b-86ca-4331-b9f5-dbc2206838d8, Roles=[Admin], ActiveRules=2, SubjectMatched=1, ResourceActionMatched=1, Allows=1, Denies=0, Decision=Allowed
2026-05-07 23:50:20.278 -08:00 [INF] Access policy query filter started for users:read
2026-05-07 23:50:20.280 -08:00 [INF] Access policy query filter for users:read. UserId=4115c88b-86ca-4331-b9f5-dbc2206838d8, Roles=[Admin], ActiveRules=2, SubjectMatched=1, ResourceActionMatched=1, Allows=1, Denies=0
2026-05-07 23:50:20.287 -08:00 [INF] MediatR handling completed GetUsersQuery in 182 ms
2026-05-07 23:50:20.289 -08:00 [INF] HTTP GET /api/Users completed with 200 in 218 ms (0HNLCQPMGS58V:00000015)
2026-05-07 23:50:22.082 -08:00 [INF] Authorization header exists: true
2026-05-07 23:50:22.083 -08:00 [INF] JWT token validated. IsAuthenticated=true
2026-05-07 23:50:22.084 -08:00 [INF] MediatR handling started GetRolesQuery
2026-05-07 23:50:22.085 -08:00 [INF] Access policy check started for roles:read
2026-05-07 23:50:22.088 -08:00 [INF] Access policy evaluation for roles:read. UserId=4115c88b-86ca-4331-b9f5-dbc2206838d8, Roles=[Admin], ActiveRules=2, SubjectMatched=1, ResourceActionMatched=1, Allows=1, Denies=0, Decision=Allowed
2026-05-07 23:50:22.091 -08:00 [INF] MediatR handling completed GetRolesQuery in 6 ms
2026-05-07 23:50:22.092 -08:00 [INF] HTTP GET /api/Roles completed with 200 in 9 ms (0HNLCQPMGS58V:00000019)
2026-05-07 23:50:23.003 -08:00 [INF] Authorization header exists: true
2026-05-07 23:50:23.004 -08:00 [INF] JWT token validated. IsAuthenticated=true
2026-05-07 23:50:23.018 -08:00 [INF] MediatR handling started ListAccessPoliciesQuery
2026-05-07 23:50:23.020 -08:00 [INF] Access policy check started for accessPolicies:read
2026-05-07 23:50:23.022 -08:00 [INF] Access policy evaluation for accessPolicies:read. UserId=4115c88b-86ca-4331-b9f5-dbc2206838d8, Roles=[Admin], ActiveRules=2, SubjectMatched=1, ResourceActionMatched=1, Allows=1, Denies=0, Decision=Allowed
2026-05-07 23:50:23.031 -08:00 [INF] MediatR handling completed ListAccessPoliciesQuery in 13 ms
2026-05-07 23:50:23.040 -08:00 [INF] HTTP GET /api/AccessPolicies completed with 200 in 36 ms (0HNLCQPMGS58V:0000001D)
2026-05-07 23:50:23.651 -08:00 [INF] Authorization header exists: true
2026-05-07 23:50:23.652 -08:00 [INF] JWT token validated. IsAuthenticated=true
2026-05-07 23:50:23.653 -08:00 [INF] Authorization header exists: true
2026-05-07 23:50:23.654 -08:00 [INF] JWT token validated. IsAuthenticated=true
2026-05-07 23:50:23.672 -08:00 [INF] MediatR handling started GetLogsQuery
2026-05-07 23:50:23.672 -08:00 [INF] MediatR handling started GetLogsQuery
2026-05-07 23:50:23.680 -08:00 [INF] Access policy check started for logs:read
2026-05-07 23:50:23.680 -08:00 [INF] Access policy check started for logs:read
2026-05-07 23:50:23.683 -08:00 [INF] Access policy evaluation for logs:read. UserId=4115c88b-86ca-4331-b9f5-dbc2206838d8, Roles=[Admin], ActiveRules=2, SubjectMatched=1, ResourceActionMatched=1, Allows=1, Denies=0, Decision=Allowed
2026-05-07 23:50:23.684 -08:00 [INF] Access policy evaluation for logs:read. UserId=4115c88b-86ca-4331-b9f5-dbc2206838d8, Roles=[Admin], ActiveRules=2, SubjectMatched=1, ResourceActionMatched=1, Allows=1, Denies=0, Decision=Allowed
2026-05-07 23:50:23.718 -08:00 [INF] MediatR handling completed GetLogsQuery in 46 ms
2026-05-07 23:50:23.718 -08:00 [INF] MediatR handling completed GetLogsQuery in 46 ms
2026-05-07 23:50:23.731 -08:00 [INF] HTTP GET /api/Logs completed with 200 in 80 ms (0HNLCQPMGS58V:00000023)
2026-05-07 23:50:23.731 -08:00 [INF] HTTP GET /api/Logs completed with 200 in 78 ms (0HNLCQPMGS58V:00000025)
2026-05-07 23:50:24.088 -08:00 [INF] Authorization header exists: true
2026-05-07 23:50:24.090 -08:00 [INF] JWT token validated. IsAuthenticated=true
2026-05-07 23:50:24.090 -08:00 [INF] Authorization header exists: true
2026-05-07 23:50:24.091 -08:00 [INF] JWT token validated. IsAuthenticated=true
2026-05-07 23:50:24.105 -08:00 [INF] MediatR handling started GetErrorLogsQuery
2026-05-07 23:50:24.105 -08:00 [INF] MediatR handling started GetErrorLogsQuery
2026-05-07 23:50:24.109 -08:00 [INF] Access policy check started for errorLogs:read
2026-05-07 23:50:24.109 -08:00 [INF] Access policy check started for errorLogs:read
2026-05-07 23:50:24.112 -08:00 [INF] Access policy evaluation for errorLogs:read. UserId=4115c88b-86ca-4331-b9f5-dbc2206838d8, Roles=[Admin], ActiveRules=2, SubjectMatched=1, ResourceActionMatched=1, Allows=1, Denies=0, Decision=Allowed
2026-05-07 23:50:24.112 -08:00 [INF] Access policy evaluation for errorLogs:read. UserId=4115c88b-86ca-4331-b9f5-dbc2206838d8, Roles=[Admin], ActiveRules=2, SubjectMatched=1, ResourceActionMatched=1, Allows=1, Denies=0, Decision=Allowed
2026-05-07 23:50:24.181 -08:00 [INF] MediatR handling completed GetErrorLogsQuery in 76 ms
2026-05-07 23:50:24.181 -08:00 [INF] MediatR handling completed GetErrorLogsQuery in 76 ms
2026-05-07 23:50:24.187 -08:00 [INF] HTTP GET /api/error-logs completed with 200 in 96 ms (0HNLCQPMGS58V:0000002D)
2026-05-07 23:50:24.187 -08:00 [INF] HTTP GET /api/error-logs completed with 200 in 98 ms (0HNLCQPMGS58V:0000002B)
2026-05-07 23:50:25.697 -08:00 [INF] Authorization header exists: true
2026-05-07 23:50:25.700 -08:00 [INF] JWT token validated. IsAuthenticated=true
2026-05-07 23:50:25.701 -08:00 [INF] MediatR handling started GetUsersDashboardQuery
2026-05-07 23:50:25.704 -08:00 [INF] Access policy check started for users:read
2026-05-07 23:50:25.707 -08:00 [INF] Access policy evaluation for users:read. UserId=4115c88b-86ca-4331-b9f5-dbc2206838d8, Roles=[Admin], ActiveRules=2, SubjectMatched=1, ResourceActionMatched=1, Allows=1, Denies=0, Decision=Allowed
2026-05-07 23:50:25.709 -08:00 [INF] Access policy query filter started for users:read
2026-05-07 23:50:25.710 -08:00 [INF] Access policy query filter for users:read. UserId=4115c88b-86ca-4331-b9f5-dbc2206838d8, Roles=[Admin], ActiveRules=2, SubjectMatched=1, ResourceActionMatched=1, Allows=1, Denies=0
2026-05-07 23:50:25.719 -08:00 [INF] MediatR handling completed GetUsersDashboardQuery in 18 ms
2026-05-07 23:50:25.721 -08:00 [INF] HTTP GET /api/Users/dashboard completed with 200 in 23 ms (0HNLCQPMGS58V:00000031)
2026-05-07 23:50:26.472 -08:00 [INF] Authorization header exists: true
2026-05-07 23:50:26.473 -08:00 [INF] JWT token validated. IsAuthenticated=true
2026-05-07 23:50:26.474 -08:00 [INF] Authorization header exists: true
2026-05-07 23:50:26.475 -08:00 [INF] JWT token validated. IsAuthenticated=true
2026-05-07 23:50:26.476 -08:00 [INF] MediatR handling started GetErrorLogsQuery
2026-05-07 23:50:26.476 -08:00 [INF] MediatR handling started GetErrorLogsQuery
2026-05-07 23:50:26.477 -08:00 [INF] Access policy check started for errorLogs:read
2026-05-07 23:50:26.477 -08:00 [INF] Access policy check started for errorLogs:read
2026-05-07 23:50:26.479 -08:00 [INF] Access policy evaluation for errorLogs:read. UserId=4115c88b-86ca-4331-b9f5-dbc2206838d8, Roles=[Admin], ActiveRules=2, SubjectMatched=1, ResourceActionMatched=1, Allows=1, Denies=0, Decision=Allowed
2026-05-07 23:50:26.479 -08:00 [INF] Access policy evaluation for errorLogs:read. UserId=4115c88b-86ca-4331-b9f5-dbc2206838d8, Roles=[Admin], ActiveRules=2, SubjectMatched=1, ResourceActionMatched=1, Allows=1, Denies=0, Decision=Allowed
2026-05-07 23:50:26.482 -08:00 [INF] MediatR handling completed GetErrorLogsQuery in 5 ms
2026-05-07 23:50:26.484 -08:00 [INF] MediatR handling completed GetErrorLogsQuery in 8 ms
2026-05-07 23:50:26.484 -08:00 [INF] HTTP GET /api/error-logs completed with 200 in 10 ms (0HNLCQPMGS58V:00000035)
2026-05-07 23:50:26.485 -08:00 [INF] HTTP GET /api/error-logs completed with 200 in 13 ms (0HNLCQPMGS58V:00000033)
2026-05-07 23:50:29.580 -08:00 [INF] Authorization header exists: true
2026-05-07 23:50:29.581 -08:00 [INF] JWT token validated. IsAuthenticated=true
2026-05-07 23:50:29.583 -08:00 [INF] MediatR handling started GetUsersDashboardQuery
2026-05-07 23:50:29.583 -08:00 [INF] Access policy check started for users:read
2026-05-07 23:50:29.587 -08:00 [INF] Access policy evaluation for users:read. UserId=4115c88b-86ca-4331-b9f5-dbc2206838d8, Roles=[Admin], ActiveRules=2, SubjectMatched=1, ResourceActionMatched=1, Allows=1, Denies=0, Decision=Allowed
2026-05-07 23:50:29.589 -08:00 [INF] Access policy query filter started for users:read
2026-05-07 23:50:29.592 -08:00 [INF] Access policy query filter for users:read. UserId=4115c88b-86ca-4331-b9f5-dbc2206838d8, Roles=[Admin], ActiveRules=2, SubjectMatched=1, ResourceActionMatched=1, Allows=1, Denies=0
2026-05-07 23:50:29.601 -08:00 [INF] MediatR handling completed GetUsersDashboardQuery in 18 ms
2026-05-07 23:50:29.602 -08:00 [INF] HTTP GET /api/Users/dashboard completed with 200 in 22 ms (0HNLCQPMGS58V:00000037)
2026-05-07 23:50:31.797 -08:00 [INF] Authorization header exists: true
2026-05-07 23:50:31.797 -08:00 [INF] Authorization header exists: true
2026-05-07 23:50:31.798 -08:00 [INF] JWT token validated. IsAuthenticated=true
2026-05-07 23:50:31.799 -08:00 [INF] JWT token validated. IsAuthenticated=true
2026-05-07 23:50:31.801 -08:00 [INF] MediatR handling started GetUsersQuery
2026-05-07 23:50:31.801 -08:00 [INF] MediatR handling started GetUsersQuery
2026-05-07 23:50:31.806 -08:00 [INF] Access policy check started for users:read
2026-05-07 23:50:31.806 -08:00 [INF] Access policy check started for users:read
2026-05-07 23:50:31.808 -08:00 [INF] Access policy evaluation for users:read. UserId=4115c88b-86ca-4331-b9f5-dbc2206838d8, Roles=[Admin], ActiveRules=2, SubjectMatched=1, ResourceActionMatched=1, Allows=1, Denies=0, Decision=Allowed
2026-05-07 23:50:31.808 -08:00 [INF] Access policy evaluation for users:read. UserId=4115c88b-86ca-4331-b9f5-dbc2206838d8, Roles=[Admin], ActiveRules=2, SubjectMatched=1, ResourceActionMatched=1, Allows=1, Denies=0, Decision=Allowed
2026-05-07 23:50:31.810 -08:00 [INF] Access policy query filter started for users:read
2026-05-07 23:50:31.812 -08:00 [INF] Access policy query filter started for users:read
2026-05-07 23:50:31.813 -08:00 [INF] Access policy query filter for users:read. UserId=4115c88b-86ca-4331-b9f5-dbc2206838d8, Roles=[Admin], ActiveRules=2, SubjectMatched=1, ResourceActionMatched=1, Allows=1, Denies=0
2026-05-07 23:50:31.814 -08:00 [INF] Access policy query filter for users:read. UserId=4115c88b-86ca-4331-b9f5-dbc2206838d8, Roles=[Admin], ActiveRules=2, SubjectMatched=1, ResourceActionMatched=1, Allows=1, Denies=0
2026-05-07 23:50:31.817 -08:00 [INF] MediatR handling completed GetUsersQuery in 16 ms
2026-05-07 23:50:31.818 -08:00 [INF] HTTP GET /api/Users completed with 200 in 21 ms (0HNLCQPMGS58V:0000003F)
2026-05-07 23:50:31.819 -08:00 [INF] MediatR handling completed GetUsersQuery in 17 ms
2026-05-07 23:50:31.821 -08:00 [INF] HTTP GET /api/Users completed with 200 in 23 ms (0HNLCQPMGS58V:0000003D)
2026-05-07 23:50:33.417 -08:00 [INF] Authorization header exists: true
2026-05-07 23:50:33.418 -08:00 [INF] JWT token validated. IsAuthenticated=true
2026-05-07 23:50:33.419 -08:00 [INF] MediatR handling started GetUsersQuery
2026-05-07 23:50:33.421 -08:00 [INF] Access policy check started for users:read
2026-05-07 23:50:33.423 -08:00 [INF] Access policy evaluation for users:read. UserId=4115c88b-86ca-4331-b9f5-dbc2206838d8, Roles=[Admin], ActiveRules=2, SubjectMatched=1, ResourceActionMatched=1, Allows=1, Denies=0, Decision=Allowed
2026-05-07 23:50:33.425 -08:00 [INF] Access policy query filter started for users:read
2026-05-07 23:50:33.426 -08:00 [INF] Access policy query filter for users:read. UserId=4115c88b-86ca-4331-b9f5-dbc2206838d8, Roles=[Admin], ActiveRules=2, SubjectMatched=1, ResourceActionMatched=1, Allows=1, Denies=0
2026-05-07 23:50:33.441 -08:00 [INF] MediatR handling completed GetUsersQuery in 21 ms
2026-05-07 23:50:33.442 -08:00 [INF] HTTP GET /api/Users completed with 200 in 24 ms (0HNLCQPMGS58V:00000043)
2026-05-07 23:50:34.083 -08:00 [INF] Authorization header exists: true
2026-05-07 23:50:34.084 -08:00 [INF] JWT token validated. IsAuthenticated=true
2026-05-07 23:50:34.085 -08:00 [INF] MediatR handling started GetUsersQuery
2026-05-07 23:50:34.085 -08:00 [INF] Access policy check started for users:read
2026-05-07 23:50:34.088 -08:00 [INF] Access policy evaluation for users:read. UserId=4115c88b-86ca-4331-b9f5-dbc2206838d8, Roles=[Admin], ActiveRules=2, SubjectMatched=1, ResourceActionMatched=1, Allows=1, Denies=0, Decision=Allowed
2026-05-07 23:50:34.090 -08:00 [INF] Access policy query filter started for users:read
2026-05-07 23:50:34.091 -08:00 [INF] Access policy query filter for users:read. UserId=4115c88b-86ca-4331-b9f5-dbc2206838d8, Roles=[Admin], ActiveRules=2, SubjectMatched=1, ResourceActionMatched=1, Allows=1, Denies=0
2026-05-07 23:50:34.105 -08:00 [INF] MediatR handling completed GetUsersQuery in 20 ms
2026-05-07 23:50:34.106 -08:00 [INF] HTTP GET /api/Users completed with 200 in 23 ms (0HNLCQPMGS58V:00000047)
2026-05-07 23:50:42.657 -08:00 [INF] Authorization header exists: true
2026-05-07 23:50:42.658 -08:00 [INF] JWT token validated. IsAuthenticated=true
2026-05-07 23:50:42.658 -08:00 [INF] MediatR handling started GetUsersQuery
2026-05-07 23:50:42.659 -08:00 [INF] Access policy check started for users:read
2026-05-07 23:50:42.661 -08:00 [INF] Access policy evaluation for users:read. UserId=4115c88b-86ca-4331-b9f5-dbc2206838d8, Roles=[Admin], ActiveRules=2, SubjectMatched=1, ResourceActionMatched=1, Allows=1, Denies=0, Decision=Allowed
2026-05-07 23:50:42.663 -08:00 [INF] Access policy query filter started for users:read
2026-05-07 23:50:42.665 -08:00 [INF] Access policy query filter for users:read. UserId=4115c88b-86ca-4331-b9f5-dbc2206838d8, Roles=[Admin], ActiveRules=2, SubjectMatched=1, ResourceActionMatched=1, Allows=1, Denies=0
2026-05-07 23:50:42.679 -08:00 [INF] MediatR handling completed GetUsersQuery in 20 ms
2026-05-07 23:50:42.680 -08:00 [INF] HTTP GET /api/Users completed with 200 in 23 ms (0HNLCQPMGS58V:0000004B)
2026-05-07 23:50:43.241 -08:00 [INF] Authorization header exists: true
2026-05-07 23:50:43.242 -08:00 [INF] JWT token validated. IsAuthenticated=true
2026-05-07 23:50:43.243 -08:00 [INF] MediatR handling started GetUsersQuery
2026-05-07 23:50:43.244 -08:00 [INF] Access policy check started for users:read
2026-05-07 23:50:43.246 -08:00 [INF] Access policy evaluation for users:read. UserId=4115c88b-86ca-4331-b9f5-dbc2206838d8, Roles=[Admin], ActiveRules=2, SubjectMatched=1, ResourceActionMatched=1, Allows=1, Denies=0, Decision=Allowed
2026-05-07 23:50:43.248 -08:00 [INF] Access policy query filter started for users:read
2026-05-07 23:50:43.250 -08:00 [INF] Access policy query filter for users:read. UserId=4115c88b-86ca-4331-b9f5-dbc2206838d8, Roles=[Admin], ActiveRules=2, SubjectMatched=1, ResourceActionMatched=1, Allows=1, Denies=0
2026-05-07 23:50:43.263 -08:00 [INF] MediatR handling completed GetUsersQuery in 19 ms
2026-05-07 23:50:43.264 -08:00 [INF] HTTP GET /api/Users completed with 200 in 22 ms (0HNLCQPMGS58V:0000004F)
2026-05-07 23:50:43.667 -08:00 [INF] Authorization header exists: true
2026-05-07 23:50:43.668 -08:00 [INF] JWT token validated. IsAuthenticated=true
2026-05-07 23:50:43.669 -08:00 [INF] MediatR handling started GetUsersQuery
2026-05-07 23:50:43.669 -08:00 [INF] Access policy check started for users:read
2026-05-07 23:50:43.671 -08:00 [INF] Access policy evaluation for users:read. UserId=4115c88b-86ca-4331-b9f5-dbc2206838d8, Roles=[Admin], ActiveRules=2, SubjectMatched=1, ResourceActionMatched=1, Allows=1, Denies=0, Decision=Allowed
2026-05-07 23:50:43.673 -08:00 [INF] Access policy query filter started for users:read
2026-05-07 23:50:43.675 -08:00 [INF] Access policy query filter for users:read. UserId=4115c88b-86ca-4331-b9f5-dbc2206838d8, Roles=[Admin], ActiveRules=2, SubjectMatched=1, ResourceActionMatched=1, Allows=1, Denies=0
2026-05-07 23:50:43.678 -08:00 [INF] MediatR handling completed GetUsersQuery in 9 ms
2026-05-07 23:50:43.679 -08:00 [INF] HTTP GET /api/Users completed with 200 in 12 ms (0HNLCQPMGS58V:00000051)
2026-05-07 23:50:46.541 -08:00 [INF] Authorization header exists: true
2026-05-07 23:50:46.542 -08:00 [INF] JWT token validated. IsAuthenticated=true
2026-05-07 23:50:46.543 -08:00 [INF] MediatR handling started GetUsersQuery
2026-05-07 23:50:46.543 -08:00 [INF] Access policy check started for users:read
2026-05-07 23:50:46.545 -08:00 [INF] Access policy evaluation for users:read. UserId=4115c88b-86ca-4331-b9f5-dbc2206838d8, Roles=[Admin], ActiveRules=2, SubjectMatched=1, ResourceActionMatched=1, Allows=1, Denies=0, Decision=Allowed
2026-05-07 23:50:46.547 -08:00 [INF] Access policy query filter started for users:read
2026-05-07 23:50:46.549 -08:00 [INF] Access policy query filter for users:read. UserId=4115c88b-86ca-4331-b9f5-dbc2206838d8, Roles=[Admin], ActiveRules=2, SubjectMatched=1, ResourceActionMatched=1, Allows=1, Denies=0
2026-05-07 23:50:46.562 -08:00 [INF] MediatR handling completed GetUsersQuery in 19 ms
2026-05-07 23:50:46.563 -08:00 [INF] HTTP GET /api/Users completed with 200 in 22 ms (0HNLCQPMGS58V:00000055)
2026-05-07 23:50:47.875 -08:00 [INF] Authorization header exists: true
2026-05-07 23:50:47.876 -08:00 [INF] JWT token validated. IsAuthenticated=true
2026-05-07 23:50:47.876 -08:00 [INF] MediatR handling started GetUsersQuery
2026-05-07 23:50:47.877 -08:00 [INF] Access policy check started for users:read
2026-05-07 23:50:47.879 -08:00 [INF] Access policy evaluation for users:read. UserId=4115c88b-86ca-4331-b9f5-dbc2206838d8, Roles=[Admin], ActiveRules=2, SubjectMatched=1, ResourceActionMatched=1, Allows=1, Denies=0, Decision=Allowed
2026-05-07 23:50:47.882 -08:00 [INF] Access policy query filter started for users:read
2026-05-07 23:50:47.884 -08:00 [INF] Access policy query filter for users:read. UserId=4115c88b-86ca-4331-b9f5-dbc2206838d8, Roles=[Admin], ActiveRules=2, SubjectMatched=1, ResourceActionMatched=1, Allows=1, Denies=0
2026-05-07 23:50:47.889 -08:00 [INF] MediatR handling completed GetUsersQuery in 12 ms
2026-05-07 23:50:47.890 -08:00 [INF] HTTP GET /api/Users completed with 200 in 15 ms (0HNLCQPMGS58V:00000057)
2026-05-07 23:50:49.680 -08:00 [INF] Authorization header exists: true
2026-05-07 23:50:49.681 -08:00 [INF] JWT token validated. IsAuthenticated=true
2026-05-07 23:50:49.681 -08:00 [INF] MediatR handling started GetUsersQuery
2026-05-07 23:50:49.682 -08:00 [INF] Access policy check started for users:read
2026-05-07 23:50:49.684 -08:00 [INF] Access policy evaluation for users:read. UserId=4115c88b-86ca-4331-b9f5-dbc2206838d8, Roles=[Admin], ActiveRules=2, SubjectMatched=1, ResourceActionMatched=1, Allows=1, Denies=0, Decision=Allowed
2026-05-07 23:50:49.686 -08:00 [INF] Access policy query filter started for users:read
2026-05-07 23:50:49.687 -08:00 [INF] Access policy query filter for users:read. UserId=4115c88b-86ca-4331-b9f5-dbc2206838d8, Roles=[Admin], ActiveRules=2, SubjectMatched=1, ResourceActionMatched=1, Allows=1, Denies=0
2026-05-07 23:50:49.690 -08:00 [INF] MediatR handling completed GetUsersQuery in 8 ms
2026-05-07 23:50:49.691 -08:00 [INF] HTTP GET /api/Users completed with 200 in 11 ms (0HNLCQPMGS58V:0000005B)
2026-05-07 23:50:51.157 -08:00 [INF] Authorization header exists: true
2026-05-07 23:50:51.158 -08:00 [INF] JWT token validated. IsAuthenticated=true
2026-05-07 23:50:51.159 -08:00 [INF] MediatR handling started GetUsersQuery
2026-05-07 23:50:51.160 -08:00 [INF] Access policy check started for users:read
2026-05-07 23:50:51.161 -08:00 [INF] Access policy evaluation for users:read. UserId=4115c88b-86ca-4331-b9f5-dbc2206838d8, Roles=[Admin], ActiveRules=2, SubjectMatched=1, ResourceActionMatched=1, Allows=1, Denies=0, Decision=Allowed
2026-05-07 23:50:51.164 -08:00 [INF] Access policy query filter started for users:read
2026-05-07 23:50:51.165 -08:00 [INF] Access policy query filter for users:read. UserId=4115c88b-86ca-4331-b9f5-dbc2206838d8, Roles=[Admin], ActiveRules=2, SubjectMatched=1, ResourceActionMatched=1, Allows=1, Denies=0
2026-05-07 23:50:51.169 -08:00 [INF] MediatR handling completed GetUsersQuery in 10 ms
2026-05-07 23:50:51.170 -08:00 [INF] HTTP GET /api/Users completed with 200 in 13 ms (0HNLCQPMGS58V:0000005D)
2026-05-07 23:50:53.599 -08:00 [INF] Authorization header exists: true
2026-05-07 23:50:53.600 -08:00 [INF] JWT token validated. IsAuthenticated=true
2026-05-07 23:50:53.601 -08:00 [INF] MediatR handling started GetUsersQuery
2026-05-07 23:50:53.602 -08:00 [INF] Access policy check started for users:read
2026-05-07 23:50:53.604 -08:00 [INF] Access policy evaluation for users:read. UserId=4115c88b-86ca-4331-b9f5-dbc2206838d8, Roles=[Admin], ActiveRules=2, SubjectMatched=1, ResourceActionMatched=1, Allows=1, Denies=0, Decision=Allowed
2026-05-07 23:50:53.606 -08:00 [INF] Access policy query filter started for users:read
2026-05-07 23:50:53.607 -08:00 [INF] Access policy query filter for users:read. UserId=4115c88b-86ca-4331-b9f5-dbc2206838d8, Roles=[Admin], ActiveRules=2, SubjectMatched=1, ResourceActionMatched=1, Allows=1, Denies=0
2026-05-07 23:50:53.610 -08:00 [INF] MediatR handling completed GetUsersQuery in 9 ms
2026-05-07 23:50:53.611 -08:00 [INF] HTTP GET /api/Users completed with 200 in 12 ms (0HNLCQPMGS58V:0000005F)
2026-05-07 23:50:55.534 -08:00 [INF] Authorization header exists: true
2026-05-07 23:50:55.535 -08:00 [INF] JWT token validated. IsAuthenticated=true
2026-05-07 23:50:55.536 -08:00 [INF] MediatR handling started GetUsersQuery
2026-05-07 23:50:55.537 -08:00 [INF] Access policy check started for users:read
2026-05-07 23:50:55.540 -08:00 [INF] Access policy evaluation for users:read. UserId=4115c88b-86ca-4331-b9f5-dbc2206838d8, Roles=[Admin], ActiveRules=2, SubjectMatched=1, ResourceActionMatched=1, Allows=1, Denies=0, Decision=Allowed
2026-05-07 23:50:55.543 -08:00 [INF] Access policy query filter started for users:read
2026-05-07 23:50:55.545 -08:00 [INF] Access policy query filter for users:read. UserId=4115c88b-86ca-4331-b9f5-dbc2206838d8, Roles=[Admin], ActiveRules=2, SubjectMatched=1, ResourceActionMatched=1, Allows=1, Denies=0
2026-05-07 23:50:55.548 -08:00 [INF] MediatR handling completed GetUsersQuery in 11 ms
2026-05-07 23:50:55.549 -08:00 [INF] HTTP GET /api/Users completed with 200 in 14 ms (0HNLCQPMGS58V:00000063)
2026-05-07 23:51:30.990 -08:00 [INF] Authorization header exists: true
2026-05-07 23:51:30.991 -08:00 [INF] JWT token validated. IsAuthenticated=true
2026-05-07 23:51:30.992 -08:00 [INF] MediatR handling started GetUsersQuery
2026-05-07 23:51:30.992 -08:00 [INF] Access policy check started for users:read
2026-05-07 23:51:30.995 -08:00 [INF] Access policy evaluation for users:read. UserId=4115c88b-86ca-4331-b9f5-dbc2206838d8, Roles=[Admin], ActiveRules=2, SubjectMatched=1, ResourceActionMatched=1, Allows=1, Denies=0, Decision=Allowed
2026-05-07 23:51:30.997 -08:00 [INF] Access policy query filter started for users:read
2026-05-07 23:51:30.999 -08:00 [INF] Access policy query filter for users:read. UserId=4115c88b-86ca-4331-b9f5-dbc2206838d8, Roles=[Admin], ActiveRules=2, SubjectMatched=1, ResourceActionMatched=1, Allows=1, Denies=0
2026-05-07 23:51:31.001 -08:00 [INF] MediatR handling completed GetUsersQuery in 9 ms
2026-05-07 23:51:31.002 -08:00 [INF] HTTP GET /api/Users completed with 200 in 12 ms (0HNLCQPMGS58V:00000067)
2026-05-07 23:51:32.421 -08:00 [INF] Authorization header exists: true
2026-05-07 23:51:32.422 -08:00 [INF] JWT token validated. IsAuthenticated=true
2026-05-07 23:51:32.423 -08:00 [INF] MediatR handling started GetUsersQuery
2026-05-07 23:51:32.424 -08:00 [INF] Access policy check started for users:read
2026-05-07 23:51:32.426 -08:00 [INF] Access policy evaluation for users:read. UserId=4115c88b-86ca-4331-b9f5-dbc2206838d8, Roles=[Admin], ActiveRules=2, SubjectMatched=1, ResourceActionMatched=1, Allows=1, Denies=0, Decision=Allowed
2026-05-07 23:51:32.428 -08:00 [INF] Access policy query filter started for users:read
2026-05-07 23:51:32.430 -08:00 [INF] Access policy query filter for users:read. UserId=4115c88b-86ca-4331-b9f5-dbc2206838d8, Roles=[Admin], ActiveRules=2, SubjectMatched=1, ResourceActionMatched=1, Allows=1, Denies=0
2026-05-07 23:51:32.434 -08:00 [INF] MediatR handling completed GetUsersQuery in 10 ms
2026-05-07 23:51:32.435 -08:00 [INF] HTTP GET /api/Users completed with 200 in 14 ms (0HNLCQPMGS58V:0000006B)
2026-05-07 23:51:33.079 -08:00 [INF] Authorization header exists: true
2026-05-07 23:51:33.080 -08:00 [INF] JWT token validated. IsAuthenticated=true
2026-05-07 23:51:33.081 -08:00 [INF] MediatR handling started GetUsersQuery
2026-05-07 23:51:33.082 -08:00 [INF] Access policy check started for users:read
2026-05-07 23:51:33.083 -08:00 [INF] Access policy evaluation for users:read. UserId=4115c88b-86ca-4331-b9f5-dbc2206838d8, Roles=[Admin], ActiveRules=2, SubjectMatched=1, ResourceActionMatched=1, Allows=1, Denies=0, Decision=Allowed
2026-05-07 23:51:33.085 -08:00 [INF] Access policy query filter started for users:read
2026-05-07 23:51:33.087 -08:00 [INF] Access policy query filter for users:read. UserId=4115c88b-86ca-4331-b9f5-dbc2206838d8, Roles=[Admin], ActiveRules=2, SubjectMatched=1, ResourceActionMatched=1, Allows=1, Denies=0
2026-05-07 23:51:33.090 -08:00 [INF] MediatR handling completed GetUsersQuery in 9 ms
2026-05-07 23:51:33.091 -08:00 [INF] HTTP GET /api/Users completed with 200 in 12 ms (0HNLCQPMGS58V:0000006D)
2026-05-07 23:51:33.989 -08:00 [INF] Authorization header exists: true
2026-05-07 23:51:33.990 -08:00 [INF] JWT token validated. IsAuthenticated=true
2026-05-07 23:51:33.999 -08:00 [INF] MediatR handling started GetUserByIdQuery
2026-05-07 23:51:34.003 -08:00 [INF] Access policy check started for users:read
2026-05-07 23:51:34.005 -08:00 [INF] Access policy evaluation for users:read. UserId=4115c88b-86ca-4331-b9f5-dbc2206838d8, Roles=[Admin], ActiveRules=2, SubjectMatched=1, ResourceActionMatched=1, Allows=1, Denies=0, Decision=Allowed
2026-05-07 23:51:34.007 -08:00 [INF] Access policy query filter started for users:read
2026-05-07 23:51:34.009 -08:00 [INF] Access policy query filter for users:read. UserId=4115c88b-86ca-4331-b9f5-dbc2206838d8, Roles=[Admin], ActiveRules=2, SubjectMatched=1, ResourceActionMatched=1, Allows=1, Denies=0
2026-05-07 23:51:34.031 -08:00 [INF] MediatR handling completed GetUserByIdQuery in 32 ms
2026-05-07 23:51:34.035 -08:00 [INF] HTTP GET /api/Users/245f67f5-8ac5-4255-a3de-45cb1d697aba completed with 200 in 46 ms (0HNLCQPMGS58V:00000071)
2026-05-07 23:54:56.179 -08:00 [INF] Authorization header exists: true
2026-05-07 23:54:56.180 -08:00 [INF] JWT token validated. IsAuthenticated=true
2026-05-07 23:54:56.182 -08:00 [INF] MediatR handling started GetUsersQuery
2026-05-07 23:54:56.183 -08:00 [INF] Access policy check started for users:read
2026-05-07 23:54:56.188 -08:00 [INF] Authorization header exists: true
2026-05-07 23:54:56.188 -08:00 [INF] Access policy evaluation for users:read. UserId=4115c88b-86ca-4331-b9f5-dbc2206838d8, Roles=[Admin], ActiveRules=2, SubjectMatched=1, ResourceActionMatched=1, Allows=1, Denies=0, Decision=Allowed
2026-05-07 23:54:56.189 -08:00 [INF] JWT token validated. IsAuthenticated=true
2026-05-07 23:54:56.191 -08:00 [INF] Access policy query filter started for users:read
2026-05-07 23:54:56.191 -08:00 [INF] MediatR handling started GetUsersQuery
2026-05-07 23:54:56.193 -08:00 [INF] Access policy check started for users:read
2026-05-07 23:54:56.194 -08:00 [INF] Access policy query filter for users:read. UserId=4115c88b-86ca-4331-b9f5-dbc2206838d8, Roles=[Admin], ActiveRules=2, SubjectMatched=1, ResourceActionMatched=1, Allows=1, Denies=0
2026-05-07 23:54:56.196 -08:00 [INF] Access policy evaluation for users:read. UserId=4115c88b-86ca-4331-b9f5-dbc2206838d8, Roles=[Admin], ActiveRules=2, SubjectMatched=1, ResourceActionMatched=1, Allows=1, Denies=0, Decision=Allowed
2026-05-07 23:54:56.201 -08:00 [INF] MediatR handling completed GetUsersQuery in 19 ms
2026-05-07 23:54:56.202 -08:00 [INF] Access policy query filter started for users:read
2026-05-07 23:54:56.204 -08:00 [INF] HTTP GET /api/Users completed with 200 in 25 ms (0HNLCQPMGS58V:00000075)
2026-05-07 23:54:56.207 -08:00 [INF] Access policy query filter for users:read. UserId=4115c88b-86ca-4331-b9f5-dbc2206838d8, Roles=[Admin], ActiveRules=2, SubjectMatched=1, ResourceActionMatched=1, Allows=1, Denies=0
2026-05-07 23:54:56.213 -08:00 [INF] MediatR handling completed GetUsersQuery in 21 ms
2026-05-07 23:54:56.215 -08:00 [INF] HTTP GET /api/Users completed with 200 in 26 ms (0HNLCQPMGS58V:00000079)
2026-05-07 23:54:56.324 -08:00 [INF] Authorization header exists: true
2026-05-07 23:54:56.326 -08:00 [INF] JWT token validated. IsAuthenticated=true
2026-05-07 23:54:56.327 -08:00 [INF] MediatR handling started GetUsersQuery
2026-05-07 23:54:56.327 -08:00 [INF] Access policy check started for users:read
2026-05-07 23:54:56.329 -08:00 [INF] Access policy evaluation for users:read. UserId=4115c88b-86ca-4331-b9f5-dbc2206838d8, Roles=[Admin], ActiveRules=2, SubjectMatched=1, ResourceActionMatched=1, Allows=1, Denies=0, Decision=Allowed
2026-05-07 23:54:56.332 -08:00 [INF] Access policy query filter started for users:read
2026-05-07 23:54:56.334 -08:00 [INF] Access policy query filter for users:read. UserId=4115c88b-86ca-4331-b9f5-dbc2206838d8, Roles=[Admin], ActiveRules=2, SubjectMatched=1, ResourceActionMatched=1, Allows=1, Denies=0
2026-05-07 23:54:56.337 -08:00 [INF] MediatR handling completed GetUsersQuery in 10 ms
2026-05-07 23:54:56.339 -08:00 [INF] HTTP GET /api/Users completed with 200 in 14 ms (0HNLCQPMGS58V:0000007B)
2026-05-07 23:55:13.567 -08:00 [INF] Authorization header exists: true
2026-05-07 23:55:13.568 -08:00 [INF] JWT token validated. IsAuthenticated=true
2026-05-07 23:55:13.570 -08:00 [INF] MediatR handling started GetUsersDashboardQuery
2026-05-07 23:55:13.571 -08:00 [INF] Access policy check started for users:read
2026-05-07 23:55:13.606 -08:00 [INF] Access policy evaluation for users:read. UserId=4115c88b-86ca-4331-b9f5-dbc2206838d8, Roles=[Admin], ActiveRules=2, SubjectMatched=1, ResourceActionMatched=1, Allows=1, Denies=0, Decision=Allowed
2026-05-07 23:55:13.609 -08:00 [INF] Access policy query filter started for users:read
2026-05-07 23:55:13.611 -08:00 [INF] Access policy query filter for users:read. UserId=4115c88b-86ca-4331-b9f5-dbc2206838d8, Roles=[Admin], ActiveRules=2, SubjectMatched=1, ResourceActionMatched=1, Allows=1, Denies=0
2026-05-07 23:55:13.620 -08:00 [INF] MediatR handling completed GetUsersDashboardQuery in 50 ms
2026-05-07 23:55:13.622 -08:00 [INF] HTTP GET /api/Users/dashboard completed with 200 in 54 ms (0HNLCQPMGS58V:0000007F)
2026-05-07 23:55:15.560 -08:00 [INF] Authorization header exists: true
2026-05-07 23:55:15.561 -08:00 [INF] Authorization header exists: true
2026-05-07 23:55:15.561 -08:00 [INF] JWT token validated. IsAuthenticated=true
2026-05-07 23:55:15.562 -08:00 [INF] JWT token validated. IsAuthenticated=true
2026-05-07 23:55:15.562 -08:00 [INF] MediatR handling started GetUsersQuery
2026-05-07 23:55:15.563 -08:00 [INF] MediatR handling started GetUsersQuery
2026-05-07 23:55:15.563 -08:00 [INF] Access policy check started for users:read
2026-05-07 23:55:15.564 -08:00 [INF] Access policy check started for users:read
2026-05-07 23:55:15.566 -08:00 [INF] Access policy evaluation for users:read. UserId=4115c88b-86ca-4331-b9f5-dbc2206838d8, Roles=[Admin], ActiveRules=2, SubjectMatched=1, ResourceActionMatched=1, Allows=1, Denies=0, Decision=Allowed
2026-05-07 23:55:15.570 -08:00 [INF] Access policy query filter started for users:read
2026-05-07 23:55:15.571 -08:00 [INF] Access policy query filter for users:read. UserId=4115c88b-86ca-4331-b9f5-dbc2206838d8, Roles=[Admin], ActiveRules=2, SubjectMatched=1, ResourceActionMatched=1, Allows=1, Denies=0
2026-05-07 23:55:15.576 -08:00 [INF] MediatR handling completed GetUsersQuery in 13 ms
2026-05-07 23:55:15.577 -08:00 [INF] HTTP GET /api/Users completed with 200 in 16 ms (0HNLCQPMGS58V:00000085)
2026-05-07 23:55:15.706 -08:00 [INF] Access policy evaluation for users:read. UserId=4115c88b-86ca-4331-b9f5-dbc2206838d8, Roles=[Admin], ActiveRules=2, SubjectMatched=1, ResourceActionMatched=1, Allows=1, Denies=0, Decision=Allowed
2026-05-07 23:55:15.708 -08:00 [INF] Access policy query filter started for users:read
2026-05-07 23:55:15.709 -08:00 [INF] Access policy query filter for users:read. UserId=4115c88b-86ca-4331-b9f5-dbc2206838d8, Roles=[Admin], ActiveRules=2, SubjectMatched=1, ResourceActionMatched=1, Allows=1, Denies=0
2026-05-07 23:55:15.716 -08:00 [INF] MediatR handling completed GetUsersQuery in 152 ms
2026-05-07 23:55:15.717 -08:00 [INF] HTTP GET /api/Users completed with 200 in 156 ms (0HNLCQPMGS58V:00000087)
2026-05-07 23:55:16.943 -08:00 [INF] Authorization header exists: true
2026-05-07 23:55:16.944 -08:00 [INF] JWT token validated. IsAuthenticated=true
2026-05-07 23:55:16.945 -08:00 [INF] MediatR handling started GetUsersDashboardQuery
2026-05-07 23:55:16.946 -08:00 [INF] Access policy check started for users:read
2026-05-07 23:55:16.948 -08:00 [INF] Access policy evaluation for users:read. UserId=4115c88b-86ca-4331-b9f5-dbc2206838d8, Roles=[Admin], ActiveRules=2, SubjectMatched=1, ResourceActionMatched=1, Allows=1, Denies=0, Decision=Allowed
2026-05-07 23:55:16.950 -08:00 [INF] Access policy query filter started for users:read
2026-05-07 23:55:16.952 -08:00 [INF] Access policy query filter for users:read. UserId=4115c88b-86ca-4331-b9f5-dbc2206838d8, Roles=[Admin], ActiveRules=2, SubjectMatched=1, ResourceActionMatched=1, Allows=1, Denies=0
2026-05-07 23:55:16.958 -08:00 [INF] MediatR handling completed GetUsersDashboardQuery in 13 ms
2026-05-07 23:55:16.959 -08:00 [INF] HTTP GET /api/Users/dashboard completed with 200 in 16 ms (0HNLCQPMGS58V:00000089)
2026-05-07 23:55:17.358 -08:00 [INF] Authorization header exists: true
2026-05-07 23:55:17.358 -08:00 [INF] Authorization header exists: true
2026-05-07 23:55:17.359 -08:00 [INF] JWT token validated. IsAuthenticated=true
2026-05-07 23:55:17.360 -08:00 [INF] JWT token validated. IsAuthenticated=true
2026-05-07 23:55:17.361 -08:00 [INF] MediatR handling started GetUsersQuery
2026-05-07 23:55:17.362 -08:00 [INF] MediatR handling started GetUsersQuery
2026-05-07 23:55:17.362 -08:00 [INF] Access policy check started for users:read
2026-05-07 23:55:17.363 -08:00 [INF] Access policy check started for users:read
2026-05-07 23:55:17.364 -08:00 [INF] Access policy evaluation for users:read. UserId=4115c88b-86ca-4331-b9f5-dbc2206838d8, Roles=[Admin], ActiveRules=2, SubjectMatched=1, ResourceActionMatched=1, Allows=1, Denies=0, Decision=Allowed
2026-05-07 23:55:17.365 -08:00 [INF] Access policy evaluation for users:read. UserId=4115c88b-86ca-4331-b9f5-dbc2206838d8, Roles=[Admin], ActiveRules=2, SubjectMatched=1, ResourceActionMatched=1, Allows=1, Denies=0, Decision=Allowed
2026-05-07 23:55:17.367 -08:00 [INF] Access policy query filter started for users:read
2026-05-07 23:55:17.369 -08:00 [INF] Access policy query filter started for users:read
2026-05-07 23:55:17.370 -08:00 [INF] Access policy query filter for users:read. UserId=4115c88b-86ca-4331-b9f5-dbc2206838d8, Roles=[Admin], ActiveRules=2, SubjectMatched=1, ResourceActionMatched=1, Allows=1, Denies=0
2026-05-07 23:55:17.371 -08:00 [INF] Access policy query filter for users:read. UserId=4115c88b-86ca-4331-b9f5-dbc2206838d8, Roles=[Admin], ActiveRules=2, SubjectMatched=1, ResourceActionMatched=1, Allows=1, Denies=0
2026-05-07 23:55:17.374 -08:00 [INF] MediatR handling completed GetUsersQuery in 12 ms
2026-05-07 23:55:17.375 -08:00 [INF] HTTP GET /api/Users completed with 200 in 17 ms (0HNLCQPMGS58V:0000008B)
2026-05-07 23:55:17.376 -08:00 [INF] MediatR handling completed GetUsersQuery in 14 ms
2026-05-07 23:55:17.378 -08:00 [INF] HTTP GET /api/Users completed with 200 in 20 ms (0HNLCQPMGS58V:0000008D)
2026-05-07 23:55:31.760 -08:00 [INF] Authorization header exists: true
2026-05-07 23:55:31.761 -08:00 [INF] JWT token validated. IsAuthenticated=true
2026-05-07 23:55:31.762 -08:00 [INF] MediatR handling started GetUsersQuery
2026-05-07 23:55:31.763 -08:00 [INF] Access policy check started for users:read
2026-05-07 23:55:31.764 -08:00 [INF] Access policy evaluation for users:read. UserId=4115c88b-86ca-4331-b9f5-dbc2206838d8, Roles=[Admin], ActiveRules=2, SubjectMatched=1, ResourceActionMatched=1, Allows=1, Denies=0, Decision=Allowed
2026-05-07 23:55:31.766 -08:00 [INF] Access policy query filter started for users:read
2026-05-07 23:55:31.768 -08:00 [INF] Access policy query filter for users:read. UserId=4115c88b-86ca-4331-b9f5-dbc2206838d8, Roles=[Admin], ActiveRules=2, SubjectMatched=1, ResourceActionMatched=1, Allows=1, Denies=0
2026-05-07 23:55:31.789 -08:00 [INF] MediatR handling completed GetUsersQuery in 27 ms
2026-05-07 23:55:31.791 -08:00 [INF] HTTP GET /api/Users completed with 200 in 30 ms (0HNLCQPMGS58V:00000091)
2026-05-07 23:55:33.382 -08:00 [INF] Authorization header exists: true
2026-05-07 23:55:33.384 -08:00 [INF] JWT token validated. IsAuthenticated=true
2026-05-07 23:55:33.385 -08:00 [INF] MediatR handling started GetUsersQuery
2026-05-07 23:55:33.387 -08:00 [INF] Access policy check started for users:read
2026-05-07 23:55:33.390 -08:00 [INF] Access policy evaluation for users:read. UserId=4115c88b-86ca-4331-b9f5-dbc2206838d8, Roles=[Admin], ActiveRules=2, SubjectMatched=1, ResourceActionMatched=1, Allows=1, Denies=0, Decision=Allowed
2026-05-07 23:55:33.392 -08:00 [INF] Access policy query filter started for users:read
2026-05-07 23:55:33.394 -08:00 [INF] Access policy query filter for users:read. UserId=4115c88b-86ca-4331-b9f5-dbc2206838d8, Roles=[Admin], ActiveRules=2, SubjectMatched=1, ResourceActionMatched=1, Allows=1, Denies=0
2026-05-07 23:55:33.398 -08:00 [INF] MediatR handling completed GetUsersQuery in 12 ms
2026-05-07 23:55:33.399 -08:00 [INF] HTTP GET /api/Users completed with 200 in 16 ms (0HNLCQPMGS58V:00000095)
2026-05-07 23:55:35.697 -08:00 [INF] Authorization header exists: true
2026-05-07 23:55:35.698 -08:00 [INF] JWT token validated. IsAuthenticated=true
2026-05-07 23:55:35.700 -08:00 [INF] MediatR handling started GetUsersQuery
2026-05-07 23:55:35.700 -08:00 [INF] Access policy check started for users:read
2026-05-07 23:55:35.703 -08:00 [INF] Access policy evaluation for users:read. UserId=4115c88b-86ca-4331-b9f5-dbc2206838d8, Roles=[Admin], ActiveRules=2, SubjectMatched=1, ResourceActionMatched=1, Allows=1, Denies=0, Decision=Allowed
2026-05-07 23:55:35.705 -08:00 [INF] Access policy query filter started for users:read
2026-05-07 23:55:35.708 -08:00 [INF] Access policy query filter for users:read. UserId=4115c88b-86ca-4331-b9f5-dbc2206838d8, Roles=[Admin], ActiveRules=2, SubjectMatched=1, ResourceActionMatched=1, Allows=1, Denies=0
2026-05-07 23:55:35.711 -08:00 [INF] MediatR handling completed GetUsersQuery in 11 ms
2026-05-07 23:55:35.713 -08:00 [INF] HTTP GET /api/Users completed with 200 in 15 ms (0HNLCQPMGS58V:00000099)
2026-05-07 23:55:50.677 -08:00 [INF] Authorization header exists: true
2026-05-07 23:55:50.678 -08:00 [INF] JWT token validated. IsAuthenticated=true
2026-05-07 23:55:50.680 -08:00 [INF] MediatR handling started GetRolesQuery
2026-05-07 23:55:50.681 -08:00 [INF] Access policy check started for roles:read
2026-05-07 23:55:50.682 -08:00 [INF] Access policy evaluation for roles:read. UserId=4115c88b-86ca-4331-b9f5-dbc2206838d8, Roles=[Admin], ActiveRules=2, SubjectMatched=1, ResourceActionMatched=1, Allows=1, Denies=0, Decision=Allowed
2026-05-07 23:55:50.685 -08:00 [INF] MediatR handling completed GetRolesQuery in 5 ms
2026-05-07 23:55:50.686 -08:00 [INF] HTTP GET /api/Roles completed with 200 in 9 ms (0HNLCQPMGS58V:0000009D)
2026-05-07 23:55:52.695 -08:00 [INF] Authorization header exists: true
2026-05-07 23:55:52.695 -08:00 [INF] JWT token validated. IsAuthenticated=true
2026-05-07 23:55:52.696 -08:00 [INF] MediatR handling started ListAccessPoliciesQuery
2026-05-07 23:55:52.697 -08:00 [INF] Access policy check started for accessPolicies:read
2026-05-07 23:55:52.699 -08:00 [INF] Access policy evaluation for accessPolicies:read. UserId=4115c88b-86ca-4331-b9f5-dbc2206838d8, Roles=[Admin], ActiveRules=2, SubjectMatched=1, ResourceActionMatched=1, Allows=1, Denies=0, Decision=Allowed
2026-05-07 23:55:52.702 -08:00 [INF] MediatR handling completed ListAccessPoliciesQuery in 5 ms
2026-05-07 23:55:52.703 -08:00 [INF] HTTP GET /api/AccessPolicies completed with 200 in 8 ms (0HNLCQPMGS58V:000000A1)
2026-05-07 23:56:07.414 -08:00 [INF] Authorization header exists: true
2026-05-07 23:56:07.415 -08:00 [INF] Authorization header exists: true
2026-05-07 23:56:07.415 -08:00 [INF] JWT token validated. IsAuthenticated=true
2026-05-07 23:56:07.416 -08:00 [INF] JWT token validated. IsAuthenticated=true
2026-05-07 23:56:07.418 -08:00 [INF] MediatR handling started GetLogsQuery
2026-05-07 23:56:07.418 -08:00 [INF] MediatR handling started GetLogsQuery
2026-05-07 23:56:07.419 -08:00 [INF] Access policy check started for logs:read
2026-05-07 23:56:07.420 -08:00 [INF] Access policy check started for logs:read
2026-05-07 23:56:07.422 -08:00 [INF] Access policy evaluation for logs:read. UserId=4115c88b-86ca-4331-b9f5-dbc2206838d8, Roles=[Admin], ActiveRules=2, SubjectMatched=1, ResourceActionMatched=1, Allows=1, Denies=0, Decision=Allowed
2026-05-07 23:56:07.423 -08:00 [INF] Access policy evaluation for logs:read. UserId=4115c88b-86ca-4331-b9f5-dbc2206838d8, Roles=[Admin], ActiveRules=2, SubjectMatched=1, ResourceActionMatched=1, Allows=1, Denies=0, Decision=Allowed
2026-05-07 23:56:07.427 -08:00 [INF] MediatR handling completed GetLogsQuery in 8 ms
2026-05-07 23:56:07.430 -08:00 [INF] HTTP GET /api/Logs completed with 200 in 15 ms (0HNLCQPMGS58V:000000A9)
2026-05-07 23:56:07.432 -08:00 [INF] MediatR handling completed GetLogsQuery in 14 ms
2026-05-07 23:56:07.436 -08:00 [INF] HTTP GET /api/Logs completed with 200 in 21 ms (0HNLCQPMGS58V:000000A7)
2026-05-07 23:56:09.811 -08:00 [INF] Authorization header exists: true
2026-05-07 23:56:09.811 -08:00 [INF] JWT token validated. IsAuthenticated=true
2026-05-07 23:56:09.819 -08:00 [INF] MediatR handling started GetLogByIdQuery
2026-05-07 23:56:09.821 -08:00 [INF] Access policy check started for logs:read
2026-05-07 23:56:09.823 -08:00 [INF] Access policy evaluation for logs:read. UserId=4115c88b-86ca-4331-b9f5-dbc2206838d8, Roles=[Admin], ActiveRules=2, SubjectMatched=1, ResourceActionMatched=1, Allows=1, Denies=0, Decision=Allowed
2026-05-07 23:56:09.833 -08:00 [INF] MediatR handling completed GetLogByIdQuery in 14 ms
2026-05-07 23:56:09.834 -08:00 [INF] HTTP GET /api/Logs/938 completed with 200 in 23 ms (0HNLCQPMGS58V:000000AD)
2026-05-07 23:56:24.479 -08:00 [INF] Authorization header exists: true
2026-05-07 23:56:24.480 -08:00 [INF] JWT token validated. IsAuthenticated=true
2026-05-07 23:56:24.481 -08:00 [INF] MediatR handling started GetUsersDashboardQuery
2026-05-07 23:56:24.482 -08:00 [INF] Access policy check started for users:read
2026-05-07 23:56:24.484 -08:00 [INF] Access policy evaluation for users:read. UserId=4115c88b-86ca-4331-b9f5-dbc2206838d8, Roles=[Admin], ActiveRules=2, SubjectMatched=1, ResourceActionMatched=1, Allows=1, Denies=0, Decision=Allowed
2026-05-07 23:56:24.487 -08:00 [INF] Access policy query filter started for users:read
2026-05-07 23:56:24.488 -08:00 [INF] Access policy query filter for users:read. UserId=4115c88b-86ca-4331-b9f5-dbc2206838d8, Roles=[Admin], ActiveRules=2, SubjectMatched=1, ResourceActionMatched=1, Allows=1, Denies=0
2026-05-07 23:56:24.496 -08:00 [INF] MediatR handling completed GetUsersDashboardQuery in 15 ms
2026-05-07 23:56:24.498 -08:00 [INF] HTTP GET /api/Users/dashboard completed with 200 in 18 ms (0HNLCQPMGS58V:000000B1)
2026-05-07 23:56:24.509 -08:00 [INF] Authorization header exists: true
2026-05-07 23:56:24.510 -08:00 [INF] JWT token validated. IsAuthenticated=true
2026-05-07 23:56:24.511 -08:00 [INF] MediatR handling started GetUsersDashboardQuery
2026-05-07 23:56:24.512 -08:00 [INF] Access policy check started for users:read
2026-05-07 23:56:24.514 -08:00 [INF] Access policy evaluation for users:read. UserId=4115c88b-86ca-4331-b9f5-dbc2206838d8, Roles=[Admin], ActiveRules=2, SubjectMatched=1, ResourceActionMatched=1, Allows=1, Denies=0, Decision=Allowed
2026-05-07 23:56:24.517 -08:00 [INF] Access policy query filter started for users:read
2026-05-07 23:56:24.520 -08:00 [INF] Access policy query filter for users:read. UserId=4115c88b-86ca-4331-b9f5-dbc2206838d8, Roles=[Admin], ActiveRules=2, SubjectMatched=1, ResourceActionMatched=1, Allows=1, Denies=0
2026-05-07 23:56:24.530 -08:00 [INF] MediatR handling completed GetUsersDashboardQuery in 19 ms
2026-05-07 23:56:24.532 -08:00 [INF] HTTP GET /api/Users/dashboard completed with 200 in 23 ms (0HNLCQPMGS58V:000000B3)
2026-05-07 23:56:25.197 -08:00 [INF] Authorization header exists: true
2026-05-07 23:56:25.198 -08:00 [INF] JWT token validated. IsAuthenticated=true
2026-05-07 23:56:25.199 -08:00 [INF] MediatR handling started GetUsersDashboardQuery
2026-05-07 23:56:25.200 -08:00 [INF] Access policy check started for users:read
2026-05-07 23:56:25.202 -08:00 [INF] Access policy evaluation for users:read. UserId=4115c88b-86ca-4331-b9f5-dbc2206838d8, Roles=[Admin], ActiveRules=2, SubjectMatched=1, ResourceActionMatched=1, Allows=1, Denies=0, Decision=Allowed
2026-05-07 23:56:25.205 -08:00 [INF] Access policy query filter started for users:read
2026-05-07 23:56:25.207 -08:00 [INF] Access policy query filter for users:read. UserId=4115c88b-86ca-4331-b9f5-dbc2206838d8, Roles=[Admin], ActiveRules=2, SubjectMatched=1, ResourceActionMatched=1, Allows=1, Denies=0
2026-05-07 23:56:25.218 -08:00 [INF] MediatR handling completed GetUsersDashboardQuery in 18 ms
2026-05-07 23:56:25.219 -08:00 [INF] HTTP GET /api/Users/dashboard completed with 200 in 21 ms (0HNLCQPMGS58V:000000B5)
2026-05-07 23:56:25.220 -08:00 [INF] Authorization header exists: true
2026-05-07 23:56:25.222 -08:00 [INF] JWT token validated. IsAuthenticated=true
2026-05-07 23:56:25.223 -08:00 [INF] MediatR handling started GetUsersDashboardQuery
2026-05-07 23:56:25.224 -08:00 [INF] Access policy check started for users:read
2026-05-07 23:56:25.225 -08:00 [INF] Access policy evaluation for users:read. UserId=4115c88b-86ca-4331-b9f5-dbc2206838d8, Roles=[Admin], ActiveRules=2, SubjectMatched=1, ResourceActionMatched=1, Allows=1, Denies=0, Decision=Allowed
2026-05-07 23:56:25.228 -08:00 [INF] Access policy query filter started for users:read
2026-05-07 23:56:25.230 -08:00 [INF] Access policy query filter for users:read. UserId=4115c88b-86ca-4331-b9f5-dbc2206838d8, Roles=[Admin], ActiveRules=2, SubjectMatched=1, ResourceActionMatched=1, Allows=1, Denies=0
2026-05-07 23:56:25.237 -08:00 [INF] MediatR handling completed GetUsersDashboardQuery in 13 ms
2026-05-07 23:56:25.238 -08:00 [INF] HTTP GET /api/Users/dashboard completed with 200 in 17 ms (0HNLCQPMGS58V:000000B7)
2026-05-07 23:56:26.614 -08:00 [INF] Authorization header exists: true
2026-05-07 23:56:26.615 -08:00 [INF] JWT token validated. IsAuthenticated=true
2026-05-07 23:56:26.616 -08:00 [INF] MediatR handling started GetUsersDashboardQuery
2026-05-07 23:56:26.616 -08:00 [INF] Access policy check started for users:read
2026-05-07 23:56:26.619 -08:00 [INF] Access policy evaluation for users:read. UserId=4115c88b-86ca-4331-b9f5-dbc2206838d8, Roles=[Admin], ActiveRules=2, SubjectMatched=1, ResourceActionMatched=1, Allows=1, Denies=0, Decision=Allowed
2026-05-07 23:56:26.622 -08:00 [INF] Access policy query filter started for users:read
2026-05-07 23:56:26.624 -08:00 [INF] Access policy query filter for users:read. UserId=4115c88b-86ca-4331-b9f5-dbc2206838d8, Roles=[Admin], ActiveRules=2, SubjectMatched=1, ResourceActionMatched=1, Allows=1, Denies=0
2026-05-07 23:56:26.634 -08:00 [INF] MediatR handling completed GetUsersDashboardQuery in 17 ms
2026-05-07 23:56:26.635 -08:00 [INF] HTTP GET /api/Users/dashboard completed with 200 in 20 ms (0HNLCQPMGS58V:000000B9)
2026-05-07 23:56:26.636 -08:00 [INF] Authorization header exists: true
2026-05-07 23:56:26.638 -08:00 [INF] JWT token validated. IsAuthenticated=true
2026-05-07 23:56:26.639 -08:00 [INF] MediatR handling started GetUsersDashboardQuery
2026-05-07 23:56:26.640 -08:00 [INF] Access policy check started for users:read
2026-05-07 23:56:26.642 -08:00 [INF] Access policy evaluation for users:read. UserId=4115c88b-86ca-4331-b9f5-dbc2206838d8, Roles=[Admin], ActiveRules=2, SubjectMatched=1, ResourceActionMatched=1, Allows=1, Denies=0, Decision=Allowed
2026-05-07 23:56:26.643 -08:00 [INF] Access policy query filter started for users:read
2026-05-07 23:56:26.645 -08:00 [INF] Access policy query filter for users:read. UserId=4115c88b-86ca-4331-b9f5-dbc2206838d8, Roles=[Admin], ActiveRules=2, SubjectMatched=1, ResourceActionMatched=1, Allows=1, Denies=0
2026-05-07 23:56:26.652 -08:00 [INF] MediatR handling completed GetUsersDashboardQuery in 13 ms
2026-05-07 23:56:26.653 -08:00 [INF] HTTP GET /api/Users/dashboard completed with 200 in 17 ms (0HNLCQPMGS58V:000000BB)
2026-05-07 23:56:27.005 -08:00 [INF] Authorization header exists: true
2026-05-07 23:56:27.006 -08:00 [INF] JWT token validated. IsAuthenticated=true
2026-05-07 23:56:27.007 -08:00 [INF] MediatR handling started GetUsersDashboardQuery
2026-05-07 23:56:27.008 -08:00 [INF] Access policy check started for users:read
2026-05-07 23:56:27.010 -08:00 [INF] Access policy evaluation for users:read. UserId=4115c88b-86ca-4331-b9f5-dbc2206838d8, Roles=[Admin], ActiveRules=2, SubjectMatched=1, ResourceActionMatched=1, Allows=1, Denies=0, Decision=Allowed
2026-05-07 23:56:27.012 -08:00 [INF] Access policy query filter started for users:read
2026-05-07 23:56:27.014 -08:00 [INF] Access policy query filter for users:read. UserId=4115c88b-86ca-4331-b9f5-dbc2206838d8, Roles=[Admin], ActiveRules=2, SubjectMatched=1, ResourceActionMatched=1, Allows=1, Denies=0
2026-05-07 23:56:27.023 -08:00 [INF] MediatR handling completed GetUsersDashboardQuery in 15 ms
2026-05-07 23:56:27.024 -08:00 [INF] HTTP GET /api/Users/dashboard completed with 200 in 19 ms (0HNLCQPMGS58V:000000BD)
2026-05-07 23:56:27.026 -08:00 [INF] Authorization header exists: true
2026-05-07 23:56:27.028 -08:00 [INF] JWT token validated. IsAuthenticated=true
2026-05-07 23:56:27.029 -08:00 [INF] MediatR handling started GetUsersDashboardQuery
2026-05-07 23:56:27.030 -08:00 [INF] Access policy check started for users:read
2026-05-07 23:56:27.032 -08:00 [INF] Access policy evaluation for users:read. UserId=4115c88b-86ca-4331-b9f5-dbc2206838d8, Roles=[Admin], ActiveRules=2, SubjectMatched=1, ResourceActionMatched=1, Allows=1, Denies=0, Decision=Allowed
2026-05-07 23:56:27.035 -08:00 [INF] Access policy query filter started for users:read
2026-05-07 23:56:27.037 -08:00 [INF] Access policy query filter for users:read. UserId=4115c88b-86ca-4331-b9f5-dbc2206838d8, Roles=[Admin], ActiveRules=2, SubjectMatched=1, ResourceActionMatched=1, Allows=1, Denies=0
2026-05-07 23:56:27.044 -08:00 [INF] MediatR handling completed GetUsersDashboardQuery in 14 ms
2026-05-07 23:56:27.045 -08:00 [INF] HTTP GET /api/Users/dashboard completed with 200 in 19 ms (0HNLCQPMGS58V:000000BF)
2026-05-07 23:56:27.247 -08:00 [INF] Authorization header exists: true
2026-05-07 23:56:27.249 -08:00 [INF] JWT token validated. IsAuthenticated=true
2026-05-07 23:56:27.250 -08:00 [INF] MediatR handling started GetUsersDashboardQuery
2026-05-07 23:56:27.251 -08:00 [INF] Access policy check started for users:read
2026-05-07 23:56:27.254 -08:00 [INF] Access policy evaluation for users:read. UserId=4115c88b-86ca-4331-b9f5-dbc2206838d8, Roles=[Admin], ActiveRules=2, SubjectMatched=1, ResourceActionMatched=1, Allows=1, Denies=0, Decision=Allowed
2026-05-07 23:56:27.258 -08:00 [INF] Access policy query filter started for users:read
2026-05-07 23:56:27.260 -08:00 [INF] Access policy query filter for users:read. UserId=4115c88b-86ca-4331-b9f5-dbc2206838d8, Roles=[Admin], ActiveRules=2, SubjectMatched=1, ResourceActionMatched=1, Allows=1, Denies=0
2026-05-07 23:56:27.273 -08:00 [INF] MediatR handling completed GetUsersDashboardQuery in 23 ms
2026-05-07 23:56:27.275 -08:00 [INF] HTTP GET /api/Users/dashboard completed with 200 in 27 ms (0HNLCQPMGS58V:000000C1)
2026-05-07 23:56:27.277 -08:00 [INF] Authorization header exists: true
2026-05-07 23:56:27.278 -08:00 [INF] JWT token validated. IsAuthenticated=true
2026-05-07 23:56:27.279 -08:00 [INF] MediatR handling started GetUsersDashboardQuery
2026-05-07 23:56:27.280 -08:00 [INF] Access policy check started for users:read
2026-05-07 23:56:27.282 -08:00 [INF] Access policy evaluation for users:read. UserId=4115c88b-86ca-4331-b9f5-dbc2206838d8, Roles=[Admin], ActiveRules=2, SubjectMatched=1, ResourceActionMatched=1, Allows=1, Denies=0, Decision=Allowed
2026-05-07 23:56:27.285 -08:00 [INF] Access policy query filter started for users:read
2026-05-07 23:56:27.287 -08:00 [INF] Access policy query filter for users:read. UserId=4115c88b-86ca-4331-b9f5-dbc2206838d8, Roles=[Admin], ActiveRules=2, SubjectMatched=1, ResourceActionMatched=1, Allows=1, Denies=0
2026-05-07 23:56:27.294 -08:00 [INF] MediatR handling completed GetUsersDashboardQuery in 14 ms
2026-05-07 23:56:27.295 -08:00 [INF] HTTP GET /api/Users/dashboard completed with 200 in 18 ms (0HNLCQPMGS58V:000000C3)
2026-05-07 23:56:28.468 -08:00 [INF] Authorization header exists: true
2026-05-07 23:56:28.470 -08:00 [INF] JWT token validated. IsAuthenticated=true
2026-05-07 23:56:28.472 -08:00 [INF] MediatR handling started GetRolesQuery
2026-05-07 23:56:28.473 -08:00 [INF] Access policy check started for roles:read
2026-05-07 23:56:28.476 -08:00 [INF] Access policy evaluation for roles:read. UserId=4115c88b-86ca-4331-b9f5-dbc2206838d8, Roles=[Admin], ActiveRules=2, SubjectMatched=1, ResourceActionMatched=1, Allows=1, Denies=0, Decision=Allowed
2026-05-07 23:56:28.480 -08:00 [INF] MediatR handling completed GetRolesQuery in 7 ms
2026-05-07 23:56:28.481 -08:00 [INF] HTTP GET /api/Roles completed with 200 in 13 ms (0HNLCQPMGS58V:000000C7)
2026-05-07 23:56:29.156 -08:00 [INF] Authorization header exists: true
2026-05-07 23:56:29.157 -08:00 [INF] JWT token validated. IsAuthenticated=true
2026-05-07 23:56:29.159 -08:00 [INF] MediatR handling started ListAccessPoliciesQuery
2026-05-07 23:56:29.160 -08:00 [INF] Access policy check started for accessPolicies:read
2026-05-07 23:56:29.162 -08:00 [INF] Access policy evaluation for accessPolicies:read. UserId=4115c88b-86ca-4331-b9f5-dbc2206838d8, Roles=[Admin], ActiveRules=2, SubjectMatched=1, ResourceActionMatched=1, Allows=1, Denies=0, Decision=Allowed
2026-05-07 23:56:29.164 -08:00 [INF] MediatR handling completed ListAccessPoliciesQuery in 5 ms
2026-05-07 23:56:29.166 -08:00 [INF] HTTP GET /api/AccessPolicies completed with 200 in 10 ms (0HNLCQPMGS58V:000000CB)
2026-05-07 23:56:30.066 -08:00 [INF] Authorization header exists: true
2026-05-07 23:56:30.068 -08:00 [INF] JWT token validated. IsAuthenticated=true
2026-05-07 23:56:30.068 -08:00 [INF] Authorization header exists: true
2026-05-07 23:56:30.069 -08:00 [INF] MediatR handling started GetLogsQuery
2026-05-07 23:56:30.070 -08:00 [INF] JWT token validated. IsAuthenticated=true
2026-05-07 23:56:30.070 -08:00 [INF] Access policy check started for logs:read
2026-05-07 23:56:30.071 -08:00 [INF] MediatR handling started GetLogsQuery
2026-05-07 23:56:30.072 -08:00 [INF] Access policy check started for logs:read
2026-05-07 23:56:30.072 -08:00 [INF] Access policy evaluation for logs:read. UserId=4115c88b-86ca-4331-b9f5-dbc2206838d8, Roles=[Admin], ActiveRules=2, SubjectMatched=1, ResourceActionMatched=1, Allows=1, Denies=0, Decision=Allowed
2026-05-07 23:56:30.074 -08:00 [INF] Access policy evaluation for logs:read. UserId=4115c88b-86ca-4331-b9f5-dbc2206838d8, Roles=[Admin], ActiveRules=2, SubjectMatched=1, ResourceActionMatched=1, Allows=1, Denies=0, Decision=Allowed
2026-05-07 23:56:30.078 -08:00 [INF] MediatR handling completed GetLogsQuery in 9 ms
2026-05-07 23:56:30.079 -08:00 [INF] HTTP GET /api/Logs completed with 200 in 13 ms (0HNLCQPMGS58V:000000D1)
2026-05-07 23:56:30.080 -08:00 [INF] MediatR handling completed GetLogsQuery in 8 ms
2026-05-07 23:56:30.082 -08:00 [INF] HTTP GET /api/Logs completed with 200 in 14 ms (0HNLCQPMGS58V:000000D3)
2026-05-07 23:56:43.898 -08:00 [INF] Authorization header exists: true
2026-05-07 23:56:43.899 -08:00 [INF] JWT token validated. IsAuthenticated=true
2026-05-07 23:56:43.901 -08:00 [INF] MediatR handling started GetUsersDashboardQuery
2026-05-07 23:56:43.902 -08:00 [INF] Access policy check started for users:read
2026-05-07 23:56:43.905 -08:00 [INF] Access policy evaluation for users:read. UserId=4115c88b-86ca-4331-b9f5-dbc2206838d8, Roles=[Admin], ActiveRules=2, SubjectMatched=1, ResourceActionMatched=1, Allows=1, Denies=0, Decision=Allowed
2026-05-07 23:56:43.908 -08:00 [INF] Access policy query filter started for users:read
2026-05-07 23:56:43.911 -08:00 [INF] Access policy query filter for users:read. UserId=4115c88b-86ca-4331-b9f5-dbc2206838d8, Roles=[Admin], ActiveRules=2, SubjectMatched=1, ResourceActionMatched=1, Allows=1, Denies=0
2026-05-07 23:56:43.923 -08:00 [INF] MediatR handling completed GetUsersDashboardQuery in 22 ms
2026-05-07 23:56:43.924 -08:00 [INF] HTTP GET /api/Users/dashboard completed with 200 in 26 ms (0HNLCQPMGS58V:000000D7)
2026-05-07 23:56:43.933 -08:00 [INF] Authorization header exists: true
2026-05-07 23:56:43.934 -08:00 [INF] JWT token validated. IsAuthenticated=true
2026-05-07 23:56:43.935 -08:00 [INF] MediatR handling started GetUsersDashboardQuery
2026-05-07 23:56:43.936 -08:00 [INF] Access policy check started for users:read
2026-05-07 23:56:43.938 -08:00 [INF] Access policy evaluation for users:read. UserId=4115c88b-86ca-4331-b9f5-dbc2206838d8, Roles=[Admin], ActiveRules=2, SubjectMatched=1, ResourceActionMatched=1, Allows=1, Denies=0, Decision=Allowed
2026-05-07 23:56:43.941 -08:00 [INF] Access policy query filter started for users:read
2026-05-07 23:56:43.942 -08:00 [INF] Access policy query filter for users:read. UserId=4115c88b-86ca-4331-b9f5-dbc2206838d8, Roles=[Admin], ActiveRules=2, SubjectMatched=1, ResourceActionMatched=1, Allows=1, Denies=0
2026-05-07 23:56:43.951 -08:00 [INF] MediatR handling completed GetUsersDashboardQuery in 16 ms
2026-05-07 23:56:43.952 -08:00 [INF] HTTP GET /api/Users/dashboard completed with 200 in 19 ms (0HNLCQPMGS58V:000000D9)
2026-05-07 23:56:49.103 -08:00 [INF] Authorization header exists: true
2026-05-07 23:56:49.104 -08:00 [INF] Authorization header exists: true
2026-05-07 23:56:49.104 -08:00 [INF] JWT token validated. IsAuthenticated=true
2026-05-07 23:56:49.105 -08:00 [INF] JWT token validated. IsAuthenticated=true
2026-05-07 23:56:49.107 -08:00 [INF] MediatR handling started GetErrorLogsQuery
2026-05-07 23:56:49.108 -08:00 [INF] MediatR handling started GetErrorLogsQuery
2026-05-07 23:56:49.109 -08:00 [INF] Access policy check started for errorLogs:read
2026-05-07 23:56:49.110 -08:00 [INF] Access policy check started for errorLogs:read
2026-05-07 23:56:49.113 -08:00 [INF] Access policy evaluation for errorLogs:read. UserId=4115c88b-86ca-4331-b9f5-dbc2206838d8, Roles=[Admin], ActiveRules=2, SubjectMatched=1, ResourceActionMatched=1, Allows=1, Denies=0, Decision=Allowed
2026-05-07 23:56:49.113 -08:00 [INF] Access policy evaluation for errorLogs:read. UserId=4115c88b-86ca-4331-b9f5-dbc2206838d8, Roles=[Admin], ActiveRules=2, SubjectMatched=1, ResourceActionMatched=1, Allows=1, Denies=0, Decision=Allowed
2026-05-07 23:56:49.121 -08:00 [INF] MediatR handling completed GetErrorLogsQuery in 14 ms
2026-05-07 23:56:49.123 -08:00 [INF] HTTP GET /api/error-logs completed with 200 in 19 ms (0HNLCQPMGS58V:000000E1)
2026-05-07 23:56:49.123 -08:00 [INF] MediatR handling completed GetErrorLogsQuery in 15 ms
2026-05-07 23:56:49.127 -08:00 [INF] HTTP GET /api/error-logs completed with 200 in 23 ms (0HNLCQPMGS58V:000000DF)
2026-05-07 23:56:49.224 -08:00 [INF] Authorization header exists: true
2026-05-07 23:56:49.225 -08:00 [INF] JWT token validated. IsAuthenticated=true
2026-05-07 23:56:49.226 -08:00 [INF] MediatR handling started GetErrorLogsQuery
2026-05-07 23:56:49.226 -08:00 [INF] Access policy check started for errorLogs:read
2026-05-07 23:56:49.229 -08:00 [INF] Access policy evaluation for errorLogs:read. UserId=4115c88b-86ca-4331-b9f5-dbc2206838d8, Roles=[Admin], ActiveRules=2, SubjectMatched=1, ResourceActionMatched=1, Allows=1, Denies=0, Decision=Allowed
2026-05-07 23:56:49.233 -08:00 [INF] MediatR handling completed GetErrorLogsQuery in 7 ms
2026-05-07 23:56:49.235 -08:00 [INF] HTTP GET /api/error-logs completed with 200 in 11 ms (0HNLCQPMGS58V:000000E3)
2026-05-07 23:56:54.378 -08:00 [INF] Authorization header exists: true
2026-05-07 23:56:54.379 -08:00 [INF] Authorization header exists: true
2026-05-07 23:56:54.379 -08:00 [INF] JWT token validated. IsAuthenticated=true
2026-05-07 23:56:54.380 -08:00 [INF] JWT token validated. IsAuthenticated=true
2026-05-07 23:56:54.381 -08:00 [INF] MediatR handling started GetLogsQuery
2026-05-07 23:56:54.382 -08:00 [INF] MediatR handling started GetLogsQuery
2026-05-07 23:56:54.383 -08:00 [INF] Access policy check started for logs:read
2026-05-07 23:56:54.383 -08:00 [INF] Access policy check started for logs:read
2026-05-07 23:56:54.385 -08:00 [INF] Access policy evaluation for logs:read. UserId=4115c88b-86ca-4331-b9f5-dbc2206838d8, Roles=[Admin], ActiveRules=2, SubjectMatched=1, ResourceActionMatched=1, Allows=1, Denies=0, Decision=Allowed
2026-05-07 23:56:54.386 -08:00 [INF] Access policy evaluation for logs:read. UserId=4115c88b-86ca-4331-b9f5-dbc2206838d8, Roles=[Admin], ActiveRules=2, SubjectMatched=1, ResourceActionMatched=1, Allows=1, Denies=0, Decision=Allowed
2026-05-07 23:56:54.390 -08:00 [INF] MediatR handling completed GetLogsQuery in 8 ms
2026-05-07 23:56:54.392 -08:00 [INF] MediatR handling completed GetLogsQuery in 10 ms
2026-05-07 23:56:54.392 -08:00 [INF] HTTP GET /api/Logs completed with 200 in 14 ms (0HNLCQPMGS58V:000000E9)
2026-05-07 23:56:54.394 -08:00 [INF] HTTP GET /api/Logs completed with 200 in 15 ms (0HNLCQPMGS58V:000000EB)
2026-05-07 23:57:07.295 -08:00 [INF] Authorization header exists: true
2026-05-07 23:57:07.296 -08:00 [INF] JWT token validated. IsAuthenticated=true
2026-05-07 23:57:07.296 -08:00 [INF] MediatR handling started GetLogsQuery
2026-05-07 23:57:07.348 -08:00 [ERR] MediatR handling failed GetLogsQuery after 51 ms
FluentValidation.ValidationException: Validation failed: 
 -- Sort.Field: Sort field must be 'timestamp'. Severity: Error
   at algo.Application.Behaviors.ValidationBehavior`2.Handle(TRequest request, RequestHandlerDelegate`1 next, CancellationToken cancellationToken) in C:\PrivateProject\algo.bytes\src\algo.Application\Behaviors\ValidationBehavior.cs:line 25
   at algo.Application.Behaviors.LoggingBehavior`2.Handle(TRequest request, RequestHandlerDelegate`1 next, CancellationToken cancellationToken) in C:\PrivateProject\algo.bytes\src\algo.Application\Behaviors\LoggingBehavior.cs:line 31
2026-05-07 23:57:07.435 -08:00 [INF] HTTP GET /api/Logs completed with 400 in 140 ms (0HNLCQPMGS58V:000000EF)
2026-05-07 23:57:08.236 -08:00 [INF] Authorization header exists: true
2026-05-07 23:57:08.237 -08:00 [INF] JWT token validated. IsAuthenticated=true
2026-05-07 23:57:08.238 -08:00 [INF] MediatR handling started GetLogsQuery
2026-05-07 23:57:08.267 -08:00 [ERR] MediatR handling failed GetLogsQuery after 29 ms
FluentValidation.ValidationException: Validation failed: 
 -- Sort.Field: Sort field must be 'timestamp'. Severity: Error
   at algo.Application.Behaviors.ValidationBehavior`2.Handle(TRequest request, RequestHandlerDelegate`1 next, CancellationToken cancellationToken) in C:\PrivateProject\algo.bytes\src\algo.Application\Behaviors\ValidationBehavior.cs:line 25
   at algo.Application.Behaviors.LoggingBehavior`2.Handle(TRequest request, RequestHandlerDelegate`1 next, CancellationToken cancellationToken) in C:\PrivateProject\algo.bytes\src\algo.Application\Behaviors\LoggingBehavior.cs:line 31
2026-05-07 23:57:08.329 -08:00 [INF] HTTP GET /api/Logs completed with 400 in 92 ms (0HNLCQPMGS58V:000000F3)
2026-05-07 23:57:09.008 -08:00 [INF] Authorization header exists: true
2026-05-07 23:57:09.009 -08:00 [INF] JWT token validated. IsAuthenticated=true
2026-05-07 23:57:09.010 -08:00 [INF] MediatR handling started GetLogsQuery
2026-05-07 23:57:09.039 -08:00 [ERR] MediatR handling failed GetLogsQuery after 29 ms
FluentValidation.ValidationException: Validation failed: 
 -- Sort.Field: Sort field must be 'timestamp'. Severity: Error
   at algo.Application.Behaviors.ValidationBehavior`2.Handle(TRequest request, RequestHandlerDelegate`1 next, CancellationToken cancellationToken) in C:\PrivateProject\algo.bytes\src\algo.Application\Behaviors\ValidationBehavior.cs:line 25
   at algo.Application.Behaviors.LoggingBehavior`2.Handle(TRequest request, RequestHandlerDelegate`1 next, CancellationToken cancellationToken) in C:\PrivateProject\algo.bytes\src\algo.Application\Behaviors\LoggingBehavior.cs:line 31
2026-05-07 23:57:09.099 -08:00 [INF] HTTP GET /api/Logs completed with 400 in 90 ms (0HNLCQPMGS58V:000000F5)
2026-05-07 23:57:12.215 -08:00 [INF] Authorization header exists: true
2026-05-07 23:57:12.216 -08:00 [INF] JWT token validated. IsAuthenticated=true
2026-05-07 23:57:12.217 -08:00 [INF] MediatR handling started GetUsersDashboardQuery
2026-05-07 23:57:12.217 -08:00 [INF] Access policy check started for users:read
2026-05-07 23:57:12.219 -08:00 [INF] Access policy evaluation for users:read. UserId=4115c88b-86ca-4331-b9f5-dbc2206838d8, Roles=[Admin], ActiveRules=2, SubjectMatched=1, ResourceActionMatched=1, Allows=1, Denies=0, Decision=Allowed
2026-05-07 23:57:12.221 -08:00 [INF] Access policy query filter started for users:read
2026-05-07 23:57:12.223 -08:00 [INF] Access policy query filter for users:read. UserId=4115c88b-86ca-4331-b9f5-dbc2206838d8, Roles=[Admin], ActiveRules=2, SubjectMatched=1, ResourceActionMatched=1, Allows=1, Denies=0
2026-05-07 23:57:12.229 -08:00 [INF] MediatR handling completed GetUsersDashboardQuery in 11 ms
2026-05-07 23:57:12.229 -08:00 [INF] HTTP GET /api/Users/dashboard completed with 200 in 14 ms (0HNLCQPMGS58V:000000F9)
2026-05-07 23:58:53.463 -08:00 [INF] Authorization header exists: true
2026-05-07 23:58:53.464 -08:00 [INF] JWT token validated. IsAuthenticated=true
2026-05-07 23:58:53.464 -08:00 [INF] Authorization header exists: true
2026-05-07 23:58:53.465 -08:00 [INF] MediatR handling started GetUsersQuery
2026-05-07 23:58:53.466 -08:00 [INF] JWT token validated. IsAuthenticated=true
2026-05-07 23:58:53.467 -08:00 [INF] Access policy check started for users:read
2026-05-07 23:58:53.468 -08:00 [INF] MediatR handling started GetUsersQuery
2026-05-07 23:58:53.469 -08:00 [INF] Access policy check started for users:read
2026-05-07 23:58:53.470 -08:00 [INF] Access policy evaluation for users:read. UserId=4115c88b-86ca-4331-b9f5-dbc2206838d8, Roles=[Admin], ActiveRules=2, SubjectMatched=1, ResourceActionMatched=1, Allows=1, Denies=0, Decision=Allowed
2026-05-07 23:58:53.471 -08:00 [INF] Access policy evaluation for users:read. UserId=4115c88b-86ca-4331-b9f5-dbc2206838d8, Roles=[Admin], ActiveRules=2, SubjectMatched=1, ResourceActionMatched=1, Allows=1, Denies=0, Decision=Allowed
2026-05-07 23:58:53.472 -08:00 [INF] Access policy query filter started for users:read
2026-05-07 23:58:53.475 -08:00 [INF] Access policy query filter started for users:read
2026-05-07 23:58:53.476 -08:00 [INF] Access policy query filter for users:read. UserId=4115c88b-86ca-4331-b9f5-dbc2206838d8, Roles=[Admin], ActiveRules=2, SubjectMatched=1, ResourceActionMatched=1, Allows=1, Denies=0
2026-05-07 23:58:53.477 -08:00 [INF] Access policy query filter for users:read. UserId=4115c88b-86ca-4331-b9f5-dbc2206838d8, Roles=[Admin], ActiveRules=2, SubjectMatched=1, ResourceActionMatched=1, Allows=1, Denies=0
2026-05-07 23:58:53.480 -08:00 [INF] MediatR handling completed GetUsersQuery in 14 ms
2026-05-07 23:58:53.481 -08:00 [INF] HTTP GET /api/Users completed with 200 in 18 ms (0HNLCQPMGS58V:000000FF)
2026-05-07 23:58:53.484 -08:00 [INF] MediatR handling completed GetUsersQuery in 16 ms
2026-05-07 23:58:53.487 -08:00 [INF] HTTP GET /api/Users completed with 200 in 22 ms (0HNLCQPMGS58V:00000101)
2026-05-07 23:59:16.888 -08:00 [INF] Authorization header exists: true
2026-05-07 23:59:16.889 -08:00 [INF] JWT token validated. IsAuthenticated=true
2026-05-07 23:59:16.890 -08:00 [INF] MediatR handling started GetUsersQuery
2026-05-07 23:59:16.891 -08:00 [INF] Access policy check started for users:read
2026-05-07 23:59:16.893 -08:00 [INF] Access policy evaluation for users:read. UserId=4115c88b-86ca-4331-b9f5-dbc2206838d8, Roles=[Admin], ActiveRules=2, SubjectMatched=1, ResourceActionMatched=1, Allows=1, Denies=0, Decision=Allowed
2026-05-07 23:59:16.896 -08:00 [INF] Access policy query filter started for users:read
2026-05-07 23:59:16.898 -08:00 [INF] Access policy query filter for users:read. UserId=4115c88b-86ca-4331-b9f5-dbc2206838d8, Roles=[Admin], ActiveRules=2, SubjectMatched=1, ResourceActionMatched=1, Allows=1, Denies=0
2026-05-07 23:59:16.901 -08:00 [INF] MediatR handling completed GetUsersQuery in 11 ms
2026-05-07 23:59:16.903 -08:00 [INF] HTTP GET /api/Users completed with 200 in 14 ms (0HNLCQPMGS58V:00000105)
2026-05-07 23:59:19.860 -08:00 [INF] Authorization header exists: true
2026-05-07 23:59:19.861 -08:00 [INF] JWT token validated. IsAuthenticated=true
2026-05-07 23:59:19.862 -08:00 [INF] MediatR handling started GetUsersDashboardQuery
2026-05-07 23:59:19.863 -08:00 [INF] Access policy check started for users:read
2026-05-07 23:59:19.865 -08:00 [INF] Access policy evaluation for users:read. UserId=4115c88b-86ca-4331-b9f5-dbc2206838d8, Roles=[Admin], ActiveRules=2, SubjectMatched=1, ResourceActionMatched=1, Allows=1, Denies=0, Decision=Allowed
2026-05-07 23:59:19.868 -08:00 [INF] Access policy query filter started for users:read
2026-05-07 23:59:19.871 -08:00 [INF] Access policy query filter for users:read. UserId=4115c88b-86ca-4331-b9f5-dbc2206838d8, Roles=[Admin], ActiveRules=2, SubjectMatched=1, ResourceActionMatched=1, Allows=1, Denies=0
2026-05-07 23:59:19.882 -08:00 [INF] MediatR handling completed GetUsersDashboardQuery in 19 ms
2026-05-07 23:59:19.883 -08:00 [INF] HTTP GET /api/Users/dashboard completed with 200 in 23 ms (0HNLCQPMGS58V:00000109)
2026-05-07 23:59:19.890 -08:00 [INF] Authorization header exists: true
2026-05-07 23:59:19.891 -08:00 [INF] JWT token validated. IsAuthenticated=true
2026-05-07 23:59:19.892 -08:00 [INF] MediatR handling started GetUsersDashboardQuery
2026-05-07 23:59:19.893 -08:00 [INF] Access policy check started for users:read
2026-05-07 23:59:19.895 -08:00 [INF] Access policy evaluation for users:read. UserId=4115c88b-86ca-4331-b9f5-dbc2206838d8, Roles=[Admin], ActiveRules=2, SubjectMatched=1, ResourceActionMatched=1, Allows=1, Denies=0, Decision=Allowed
2026-05-07 23:59:19.898 -08:00 [INF] Access policy query filter started for users:read
2026-05-07 23:59:19.900 -08:00 [INF] Access policy query filter for users:read. UserId=4115c88b-86ca-4331-b9f5-dbc2206838d8, Roles=[Admin], ActiveRules=2, SubjectMatched=1, ResourceActionMatched=1, Allows=1, Denies=0
2026-05-07 23:59:19.906 -08:00 [INF] MediatR handling completed GetUsersDashboardQuery in 13 ms
2026-05-07 23:59:19.907 -08:00 [INF] HTTP GET /api/Users/dashboard completed with 200 in 17 ms (0HNLCQPMGS58V:0000010B)
2026-05-07 23:59:21.570 -08:00 [INF] Authorization header exists: true
2026-05-07 23:59:21.571 -08:00 [INF] JWT token validated. IsAuthenticated=true
2026-05-07 23:59:21.572 -08:00 [INF] MediatR handling started GetUsersQuery
2026-05-07 23:59:21.573 -08:00 [INF] Access policy check started for users:read
2026-05-07 23:59:21.575 -08:00 [INF] Access policy evaluation for users:read. UserId=4115c88b-86ca-4331-b9f5-dbc2206838d8, Roles=[Admin], ActiveRules=2, SubjectMatched=1, ResourceActionMatched=1, Allows=1, Denies=0, Decision=Allowed
2026-05-07 23:59:21.578 -08:00 [INF] Access policy query filter started for users:read
2026-05-07 23:59:21.580 -08:00 [INF] Access policy query filter for users:read. UserId=4115c88b-86ca-4331-b9f5-dbc2206838d8, Roles=[Admin], ActiveRules=2, SubjectMatched=1, ResourceActionMatched=1, Allows=1, Denies=0
2026-05-07 23:59:21.581 -08:00 [INF] Authorization header exists: true
2026-05-07 23:59:21.583 -08:00 [INF] JWT token validated. IsAuthenticated=true
2026-05-07 23:59:21.584 -08:00 [INF] MediatR handling started GetUsersQuery
2026-05-07 23:59:21.584 -08:00 [INF] MediatR handling completed GetUsersQuery in 12 ms
2026-05-07 23:59:21.585 -08:00 [INF] Access policy check started for users:read
2026-05-07 23:59:21.586 -08:00 [INF] HTTP GET /api/Users completed with 200 in 15 ms (0HNLCQPMGS58V:0000010F)
2026-05-07 23:59:21.587 -08:00 [INF] Access policy evaluation for users:read. UserId=4115c88b-86ca-4331-b9f5-dbc2206838d8, Roles=[Admin], ActiveRules=2, SubjectMatched=1, ResourceActionMatched=1, Allows=1, Denies=0, Decision=Allowed
2026-05-07 23:59:21.592 -08:00 [INF] Access policy query filter started for users:read
2026-05-07 23:59:21.603 -08:00 [INF] Access policy query filter for users:read. UserId=4115c88b-86ca-4331-b9f5-dbc2206838d8, Roles=[Admin], ActiveRules=2, SubjectMatched=1, ResourceActionMatched=1, Allows=1, Denies=0
2026-05-07 23:59:21.607 -08:00 [INF] MediatR handling completed GetUsersQuery in 23 ms
2026-05-07 23:59:21.609 -08:00 [INF] HTTP GET /api/Users completed with 200 in 27 ms (0HNLCQPMGS58V:00000113)
2026-05-07 23:59:21.721 -08:00 [INF] Authorization header exists: true
2026-05-07 23:59:21.722 -08:00 [INF] JWT token validated. IsAuthenticated=true
2026-05-07 23:59:21.723 -08:00 [INF] MediatR handling started GetUsersQuery
2026-05-07 23:59:21.723 -08:00 [INF] Access policy check started for users:read
2026-05-07 23:59:21.725 -08:00 [INF] Access policy evaluation for users:read. UserId=4115c88b-86ca-4331-b9f5-dbc2206838d8, Roles=[Admin], ActiveRules=2, SubjectMatched=1, ResourceActionMatched=1, Allows=1, Denies=0, Decision=Allowed
2026-05-07 23:59:21.727 -08:00 [INF] Access policy query filter started for users:read
2026-05-07 23:59:21.729 -08:00 [INF] Access policy query filter for users:read. UserId=4115c88b-86ca-4331-b9f5-dbc2206838d8, Roles=[Admin], ActiveRules=2, SubjectMatched=1, ResourceActionMatched=1, Allows=1, Denies=0
2026-05-07 23:59:21.732 -08:00 [INF] MediatR handling completed GetUsersQuery in 9 ms
2026-05-07 23:59:21.733 -08:00 [INF] HTTP GET /api/Users completed with 200 in 11 ms (0HNLCQPMGS58V:00000115)
2026-05-07 23:59:32.480 -08:00 [INF] Authorization header exists: true
2026-05-07 23:59:32.483 -08:00 [INF] JWT token validated. IsAuthenticated=true
2026-05-07 23:59:32.486 -08:00 [INF] MediatR handling started GetUserByIdQuery
2026-05-07 23:59:32.487 -08:00 [INF] Access policy check started for users:read
2026-05-07 23:59:32.490 -08:00 [INF] Access policy evaluation for users:read. UserId=4115c88b-86ca-4331-b9f5-dbc2206838d8, Roles=[Admin], ActiveRules=2, SubjectMatched=1, ResourceActionMatched=1, Allows=1, Denies=0, Decision=Allowed
2026-05-07 23:59:32.496 -08:00 [INF] Access policy query filter started for users:read
2026-05-07 23:59:32.499 -08:00 [INF] Access policy query filter for users:read. UserId=4115c88b-86ca-4331-b9f5-dbc2206838d8, Roles=[Admin], ActiveRules=2, SubjectMatched=1, ResourceActionMatched=1, Allows=1, Denies=0
2026-05-07 23:59:32.506 -08:00 [INF] MediatR handling completed GetUserByIdQuery in 20 ms
2026-05-07 23:59:32.509 -08:00 [INF] HTTP GET /api/Users/4115c88b-86ca-4331-b9f5-dbc2206838d8 completed with 200 in 28 ms (0HNLCQPMGS58V:00000119)
